world_config_id,socket_id,resource_id,resource_descriptor,purity,assignment_source,source_game_build,source_sha256
default_502094,BP_FrackingCore10,water,Desc_Water_C,normal,installed_world_default,CL-502094,1b6d2b740081eb56c0d77136aed0d330ea4696dee13d1075fc231574ee7552b0
default_502094,BP_FrackingCore11,water,Desc_Water_C,normal,installed_world_default,CL-502094,1b6d2b740081eb56c0d77136aed0d330ea4696dee13d1075fc231574ee7552b0
default_502094,BP_FrackingCore12,water,Desc_Water_C,normal,installed_world_default,CL-502094,1b6d2b740081eb56c0d77136aed0d330ea4696dee13d1075fc231574ee7552b0
default_502094,BP_FrackingCore13,water,Desc_Water_C,normal,installed_world_default,CL-502094,1b6d2b740081eb56c0d77136aed0d330ea4696dee13d1075fc231574ee7552b0
default_502094,BP_FrackingCore14,water,Desc_Water_C,normal,installed_world_default,CL-502094,1b6d2b740081eb56c0d77136aed0d330ea4696dee13d1075fc231574ee7552b0
default_502094,BP_FrackingCore15,water,Desc_Water_C,normal,installed_world_default,CL-502094,1b6d2b740081eb56c0d77136aed0d330ea4696dee13d1075fc231574ee7552b0
default_502094,BP_FrackingCore17,water,Desc_Water_C,normal,installed_world_default,CL-502094,1b6d2b740081eb56c0d77136aed0d330ea4696dee13d1075fc231574ee7552b0
default_502094,BP_FrackingCore18,water,Desc_Water_C,normal,installed_world_default,CL-502094,1b6d2b740081eb56c0d77136aed0d330ea4696dee13d1075fc231574ee7552b0
default_502094,BP_FrackingCore2,nitrogen_gas,Desc_NitrogenGas_C,normal,installed_world_default,CL-502094,1b6d2b740081eb56c0d77136aed0d330ea4696dee13d1075fc231574ee7552b0
default_502094,BP_FrackingCore3,nitrogen_gas,Desc_NitrogenGas_C,normal,installed_world_default,CL-502094,1b6d2b740081eb56c0d77136aed0d330ea4696dee13d1075fc231574ee7552b0
default_502094,BP_FrackingCore4,nitrogen_gas,Desc_NitrogenGas_C,normal,installed_world_default,CL-502094,1b6d2b740081eb56c0d77136aed0d330ea4696dee13d1075fc231574ee7552b0
default_502094,BP_FrackingCore5,nitrogen_gas,Desc_NitrogenGas_C,normal,installed_world_default,CL-502094,1b6d2b740081eb56c0d77136aed0d330ea4696dee13d1075fc231574ee7552b0
default_502094,BP_FrackingCore6,nitrogen_gas,Desc_NitrogenGas_C,normal,installed_world_default,CL-502094,1b6d2b740081eb56c0d77136aed0d330ea4696dee13d1075fc231574ee7552b0
default_502094,BP_FrackingCore6_UAID_40B076DF2F79D3DF01_1961476789,crude_oil,Desc_LiquidOil_C,normal,installed_world_default,CL-502094,1b6d2b740081eb56c0d77136aed0d330ea4696dee13d1075fc231574ee7552b0
default_502094,BP_FrackingCore7,crude_oil,Desc_LiquidOil_C,normal,installed_world_default,CL-502094,1b6d2b740081eb56c0d77136aed0d330ea4696dee13d1075fc231574ee7552b0
default_502094,BP_FrackingCore9,crude_oil,Desc_LiquidOil_C,normal,installed_world_default,CL-502094,1b6d2b740081eb56c0d77136aed0d330ea4696dee13d1075fc231574ee7552b0
default_502094,BP_FrackingCore_8,nitrogen_gas,Desc_NitrogenGas_C,normal,installed_world_default,CL-502094,1b6d2b740081eb56c0d77136aed0d330ea4696dee13d1075fc231574ee7552b0
default_502094,BP_FrackingSatellite10,nitrogen_gas,Desc_NitrogenGas_C,pure,installed_world_default,CL-502094,1b6d2b740081eb56c0d77136aed0d330ea4696dee13d1075fc231574ee7552b0
default_502094,BP_FrackingSatellite100,water,Desc_Water_C,impure,installed_world_default,CL-502094,1b6d2b740081eb56c0d77136aed0d330ea4696dee13d1075fc231574ee7552b0
default_502094,BP_FrackingSatellite101,water,Desc_Water_C,impure,installed_world_default,CL-502094,1b6d2b740081eb56c0d77136aed0d330ea4696dee13d1075fc231574ee7552b0
default_502094,BP_FrackingSatellite102,water,Desc_Water_C,impure,installed_world_default,CL-502094,1b6d2b740081eb56c0d77136aed0d330ea4696dee13d1075fc231574ee7552b0
default_502094,BP_FrackingSatellite103_8,water,Desc_Water_C,normal,installed_world_default,CL-502094,1b6d2b740081eb56c0d77136aed0d330ea4696dee13d1075fc231574ee7552b0
default_502094,BP_FrackingSatellite108,water,Desc_Water_C,pure,installed_world_default,CL-502094,1b6d2b740081eb56c0d77136aed0d330ea4696dee13d1075fc231574ee7552b0
default_502094,BP_FrackingSatellite109,water,Desc_Water_C,pure,installed_world_default,CL-502094,1b6d2b740081eb56c0d77136aed0d330ea4696dee13d1075fc231574ee7552b0
default_502094,BP_FrackingSatellite11,nitrogen_gas,Desc_NitrogenGas_C,pure,installed_world_default,CL-502094,1b6d2b740081eb56c0d77136aed0d330ea4696dee13d1075fc231574ee7552b0
default_502094,BP_FrackingSatellite110,water,Desc_Water_C,pure,installed_world_default,CL-502094,1b6d2b740081eb56c0d77136aed0d330ea4696dee13d1075fc231574ee7552b0
default_502094,BP_FrackingSatellite111,water,Desc_Water_C,pure,installed_world_default,CL-502094,1b6d2b740081eb56c0d77136aed0d330ea4696dee13d1075fc231574ee7552b0
default_502094,BP_FrackingSatellite112,water,Desc_Water_C,pure,installed_world_default,CL-502094,1b6d2b740081eb56c0d77136aed0d330ea4696dee13d1075fc231574ee7552b0
default_502094,BP_FrackingSatellite113,water,Desc_Water_C,pure,installed_world_default,CL-502094,1b6d2b740081eb56c0d77136aed0d330ea4696dee13d1075fc231574ee7552b0
default_502094,BP_FrackingSatellite114_7,water,Desc_Water_C,pure,installed_world_default,CL-502094,1b6d2b740081eb56c0d77136aed0d330ea4696dee13d1075fc231574ee7552b0
default_502094,BP_FrackingSatellite115,water,Desc_Water_C,pure,installed_world_default,CL-502094,1b6d2b740081eb56c0d77136aed0d330ea4696dee13d1075fc231574ee7552b0
default_502094,BP_FrackingSatellite116,water,Desc_Water_C,pure,installed_world_default,CL-502094,1b6d2b740081eb56c0d77136aed0d330ea4696dee13d1075fc231574ee7552b0
default_502094,BP_FrackingSatellite117,water,Desc_Water_C,pure,installed_world_default,CL-502094,1b6d2b740081eb56c0d77136aed0d330ea4696dee13d1075fc231574ee7552b0
default_502094,BP_FrackingSatellite118,water,Desc_Water_C,pure,installed_world_default,CL-502094,1b6d2b740081eb56c0d77136aed0d330ea4696dee13d1075fc231574ee7552b0
default_502094,BP_FrackingSatellite119,water,Desc_Water_C,pure,installed_world_default,CL-502094,1b6d2b740081eb56c0d77136aed0d330ea4696dee13d1075fc231574ee7552b0
default_502094,BP_FrackingSatellite12,nitrogen_gas,Desc_NitrogenGas_C,pure,installed_world_default,CL-502094,1b6d2b740081eb56c0d77136aed0d330ea4696dee13d1075fc231574ee7552b0
default_502094,BP_FrackingSatellite120,water,Desc_Water_C,pure,installed_world_default,CL-502094,1b6d2b740081eb56c0d77136aed0d330ea4696dee13d1075fc231574ee7552b0
default_502094,BP_FrackingSatellite121,water,Desc_Water_C,normal,installed_world_default,CL-502094,1b6d2b740081eb56c0d77136aed0d330ea4696dee13d1075fc231574ee7552b0
default_502094,BP_FrackingSatellite13,nitrogen_gas,Desc_NitrogenGas_C,pure,installed_world_default,CL-502094,1b6d2b740081eb56c0d77136aed0d330ea4696dee13d1075fc231574ee7552b0
default_502094,BP_FrackingSatellite14,nitrogen_gas,Desc_NitrogenGas_C,pure,installed_world_default,CL-502094,1b6d2b740081eb56c0d77136aed0d330ea4696dee13d1075fc231574ee7552b0
default_502094,BP_FrackingSatellite15,nitrogen_gas,Desc_NitrogenGas_C,pure,installed_world_default,CL-502094,1b6d2b740081eb56c0d77136aed0d330ea4696dee13d1075fc231574ee7552b0
default_502094,BP_FrackingSatellite16,nitrogen_gas,Desc_NitrogenGas_C,normal,installed_world_default,CL-502094,1b6d2b740081eb56c0d77136aed0d330ea4696dee13d1075fc231574ee7552b0
default_502094,BP_FrackingSatellite17,nitrogen_gas,Desc_NitrogenGas_C,pure,installed_world_default,CL-502094,1b6d2b740081eb56c0d77136aed0d330ea4696dee13d1075fc231574ee7552b0
default_502094,BP_FrackingSatellite18_3,nitrogen_gas,Desc_NitrogenGas_C,normal,installed_world_default,CL-502094,1b6d2b740081eb56c0d77136aed0d330ea4696dee13d1075fc231574ee7552b0
default_502094,BP_FrackingSatellite19,nitrogen_gas,Desc_NitrogenGas_C,pure,installed_world_default,CL-502094,1b6d2b740081eb56c0d77136aed0d330ea4696dee13d1075fc231574ee7552b0
default_502094,BP_FrackingSatellite2,nitrogen_gas,Desc_NitrogenGas_C,pure,installed_world_default,CL-502094,1b6d2b740081eb56c0d77136aed0d330ea4696dee13d1075fc231574ee7552b0
default_502094,BP_FrackingSatellite20,nitrogen_gas,Desc_NitrogenGas_C,pure,installed_world_default,CL-502094,1b6d2b740081eb56c0d77136aed0d330ea4696dee13d1075fc231574ee7552b0
default_502094,BP_FrackingSatellite21,nitrogen_gas,Desc_NitrogenGas_C,pure,installed_world_default,CL-502094,1b6d2b740081eb56c0d77136aed0d330ea4696dee13d1075fc231574ee7552b0
default_502094,BP_FrackingSatellite22,nitrogen_gas,Desc_NitrogenGas_C,pure,installed_world_default,CL-502094,1b6d2b740081eb56c0d77136aed0d330ea4696dee13d1075fc231574ee7552b0
default_502094,BP_FrackingSatellite23_5,nitrogen_gas,Desc_NitrogenGas_C,normal,installed_world_default,CL-502094,1b6d2b740081eb56c0d77136aed0d330ea4696dee13d1075fc231574ee7552b0
default_502094,BP_FrackingSatellite24,nitrogen_gas,Desc_NitrogenGas_C,pure,installed_world_default,CL-502094,1b6d2b740081eb56c0d77136aed0d330ea4696dee13d1075fc231574ee7552b0
default_502094,BP_FrackingSatellite25,nitrogen_gas,Desc_NitrogenGas_C,normal,installed_world_default,CL-502094,1b6d2b740081eb56c0d77136aed0d330ea4696dee13d1075fc231574ee7552b0
default_502094,BP_FrackingSatellite26,nitrogen_gas,Desc_NitrogenGas_C,pure,installed_world_default,CL-502094,1b6d2b740081eb56c0d77136aed0d330ea4696dee13d1075fc231574ee7552b0
default_502094,BP_FrackingSatellite27,nitrogen_gas,Desc_NitrogenGas_C,pure,installed_world_default,CL-502094,1b6d2b740081eb56c0d77136aed0d330ea4696dee13d1075fc231574ee7552b0
default_502094,BP_FrackingSatellite28,nitrogen_gas,Desc_NitrogenGas_C,pure,installed_world_default,CL-502094,1b6d2b740081eb56c0d77136aed0d330ea4696dee13d1075fc231574ee7552b0
default_502094,BP_FrackingSatellite29,nitrogen_gas,Desc_NitrogenGas_C,pure,installed_world_default,CL-502094,1b6d2b740081eb56c0d77136aed0d330ea4696dee13d1075fc231574ee7552b0
default_502094,BP_FrackingSatellite3,nitrogen_gas,Desc_NitrogenGas_C,normal,installed_world_default,CL-502094,1b6d2b740081eb56c0d77136aed0d330ea4696dee13d1075fc231574ee7552b0
default_502094,BP_FrackingSatellite30,nitrogen_gas,Desc_NitrogenGas_C,pure,installed_world_default,CL-502094,1b6d2b740081eb56c0d77136aed0d330ea4696dee13d1075fc231574ee7552b0
default_502094,BP_FrackingSatellite31,nitrogen_gas,Desc_NitrogenGas_C,pure,installed_world_default,CL-502094,1b6d2b740081eb56c0d77136aed0d330ea4696dee13d1075fc231574ee7552b0
default_502094,BP_FrackingSatellite32,nitrogen_gas,Desc_NitrogenGas_C,pure,installed_world_default,CL-502094,1b6d2b740081eb56c0d77136aed0d330ea4696dee13d1075fc231574ee7552b0
default_502094,BP_FrackingSatellite33,nitrogen_gas,Desc_NitrogenGas_C,pure,installed_world_default,CL-502094,1b6d2b740081eb56c0d77136aed0d330ea4696dee13d1075fc231574ee7552b0
default_502094,BP_FrackingSatellite34,nitrogen_gas,Desc_NitrogenGas_C,pure,installed_world_default,CL-502094,1b6d2b740081eb56c0d77136aed0d330ea4696dee13d1075fc231574ee7552b0
default_502094,BP_FrackingSatellite35,nitrogen_gas,Desc_NitrogenGas_C,pure,installed_world_default,CL-502094,1b6d2b740081eb56c0d77136aed0d330ea4696dee13d1075fc231574ee7552b0
default_502094,BP_FrackingSatellite36,nitrogen_gas,Desc_NitrogenGas_C,pure,installed_world_default,CL-502094,1b6d2b740081eb56c0d77136aed0d330ea4696dee13d1075fc231574ee7552b0
default_502094,BP_FrackingSatellite37,nitrogen_gas,Desc_NitrogenGas_C,pure,installed_world_default,CL-502094,1b6d2b740081eb56c0d77136aed0d330ea4696dee13d1075fc231574ee7552b0
default_502094,BP_FrackingSatellite38,nitrogen_gas,Desc_NitrogenGas_C,pure,installed_world_default,CL-502094,1b6d2b740081eb56c0d77136aed0d330ea4696dee13d1075fc231574ee7552b0
default_502094,BP_FrackingSatellite39,nitrogen_gas,Desc_NitrogenGas_C,pure,installed_world_default,CL-502094,1b6d2b740081eb56c0d77136aed0d330ea4696dee13d1075fc231574ee7552b0
default_502094,BP_FrackingSatellite4,nitrogen_gas,Desc_NitrogenGas_C,pure,installed_world_default,CL-502094,1b6d2b740081eb56c0d77136aed0d330ea4696dee13d1075fc231574ee7552b0
default_502094,BP_FrackingSatellite40,nitrogen_gas,Desc_NitrogenGas_C,pure,installed_world_default,CL-502094,1b6d2b740081eb56c0d77136aed0d330ea4696dee13d1075fc231574ee7552b0
default_502094,BP_FrackingSatellite41,nitrogen_gas,Desc_NitrogenGas_C,pure,installed_world_default,CL-502094,1b6d2b740081eb56c0d77136aed0d330ea4696dee13d1075fc231574ee7552b0
default_502094,BP_FrackingSatellite42,nitrogen_gas,Desc_NitrogenGas_C,pure,installed_world_default,CL-502094,1b6d2b740081eb56c0d77136aed0d330ea4696dee13d1075fc231574ee7552b0
default_502094,BP_FrackingSatellite43,nitrogen_gas,Desc_NitrogenGas_C,pure,installed_world_default,CL-502094,1b6d2b740081eb56c0d77136aed0d330ea4696dee13d1075fc231574ee7552b0
default_502094,BP_FrackingSatellite44,nitrogen_gas,Desc_NitrogenGas_C,pure,installed_world_default,CL-502094,1b6d2b740081eb56c0d77136aed0d330ea4696dee13d1075fc231574ee7552b0
default_502094,BP_FrackingSatellite45,crude_oil,Desc_LiquidOil_C,impure,installed_world_default,CL-502094,1b6d2b740081eb56c0d77136aed0d330ea4696dee13d1075fc231574ee7552b0
default_502094,BP_FrackingSatellite46,crude_oil,Desc_LiquidOil_C,impure,installed_world_default,CL-502094,1b6d2b740081eb56c0d77136aed0d330ea4696dee13d1075fc231574ee7552b0
default_502094,BP_FrackingSatellite47,crude_oil,Desc_LiquidOil_C,impure,installed_world_default,CL-502094,1b6d2b740081eb56c0d77136aed0d330ea4696dee13d1075fc231574ee7552b0
default_502094,BP_FrackingSatellite48,crude_oil,Desc_LiquidOil_C,impure,installed_world_default,CL-502094,1b6d2b740081eb56c0d77136aed0d330ea4696dee13d1075fc231574ee7552b0
default_502094,BP_FrackingSatellite49,crude_oil,Desc_LiquidOil_C,impure,installed_world_default,CL-502094,1b6d2b740081eb56c0d77136aed0d330ea4696dee13d1075fc231574ee7552b0
default_502094,BP_FrackingSatellite5,nitrogen_gas,Desc_NitrogenGas_C,pure,installed_world_default,CL-502094,1b6d2b740081eb56c0d77136aed0d330ea4696dee13d1075fc231574ee7552b0
default_502094,BP_FrackingSatellite50,crude_oil,Desc_LiquidOil_C,impure,installed_world_default,CL-502094,1b6d2b740081eb56c0d77136aed0d330ea4696dee13d1075fc231574ee7552b0
default_502094,BP_FrackingSatellite51_1,nitrogen_gas,Desc_NitrogenGas_C,pure,installed_world_default,CL-502094,1b6d2b740081eb56c0d77136aed0d330ea4696dee13d1075fc231574ee7552b0
default_502094,BP_FrackingSatellite57,crude_oil,Desc_LiquidOil_C,normal,installed_world_default,CL-502094,1b6d2b740081eb56c0d77136aed0d330ea4696dee13d1075fc231574ee7552b0
default_502094,BP_FrackingSatellite58,water,Desc_Water_C,impure,installed_world_default,CL-502094,1b6d2b740081eb56c0d77136aed0d330ea4696dee13d1075fc231574ee7552b0
default_502094,BP_FrackingSatellite59,crude_oil,Desc_LiquidOil_C,normal,installed_world_default,CL-502094,1b6d2b740081eb56c0d77136aed0d330ea4696dee13d1075fc231574ee7552b0
default_502094,BP_FrackingSatellite6,nitrogen_gas,Desc_NitrogenGas_C,impure,installed_world_default,CL-502094,1b6d2b740081eb56c0d77136aed0d330ea4696dee13d1075fc231574ee7552b0
default_502094,BP_FrackingSatellite60,crude_oil,Desc_LiquidOil_C,normal,installed_world_default,CL-502094,1b6d2b740081eb56c0d77136aed0d330ea4696dee13d1075fc231574ee7552b0
default_502094,BP_FrackingSatellite61,crude_oil,Desc_LiquidOil_C,pure,installed_world_default,CL-502094,1b6d2b740081eb56c0d77136aed0d330ea4696dee13d1075fc231574ee7552b0
default_502094,BP_FrackingSatellite61_UAID_40B076DF2F79D7DF01_1933830510,crude_oil,Desc_LiquidOil_C,normal,installed_world_default,CL-502094,1b6d2b740081eb56c0d77136aed0d330ea4696dee13d1075fc231574ee7552b0
default_502094,BP_FrackingSatellite61_UAID_40B076DF2F79D7DF01_2053713511,crude_oil,Desc_LiquidOil_C,impure,installed_world_default,CL-502094,1b6d2b740081eb56c0d77136aed0d330ea4696dee13d1075fc231574ee7552b0
default_502094,BP_FrackingSatellite61_UAID_40B076DF2F79D8DF01_1587984689,crude_oil,Desc_LiquidOil_C,normal,installed_world_default,CL-502094,1b6d2b740081eb56c0d77136aed0d330ea4696dee13d1075fc231574ee7552b0
default_502094,BP_FrackingSatellite61_UAID_40B076DF2F79D8DF01_1704280690,crude_oil,Desc_LiquidOil_C,pure,installed_world_default,CL-502094,1b6d2b740081eb56c0d77136aed0d330ea4696dee13d1075fc231574ee7552b0
default_502094,BP_FrackingSatellite61_UAID_40B076DF2F79D8DF01_1999134691,crude_oil,Desc_LiquidOil_C,impure,installed_world_default,CL-502094,1b6d2b740081eb56c0d77136aed0d330ea4696dee13d1075fc231574ee7552b0
default_502094,BP_FrackingSatellite61_UAID_40B076DF2F79D9DF01_1230935868,crude_oil,Desc_LiquidOil_C,normal,installed_world_default,CL-502094,1b6d2b740081eb56c0d77136aed0d330ea4696dee13d1075fc231574ee7552b0
default_502094,BP_FrackingSatellite62,crude_oil,Desc_LiquidOil_C,pure,installed_world_default,CL-502094,1b6d2b740081eb56c0d77136aed0d330ea4696dee13d1075fc231574ee7552b0
default_502094,BP_FrackingSatellite63,crude_oil,Desc_LiquidOil_C,pure,installed_world_default,CL-502094,1b6d2b740081eb56c0d77136aed0d330ea4696dee13d1075fc231574ee7552b0
default_502094,BP_FrackingSatellite64,water,Desc_Water_C,pure,installed_world_default,CL-502094,1b6d2b740081eb56c0d77136aed0d330ea4696dee13d1075fc231574ee7552b0
default_502094,BP_FrackingSatellite65,water,Desc_Water_C,pure,installed_world_default,CL-502094,1b6d2b740081eb56c0d77136aed0d330ea4696dee13d1075fc231574ee7552b0
default_502094,BP_FrackingSatellite66,water,Desc_Water_C,impure,installed_world_default,CL-502094,1b6d2b740081eb56c0d77136aed0d330ea4696dee13d1075fc231574ee7552b0
default_502094,BP_FrackingSatellite67,water,Desc_Water_C,pure,installed_world_default,CL-502094,1b6d2b740081eb56c0d77136aed0d330ea4696dee13d1075fc231574ee7552b0
default_502094,BP_FrackingSatellite68,water,Desc_Water_C,pure,installed_world_default,CL-502094,1b6d2b740081eb56c0d77136aed0d330ea4696dee13d1075fc231574ee7552b0
default_502094,BP_FrackingSatellite69,water,Desc_Water_C,pure,installed_world_default,CL-502094,1b6d2b740081eb56c0d77136aed0d330ea4696dee13d1075fc231574ee7552b0
default_502094,BP_FrackingSatellite7,nitrogen_gas,Desc_NitrogenGas_C,impure,installed_world_default,CL-502094,1b6d2b740081eb56c0d77136aed0d330ea4696dee13d1075fc231574ee7552b0
default_502094,BP_FrackingSatellite70,water,Desc_Water_C,pure,installed_world_default,CL-502094,1b6d2b740081eb56c0d77136aed0d330ea4696dee13d1075fc231574ee7552b0
default_502094,BP_FrackingSatellite71,water,Desc_Water_C,normal,installed_world_default,CL-502094,1b6d2b740081eb56c0d77136aed0d330ea4696dee13d1075fc231574ee7552b0
default_502094,BP_FrackingSatellite72,water,Desc_Water_C,pure,installed_world_default,CL-502094,1b6d2b740081eb56c0d77136aed0d330ea4696dee13d1075fc231574ee7552b0
default_502094,BP_FrackingSatellite73,water,Desc_Water_C,normal,installed_world_default,CL-502094,1b6d2b740081eb56c0d77136aed0d330ea4696dee13d1075fc231574ee7552b0
default_502094,BP_FrackingSatellite74,water,Desc_Water_C,pure,installed_world_default,CL-502094,1b6d2b740081eb56c0d77136aed0d330ea4696dee13d1075fc231574ee7552b0
default_502094,BP_FrackingSatellite75,water,Desc_Water_C,pure,installed_world_default,CL-502094,1b6d2b740081eb56c0d77136aed0d330ea4696dee13d1075fc231574ee7552b0
default_502094,BP_FrackingSatellite76,water,Desc_Water_C,pure,installed_world_default,CL-502094,1b6d2b740081eb56c0d77136aed0d330ea4696dee13d1075fc231574ee7552b0
default_502094,BP_FrackingSatellite77,water,Desc_Water_C,pure,installed_world_default,CL-502094,1b6d2b740081eb56c0d77136aed0d330ea4696dee13d1075fc231574ee7552b0
default_502094,BP_FrackingSatellite78,water,Desc_Water_C,pure,installed_world_default,CL-502094,1b6d2b740081eb56c0d77136aed0d330ea4696dee13d1075fc231574ee7552b0
default_502094,BP_FrackingSatellite79,water,Desc_Water_C,normal,installed_world_default,CL-502094,1b6d2b740081eb56c0d77136aed0d330ea4696dee13d1075fc231574ee7552b0
default_502094,BP_FrackingSatellite8,nitrogen_gas,Desc_NitrogenGas_C,normal,installed_world_default,CL-502094,1b6d2b740081eb56c0d77136aed0d330ea4696dee13d1075fc231574ee7552b0
default_502094,BP_FrackingSatellite80,water,Desc_Water_C,normal,installed_world_default,CL-502094,1b6d2b740081eb56c0d77136aed0d330ea4696dee13d1075fc231574ee7552b0
default_502094,BP_FrackingSatellite81,water,Desc_Water_C,pure,installed_world_default,CL-502094,1b6d2b740081eb56c0d77136aed0d330ea4696dee13d1075fc231574ee7552b0
default_502094,BP_FrackingSatellite82,water,Desc_Water_C,pure,installed_world_default,CL-502094,1b6d2b740081eb56c0d77136aed0d330ea4696dee13d1075fc231574ee7552b0
default_502094,BP_FrackingSatellite83,water,Desc_Water_C,pure,installed_world_default,CL-502094,1b6d2b740081eb56c0d77136aed0d330ea4696dee13d1075fc231574ee7552b0
default_502094,BP_FrackingSatellite84,water,Desc_Water_C,pure,installed_world_default,CL-502094,1b6d2b740081eb56c0d77136aed0d330ea4696dee13d1075fc231574ee7552b0
default_502094,BP_FrackingSatellite85,water,Desc_Water_C,pure,installed_world_default,CL-502094,1b6d2b740081eb56c0d77136aed0d330ea4696dee13d1075fc231574ee7552b0
default_502094,BP_FrackingSatellite86,water,Desc_Water_C,pure,installed_world_default,CL-502094,1b6d2b740081eb56c0d77136aed0d330ea4696dee13d1075fc231574ee7552b0
default_502094,BP_FrackingSatellite87,water,Desc_Water_C,normal,installed_world_default,CL-502094,1b6d2b740081eb56c0d77136aed0d330ea4696dee13d1075fc231574ee7552b0
default_502094,BP_FrackingSatellite88,water,Desc_Water_C,normal,installed_world_default,CL-502094,1b6d2b740081eb56c0d77136aed0d330ea4696dee13d1075fc231574ee7552b0
default_502094,BP_FrackingSatellite89,water,Desc_Water_C,impure,installed_world_default,CL-502094,1b6d2b740081eb56c0d77136aed0d330ea4696dee13d1075fc231574ee7552b0
default_502094,BP_FrackingSatellite9,nitrogen_gas,Desc_NitrogenGas_C,normal,installed_world_default,CL-502094,1b6d2b740081eb56c0d77136aed0d330ea4696dee13d1075fc231574ee7552b0
default_502094,BP_FrackingSatellite90,water,Desc_Water_C,impure,installed_world_default,CL-502094,1b6d2b740081eb56c0d77136aed0d330ea4696dee13d1075fc231574ee7552b0
default_502094,BP_FrackingSatellite91,water,Desc_Water_C,normal,installed_world_default,CL-502094,1b6d2b740081eb56c0d77136aed0d330ea4696dee13d1075fc231574ee7552b0
default_502094,BP_FrackingSatellite92,water,Desc_Water_C,normal,installed_world_default,CL-502094,1b6d2b740081eb56c0d77136aed0d330ea4696dee13d1075fc231574ee7552b0
default_502094,BP_FrackingSatellite93,water,Desc_Water_C,normal,installed_world_default,CL-502094,1b6d2b740081eb56c0d77136aed0d330ea4696dee13d1075fc231574ee7552b0
default_502094,BP_FrackingSatellite94,water,Desc_Water_C,normal,installed_world_default,CL-502094,1b6d2b740081eb56c0d77136aed0d330ea4696dee13d1075fc231574ee7552b0
default_502094,BP_FrackingSatellite95,water,Desc_Water_C,pure,installed_world_default,CL-502094,1b6d2b740081eb56c0d77136aed0d330ea4696dee13d1075fc231574ee7552b0
default_502094,BP_FrackingSatellite96,water,Desc_Water_C,pure,installed_world_default,CL-502094,1b6d2b740081eb56c0d77136aed0d330ea4696dee13d1075fc231574ee7552b0
default_502094,BP_FrackingSatellite97,water,Desc_Water_C,pure,installed_world_default,CL-502094,1b6d2b740081eb56c0d77136aed0d330ea4696dee13d1075fc231574ee7552b0
default_502094,BP_FrackingSatellite98,water,Desc_Water_C,pure,installed_world_default,CL-502094,1b6d2b740081eb56c0d77136aed0d330ea4696dee13d1075fc231574ee7552b0
default_502094,BP_FrackingSatellite99,water,Desc_Water_C,pure,installed_world_default,CL-502094,1b6d2b740081eb56c0d77136aed0d330ea4696dee13d1075fc231574ee7552b0
default_502094,BP_FrackingSatellite_2,nitrogen_gas,Desc_NitrogenGas_C,pure,installed_world_default,CL-502094,1b6d2b740081eb56c0d77136aed0d330ea4696dee13d1075fc231574ee7552b0
default_502094,BP_ResourceNode100,crude_oil,Desc_LiquidOil_C,normal,installed_world_default,CL-502094,1b6d2b740081eb56c0d77136aed0d330ea4696dee13d1075fc231574ee7552b0
default_502094,BP_ResourceNode101_1893,sam,Desc_SAM_C,impure,installed_world_default,CL-502094,1b6d2b740081eb56c0d77136aed0d330ea4696dee13d1075fc231574ee7552b0
default_502094,BP_ResourceNode101_UAID_40B076DF2F79E6D901_1551800812,sam,Desc_SAM_C,impure,installed_world_default,CL-502094,1b6d2b740081eb56c0d77136aed0d330ea4696dee13d1075fc231574ee7552b0
default_502094,BP_ResourceNode101_UAID_40B076DF2F79E7D901_2125168992,sam,Desc_SAM_C,pure,installed_world_default,CL-502094,1b6d2b740081eb56c0d77136aed0d330ea4696dee13d1075fc231574ee7552b0
default_502094,BP_ResourceNode102_2068,limestone,Desc_Stone_C,normal,installed_world_default,CL-502094,1b6d2b740081eb56c0d77136aed0d330ea4696dee13d1075fc231574ee7552b0
default_502094,BP_ResourceNode103,limestone,Desc_Stone_C,normal,installed_world_default,CL-502094,1b6d2b740081eb56c0d77136aed0d330ea4696dee13d1075fc231574ee7552b0
default_502094,BP_ResourceNode104,limestone,Desc_Stone_C,normal,installed_world_default,CL-502094,1b6d2b740081eb56c0d77136aed0d330ea4696dee13d1075fc231574ee7552b0
default_502094,BP_ResourceNode105_2463,iron,Desc_OreIron_C,normal,installed_world_default,CL-502094,1b6d2b740081eb56c0d77136aed0d330ea4696dee13d1075fc231574ee7552b0
default_502094,BP_ResourceNode106,iron,Desc_OreIron_C,normal,installed_world_default,CL-502094,1b6d2b740081eb56c0d77136aed0d330ea4696dee13d1075fc231574ee7552b0
default_502094,BP_ResourceNode107,iron,Desc_OreIron_C,normal,installed_world_default,CL-502094,1b6d2b740081eb56c0d77136aed0d330ea4696dee13d1075fc231574ee7552b0
default_502094,BP_ResourceNode108,iron,Desc_OreIron_C,normal,installed_world_default,CL-502094,1b6d2b740081eb56c0d77136aed0d330ea4696dee13d1075fc231574ee7552b0
default_502094,BP_ResourceNode109,iron,Desc_OreIron_C,normal,installed_world_default,CL-502094,1b6d2b740081eb56c0d77136aed0d330ea4696dee13d1075fc231574ee7552b0
default_502094,BP_ResourceNode110,limestone,Desc_Stone_C,pure,installed_world_default,CL-502094,1b6d2b740081eb56c0d77136aed0d330ea4696dee13d1075fc231574ee7552b0
default_502094,BP_ResourceNode111_3367,copper,Desc_OreCopper_C,normal,installed_world_default,CL-502094,1b6d2b740081eb56c0d77136aed0d330ea4696dee13d1075fc231574ee7552b0
default_502094,BP_ResourceNode112,copper,Desc_OreCopper_C,normal,installed_world_default,CL-502094,1b6d2b740081eb56c0d77136aed0d330ea4696dee13d1075fc231574ee7552b0
default_502094,BP_ResourceNode113,limestone,Desc_Stone_C,pure,installed_world_default,CL-502094,1b6d2b740081eb56c0d77136aed0d330ea4696dee13d1075fc231574ee7552b0
default_502094,BP_ResourceNode114,iron,Desc_OreIron_C,pure,installed_world_default,CL-502094,1b6d2b740081eb56c0d77136aed0d330ea4696dee13d1075fc231574ee7552b0
default_502094,BP_ResourceNode115,iron,Desc_OreIron_C,pure,installed_world_default,CL-502094,1b6d2b740081eb56c0d77136aed0d330ea4696dee13d1075fc231574ee7552b0
default_502094,BP_ResourceNode116,iron,Desc_OreIron_C,pure,installed_world_default,CL-502094,1b6d2b740081eb56c0d77136aed0d330ea4696dee13d1075fc231574ee7552b0
default_502094,BP_ResourceNode117,copper,Desc_OreCopper_C,pure,installed_world_default,CL-502094,1b6d2b740081eb56c0d77136aed0d330ea4696dee13d1075fc231574ee7552b0
default_502094,BP_ResourceNode118_4340,limestone,Desc_Stone_C,normal,installed_world_default,CL-502094,1b6d2b740081eb56c0d77136aed0d330ea4696dee13d1075fc231574ee7552b0
default_502094,BP_ResourceNode119,limestone,Desc_Stone_C,normal,installed_world_default,CL-502094,1b6d2b740081eb56c0d77136aed0d330ea4696dee13d1075fc231574ee7552b0
default_502094,BP_ResourceNode121_4877,caterium,Desc_OreGold_C,pure,installed_world_default,CL-502094,1b6d2b740081eb56c0d77136aed0d330ea4696dee13d1075fc231574ee7552b0
default_502094,BP_ResourceNode121_UAID_40B076DF2F7938DF01_2097772508,caterium,Desc_OreGold_C,normal,installed_world_default,CL-502094,1b6d2b740081eb56c0d77136aed0d330ea4696dee13d1075fc231574ee7552b0
default_502094,BP_ResourceNode122,coal,Desc_Coal_C,normal,installed_world_default,CL-502094,1b6d2b740081eb56c0d77136aed0d330ea4696dee13d1075fc231574ee7552b0
default_502094,BP_ResourceNode123_5084,iron,Desc_OreIron_C,pure,installed_world_default,CL-502094,1b6d2b740081eb56c0d77136aed0d330ea4696dee13d1075fc231574ee7552b0
default_502094,BP_ResourceNode124_5785,limestone,Desc_Stone_C,normal,installed_world_default,CL-502094,1b6d2b740081eb56c0d77136aed0d330ea4696dee13d1075fc231574ee7552b0
default_502094,BP_ResourceNode125_5930,copper,Desc_OreCopper_C,normal,installed_world_default,CL-502094,1b6d2b740081eb56c0d77136aed0d330ea4696dee13d1075fc231574ee7552b0
default_502094,BP_ResourceNode126_6409,iron,Desc_OreIron_C,pure,installed_world_default,CL-502094,1b6d2b740081eb56c0d77136aed0d330ea4696dee13d1075fc231574ee7552b0
default_502094,BP_ResourceNode127,copper,Desc_OreCopper_C,normal,installed_world_default,CL-502094,1b6d2b740081eb56c0d77136aed0d330ea4696dee13d1075fc231574ee7552b0
default_502094,BP_ResourceNode128_5242,iron,Desc_OreIron_C,normal,installed_world_default,CL-502094,1b6d2b740081eb56c0d77136aed0d330ea4696dee13d1075fc231574ee7552b0
default_502094,BP_ResourceNode129,coal,Desc_Coal_C,pure,installed_world_default,CL-502094,1b6d2b740081eb56c0d77136aed0d330ea4696dee13d1075fc231574ee7552b0
default_502094,BP_ResourceNode12_91,iron,Desc_OreIron_C,impure,installed_world_default,CL-502094,1b6d2b740081eb56c0d77136aed0d330ea4696dee13d1075fc231574ee7552b0
default_502094,BP_ResourceNode13,iron,Desc_OreIron_C,impure,installed_world_default,CL-502094,1b6d2b740081eb56c0d77136aed0d330ea4696dee13d1075fc231574ee7552b0
default_502094,BP_ResourceNode130,coal,Desc_Coal_C,pure,installed_world_default,CL-502094,1b6d2b740081eb56c0d77136aed0d330ea4696dee13d1075fc231574ee7552b0
default_502094,BP_ResourceNode131,copper,Desc_OreCopper_C,impure,installed_world_default,CL-502094,1b6d2b740081eb56c0d77136aed0d330ea4696dee13d1075fc231574ee7552b0
default_502094,BP_ResourceNode132_5908,limestone,Desc_Stone_C,normal,installed_world_default,CL-502094,1b6d2b740081eb56c0d77136aed0d330ea4696dee13d1075fc231574ee7552b0
default_502094,BP_ResourceNode133_6963,limestone,Desc_Stone_C,normal,installed_world_default,CL-502094,1b6d2b740081eb56c0d77136aed0d330ea4696dee13d1075fc231574ee7552b0
default_502094,BP_ResourceNode134_8590,caterium,Desc_OreGold_C,normal,installed_world_default,CL-502094,1b6d2b740081eb56c0d77136aed0d330ea4696dee13d1075fc231574ee7552b0
default_502094,BP_ResourceNode135,sam,Desc_SAM_C,normal,installed_world_default,CL-502094,1b6d2b740081eb56c0d77136aed0d330ea4696dee13d1075fc231574ee7552b0
default_502094,BP_ResourceNode136,raw_quartz,Desc_RawQuartz_C,pure,installed_world_default,CL-502094,1b6d2b740081eb56c0d77136aed0d330ea4696dee13d1075fc231574ee7552b0
default_502094,BP_ResourceNode136_UAID_40B076DF2F7975DF01_1587576239,raw_quartz,Desc_RawQuartz_C,pure,installed_world_default,CL-502094,1b6d2b740081eb56c0d77136aed0d330ea4696dee13d1075fc231574ee7552b0
default_502094,BP_ResourceNode136_UAID_40B076DF2F7975DF01_1617269241,raw_quartz,Desc_RawQuartz_C,impure,installed_world_default,CL-502094,1b6d2b740081eb56c0d77136aed0d330ea4696dee13d1075fc231574ee7552b0
default_502094,BP_ResourceNode136_UAID_40B076DF2F7975DF01_1622351243,raw_quartz,Desc_RawQuartz_C,normal,installed_world_default,CL-502094,1b6d2b740081eb56c0d77136aed0d330ea4696dee13d1075fc231574ee7552b0
default_502094,BP_ResourceNode137_2248,raw_quartz,Desc_RawQuartz_C,normal,installed_world_default,CL-502094,1b6d2b740081eb56c0d77136aed0d330ea4696dee13d1075fc231574ee7552b0
default_502094,BP_ResourceNode138_590,limestone,Desc_Stone_C,normal,installed_world_default,CL-502094,1b6d2b740081eb56c0d77136aed0d330ea4696dee13d1075fc231574ee7552b0
default_502094,BP_ResourceNode139_909,limestone,Desc_Stone_C,normal,installed_world_default,CL-502094,1b6d2b740081eb56c0d77136aed0d330ea4696dee13d1075fc231574ee7552b0
default_502094,BP_ResourceNode140,caterium,Desc_OreGold_C,pure,installed_world_default,CL-502094,1b6d2b740081eb56c0d77136aed0d330ea4696dee13d1075fc231574ee7552b0
default_502094,BP_ResourceNode141,copper,Desc_OreCopper_C,normal,installed_world_default,CL-502094,1b6d2b740081eb56c0d77136aed0d330ea4696dee13d1075fc231574ee7552b0
default_502094,BP_ResourceNode142,caterium,Desc_OreGold_C,normal,installed_world_default,CL-502094,1b6d2b740081eb56c0d77136aed0d330ea4696dee13d1075fc231574ee7552b0
default_502094,BP_ResourceNode142_UAID_40B076DF2F79E8DD01_2087440367,caterium,Desc_OreGold_C,normal,installed_world_default,CL-502094,1b6d2b740081eb56c0d77136aed0d330ea4696dee13d1075fc231574ee7552b0
default_502094,BP_ResourceNode142_UAID_40B076DF2F79E9DD01_1434900545,caterium,Desc_OreGold_C,pure,installed_world_default,CL-502094,1b6d2b740081eb56c0d77136aed0d330ea4696dee13d1075fc231574ee7552b0
default_502094,BP_ResourceNode142_UAID_40B076DF2F79E9DD01_1872254547,caterium,Desc_OreGold_C,normal,installed_world_default,CL-502094,1b6d2b740081eb56c0d77136aed0d330ea4696dee13d1075fc231574ee7552b0
default_502094,BP_ResourceNode143_1543,limestone,Desc_Stone_C,normal,installed_world_default,CL-502094,1b6d2b740081eb56c0d77136aed0d330ea4696dee13d1075fc231574ee7552b0
default_502094,BP_ResourceNode144_1644,limestone,Desc_Stone_C,normal,installed_world_default,CL-502094,1b6d2b740081eb56c0d77136aed0d330ea4696dee13d1075fc231574ee7552b0
default_502094,BP_ResourceNode145_1749,limestone,Desc_Stone_C,normal,installed_world_default,CL-502094,1b6d2b740081eb56c0d77136aed0d330ea4696dee13d1075fc231574ee7552b0
default_502094,BP_ResourceNode146,iron,Desc_OreIron_C,normal,installed_world_default,CL-502094,1b6d2b740081eb56c0d77136aed0d330ea4696dee13d1075fc231574ee7552b0
default_502094,BP_ResourceNode147,iron,Desc_OreIron_C,normal,installed_world_default,CL-502094,1b6d2b740081eb56c0d77136aed0d330ea4696dee13d1075fc231574ee7552b0
default_502094,BP_ResourceNode148,iron,Desc_OreIron_C,normal,installed_world_default,CL-502094,1b6d2b740081eb56c0d77136aed0d330ea4696dee13d1075fc231574ee7552b0
default_502094,BP_ResourceNode149,iron,Desc_OreIron_C,normal,installed_world_default,CL-502094,1b6d2b740081eb56c0d77136aed0d330ea4696dee13d1075fc231574ee7552b0
default_502094,BP_ResourceNode14_609,crude_oil,Desc_LiquidOil_C,normal,installed_world_default,CL-502094,1b6d2b740081eb56c0d77136aed0d330ea4696dee13d1075fc231574ee7552b0
default_502094,BP_ResourceNode15,crude_oil,Desc_LiquidOil_C,impure,installed_world_default,CL-502094,1b6d2b740081eb56c0d77136aed0d330ea4696dee13d1075fc231574ee7552b0
default_502094,BP_ResourceNode150,copper,Desc_OreCopper_C,normal,installed_world_default,CL-502094,1b6d2b740081eb56c0d77136aed0d330ea4696dee13d1075fc231574ee7552b0
default_502094,BP_ResourceNode151,crude_oil,Desc_LiquidOil_C,normal,installed_world_default,CL-502094,1b6d2b740081eb56c0d77136aed0d330ea4696dee13d1075fc231574ee7552b0
default_502094,BP_ResourceNode152_995,crude_oil,Desc_LiquidOil_C,pure,installed_world_default,CL-502094,1b6d2b740081eb56c0d77136aed0d330ea4696dee13d1075fc231574ee7552b0
default_502094,BP_ResourceNode153,iron,Desc_OreIron_C,normal,installed_world_default,CL-502094,1b6d2b740081eb56c0d77136aed0d330ea4696dee13d1075fc231574ee7552b0
default_502094,BP_ResourceNode154,crude_oil,Desc_LiquidOil_C,pure,installed_world_default,CL-502094,1b6d2b740081eb56c0d77136aed0d330ea4696dee13d1075fc231574ee7552b0
default_502094,BP_ResourceNode155,crude_oil,Desc_LiquidOil_C,pure,installed_world_default,CL-502094,1b6d2b740081eb56c0d77136aed0d330ea4696dee13d1075fc231574ee7552b0
default_502094,BP_ResourceNode156,copper,Desc_OreCopper_C,normal,installed_world_default,CL-502094,1b6d2b740081eb56c0d77136aed0d330ea4696dee13d1075fc231574ee7552b0
default_502094,BP_ResourceNode157,limestone,Desc_Stone_C,normal,installed_world_default,CL-502094,1b6d2b740081eb56c0d77136aed0d330ea4696dee13d1075fc231574ee7552b0
default_502094,BP_ResourceNode158,limestone,Desc_Stone_C,normal,installed_world_default,CL-502094,1b6d2b740081eb56c0d77136aed0d330ea4696dee13d1075fc231574ee7552b0
default_502094,BP_ResourceNode159,copper,Desc_OreCopper_C,normal,installed_world_default,CL-502094,1b6d2b740081eb56c0d77136aed0d330ea4696dee13d1075fc231574ee7552b0
default_502094,BP_ResourceNode16,crude_oil,Desc_LiquidOil_C,impure,installed_world_default,CL-502094,1b6d2b740081eb56c0d77136aed0d330ea4696dee13d1075fc231574ee7552b0
default_502094,BP_ResourceNode160,iron,Desc_OreIron_C,pure,installed_world_default,CL-502094,1b6d2b740081eb56c0d77136aed0d330ea4696dee13d1075fc231574ee7552b0
default_502094,BP_ResourceNode161,iron,Desc_OreIron_C,pure,installed_world_default,CL-502094,1b6d2b740081eb56c0d77136aed0d330ea4696dee13d1075fc231574ee7552b0
default_502094,BP_ResourceNode162_5199,copper,Desc_OreCopper_C,normal,installed_world_default,CL-502094,1b6d2b740081eb56c0d77136aed0d330ea4696dee13d1075fc231574ee7552b0
default_502094,BP_ResourceNode163,limestone,Desc_Stone_C,pure,installed_world_default,CL-502094,1b6d2b740081eb56c0d77136aed0d330ea4696dee13d1075fc231574ee7552b0
default_502094,BP_ResourceNode164,limestone,Desc_Stone_C,pure,installed_world_default,CL-502094,1b6d2b740081eb56c0d77136aed0d330ea4696dee13d1075fc231574ee7552b0
default_502094,BP_ResourceNode165,limestone,Desc_Stone_C,pure,installed_world_default,CL-502094,1b6d2b740081eb56c0d77136aed0d330ea4696dee13d1075fc231574ee7552b0
default_502094,BP_ResourceNode166,limestone,Desc_Stone_C,pure,installed_world_default,CL-502094,1b6d2b740081eb56c0d77136aed0d330ea4696dee13d1075fc231574ee7552b0
default_502094,BP_ResourceNode167,iron,Desc_OreIron_C,normal,installed_world_default,CL-502094,1b6d2b740081eb56c0d77136aed0d330ea4696dee13d1075fc231574ee7552b0
default_502094,BP_ResourceNode168,iron,Desc_OreIron_C,normal,installed_world_default,CL-502094,1b6d2b740081eb56c0d77136aed0d330ea4696dee13d1075fc231574ee7552b0
default_502094,BP_ResourceNode169_UAID_40B076DF2F7939DE01_2083925623,caterium,Desc_OreGold_C,normal,installed_world_default,CL-502094,1b6d2b740081eb56c0d77136aed0d330ea4696dee13d1075fc231574ee7552b0
default_502094,BP_ResourceNode170_363,sulfur,Desc_Sulfur_C,impure,installed_world_default,CL-502094,1b6d2b740081eb56c0d77136aed0d330ea4696dee13d1075fc231574ee7552b0
default_502094,BP_ResourceNode172,sam,Desc_SAM_C,normal,installed_world_default,CL-502094,1b6d2b740081eb56c0d77136aed0d330ea4696dee13d1075fc231574ee7552b0
default_502094,BP_ResourceNode172_UAID_40B076DF2F79DFD901_1471130569,sam,Desc_SAM_C,impure,installed_world_default,CL-502094,1b6d2b740081eb56c0d77136aed0d330ea4696dee13d1075fc231574ee7552b0
default_502094,BP_ResourceNode173,iron,Desc_OreIron_C,impure,installed_world_default,CL-502094,1b6d2b740081eb56c0d77136aed0d330ea4696dee13d1075fc231574ee7552b0
default_502094,BP_ResourceNode174,iron,Desc_OreIron_C,pure,installed_world_default,CL-502094,1b6d2b740081eb56c0d77136aed0d330ea4696dee13d1075fc231574ee7552b0
default_502094,BP_ResourceNode175,iron,Desc_OreIron_C,pure,installed_world_default,CL-502094,1b6d2b740081eb56c0d77136aed0d330ea4696dee13d1075fc231574ee7552b0
default_502094,BP_ResourceNode176_UAID_40B076DF2F793BDF01_1694110039,caterium,Desc_OreGold_C,pure,installed_world_default,CL-502094,1b6d2b740081eb56c0d77136aed0d330ea4696dee13d1075fc231574ee7552b0
default_502094,BP_ResourceNode177,sulfur,Desc_Sulfur_C,impure,installed_world_default,CL-502094,1b6d2b740081eb56c0d77136aed0d330ea4696dee13d1075fc231574ee7552b0
default_502094,BP_ResourceNode178,limestone,Desc_Stone_C,normal,installed_world_default,CL-502094,1b6d2b740081eb56c0d77136aed0d330ea4696dee13d1075fc231574ee7552b0
default_502094,BP_ResourceNode179,copper,Desc_OreCopper_C,pure,installed_world_default,CL-502094,1b6d2b740081eb56c0d77136aed0d330ea4696dee13d1075fc231574ee7552b0
default_502094,BP_ResourceNode180,iron,Desc_OreIron_C,pure,installed_world_default,CL-502094,1b6d2b740081eb56c0d77136aed0d330ea4696dee13d1075fc231574ee7552b0
default_502094,BP_ResourceNode181,limestone,Desc_Stone_C,impure,installed_world_default,CL-502094,1b6d2b740081eb56c0d77136aed0d330ea4696dee13d1075fc231574ee7552b0
default_502094,BP_ResourceNode182,limestone,Desc_Stone_C,impure,installed_world_default,CL-502094,1b6d2b740081eb56c0d77136aed0d330ea4696dee13d1075fc231574ee7552b0
default_502094,BP_ResourceNode184,iron,Desc_OreIron_C,impure,installed_world_default,CL-502094,1b6d2b740081eb56c0d77136aed0d330ea4696dee13d1075fc231574ee7552b0
default_502094,BP_ResourceNode185,copper,Desc_OreCopper_C,normal,installed_world_default,CL-502094,1b6d2b740081eb56c0d77136aed0d330ea4696dee13d1075fc231574ee7552b0
default_502094,BP_ResourceNode186,limestone,Desc_Stone_C,normal,installed_world_default,CL-502094,1b6d2b740081eb56c0d77136aed0d330ea4696dee13d1075fc231574ee7552b0
default_502094,BP_ResourceNode187_0,limestone,Desc_Stone_C,normal,installed_world_default,CL-502094,1b6d2b740081eb56c0d77136aed0d330ea4696dee13d1075fc231574ee7552b0
default_502094,BP_ResourceNode188,copper,Desc_OreCopper_C,impure,installed_world_default,CL-502094,1b6d2b740081eb56c0d77136aed0d330ea4696dee13d1075fc231574ee7552b0
default_502094,BP_ResourceNode189,limestone,Desc_Stone_C,normal,installed_world_default,CL-502094,1b6d2b740081eb56c0d77136aed0d330ea4696dee13d1075fc231574ee7552b0
default_502094,BP_ResourceNode190,limestone,Desc_Stone_C,pure,installed_world_default,CL-502094,1b6d2b740081eb56c0d77136aed0d330ea4696dee13d1075fc231574ee7552b0
default_502094,BP_ResourceNode191,limestone,Desc_Stone_C,impure,installed_world_default,CL-502094,1b6d2b740081eb56c0d77136aed0d330ea4696dee13d1075fc231574ee7552b0
default_502094,BP_ResourceNode192_0,copper,Desc_OreCopper_C,normal,installed_world_default,CL-502094,1b6d2b740081eb56c0d77136aed0d330ea4696dee13d1075fc231574ee7552b0
default_502094,BP_ResourceNode193,limestone,Desc_Stone_C,impure,installed_world_default,CL-502094,1b6d2b740081eb56c0d77136aed0d330ea4696dee13d1075fc231574ee7552b0
default_502094,BP_ResourceNode194,copper,Desc_OreCopper_C,normal,installed_world_default,CL-502094,1b6d2b740081eb56c0d77136aed0d330ea4696dee13d1075fc231574ee7552b0
default_502094,BP_ResourceNode195,copper,Desc_OreCopper_C,normal,installed_world_default,CL-502094,1b6d2b740081eb56c0d77136aed0d330ea4696dee13d1075fc231574ee7552b0
default_502094,BP_ResourceNode196,iron,Desc_OreIron_C,pure,installed_world_default,CL-502094,1b6d2b740081eb56c0d77136aed0d330ea4696dee13d1075fc231574ee7552b0
default_502094,BP_ResourceNode197,copper,Desc_OreCopper_C,normal,installed_world_default,CL-502094,1b6d2b740081eb56c0d77136aed0d330ea4696dee13d1075fc231574ee7552b0
default_502094,BP_ResourceNode198,iron,Desc_OreIron_C,normal,installed_world_default,CL-502094,1b6d2b740081eb56c0d77136aed0d330ea4696dee13d1075fc231574ee7552b0
default_502094,BP_ResourceNode199,iron,Desc_OreIron_C,normal,installed_world_default,CL-502094,1b6d2b740081eb56c0d77136aed0d330ea4696dee13d1075fc231574ee7552b0
default_502094,BP_ResourceNode200,iron,Desc_OreIron_C,impure,installed_world_default,CL-502094,1b6d2b740081eb56c0d77136aed0d330ea4696dee13d1075fc231574ee7552b0
default_502094,BP_ResourceNode201,iron,Desc_OreIron_C,pure,installed_world_default,CL-502094,1b6d2b740081eb56c0d77136aed0d330ea4696dee13d1075fc231574ee7552b0
default_502094,BP_ResourceNode202,copper,Desc_OreCopper_C,normal,installed_world_default,CL-502094,1b6d2b740081eb56c0d77136aed0d330ea4696dee13d1075fc231574ee7552b0
default_502094,BP_ResourceNode203,iron,Desc_OreIron_C,pure,installed_world_default,CL-502094,1b6d2b740081eb56c0d77136aed0d330ea4696dee13d1075fc231574ee7552b0
default_502094,BP_ResourceNode204_0,iron,Desc_OreIron_C,impure,installed_world_default,CL-502094,1b6d2b740081eb56c0d77136aed0d330ea4696dee13d1075fc231574ee7552b0
default_502094,BP_ResourceNode205,iron,Desc_OreIron_C,normal,installed_world_default,CL-502094,1b6d2b740081eb56c0d77136aed0d330ea4696dee13d1075fc231574ee7552b0
default_502094,BP_ResourceNode206,iron,Desc_OreIron_C,normal,installed_world_default,CL-502094,1b6d2b740081eb56c0d77136aed0d330ea4696dee13d1075fc231574ee7552b0
default_502094,BP_ResourceNode207,iron,Desc_OreIron_C,pure,installed_world_default,CL-502094,1b6d2b740081eb56c0d77136aed0d330ea4696dee13d1075fc231574ee7552b0
default_502094,BP_ResourceNode208,iron,Desc_OreIron_C,normal,installed_world_default,CL-502094,1b6d2b740081eb56c0d77136aed0d330ea4696dee13d1075fc231574ee7552b0
default_502094,BP_ResourceNode209,iron,Desc_OreIron_C,pure,installed_world_default,CL-502094,1b6d2b740081eb56c0d77136aed0d330ea4696dee13d1075fc231574ee7552b0
default_502094,BP_ResourceNode20_3137,limestone,Desc_Stone_C,pure,installed_world_default,CL-502094,1b6d2b740081eb56c0d77136aed0d330ea4696dee13d1075fc231574ee7552b0
default_502094,BP_ResourceNode20_UAID_04D9F5D42711A7C902_1245462149,limestone,Desc_Stone_C,pure,installed_world_default,CL-502094,1b6d2b740081eb56c0d77136aed0d330ea4696dee13d1075fc231574ee7552b0
default_502094,BP_ResourceNode210,iron,Desc_OreIron_C,pure,installed_world_default,CL-502094,1b6d2b740081eb56c0d77136aed0d330ea4696dee13d1075fc231574ee7552b0
default_502094,BP_ResourceNode211,copper,Desc_OreCopper_C,normal,installed_world_default,CL-502094,1b6d2b740081eb56c0d77136aed0d330ea4696dee13d1075fc231574ee7552b0
default_502094,BP_ResourceNode212,copper,Desc_OreCopper_C,impure,installed_world_default,CL-502094,1b6d2b740081eb56c0d77136aed0d330ea4696dee13d1075fc231574ee7552b0
default_502094,BP_ResourceNode213,copper,Desc_OreCopper_C,pure,installed_world_default,CL-502094,1b6d2b740081eb56c0d77136aed0d330ea4696dee13d1075fc231574ee7552b0
default_502094,BP_ResourceNode214,copper,Desc_OreCopper_C,impure,installed_world_default,CL-502094,1b6d2b740081eb56c0d77136aed0d330ea4696dee13d1075fc231574ee7552b0
default_502094,BP_ResourceNode215,copper,Desc_OreCopper_C,normal,installed_world_default,CL-502094,1b6d2b740081eb56c0d77136aed0d330ea4696dee13d1075fc231574ee7552b0
default_502094,BP_ResourceNode216,copper,Desc_OreCopper_C,pure,installed_world_default,CL-502094,1b6d2b740081eb56c0d77136aed0d330ea4696dee13d1075fc231574ee7552b0
default_502094,BP_ResourceNode217,iron,Desc_OreIron_C,pure,installed_world_default,CL-502094,1b6d2b740081eb56c0d77136aed0d330ea4696dee13d1075fc231574ee7552b0
default_502094,BP_ResourceNode218,iron,Desc_OreIron_C,normal,installed_world_default,CL-502094,1b6d2b740081eb56c0d77136aed0d330ea4696dee13d1075fc231574ee7552b0
default_502094,BP_ResourceNode219,iron,Desc_OreIron_C,pure,installed_world_default,CL-502094,1b6d2b740081eb56c0d77136aed0d330ea4696dee13d1075fc231574ee7552b0
default_502094,BP_ResourceNode220,iron,Desc_OreIron_C,pure,installed_world_default,CL-502094,1b6d2b740081eb56c0d77136aed0d330ea4696dee13d1075fc231574ee7552b0
default_502094,BP_ResourceNode221,iron,Desc_OreIron_C,impure,installed_world_default,CL-502094,1b6d2b740081eb56c0d77136aed0d330ea4696dee13d1075fc231574ee7552b0
default_502094,BP_ResourceNode222,iron,Desc_OreIron_C,impure,installed_world_default,CL-502094,1b6d2b740081eb56c0d77136aed0d330ea4696dee13d1075fc231574ee7552b0
default_502094,BP_ResourceNode223,iron,Desc_OreIron_C,normal,installed_world_default,CL-502094,1b6d2b740081eb56c0d77136aed0d330ea4696dee13d1075fc231574ee7552b0
default_502094,BP_ResourceNode224,limestone,Desc_Stone_C,impure,installed_world_default,CL-502094,1b6d2b740081eb56c0d77136aed0d330ea4696dee13d1075fc231574ee7552b0
default_502094,BP_ResourceNode225,limestone,Desc_Stone_C,pure,installed_world_default,CL-502094,1b6d2b740081eb56c0d77136aed0d330ea4696dee13d1075fc231574ee7552b0
default_502094,BP_ResourceNode226,limestone,Desc_Stone_C,impure,installed_world_default,CL-502094,1b6d2b740081eb56c0d77136aed0d330ea4696dee13d1075fc231574ee7552b0
default_502094,BP_ResourceNode227,limestone,Desc_Stone_C,pure,installed_world_default,CL-502094,1b6d2b740081eb56c0d77136aed0d330ea4696dee13d1075fc231574ee7552b0
default_502094,BP_ResourceNode228,limestone,Desc_Stone_C,normal,installed_world_default,CL-502094,1b6d2b740081eb56c0d77136aed0d330ea4696dee13d1075fc231574ee7552b0
default_502094,BP_ResourceNode229,limestone,Desc_Stone_C,normal,installed_world_default,CL-502094,1b6d2b740081eb56c0d77136aed0d330ea4696dee13d1075fc231574ee7552b0
default_502094,BP_ResourceNode230,iron,Desc_OreIron_C,normal,installed_world_default,CL-502094,1b6d2b740081eb56c0d77136aed0d330ea4696dee13d1075fc231574ee7552b0
default_502094,BP_ResourceNode231,raw_quartz,Desc_RawQuartz_C,normal,installed_world_default,CL-502094,1b6d2b740081eb56c0d77136aed0d330ea4696dee13d1075fc231574ee7552b0
default_502094,BP_ResourceNode232,raw_quartz,Desc_RawQuartz_C,normal,installed_world_default,CL-502094,1b6d2b740081eb56c0d77136aed0d330ea4696dee13d1075fc231574ee7552b0
default_502094,BP_ResourceNode233,iron,Desc_OreIron_C,normal,installed_world_default,CL-502094,1b6d2b740081eb56c0d77136aed0d330ea4696dee13d1075fc231574ee7552b0
default_502094,BP_ResourceNode234,limestone,Desc_Stone_C,pure,installed_world_default,CL-502094,1b6d2b740081eb56c0d77136aed0d330ea4696dee13d1075fc231574ee7552b0
default_502094,BP_ResourceNode235,copper,Desc_OreCopper_C,pure,installed_world_default,CL-502094,1b6d2b740081eb56c0d77136aed0d330ea4696dee13d1075fc231574ee7552b0
default_502094,BP_ResourceNode236,iron,Desc_OreIron_C,normal,installed_world_default,CL-502094,1b6d2b740081eb56c0d77136aed0d330ea4696dee13d1075fc231574ee7552b0
default_502094,BP_ResourceNode237,copper,Desc_OreCopper_C,impure,installed_world_default,CL-502094,1b6d2b740081eb56c0d77136aed0d330ea4696dee13d1075fc231574ee7552b0
default_502094,BP_ResourceNode238,iron,Desc_OreIron_C,pure,installed_world_default,CL-502094,1b6d2b740081eb56c0d77136aed0d330ea4696dee13d1075fc231574ee7552b0
default_502094,BP_ResourceNode239,iron,Desc_OreIron_C,pure,installed_world_default,CL-502094,1b6d2b740081eb56c0d77136aed0d330ea4696dee13d1075fc231574ee7552b0
default_502094,BP_ResourceNode23_96,crude_oil,Desc_LiquidOil_C,impure,installed_world_default,CL-502094,1b6d2b740081eb56c0d77136aed0d330ea4696dee13d1075fc231574ee7552b0
default_502094,BP_ResourceNode240,caterium,Desc_OreGold_C,pure,installed_world_default,CL-502094,1b6d2b740081eb56c0d77136aed0d330ea4696dee13d1075fc231574ee7552b0
default_502094,BP_ResourceNode241,sam,Desc_SAM_C,normal,installed_world_default,CL-502094,1b6d2b740081eb56c0d77136aed0d330ea4696dee13d1075fc231574ee7552b0
default_502094,BP_ResourceNode241_UAID_40B076DF2F7947D301_1723440520,sam,Desc_SAM_C,impure,installed_world_default,CL-502094,1b6d2b740081eb56c0d77136aed0d330ea4696dee13d1075fc231574ee7552b0
default_502094,BP_ResourceNode24_97,crude_oil,Desc_LiquidOil_C,impure,installed_world_default,CL-502094,1b6d2b740081eb56c0d77136aed0d330ea4696dee13d1075fc231574ee7552b0
default_502094,BP_ResourceNode25_98,crude_oil,Desc_LiquidOil_C,impure,installed_world_default,CL-502094,1b6d2b740081eb56c0d77136aed0d330ea4696dee13d1075fc231574ee7552b0
default_502094,BP_ResourceNode26_99,crude_oil,Desc_LiquidOil_C,pure,installed_world_default,CL-502094,1b6d2b740081eb56c0d77136aed0d330ea4696dee13d1075fc231574ee7552b0
default_502094,BP_ResourceNode27_100,crude_oil,Desc_LiquidOil_C,pure,installed_world_default,CL-502094,1b6d2b740081eb56c0d77136aed0d330ea4696dee13d1075fc231574ee7552b0
default_502094,BP_ResourceNode28_101,crude_oil,Desc_LiquidOil_C,normal,installed_world_default,CL-502094,1b6d2b740081eb56c0d77136aed0d330ea4696dee13d1075fc231574ee7552b0
default_502094,BP_ResourceNode29_102,crude_oil,Desc_LiquidOil_C,normal,installed_world_default,CL-502094,1b6d2b740081eb56c0d77136aed0d330ea4696dee13d1075fc231574ee7552b0
default_502094,BP_ResourceNode30_103,crude_oil,Desc_LiquidOil_C,normal,installed_world_default,CL-502094,1b6d2b740081eb56c0d77136aed0d330ea4696dee13d1075fc231574ee7552b0
default_502094,BP_ResourceNode31_104,crude_oil,Desc_LiquidOil_C,impure,installed_world_default,CL-502094,1b6d2b740081eb56c0d77136aed0d330ea4696dee13d1075fc231574ee7552b0
default_502094,BP_ResourceNode32_105,crude_oil,Desc_LiquidOil_C,impure,installed_world_default,CL-502094,1b6d2b740081eb56c0d77136aed0d330ea4696dee13d1075fc231574ee7552b0
default_502094,BP_ResourceNode35,iron,Desc_OreIron_C,normal,installed_world_default,CL-502094,1b6d2b740081eb56c0d77136aed0d330ea4696dee13d1075fc231574ee7552b0
default_502094,BP_ResourceNode36,iron,Desc_OreIron_C,normal,installed_world_default,CL-502094,1b6d2b740081eb56c0d77136aed0d330ea4696dee13d1075fc231574ee7552b0
default_502094,BP_ResourceNode37_178,limestone,Desc_Stone_C,normal,installed_world_default,CL-502094,1b6d2b740081eb56c0d77136aed0d330ea4696dee13d1075fc231574ee7552b0
default_502094,BP_ResourceNode38_902,copper,Desc_OreCopper_C,normal,installed_world_default,CL-502094,1b6d2b740081eb56c0d77136aed0d330ea4696dee13d1075fc231574ee7552b0
default_502094,BP_ResourceNode39,iron,Desc_OreIron_C,pure,installed_world_default,CL-502094,1b6d2b740081eb56c0d77136aed0d330ea4696dee13d1075fc231574ee7552b0
default_502094,BP_ResourceNode40,iron,Desc_OreIron_C,pure,installed_world_default,CL-502094,1b6d2b740081eb56c0d77136aed0d330ea4696dee13d1075fc231574ee7552b0
default_502094,BP_ResourceNode41_1099,limestone,Desc_Stone_C,normal,installed_world_default,CL-502094,1b6d2b740081eb56c0d77136aed0d330ea4696dee13d1075fc231574ee7552b0
default_502094,BP_ResourceNode426,iron,Desc_OreIron_C,pure,installed_world_default,CL-502094,1b6d2b740081eb56c0d77136aed0d330ea4696dee13d1075fc231574ee7552b0
default_502094,BP_ResourceNode427,iron,Desc_OreIron_C,pure,installed_world_default,CL-502094,1b6d2b740081eb56c0d77136aed0d330ea4696dee13d1075fc231574ee7552b0
default_502094,BP_ResourceNode42_1294,limestone,Desc_Stone_C,normal,installed_world_default,CL-502094,1b6d2b740081eb56c0d77136aed0d330ea4696dee13d1075fc231574ee7552b0
default_502094,BP_ResourceNode43,sam,Desc_SAM_C,pure,installed_world_default,CL-502094,1b6d2b740081eb56c0d77136aed0d330ea4696dee13d1075fc231574ee7552b0
default_502094,BP_ResourceNode430,iron,Desc_OreIron_C,pure,installed_world_default,CL-502094,1b6d2b740081eb56c0d77136aed0d330ea4696dee13d1075fc231574ee7552b0
default_502094,BP_ResourceNode431,iron,Desc_OreIron_C,pure,installed_world_default,CL-502094,1b6d2b740081eb56c0d77136aed0d330ea4696dee13d1075fc231574ee7552b0
default_502094,BP_ResourceNode435_26,iron,Desc_OreIron_C,pure,installed_world_default,CL-502094,1b6d2b740081eb56c0d77136aed0d330ea4696dee13d1075fc231574ee7552b0
default_502094,BP_ResourceNode437_30,iron,Desc_OreIron_C,pure,installed_world_default,CL-502094,1b6d2b740081eb56c0d77136aed0d330ea4696dee13d1075fc231574ee7552b0
default_502094,BP_ResourceNode439_1,limestone,Desc_Stone_C,normal,installed_world_default,CL-502094,1b6d2b740081eb56c0d77136aed0d330ea4696dee13d1075fc231574ee7552b0
default_502094,BP_ResourceNode43_UAID_40B076DF2F7932D901_1711042113,sam,Desc_SAM_C,impure,installed_world_default,CL-502094,1b6d2b740081eb56c0d77136aed0d330ea4696dee13d1075fc231574ee7552b0
default_502094,BP_ResourceNode43_UAID_40B076DF2F7936D401_1733397541,sam,Desc_SAM_C,impure,installed_world_default,CL-502094,1b6d2b740081eb56c0d77136aed0d330ea4696dee13d1075fc231574ee7552b0
default_502094,BP_ResourceNode43_UAID_40B076DF2F793ED901_1532454233,sam,Desc_SAM_C,impure,installed_world_default,CL-502094,1b6d2b740081eb56c0d77136aed0d330ea4696dee13d1075fc231574ee7552b0
default_502094,BP_ResourceNode43_UAID_40B076DF2F7941D901_1404601764,sam,Desc_SAM_C,impure,installed_world_default,CL-502094,1b6d2b740081eb56c0d77136aed0d330ea4696dee13d1075fc231574ee7552b0
default_502094,BP_ResourceNode440,limestone,Desc_Stone_C,pure,installed_world_default,CL-502094,1b6d2b740081eb56c0d77136aed0d330ea4696dee13d1075fc231574ee7552b0
default_502094,BP_ResourceNode441,limestone,Desc_Stone_C,normal,installed_world_default,CL-502094,1b6d2b740081eb56c0d77136aed0d330ea4696dee13d1075fc231574ee7552b0
default_502094,BP_ResourceNode442,limestone,Desc_Stone_C,normal,installed_world_default,CL-502094,1b6d2b740081eb56c0d77136aed0d330ea4696dee13d1075fc231574ee7552b0
default_502094,BP_ResourceNode443,limestone,Desc_Stone_C,normal,installed_world_default,CL-502094,1b6d2b740081eb56c0d77136aed0d330ea4696dee13d1075fc231574ee7552b0
default_502094,BP_ResourceNode444_0,crude_oil,Desc_LiquidOil_C,normal,installed_world_default,CL-502094,1b6d2b740081eb56c0d77136aed0d330ea4696dee13d1075fc231574ee7552b0
default_502094,BP_ResourceNode445,copper,Desc_OreCopper_C,pure,installed_world_default,CL-502094,1b6d2b740081eb56c0d77136aed0d330ea4696dee13d1075fc231574ee7552b0
default_502094,BP_ResourceNode446_1,crude_oil,Desc_LiquidOil_C,impure,installed_world_default,CL-502094,1b6d2b740081eb56c0d77136aed0d330ea4696dee13d1075fc231574ee7552b0
default_502094,BP_ResourceNode447,crude_oil,Desc_LiquidOil_C,impure,installed_world_default,CL-502094,1b6d2b740081eb56c0d77136aed0d330ea4696dee13d1075fc231574ee7552b0
default_502094,BP_ResourceNode448,crude_oil,Desc_LiquidOil_C,normal,installed_world_default,CL-502094,1b6d2b740081eb56c0d77136aed0d330ea4696dee13d1075fc231574ee7552b0
default_502094,BP_ResourceNode449,coal,Desc_Coal_C,pure,installed_world_default,CL-502094,1b6d2b740081eb56c0d77136aed0d330ea4696dee13d1075fc231574ee7552b0
default_502094,BP_ResourceNode451,coal,Desc_Coal_C,normal,installed_world_default,CL-502094,1b6d2b740081eb56c0d77136aed0d330ea4696dee13d1075fc231574ee7552b0
default_502094,BP_ResourceNode452,coal,Desc_Coal_C,pure,installed_world_default,CL-502094,1b6d2b740081eb56c0d77136aed0d330ea4696dee13d1075fc231574ee7552b0
default_502094,BP_ResourceNode453,iron,Desc_OreIron_C,pure,installed_world_default,CL-502094,1b6d2b740081eb56c0d77136aed0d330ea4696dee13d1075fc231574ee7552b0
default_502094,BP_ResourceNode454,iron,Desc_OreIron_C,pure,installed_world_default,CL-502094,1b6d2b740081eb56c0d77136aed0d330ea4696dee13d1075fc231574ee7552b0
default_502094,BP_ResourceNode457,iron,Desc_OreIron_C,pure,installed_world_default,CL-502094,1b6d2b740081eb56c0d77136aed0d330ea4696dee13d1075fc231574ee7552b0
default_502094,BP_ResourceNode458,crude_oil,Desc_LiquidOil_C,normal,installed_world_default,CL-502094,1b6d2b740081eb56c0d77136aed0d330ea4696dee13d1075fc231574ee7552b0
default_502094,BP_ResourceNode459,crude_oil,Desc_LiquidOil_C,normal,installed_world_default,CL-502094,1b6d2b740081eb56c0d77136aed0d330ea4696dee13d1075fc231574ee7552b0
default_502094,BP_ResourceNode460,crude_oil,Desc_LiquidOil_C,pure,installed_world_default,CL-502094,1b6d2b740081eb56c0d77136aed0d330ea4696dee13d1075fc231574ee7552b0
default_502094,BP_ResourceNode461,sulfur,Desc_Sulfur_C,impure,installed_world_default,CL-502094,1b6d2b740081eb56c0d77136aed0d330ea4696dee13d1075fc231574ee7552b0
default_502094,BP_ResourceNode462,iron,Desc_OreIron_C,pure,installed_world_default,CL-502094,1b6d2b740081eb56c0d77136aed0d330ea4696dee13d1075fc231574ee7552b0
default_502094,BP_ResourceNode462_UAID_40B076DF2F7902E201_1630060169,iron,Desc_OreIron_C,normal,installed_world_default,CL-502094,1b6d2b740081eb56c0d77136aed0d330ea4696dee13d1075fc231574ee7552b0
default_502094,BP_ResourceNode462_UAID_40B076DF2F7907E201_1624182051,iron,Desc_OreIron_C,impure,installed_world_default,CL-502094,1b6d2b740081eb56c0d77136aed0d330ea4696dee13d1075fc231574ee7552b0
default_502094,BP_ResourceNode462_UAID_40B076DF2F790CE201_2008279933,iron,Desc_OreIron_C,impure,installed_world_default,CL-502094,1b6d2b740081eb56c0d77136aed0d330ea4696dee13d1075fc231574ee7552b0
default_502094,BP_ResourceNode463,limestone,Desc_Stone_C,pure,installed_world_default,CL-502094,1b6d2b740081eb56c0d77136aed0d330ea4696dee13d1075fc231574ee7552b0
default_502094,BP_ResourceNode464,limestone,Desc_Stone_C,pure,installed_world_default,CL-502094,1b6d2b740081eb56c0d77136aed0d330ea4696dee13d1075fc231574ee7552b0
default_502094,BP_ResourceNode464_UAID_40B076DF2F790EE201_1850696287,limestone,Desc_Stone_C,impure,installed_world_default,CL-502094,1b6d2b740081eb56c0d77136aed0d330ea4696dee13d1075fc231574ee7552b0
default_502094,BP_ResourceNode464_UAID_40B076DF2F790FE201_1577140465,limestone,Desc_Stone_C,normal,installed_world_default,CL-502094,1b6d2b740081eb56c0d77136aed0d330ea4696dee13d1075fc231574ee7552b0
default_502094,BP_ResourceNode464_UAID_40B076DF2F7914E201_2026233335,limestone,Desc_Stone_C,impure,installed_world_default,CL-502094,1b6d2b740081eb56c0d77136aed0d330ea4696dee13d1075fc231574ee7552b0
default_502094,BP_ResourceNode464_UAID_40B076DF2F7915E201_1334543513,limestone,Desc_Stone_C,normal,installed_world_default,CL-502094,1b6d2b740081eb56c0d77136aed0d330ea4696dee13d1075fc231574ee7552b0
default_502094,BP_ResourceNode465,limestone,Desc_Stone_C,normal,installed_world_default,CL-502094,1b6d2b740081eb56c0d77136aed0d330ea4696dee13d1075fc231574ee7552b0
default_502094,BP_ResourceNode466,limestone,Desc_Stone_C,normal,installed_world_default,CL-502094,1b6d2b740081eb56c0d77136aed0d330ea4696dee13d1075fc231574ee7552b0
default_502094,BP_ResourceNode467,sulfur,Desc_Sulfur_C,normal,installed_world_default,CL-502094,1b6d2b740081eb56c0d77136aed0d330ea4696dee13d1075fc231574ee7552b0
default_502094,BP_ResourceNode469,coal,Desc_Coal_C,pure,installed_world_default,CL-502094,1b6d2b740081eb56c0d77136aed0d330ea4696dee13d1075fc231574ee7552b0
default_502094,BP_ResourceNode46_2284,limestone,Desc_Stone_C,normal,installed_world_default,CL-502094,1b6d2b740081eb56c0d77136aed0d330ea4696dee13d1075fc231574ee7552b0
default_502094,BP_ResourceNode474_UAID_40B076DF2F7983DF01_2128950703,raw_quartz,Desc_RawQuartz_C,normal,installed_world_default,CL-502094,1b6d2b740081eb56c0d77136aed0d330ea4696dee13d1075fc231574ee7552b0
default_502094,BP_ResourceNode474_UAID_40B076DF2F798DDF01_1645035472,raw_quartz,Desc_RawQuartz_C,pure,installed_world_default,CL-502094,1b6d2b740081eb56c0d77136aed0d330ea4696dee13d1075fc231574ee7552b0
default_502094,BP_ResourceNode474_UAID_40B076DF2F798EDF01_2134364650,raw_quartz,Desc_RawQuartz_C,normal,installed_world_default,CL-502094,1b6d2b740081eb56c0d77136aed0d330ea4696dee13d1075fc231574ee7552b0
default_502094,BP_ResourceNode476,bauxite,Desc_OreBauxite_C,normal,installed_world_default,CL-502094,1b6d2b740081eb56c0d77136aed0d330ea4696dee13d1075fc231574ee7552b0
default_502094,BP_ResourceNode477,bauxite,Desc_OreBauxite_C,impure,installed_world_default,CL-502094,1b6d2b740081eb56c0d77136aed0d330ea4696dee13d1075fc231574ee7552b0
default_502094,BP_ResourceNode479,bauxite,Desc_OreBauxite_C,pure,installed_world_default,CL-502094,1b6d2b740081eb56c0d77136aed0d330ea4696dee13d1075fc231574ee7552b0
default_502094,BP_ResourceNode47_3066,sam,Desc_SAM_C,normal,installed_world_default,CL-502094,1b6d2b740081eb56c0d77136aed0d330ea4696dee13d1075fc231574ee7552b0
default_502094,BP_ResourceNode480,bauxite,Desc_OreBauxite_C,normal,installed_world_default,CL-502094,1b6d2b740081eb56c0d77136aed0d330ea4696dee13d1075fc231574ee7552b0
default_502094,BP_ResourceNode481,bauxite,Desc_OreBauxite_C,impure,installed_world_default,CL-502094,1b6d2b740081eb56c0d77136aed0d330ea4696dee13d1075fc231574ee7552b0
default_502094,BP_ResourceNode484,uranium,Desc_OreUranium_C,impure,installed_world_default,CL-502094,1b6d2b740081eb56c0d77136aed0d330ea4696dee13d1075fc231574ee7552b0
default_502094,BP_ResourceNode484_UAID_40B076DF2F79E0DF01_2091429101,uranium,Desc_OreUranium_C,impure,installed_world_default,CL-502094,1b6d2b740081eb56c0d77136aed0d330ea4696dee13d1075fc231574ee7552b0
default_502094,BP_ResourceNode485,bauxite,Desc_OreBauxite_C,pure,installed_world_default,CL-502094,1b6d2b740081eb56c0d77136aed0d330ea4696dee13d1075fc231574ee7552b0
default_502094,BP_ResourceNode486,bauxite,Desc_OreBauxite_C,normal,installed_world_default,CL-502094,1b6d2b740081eb56c0d77136aed0d330ea4696dee13d1075fc231574ee7552b0
default_502094,BP_ResourceNode487,caterium,Desc_OreGold_C,normal,installed_world_default,CL-502094,1b6d2b740081eb56c0d77136aed0d330ea4696dee13d1075fc231574ee7552b0
default_502094,BP_ResourceNode487_UAID_40B076DF2F7934DF01_1597642799,caterium,Desc_OreGold_C,normal,installed_world_default,CL-502094,1b6d2b740081eb56c0d77136aed0d330ea4696dee13d1075fc231574ee7552b0
default_502094,BP_ResourceNode488,iron,Desc_OreIron_C,impure,installed_world_default,CL-502094,1b6d2b740081eb56c0d77136aed0d330ea4696dee13d1075fc231574ee7552b0
default_502094,BP_ResourceNode489,iron,Desc_OreIron_C,impure,installed_world_default,CL-502094,1b6d2b740081eb56c0d77136aed0d330ea4696dee13d1075fc231574ee7552b0
default_502094,BP_ResourceNode49,iron,Desc_OreIron_C,impure,installed_world_default,CL-502094,1b6d2b740081eb56c0d77136aed0d330ea4696dee13d1075fc231574ee7552b0
default_502094,BP_ResourceNode490,iron,Desc_OreIron_C,impure,installed_world_default,CL-502094,1b6d2b740081eb56c0d77136aed0d330ea4696dee13d1075fc231574ee7552b0
default_502094,BP_ResourceNode491,iron,Desc_OreIron_C,impure,installed_world_default,CL-502094,1b6d2b740081eb56c0d77136aed0d330ea4696dee13d1075fc231574ee7552b0
default_502094,BP_ResourceNode492,copper,Desc_OreCopper_C,impure,installed_world_default,CL-502094,1b6d2b740081eb56c0d77136aed0d330ea4696dee13d1075fc231574ee7552b0
default_502094,BP_ResourceNode493,copper,Desc_OreCopper_C,impure,installed_world_default,CL-502094,1b6d2b740081eb56c0d77136aed0d330ea4696dee13d1075fc231574ee7552b0
default_502094,BP_ResourceNode494,iron,Desc_OreIron_C,impure,installed_world_default,CL-502094,1b6d2b740081eb56c0d77136aed0d330ea4696dee13d1075fc231574ee7552b0
default_502094,BP_ResourceNode495,iron,Desc_OreIron_C,impure,installed_world_default,CL-502094,1b6d2b740081eb56c0d77136aed0d330ea4696dee13d1075fc231574ee7552b0
default_502094,BP_ResourceNode496,iron,Desc_OreIron_C,normal,installed_world_default,CL-502094,1b6d2b740081eb56c0d77136aed0d330ea4696dee13d1075fc231574ee7552b0
default_502094,BP_ResourceNode497_1,iron,Desc_OreIron_C,normal,installed_world_default,CL-502094,1b6d2b740081eb56c0d77136aed0d330ea4696dee13d1075fc231574ee7552b0
default_502094,BP_ResourceNode498,coal,Desc_Coal_C,normal,installed_world_default,CL-502094,1b6d2b740081eb56c0d77136aed0d330ea4696dee13d1075fc231574ee7552b0
default_502094,BP_ResourceNode499,coal,Desc_Coal_C,normal,installed_world_default,CL-502094,1b6d2b740081eb56c0d77136aed0d330ea4696dee13d1075fc231574ee7552b0
default_502094,BP_ResourceNode500,coal,Desc_Coal_C,normal,installed_world_default,CL-502094,1b6d2b740081eb56c0d77136aed0d330ea4696dee13d1075fc231574ee7552b0
default_502094,BP_ResourceNode501,coal,Desc_Coal_C,normal,installed_world_default,CL-502094,1b6d2b740081eb56c0d77136aed0d330ea4696dee13d1075fc231574ee7552b0
default_502094,BP_ResourceNode502,coal,Desc_Coal_C,normal,installed_world_default,CL-502094,1b6d2b740081eb56c0d77136aed0d330ea4696dee13d1075fc231574ee7552b0
default_502094,BP_ResourceNode503,coal,Desc_Coal_C,normal,installed_world_default,CL-502094,1b6d2b740081eb56c0d77136aed0d330ea4696dee13d1075fc231574ee7552b0
default_502094,BP_ResourceNode504,coal,Desc_Coal_C,normal,installed_world_default,CL-502094,1b6d2b740081eb56c0d77136aed0d330ea4696dee13d1075fc231574ee7552b0
default_502094,BP_ResourceNode505,copper,Desc_OreCopper_C,normal,installed_world_default,CL-502094,1b6d2b740081eb56c0d77136aed0d330ea4696dee13d1075fc231574ee7552b0
default_502094,BP_ResourceNode506,copper,Desc_OreCopper_C,normal,installed_world_default,CL-502094,1b6d2b740081eb56c0d77136aed0d330ea4696dee13d1075fc231574ee7552b0
default_502094,BP_ResourceNode507,copper,Desc_OreCopper_C,normal,installed_world_default,CL-502094,1b6d2b740081eb56c0d77136aed0d330ea4696dee13d1075fc231574ee7552b0
default_502094,BP_ResourceNode508,limestone,Desc_Stone_C,pure,installed_world_default,CL-502094,1b6d2b740081eb56c0d77136aed0d330ea4696dee13d1075fc231574ee7552b0
default_502094,BP_ResourceNode509,limestone,Desc_Stone_C,normal,installed_world_default,CL-502094,1b6d2b740081eb56c0d77136aed0d330ea4696dee13d1075fc231574ee7552b0
default_502094,BP_ResourceNode510,sulfur,Desc_Sulfur_C,impure,installed_world_default,CL-502094,1b6d2b740081eb56c0d77136aed0d330ea4696dee13d1075fc231574ee7552b0
default_502094,BP_ResourceNode511,limestone,Desc_Stone_C,normal,installed_world_default,CL-502094,1b6d2b740081eb56c0d77136aed0d330ea4696dee13d1075fc231574ee7552b0
default_502094,BP_ResourceNode512,limestone,Desc_Stone_C,normal,installed_world_default,CL-502094,1b6d2b740081eb56c0d77136aed0d330ea4696dee13d1075fc231574ee7552b0
default_502094,BP_ResourceNode513,copper,Desc_OreCopper_C,pure,installed_world_default,CL-502094,1b6d2b740081eb56c0d77136aed0d330ea4696dee13d1075fc231574ee7552b0
default_502094,BP_ResourceNode514,copper,Desc_OreCopper_C,pure,installed_world_default,CL-502094,1b6d2b740081eb56c0d77136aed0d330ea4696dee13d1075fc231574ee7552b0
default_502094,BP_ResourceNode515,copper,Desc_OreCopper_C,pure,installed_world_default,CL-502094,1b6d2b740081eb56c0d77136aed0d330ea4696dee13d1075fc231574ee7552b0
default_502094,BP_ResourceNode516,limestone,Desc_Stone_C,pure,installed_world_default,CL-502094,1b6d2b740081eb56c0d77136aed0d330ea4696dee13d1075fc231574ee7552b0
default_502094,BP_ResourceNode517,iron,Desc_OreIron_C,pure,installed_world_default,CL-502094,1b6d2b740081eb56c0d77136aed0d330ea4696dee13d1075fc231574ee7552b0
default_502094,BP_ResourceNode518,iron,Desc_OreIron_C,pure,installed_world_default,CL-502094,1b6d2b740081eb56c0d77136aed0d330ea4696dee13d1075fc231574ee7552b0
default_502094,BP_ResourceNode519,sam,Desc_SAM_C,pure,installed_world_default,CL-502094,1b6d2b740081eb56c0d77136aed0d330ea4696dee13d1075fc231574ee7552b0
default_502094,BP_ResourceNode519_UAID_40B076DF2F79D3D901_1586151453,sam,Desc_SAM_C,normal,installed_world_default,CL-502094,1b6d2b740081eb56c0d77136aed0d330ea4696dee13d1075fc231574ee7552b0
default_502094,BP_ResourceNode520,raw_quartz,Desc_RawQuartz_C,pure,installed_world_default,CL-502094,1b6d2b740081eb56c0d77136aed0d330ea4696dee13d1075fc231574ee7552b0
default_502094,BP_ResourceNode521,limestone,Desc_Stone_C,pure,installed_world_default,CL-502094,1b6d2b740081eb56c0d77136aed0d330ea4696dee13d1075fc231574ee7552b0
default_502094,BP_ResourceNode521_UAID_40B076DF2F79C3E101_1100698081,limestone,Desc_Stone_C,normal,installed_world_default,CL-502094,1b6d2b740081eb56c0d77136aed0d330ea4696dee13d1075fc231574ee7552b0
default_502094,BP_ResourceNode521_UAID_40B076DF2F79C3E101_1735462083,limestone,Desc_Stone_C,normal,installed_world_default,CL-502094,1b6d2b740081eb56c0d77136aed0d330ea4696dee13d1075fc231574ee7552b0
default_502094,BP_ResourceNode522,raw_quartz,Desc_RawQuartz_C,pure,installed_world_default,CL-502094,1b6d2b740081eb56c0d77136aed0d330ea4696dee13d1075fc231574ee7552b0
default_502094,BP_ResourceNode523_UAID_40B076DF2F7987DF01_1117795413,iron,Desc_OreIron_C,normal,installed_world_default,CL-502094,1b6d2b740081eb56c0d77136aed0d330ea4696dee13d1075fc231574ee7552b0
default_502094,BP_ResourceNode524_UAID_40B076DF2F798ADF01_1172524943,iron,Desc_OreIron_C,normal,installed_world_default,CL-502094,1b6d2b740081eb56c0d77136aed0d330ea4696dee13d1075fc231574ee7552b0
default_502094,BP_ResourceNode528,iron,Desc_OreIron_C,normal,installed_world_default,CL-502094,1b6d2b740081eb56c0d77136aed0d330ea4696dee13d1075fc231574ee7552b0
default_502094,BP_ResourceNode529,bauxite,Desc_OreBauxite_C,normal,installed_world_default,CL-502094,1b6d2b740081eb56c0d77136aed0d330ea4696dee13d1075fc231574ee7552b0
default_502094,BP_ResourceNode530,iron,Desc_OreIron_C,impure,installed_world_default,CL-502094,1b6d2b740081eb56c0d77136aed0d330ea4696dee13d1075fc231574ee7552b0
default_502094,BP_ResourceNode531,iron,Desc_OreIron_C,impure,installed_world_default,CL-502094,1b6d2b740081eb56c0d77136aed0d330ea4696dee13d1075fc231574ee7552b0
default_502094,BP_ResourceNode532,iron,Desc_OreIron_C,impure,installed_world_default,CL-502094,1b6d2b740081eb56c0d77136aed0d330ea4696dee13d1075fc231574ee7552b0
default_502094,BP_ResourceNode533,iron,Desc_OreIron_C,impure,installed_world_default,CL-502094,1b6d2b740081eb56c0d77136aed0d330ea4696dee13d1075fc231574ee7552b0
default_502094,BP_ResourceNode534,limestone,Desc_Stone_C,impure,installed_world_default,CL-502094,1b6d2b740081eb56c0d77136aed0d330ea4696dee13d1075fc231574ee7552b0
default_502094,BP_ResourceNode535,iron,Desc_OreIron_C,impure,installed_world_default,CL-502094,1b6d2b740081eb56c0d77136aed0d330ea4696dee13d1075fc231574ee7552b0
default_502094,BP_ResourceNode536,iron,Desc_OreIron_C,impure,installed_world_default,CL-502094,1b6d2b740081eb56c0d77136aed0d330ea4696dee13d1075fc231574ee7552b0
default_502094,BP_ResourceNode537,iron,Desc_OreIron_C,impure,installed_world_default,CL-502094,1b6d2b740081eb56c0d77136aed0d330ea4696dee13d1075fc231574ee7552b0
default_502094,BP_ResourceNode538,iron,Desc_OreIron_C,impure,installed_world_default,CL-502094,1b6d2b740081eb56c0d77136aed0d330ea4696dee13d1075fc231574ee7552b0
default_502094,BP_ResourceNode539,iron,Desc_OreIron_C,impure,installed_world_default,CL-502094,1b6d2b740081eb56c0d77136aed0d330ea4696dee13d1075fc231574ee7552b0
default_502094,BP_ResourceNode53_510,copper,Desc_OreCopper_C,pure,installed_world_default,CL-502094,1b6d2b740081eb56c0d77136aed0d330ea4696dee13d1075fc231574ee7552b0
default_502094,BP_ResourceNode540,copper,Desc_OreCopper_C,normal,installed_world_default,CL-502094,1b6d2b740081eb56c0d77136aed0d330ea4696dee13d1075fc231574ee7552b0
default_502094,BP_ResourceNode541,iron,Desc_OreIron_C,impure,installed_world_default,CL-502094,1b6d2b740081eb56c0d77136aed0d330ea4696dee13d1075fc231574ee7552b0
default_502094,BP_ResourceNode542,iron,Desc_OreIron_C,impure,installed_world_default,CL-502094,1b6d2b740081eb56c0d77136aed0d330ea4696dee13d1075fc231574ee7552b0
default_502094,BP_ResourceNode543,iron,Desc_OreIron_C,normal,installed_world_default,CL-502094,1b6d2b740081eb56c0d77136aed0d330ea4696dee13d1075fc231574ee7552b0
default_502094,BP_ResourceNode544,iron,Desc_OreIron_C,normal,installed_world_default,CL-502094,1b6d2b740081eb56c0d77136aed0d330ea4696dee13d1075fc231574ee7552b0
default_502094,BP_ResourceNode545,iron,Desc_OreIron_C,normal,installed_world_default,CL-502094,1b6d2b740081eb56c0d77136aed0d330ea4696dee13d1075fc231574ee7552b0
default_502094,BP_ResourceNode546,iron,Desc_OreIron_C,normal,installed_world_default,CL-502094,1b6d2b740081eb56c0d77136aed0d330ea4696dee13d1075fc231574ee7552b0
default_502094,BP_ResourceNode547,copper,Desc_OreCopper_C,normal,installed_world_default,CL-502094,1b6d2b740081eb56c0d77136aed0d330ea4696dee13d1075fc231574ee7552b0
default_502094,BP_ResourceNode547_UAID_40B076DF2F79ADE101_1836911209,copper,Desc_OreCopper_C,pure,installed_world_default,CL-502094,1b6d2b740081eb56c0d77136aed0d330ea4696dee13d1075fc231574ee7552b0
default_502094,BP_ResourceNode547_UAID_40B076DF2F79AEE101_1979010387,copper,Desc_OreCopper_C,normal,installed_world_default,CL-502094,1b6d2b740081eb56c0d77136aed0d330ea4696dee13d1075fc231574ee7552b0
default_502094,BP_ResourceNode548,limestone,Desc_Stone_C,normal,installed_world_default,CL-502094,1b6d2b740081eb56c0d77136aed0d330ea4696dee13d1075fc231574ee7552b0
default_502094,BP_ResourceNode549,limestone,Desc_Stone_C,normal,installed_world_default,CL-502094,1b6d2b740081eb56c0d77136aed0d330ea4696dee13d1075fc231574ee7552b0
default_502094,BP_ResourceNode54_833,limestone,Desc_Stone_C,pure,installed_world_default,CL-502094,1b6d2b740081eb56c0d77136aed0d330ea4696dee13d1075fc231574ee7552b0
default_502094,BP_ResourceNode550,limestone,Desc_Stone_C,normal,installed_world_default,CL-502094,1b6d2b740081eb56c0d77136aed0d330ea4696dee13d1075fc231574ee7552b0
default_502094,BP_ResourceNode551,iron,Desc_OreIron_C,normal,installed_world_default,CL-502094,1b6d2b740081eb56c0d77136aed0d330ea4696dee13d1075fc231574ee7552b0
default_502094,BP_ResourceNode552,raw_quartz,Desc_RawQuartz_C,normal,installed_world_default,CL-502094,1b6d2b740081eb56c0d77136aed0d330ea4696dee13d1075fc231574ee7552b0
default_502094,BP_ResourceNode553,limestone,Desc_Stone_C,impure,installed_world_default,CL-502094,1b6d2b740081eb56c0d77136aed0d330ea4696dee13d1075fc231574ee7552b0
default_502094,BP_ResourceNode554,limestone,Desc_Stone_C,normal,installed_world_default,CL-502094,1b6d2b740081eb56c0d77136aed0d330ea4696dee13d1075fc231574ee7552b0
default_502094,BP_ResourceNode555,limestone,Desc_Stone_C,impure,installed_world_default,CL-502094,1b6d2b740081eb56c0d77136aed0d330ea4696dee13d1075fc231574ee7552b0
default_502094,BP_ResourceNode556,limestone,Desc_Stone_C,impure,installed_world_default,CL-502094,1b6d2b740081eb56c0d77136aed0d330ea4696dee13d1075fc231574ee7552b0
default_502094,BP_ResourceNode557,limestone,Desc_Stone_C,impure,installed_world_default,CL-502094,1b6d2b740081eb56c0d77136aed0d330ea4696dee13d1075fc231574ee7552b0
default_502094,BP_ResourceNode558,iron,Desc_OreIron_C,normal,installed_world_default,CL-502094,1b6d2b740081eb56c0d77136aed0d330ea4696dee13d1075fc231574ee7552b0
default_502094,BP_ResourceNode559,coal,Desc_Coal_C,normal,installed_world_default,CL-502094,1b6d2b740081eb56c0d77136aed0d330ea4696dee13d1075fc231574ee7552b0
default_502094,BP_ResourceNode55_1215,iron,Desc_OreIron_C,pure,installed_world_default,CL-502094,1b6d2b740081eb56c0d77136aed0d330ea4696dee13d1075fc231574ee7552b0
default_502094,BP_ResourceNode560,coal,Desc_Coal_C,normal,installed_world_default,CL-502094,1b6d2b740081eb56c0d77136aed0d330ea4696dee13d1075fc231574ee7552b0
default_502094,BP_ResourceNode561,limestone,Desc_Stone_C,pure,installed_world_default,CL-502094,1b6d2b740081eb56c0d77136aed0d330ea4696dee13d1075fc231574ee7552b0
default_502094,BP_ResourceNode562,copper,Desc_OreCopper_C,impure,installed_world_default,CL-502094,1b6d2b740081eb56c0d77136aed0d330ea4696dee13d1075fc231574ee7552b0
default_502094,BP_ResourceNode563,iron,Desc_OreIron_C,pure,installed_world_default,CL-502094,1b6d2b740081eb56c0d77136aed0d330ea4696dee13d1075fc231574ee7552b0
default_502094,BP_ResourceNode563_UAID_40B076DF2F79B7E101_1869159978,iron,Desc_OreIron_C,impure,installed_world_default,CL-502094,1b6d2b740081eb56c0d77136aed0d330ea4696dee13d1075fc231574ee7552b0
default_502094,BP_ResourceNode563_UAID_40B076DF2F79B8E101_1620414156,iron,Desc_OreIron_C,impure,installed_world_default,CL-502094,1b6d2b740081eb56c0d77136aed0d330ea4696dee13d1075fc231574ee7552b0
default_502094,BP_ResourceNode563_UAID_40B076DF2F79B9E101_1570060334,iron,Desc_OreIron_C,impure,installed_world_default,CL-502094,1b6d2b740081eb56c0d77136aed0d330ea4696dee13d1075fc231574ee7552b0
default_502094,BP_ResourceNode563_UAID_40B076DF2F79BBE101_1434258671,iron,Desc_OreIron_C,impure,installed_world_default,CL-502094,1b6d2b740081eb56c0d77136aed0d330ea4696dee13d1075fc231574ee7552b0
default_502094,BP_ResourceNode564,limestone,Desc_Stone_C,pure,installed_world_default,CL-502094,1b6d2b740081eb56c0d77136aed0d330ea4696dee13d1075fc231574ee7552b0
default_502094,BP_ResourceNode565_8,iron,Desc_OreIron_C,pure,installed_world_default,CL-502094,1b6d2b740081eb56c0d77136aed0d330ea4696dee13d1075fc231574ee7552b0
default_502094,BP_ResourceNode566,bauxite,Desc_OreBauxite_C,impure,installed_world_default,CL-502094,1b6d2b740081eb56c0d77136aed0d330ea4696dee13d1075fc231574ee7552b0
default_502094,BP_ResourceNode567,iron,Desc_OreIron_C,pure,installed_world_default,CL-502094,1b6d2b740081eb56c0d77136aed0d330ea4696dee13d1075fc231574ee7552b0
default_502094,BP_ResourceNode568,bauxite,Desc_OreBauxite_C,pure,installed_world_default,CL-502094,1b6d2b740081eb56c0d77136aed0d330ea4696dee13d1075fc231574ee7552b0
default_502094,BP_ResourceNode569,iron,Desc_OreIron_C,impure,installed_world_default,CL-502094,1b6d2b740081eb56c0d77136aed0d330ea4696dee13d1075fc231574ee7552b0
default_502094,BP_ResourceNode570,caterium,Desc_OreGold_C,pure,installed_world_default,CL-502094,1b6d2b740081eb56c0d77136aed0d330ea4696dee13d1075fc231574ee7552b0
default_502094,BP_ResourceNode571,limestone,Desc_Stone_C,pure,installed_world_default,CL-502094,1b6d2b740081eb56c0d77136aed0d330ea4696dee13d1075fc231574ee7552b0
default_502094,BP_ResourceNode573_UAID_40B076DF2F795EE801_1339162695,coal,Desc_Coal_C,impure,installed_world_default,CL-502094,1b6d2b740081eb56c0d77136aed0d330ea4696dee13d1075fc231574ee7552b0
default_502094,BP_ResourceNode573_UAID_40B076DF2F796BE101_1963012602,coal,Desc_Coal_C,pure,installed_world_default,CL-502094,1b6d2b740081eb56c0d77136aed0d330ea4696dee13d1075fc231574ee7552b0
default_502094,BP_ResourceNode573_UAID_40B076DF2F796FE101_1569477308,coal,Desc_Coal_C,normal,installed_world_default,CL-502094,1b6d2b740081eb56c0d77136aed0d330ea4696dee13d1075fc231574ee7552b0
default_502094,BP_ResourceNode573_UAID_40B076DF2F7971E101_2069219665,coal,Desc_Coal_C,impure,installed_world_default,CL-502094,1b6d2b740081eb56c0d77136aed0d330ea4696dee13d1075fc231574ee7552b0
default_502094,BP_ResourceNode573_UAID_40B076DF2F7972E101_1083579843,coal,Desc_Coal_C,pure,installed_world_default,CL-502094,1b6d2b740081eb56c0d77136aed0d330ea4696dee13d1075fc231574ee7552b0
default_502094,BP_ResourceNode573_UAID_40B076DF2F7973E101_1125437021,coal,Desc_Coal_C,impure,installed_world_default,CL-502094,1b6d2b740081eb56c0d77136aed0d330ea4696dee13d1075fc231574ee7552b0
default_502094,BP_ResourceNode573_UAID_40B076DF2F7974E101_1439035199,coal,Desc_Coal_C,impure,installed_world_default,CL-502094,1b6d2b740081eb56c0d77136aed0d330ea4696dee13d1075fc231574ee7552b0
default_502094,BP_ResourceNode573_UAID_40B076DF2F7974E101_1674467201,coal,Desc_Coal_C,normal,installed_world_default,CL-502094,1b6d2b740081eb56c0d77136aed0d330ea4696dee13d1075fc231574ee7552b0
default_502094,BP_ResourceNode573_UAID_40B076DF2F797DE001_1807610722,coal,Desc_Coal_C,impure,installed_world_default,CL-502094,1b6d2b740081eb56c0d77136aed0d330ea4696dee13d1075fc231574ee7552b0
default_502094,BP_ResourceNode573_UAID_40B076DF2F7980E001_1705275252,coal,Desc_Coal_C,impure,installed_world_default,CL-502094,1b6d2b740081eb56c0d77136aed0d330ea4696dee13d1075fc231574ee7552b0
default_502094,BP_ResourceNode573_UAID_40B076DF2F7981E001_1464253430,coal,Desc_Coal_C,impure,installed_world_default,CL-502094,1b6d2b740081eb56c0d77136aed0d330ea4696dee13d1075fc231574ee7552b0
default_502094,BP_ResourceNode573_UAID_40B076DF2F7983E001_1088885785,coal,Desc_Coal_C,normal,installed_world_default,CL-502094,1b6d2b740081eb56c0d77136aed0d330ea4696dee13d1075fc231574ee7552b0
default_502094,BP_ResourceNode573_UAID_40B076DF2F7983E001_1840982787,coal,Desc_Coal_C,pure,installed_world_default,CL-502094,1b6d2b740081eb56c0d77136aed0d330ea4696dee13d1075fc231574ee7552b0
default_502094,BP_ResourceNode573_UAID_40B076DF2F7984E001_1384492965,coal,Desc_Coal_C,impure,installed_world_default,CL-502094,1b6d2b740081eb56c0d77136aed0d330ea4696dee13d1075fc231574ee7552b0
default_502094,BP_ResourceNode573_UAID_40B076DF2F7984E001_1664435967,coal,Desc_Coal_C,impure,installed_world_default,CL-502094,1b6d2b740081eb56c0d77136aed0d330ea4696dee13d1075fc231574ee7552b0
default_502094,BP_ResourceNode573_UAID_40B076DF2F79ACE101_1257410031,coal,Desc_Coal_C,normal,installed_world_default,CL-502094,1b6d2b740081eb56c0d77136aed0d330ea4696dee13d1075fc231574ee7552b0
default_502094,BP_ResourceNode574,caterium,Desc_OreGold_C,normal,installed_world_default,CL-502094,1b6d2b740081eb56c0d77136aed0d330ea4696dee13d1075fc231574ee7552b0
default_502094,BP_ResourceNode575,limestone,Desc_Stone_C,pure,installed_world_default,CL-502094,1b6d2b740081eb56c0d77136aed0d330ea4696dee13d1075fc231574ee7552b0
default_502094,BP_ResourceNode576,uranium,Desc_OreUranium_C,normal,installed_world_default,CL-502094,1b6d2b740081eb56c0d77136aed0d330ea4696dee13d1075fc231574ee7552b0
default_502094,BP_ResourceNode577,iron,Desc_OreIron_C,impure,installed_world_default,CL-502094,1b6d2b740081eb56c0d77136aed0d330ea4696dee13d1075fc231574ee7552b0
default_502094,BP_ResourceNode578,iron,Desc_OreIron_C,impure,installed_world_default,CL-502094,1b6d2b740081eb56c0d77136aed0d330ea4696dee13d1075fc231574ee7552b0
default_502094,BP_ResourceNode579,iron,Desc_OreIron_C,impure,installed_world_default,CL-502094,1b6d2b740081eb56c0d77136aed0d330ea4696dee13d1075fc231574ee7552b0
default_502094,BP_ResourceNode57_UAID_40B076DF2F7935DF01_1413169977,raw_quartz,Desc_RawQuartz_C,impure,installed_world_default,CL-502094,1b6d2b740081eb56c0d77136aed0d330ea4696dee13d1075fc231574ee7552b0
default_502094,BP_ResourceNode57_UAID_40B076DF2F7991DF01_1459615180,raw_quartz,Desc_RawQuartz_C,impure,installed_world_default,CL-502094,1b6d2b740081eb56c0d77136aed0d330ea4696dee13d1075fc231574ee7552b0
default_502094,BP_ResourceNode580,iron,Desc_OreIron_C,impure,installed_world_default,CL-502094,1b6d2b740081eb56c0d77136aed0d330ea4696dee13d1075fc231574ee7552b0
default_502094,BP_ResourceNode581,coal,Desc_Coal_C,normal,installed_world_default,CL-502094,1b6d2b740081eb56c0d77136aed0d330ea4696dee13d1075fc231574ee7552b0
default_502094,BP_ResourceNode582,sulfur,Desc_Sulfur_C,impure,installed_world_default,CL-502094,1b6d2b740081eb56c0d77136aed0d330ea4696dee13d1075fc231574ee7552b0
default_502094,BP_ResourceNode583_1,iron,Desc_OreIron_C,pure,installed_world_default,CL-502094,1b6d2b740081eb56c0d77136aed0d330ea4696dee13d1075fc231574ee7552b0
default_502094,BP_ResourceNode584,limestone,Desc_Stone_C,normal,installed_world_default,CL-502094,1b6d2b740081eb56c0d77136aed0d330ea4696dee13d1075fc231574ee7552b0
default_502094,BP_ResourceNode585,iron,Desc_OreIron_C,normal,installed_world_default,CL-502094,1b6d2b740081eb56c0d77136aed0d330ea4696dee13d1075fc231574ee7552b0
default_502094,BP_ResourceNode586,limestone,Desc_Stone_C,impure,installed_world_default,CL-502094,1b6d2b740081eb56c0d77136aed0d330ea4696dee13d1075fc231574ee7552b0
default_502094,BP_ResourceNode587,coal,Desc_Coal_C,pure,installed_world_default,CL-502094,1b6d2b740081eb56c0d77136aed0d330ea4696dee13d1075fc231574ee7552b0
default_502094,BP_ResourceNode588,raw_quartz,Desc_RawQuartz_C,pure,installed_world_default,CL-502094,1b6d2b740081eb56c0d77136aed0d330ea4696dee13d1075fc231574ee7552b0
default_502094,BP_ResourceNode588_UAID_40B076DF2F79CEDF01_1910960903,raw_quartz,Desc_RawQuartz_C,pure,installed_world_default,CL-502094,1b6d2b740081eb56c0d77136aed0d330ea4696dee13d1075fc231574ee7552b0
default_502094,BP_ResourceNode589,limestone,Desc_Stone_C,normal,installed_world_default,CL-502094,1b6d2b740081eb56c0d77136aed0d330ea4696dee13d1075fc231574ee7552b0
default_502094,BP_ResourceNode589_UAID_40B076DF2F79B1E101_1767545917,limestone,Desc_Stone_C,impure,installed_world_default,CL-502094,1b6d2b740081eb56c0d77136aed0d330ea4696dee13d1075fc231574ee7552b0
default_502094,BP_ResourceNode589_UAID_40B076DF2F79B2E101_1298360096,limestone,Desc_Stone_C,pure,installed_world_default,CL-502094,1b6d2b740081eb56c0d77136aed0d330ea4696dee13d1075fc231574ee7552b0
default_502094,BP_ResourceNode590,coal,Desc_Coal_C,pure,installed_world_default,CL-502094,1b6d2b740081eb56c0d77136aed0d330ea4696dee13d1075fc231574ee7552b0
default_502094,BP_ResourceNode591,iron,Desc_OreIron_C,impure,installed_world_default,CL-502094,1b6d2b740081eb56c0d77136aed0d330ea4696dee13d1075fc231574ee7552b0
default_502094,BP_ResourceNode592,iron,Desc_OreIron_C,impure,installed_world_default,CL-502094,1b6d2b740081eb56c0d77136aed0d330ea4696dee13d1075fc231574ee7552b0
default_502094,BP_ResourceNode593,copper,Desc_OreCopper_C,normal,installed_world_default,CL-502094,1b6d2b740081eb56c0d77136aed0d330ea4696dee13d1075fc231574ee7552b0
default_502094,BP_ResourceNode594,coal,Desc_Coal_C,normal,installed_world_default,CL-502094,1b6d2b740081eb56c0d77136aed0d330ea4696dee13d1075fc231574ee7552b0
default_502094,BP_ResourceNode595,bauxite,Desc_OreBauxite_C,pure,installed_world_default,CL-502094,1b6d2b740081eb56c0d77136aed0d330ea4696dee13d1075fc231574ee7552b0
default_502094,BP_ResourceNode596,bauxite,Desc_OreBauxite_C,pure,installed_world_default,CL-502094,1b6d2b740081eb56c0d77136aed0d330ea4696dee13d1075fc231574ee7552b0
default_502094,BP_ResourceNode597,bauxite,Desc_OreBauxite_C,normal,installed_world_default,CL-502094,1b6d2b740081eb56c0d77136aed0d330ea4696dee13d1075fc231574ee7552b0
default_502094,BP_ResourceNode598_0,uranium,Desc_OreUranium_C,normal,installed_world_default,CL-502094,1b6d2b740081eb56c0d77136aed0d330ea4696dee13d1075fc231574ee7552b0
default_502094,BP_ResourceNode599,coal,Desc_Coal_C,pure,installed_world_default,CL-502094,1b6d2b740081eb56c0d77136aed0d330ea4696dee13d1075fc231574ee7552b0
default_502094,BP_ResourceNode59_755,limestone,Desc_Stone_C,normal,installed_world_default,CL-502094,1b6d2b740081eb56c0d77136aed0d330ea4696dee13d1075fc231574ee7552b0
default_502094,BP_ResourceNode5_381,coal,Desc_Coal_C,normal,installed_world_default,CL-502094,1b6d2b740081eb56c0d77136aed0d330ea4696dee13d1075fc231574ee7552b0
default_502094,BP_ResourceNode600,coal,Desc_Coal_C,normal,installed_world_default,CL-502094,1b6d2b740081eb56c0d77136aed0d330ea4696dee13d1075fc231574ee7552b0
default_502094,BP_ResourceNode601,coal,Desc_Coal_C,normal,installed_world_default,CL-502094,1b6d2b740081eb56c0d77136aed0d330ea4696dee13d1075fc231574ee7552b0
default_502094,BP_ResourceNode602,coal,Desc_Coal_C,normal,installed_world_default,CL-502094,1b6d2b740081eb56c0d77136aed0d330ea4696dee13d1075fc231574ee7552b0
default_502094,BP_ResourceNode603,coal,Desc_Coal_C,normal,installed_world_default,CL-502094,1b6d2b740081eb56c0d77136aed0d330ea4696dee13d1075fc231574ee7552b0
default_502094,BP_ResourceNode604,coal,Desc_Coal_C,impure,installed_world_default,CL-502094,1b6d2b740081eb56c0d77136aed0d330ea4696dee13d1075fc231574ee7552b0
default_502094,BP_ResourceNode605,coal,Desc_Coal_C,pure,installed_world_default,CL-502094,1b6d2b740081eb56c0d77136aed0d330ea4696dee13d1075fc231574ee7552b0
default_502094,BP_ResourceNode606,coal,Desc_Coal_C,normal,installed_world_default,CL-502094,1b6d2b740081eb56c0d77136aed0d330ea4696dee13d1075fc231574ee7552b0
default_502094,BP_ResourceNode607,sam,Desc_SAM_C,impure,installed_world_default,CL-502094,1b6d2b740081eb56c0d77136aed0d330ea4696dee13d1075fc231574ee7552b0
default_502094,BP_ResourceNode609,coal,Desc_Coal_C,normal,installed_world_default,CL-502094,1b6d2b740081eb56c0d77136aed0d330ea4696dee13d1075fc231574ee7552b0
default_502094,BP_ResourceNode60_984,limestone,Desc_Stone_C,normal,installed_world_default,CL-502094,1b6d2b740081eb56c0d77136aed0d330ea4696dee13d1075fc231574ee7552b0
default_502094,BP_ResourceNode610,coal,Desc_Coal_C,pure,installed_world_default,CL-502094,1b6d2b740081eb56c0d77136aed0d330ea4696dee13d1075fc231574ee7552b0
default_502094,BP_ResourceNode611,coal,Desc_Coal_C,impure,installed_world_default,CL-502094,1b6d2b740081eb56c0d77136aed0d330ea4696dee13d1075fc231574ee7552b0
default_502094,BP_ResourceNode612,coal,Desc_Coal_C,impure,installed_world_default,CL-502094,1b6d2b740081eb56c0d77136aed0d330ea4696dee13d1075fc231574ee7552b0
default_502094,BP_ResourceNode613,sulfur,Desc_Sulfur_C,normal,installed_world_default,CL-502094,1b6d2b740081eb56c0d77136aed0d330ea4696dee13d1075fc231574ee7552b0
default_502094,BP_ResourceNode614,coal,Desc_Coal_C,pure,installed_world_default,CL-502094,1b6d2b740081eb56c0d77136aed0d330ea4696dee13d1075fc231574ee7552b0
default_502094,BP_ResourceNode615,coal,Desc_Coal_C,normal,installed_world_default,CL-502094,1b6d2b740081eb56c0d77136aed0d330ea4696dee13d1075fc231574ee7552b0
default_502094,BP_ResourceNode616,coal,Desc_Coal_C,normal,installed_world_default,CL-502094,1b6d2b740081eb56c0d77136aed0d330ea4696dee13d1075fc231574ee7552b0
default_502094,BP_ResourceNode617,coal,Desc_Coal_C,normal,installed_world_default,CL-502094,1b6d2b740081eb56c0d77136aed0d330ea4696dee13d1075fc231574ee7552b0
default_502094,BP_ResourceNode618,coal,Desc_Coal_C,normal,installed_world_default,CL-502094,1b6d2b740081eb56c0d77136aed0d330ea4696dee13d1075fc231574ee7552b0
default_502094,BP_ResourceNode619,coal,Desc_Coal_C,normal,installed_world_default,CL-502094,1b6d2b740081eb56c0d77136aed0d330ea4696dee13d1075fc231574ee7552b0
default_502094,BP_ResourceNode62,limestone,Desc_Stone_C,pure,installed_world_default,CL-502094,1b6d2b740081eb56c0d77136aed0d330ea4696dee13d1075fc231574ee7552b0
default_502094,BP_ResourceNode620,coal,Desc_Coal_C,impure,installed_world_default,CL-502094,1b6d2b740081eb56c0d77136aed0d330ea4696dee13d1075fc231574ee7552b0
default_502094,BP_ResourceNode621,coal,Desc_Coal_C,impure,installed_world_default,CL-502094,1b6d2b740081eb56c0d77136aed0d330ea4696dee13d1075fc231574ee7552b0
default_502094,BP_ResourceNode622,coal,Desc_Coal_C,impure,installed_world_default,CL-502094,1b6d2b740081eb56c0d77136aed0d330ea4696dee13d1075fc231574ee7552b0
default_502094,BP_ResourceNode623,coal,Desc_Coal_C,pure,installed_world_default,CL-502094,1b6d2b740081eb56c0d77136aed0d330ea4696dee13d1075fc231574ee7552b0
default_502094,BP_ResourceNode624,sulfur,Desc_Sulfur_C,pure,installed_world_default,CL-502094,1b6d2b740081eb56c0d77136aed0d330ea4696dee13d1075fc231574ee7552b0
default_502094,BP_ResourceNode632,uranium,Desc_OreUranium_C,impure,installed_world_default,CL-502094,1b6d2b740081eb56c0d77136aed0d330ea4696dee13d1075fc231574ee7552b0
default_502094,BP_ResourceNode633,bauxite,Desc_OreBauxite_C,normal,installed_world_default,CL-502094,1b6d2b740081eb56c0d77136aed0d330ea4696dee13d1075fc231574ee7552b0
default_502094,BP_ResourceNode634,bauxite,Desc_OreBauxite_C,pure,installed_world_default,CL-502094,1b6d2b740081eb56c0d77136aed0d330ea4696dee13d1075fc231574ee7552b0
default_502094,BP_ResourceNode635,bauxite,Desc_OreBauxite_C,impure,installed_world_default,CL-502094,1b6d2b740081eb56c0d77136aed0d330ea4696dee13d1075fc231574ee7552b0
default_502094,BP_ResourceNode636,bauxite,Desc_OreBauxite_C,impure,installed_world_default,CL-502094,1b6d2b740081eb56c0d77136aed0d330ea4696dee13d1075fc231574ee7552b0
default_502094,BP_ResourceNode65_1865,iron,Desc_OreIron_C,pure,installed_world_default,CL-502094,1b6d2b740081eb56c0d77136aed0d330ea4696dee13d1075fc231574ee7552b0
default_502094,BP_ResourceNode66,iron,Desc_OreIron_C,normal,installed_world_default,CL-502094,1b6d2b740081eb56c0d77136aed0d330ea4696dee13d1075fc231574ee7552b0
default_502094,BP_ResourceNode67_2193,limestone,Desc_Stone_C,normal,installed_world_default,CL-502094,1b6d2b740081eb56c0d77136aed0d330ea4696dee13d1075fc231574ee7552b0
default_502094,BP_ResourceNode68_2514,copper,Desc_OreCopper_C,normal,installed_world_default,CL-502094,1b6d2b740081eb56c0d77136aed0d330ea4696dee13d1075fc231574ee7552b0
default_502094,BP_ResourceNode69_UAID_A036BCACDEB0A7A601_1261875850,limestone,Desc_Stone_C,pure,installed_world_default,CL-502094,1b6d2b740081eb56c0d77136aed0d330ea4696dee13d1075fc231574ee7552b0
default_502094,BP_ResourceNode6_379,coal,Desc_Coal_C,normal,installed_world_default,CL-502094,1b6d2b740081eb56c0d77136aed0d330ea4696dee13d1075fc231574ee7552b0
default_502094,BP_ResourceNode70_3132,caterium,Desc_OreGold_C,pure,installed_world_default,CL-502094,1b6d2b740081eb56c0d77136aed0d330ea4696dee13d1075fc231574ee7552b0
default_502094,BP_ResourceNode71_736,sulfur,Desc_Sulfur_C,normal,installed_world_default,CL-502094,1b6d2b740081eb56c0d77136aed0d330ea4696dee13d1075fc231574ee7552b0
default_502094,BP_ResourceNode71_UAID_40B076DF2F7912DC01_2042985647,sulfur,Desc_Sulfur_C,pure,installed_world_default,CL-502094,1b6d2b740081eb56c0d77136aed0d330ea4696dee13d1075fc231574ee7552b0
default_502094,BP_ResourceNode71_UAID_40B076DF2F7923DB01_2085455593,sulfur,Desc_Sulfur_C,pure,installed_world_default,CL-502094,1b6d2b740081eb56c0d77136aed0d330ea4696dee13d1075fc231574ee7552b0
default_502094,BP_ResourceNode71_UAID_40B076DF2F7924DB01_1576108771,sulfur,Desc_Sulfur_C,pure,installed_world_default,CL-502094,1b6d2b740081eb56c0d77136aed0d330ea4696dee13d1075fc231574ee7552b0
default_502094,BP_ResourceNode71_UAID_40B076DF2F7925DB01_1453678949,sulfur,Desc_Sulfur_C,impure,installed_world_default,CL-502094,1b6d2b740081eb56c0d77136aed0d330ea4696dee13d1075fc231574ee7552b0
default_502094,BP_ResourceNode71_UAID_40B076DF2F7929DB01_1177072656,sulfur,Desc_Sulfur_C,normal,installed_world_default,CL-502094,1b6d2b740081eb56c0d77136aed0d330ea4696dee13d1075fc231574ee7552b0
default_502094,BP_ResourceNode71_UAID_40B076DF2F797CDB01_1695622247,sulfur,Desc_Sulfur_C,pure,installed_world_default,CL-502094,1b6d2b740081eb56c0d77136aed0d330ea4696dee13d1075fc231574ee7552b0
default_502094,BP_ResourceNode71_UAID_40B076DF2F79B9DB01_1490254983,sulfur,Desc_Sulfur_C,normal,installed_world_default,CL-502094,1b6d2b740081eb56c0d77136aed0d330ea4696dee13d1075fc231574ee7552b0
default_502094,BP_ResourceNode72_998,caterium,Desc_OreGold_C,pure,installed_world_default,CL-502094,1b6d2b740081eb56c0d77136aed0d330ea4696dee13d1075fc231574ee7552b0
default_502094,BP_ResourceNode73_6071,iron,Desc_OreIron_C,normal,installed_world_default,CL-502094,1b6d2b740081eb56c0d77136aed0d330ea4696dee13d1075fc231574ee7552b0
default_502094,BP_ResourceNode74,iron,Desc_OreIron_C,normal,installed_world_default,CL-502094,1b6d2b740081eb56c0d77136aed0d330ea4696dee13d1075fc231574ee7552b0
default_502094,BP_ResourceNode75_6425,copper,Desc_OreCopper_C,impure,installed_world_default,CL-502094,1b6d2b740081eb56c0d77136aed0d330ea4696dee13d1075fc231574ee7552b0
default_502094,BP_ResourceNode76,iron,Desc_OreIron_C,pure,installed_world_default,CL-502094,1b6d2b740081eb56c0d77136aed0d330ea4696dee13d1075fc231574ee7552b0
default_502094,BP_ResourceNode77,limestone,Desc_Stone_C,normal,installed_world_default,CL-502094,1b6d2b740081eb56c0d77136aed0d330ea4696dee13d1075fc231574ee7552b0
default_502094,BP_ResourceNode78_1097,sam,Desc_SAM_C,normal,installed_world_default,CL-502094,1b6d2b740081eb56c0d77136aed0d330ea4696dee13d1075fc231574ee7552b0
default_502094,BP_ResourceNode7_380,coal,Desc_Coal_C,normal,installed_world_default,CL-502094,1b6d2b740081eb56c0d77136aed0d330ea4696dee13d1075fc231574ee7552b0
default_502094,BP_ResourceNode80,iron,Desc_OreIron_C,pure,installed_world_default,CL-502094,1b6d2b740081eb56c0d77136aed0d330ea4696dee13d1075fc231574ee7552b0
default_502094,BP_ResourceNode81,iron,Desc_OreIron_C,pure,installed_world_default,CL-502094,1b6d2b740081eb56c0d77136aed0d330ea4696dee13d1075fc231574ee7552b0
default_502094,BP_ResourceNode82,iron,Desc_OreIron_C,pure,installed_world_default,CL-502094,1b6d2b740081eb56c0d77136aed0d330ea4696dee13d1075fc231574ee7552b0
default_502094,BP_ResourceNode83,copper,Desc_OreCopper_C,pure,installed_world_default,CL-502094,1b6d2b740081eb56c0d77136aed0d330ea4696dee13d1075fc231574ee7552b0
default_502094,BP_ResourceNode83_UAID_40B076DF2F79FBE101_1618730935,copper,Desc_OreCopper_C,impure,installed_world_default,CL-502094,1b6d2b740081eb56c0d77136aed0d330ea4696dee13d1075fc231574ee7552b0
default_502094,BP_ResourceNode83_UAID_40B076DF2F79FFE101_1122581639,copper,Desc_OreCopper_C,impure,installed_world_default,CL-502094,1b6d2b740081eb56c0d77136aed0d330ea4696dee13d1075fc231574ee7552b0
default_502094,BP_ResourceNode84,limestone,Desc_Stone_C,pure,installed_world_default,CL-502094,1b6d2b740081eb56c0d77136aed0d330ea4696dee13d1075fc231574ee7552b0
default_502094,BP_ResourceNode85,limestone,Desc_Stone_C,pure,installed_world_default,CL-502094,1b6d2b740081eb56c0d77136aed0d330ea4696dee13d1075fc231574ee7552b0
default_502094,BP_ResourceNode86,crude_oil,Desc_LiquidOil_C,normal,installed_world_default,CL-502094,1b6d2b740081eb56c0d77136aed0d330ea4696dee13d1075fc231574ee7552b0
default_502094,BP_ResourceNode87,crude_oil,Desc_LiquidOil_C,pure,installed_world_default,CL-502094,1b6d2b740081eb56c0d77136aed0d330ea4696dee13d1075fc231574ee7552b0
default_502094,BP_ResourceNode88,crude_oil,Desc_LiquidOil_C,normal,installed_world_default,CL-502094,1b6d2b740081eb56c0d77136aed0d330ea4696dee13d1075fc231574ee7552b0
default_502094,BP_ResourceNode89,crude_oil,Desc_LiquidOil_C,pure,installed_world_default,CL-502094,1b6d2b740081eb56c0d77136aed0d330ea4696dee13d1075fc231574ee7552b0
default_502094,BP_ResourceNode90_482,iron,Desc_OreIron_C,normal,installed_world_default,CL-502094,1b6d2b740081eb56c0d77136aed0d330ea4696dee13d1075fc231574ee7552b0
default_502094,BP_ResourceNode91_785,copper,Desc_OreCopper_C,normal,installed_world_default,CL-502094,1b6d2b740081eb56c0d77136aed0d330ea4696dee13d1075fc231574ee7552b0
default_502094,BP_ResourceNode92,copper,Desc_OreCopper_C,normal,installed_world_default,CL-502094,1b6d2b740081eb56c0d77136aed0d330ea4696dee13d1075fc231574ee7552b0
default_502094,BP_ResourceNode93_5,limestone,Desc_Stone_C,pure,installed_world_default,CL-502094,1b6d2b740081eb56c0d77136aed0d330ea4696dee13d1075fc231574ee7552b0
default_502094,BP_ResourceNode94_406,copper,Desc_OreCopper_C,normal,installed_world_default,CL-502094,1b6d2b740081eb56c0d77136aed0d330ea4696dee13d1075fc231574ee7552b0
default_502094,BP_ResourceNode95_579,iron,Desc_OreIron_C,pure,installed_world_default,CL-502094,1b6d2b740081eb56c0d77136aed0d330ea4696dee13d1075fc231574ee7552b0
default_502094,BP_ResourceNode96_886,limestone,Desc_Stone_C,normal,installed_world_default,CL-502094,1b6d2b740081eb56c0d77136aed0d330ea4696dee13d1075fc231574ee7552b0
default_502094,BP_ResourceNode97_1,limestone,Desc_Stone_C,normal,installed_world_default,CL-502094,1b6d2b740081eb56c0d77136aed0d330ea4696dee13d1075fc231574ee7552b0
default_502094,BP_ResourceNode98,crude_oil,Desc_LiquidOil_C,impure,installed_world_default,CL-502094,1b6d2b740081eb56c0d77136aed0d330ea4696dee13d1075fc231574ee7552b0
default_502094,BP_ResourceNode99,sam,Desc_SAM_C,impure,installed_world_default,CL-502094,1b6d2b740081eb56c0d77136aed0d330ea4696dee13d1075fc231574ee7552b0
default_502094,BP_ResourceNodeGeyser10_3650,geothermal_geyser,,impure,installed_world_default,CL-502094,1b6d2b740081eb56c0d77136aed0d330ea4696dee13d1075fc231574ee7552b0
default_502094,BP_ResourceNodeGeyser11_3803,geothermal_geyser,,normal,installed_world_default,CL-502094,1b6d2b740081eb56c0d77136aed0d330ea4696dee13d1075fc231574ee7552b0
default_502094,BP_ResourceNodeGeyser12_3894,geothermal_geyser,,normal,installed_world_default,CL-502094,1b6d2b740081eb56c0d77136aed0d330ea4696dee13d1075fc231574ee7552b0
default_502094,BP_ResourceNodeGeyser13_3999,geothermal_geyser,,pure,installed_world_default,CL-502094,1b6d2b740081eb56c0d77136aed0d330ea4696dee13d1075fc231574ee7552b0
default_502094,BP_ResourceNodeGeyser14,geothermal_geyser,,pure,installed_world_default,CL-502094,1b6d2b740081eb56c0d77136aed0d330ea4696dee13d1075fc231574ee7552b0
default_502094,BP_ResourceNodeGeyser15,geothermal_geyser,,pure,installed_world_default,CL-502094,1b6d2b740081eb56c0d77136aed0d330ea4696dee13d1075fc231574ee7552b0
default_502094,BP_ResourceNodeGeyser18,geothermal_geyser,,normal,installed_world_default,CL-502094,1b6d2b740081eb56c0d77136aed0d330ea4696dee13d1075fc231574ee7552b0
default_502094,BP_ResourceNodeGeyser19,geothermal_geyser,,normal,installed_world_default,CL-502094,1b6d2b740081eb56c0d77136aed0d330ea4696dee13d1075fc231574ee7552b0
default_502094,BP_ResourceNodeGeyser2_581,geothermal_geyser,,normal,installed_world_default,CL-502094,1b6d2b740081eb56c0d77136aed0d330ea4696dee13d1075fc231574ee7552b0
default_502094,BP_ResourceNodeGeyser4_1615,geothermal_geyser,,normal,installed_world_default,CL-502094,1b6d2b740081eb56c0d77136aed0d330ea4696dee13d1075fc231574ee7552b0
default_502094,BP_ResourceNodeGeyser7_2873,geothermal_geyser,,impure,installed_world_default,CL-502094,1b6d2b740081eb56c0d77136aed0d330ea4696dee13d1075fc231574ee7552b0
default_502094,BP_ResourceNodeGeyser8,geothermal_geyser,,normal,installed_world_default,CL-502094,1b6d2b740081eb56c0d77136aed0d330ea4696dee13d1075fc231574ee7552b0
default_502094,BP_ResourceNodeGeyser9_3239,geothermal_geyser,,impure,installed_world_default,CL-502094,1b6d2b740081eb56c0d77136aed0d330ea4696dee13d1075fc231574ee7552b0
default_502094,BP_ResourceNodeGeyser_76,geothermal_geyser,,impure,installed_world_default,CL-502094,1b6d2b740081eb56c0d77136aed0d330ea4696dee13d1075fc231574ee7552b0
default_502094,BP_ResourceNodeGeyser_C_UAID_40B076DF2F792DE001_1228687627,geothermal_geyser,,impure,installed_world_default,CL-502094,1b6d2b740081eb56c0d77136aed0d330ea4696dee13d1075fc231574ee7552b0
default_502094,BP_ResourceNodeGeyser_C_UAID_40B076DF2F792EE001_1257671809,geothermal_geyser,,normal,installed_world_default,CL-502094,1b6d2b740081eb56c0d77136aed0d330ea4696dee13d1075fc231574ee7552b0
default_502094,BP_ResourceNodeGeyser_C_UAID_40B076DF2F792FE001_1083532997,geothermal_geyser,,normal,installed_world_default,CL-502094,1b6d2b740081eb56c0d77136aed0d330ea4696dee13d1075fc231574ee7552b0
default_502094,BP_ResourceNodeGeyser_C_UAID_40B076DF2F7967E001_1786196831,geothermal_geyser,,normal,installed_world_default,CL-502094,1b6d2b740081eb56c0d77136aed0d330ea4696dee13d1075fc231574ee7552b0
default_502094,BP_ResourceNodeGeyser_C_UAID_40B076DF2F796AE001_1661824368,geothermal_geyser,,normal,installed_world_default,CL-502094,1b6d2b740081eb56c0d77136aed0d330ea4696dee13d1075fc231574ee7552b0
default_502094,BP_ResourceNodeGeyser_C_UAID_40B076DF2F796AE001_1928280369,geothermal_geyser,,normal,installed_world_default,CL-502094,1b6d2b740081eb56c0d77136aed0d330ea4696dee13d1075fc231574ee7552b0
default_502094,BP_ResourceNodeGeyser_C_UAID_40B076DF2F796CE001_1156904726,geothermal_geyser,,pure,installed_world_default,CL-502094,1b6d2b740081eb56c0d77136aed0d330ea4696dee13d1075fc231574ee7552b0
default_502094,BP_ResourceNodeGeyser_C_UAID_40B076DF2F796DE001_2106907903,geothermal_geyser,,pure,installed_world_default,CL-502094,1b6d2b740081eb56c0d77136aed0d330ea4696dee13d1075fc231574ee7552b0
default_502094,BP_ResourceNodeGeyser_C_UAID_40B076DF2F796EE001_1440606080,geothermal_geyser,,pure,installed_world_default,CL-502094,1b6d2b740081eb56c0d77136aed0d330ea4696dee13d1075fc231574ee7552b0
default_502094,BP_ResourceNodeGeyser_C_UAID_40B076DF2F796FE001_1768243264,geothermal_geyser,,impure,installed_world_default,CL-502094,1b6d2b740081eb56c0d77136aed0d330ea4696dee13d1075fc231574ee7552b0
default_502094,BP_ResourceNodeGeyser_C_UAID_40B076DF2F7974E001_1257931119,geothermal_geyser,,normal,installed_world_default,CL-502094,1b6d2b740081eb56c0d77136aed0d330ea4696dee13d1075fc231574ee7552b0
default_502094,BP_ResourceNodeGeyser_C_UAID_40B076DF2F7975E001_2124245305,geothermal_geyser,,pure,installed_world_default,CL-502094,1b6d2b740081eb56c0d77136aed0d330ea4696dee13d1075fc231574ee7552b0
default_502094,BP_ResourceNodeGeyser_C_UAID_40B076DF2F797AE001_1940806190,geothermal_geyser,,impure,installed_world_default,CL-502094,1b6d2b740081eb56c0d77136aed0d330ea4696dee13d1075fc231574ee7552b0
default_502094,BP_ResourceNodeGeyser_C_UAID_40B076DF2F797AE001_2137062191,geothermal_geyser,,impure,installed_world_default,CL-502094,1b6d2b740081eb56c0d77136aed0d330ea4696dee13d1075fc231574ee7552b0
default_502094,BP_ResourceNodeGeyser_C_UAID_40B076DF2F79ADDD01_1447318011,geothermal_geyser,,pure,installed_world_default,CL-502094,1b6d2b740081eb56c0d77136aed0d330ea4696dee13d1075fc231574ee7552b0
default_502094,BP_ResourceNodeGeyser_C_UAID_40B076DF2F79ADDD01_1602669012,geothermal_geyser,,pure,installed_world_default,CL-502094,1b6d2b740081eb56c0d77136aed0d330ea4696dee13d1075fc231574ee7552b0
default_502094,BP_ResourceNodeGeyser_C_UAID_40B076DF2F79C7DB01_1750096454,geothermal_geyser,,impure,installed_world_default,CL-502094,1b6d2b740081eb56c0d77136aed0d330ea4696dee13d1075fc231574ee7552b0
default_502094,BP_ResourceNode_700,coal,Desc_Coal_C,pure,installed_world_default,CL-502094,1b6d2b740081eb56c0d77136aed0d330ea4696dee13d1075fc231574ee7552b0
default_502094,BP_ResourceNode_C_UAID_40B076DF2F794DE201_1841969367,copper,Desc_OreCopper_C,impure,installed_world_default,CL-502094,1b6d2b740081eb56c0d77136aed0d330ea4696dee13d1075fc231574ee7552b0
default_502094,BP_ResourceNode_C_UAID_40B076DF2F794FE201_2126930721,copper,Desc_OreCopper_C,impure,installed_world_default,CL-502094,1b6d2b740081eb56c0d77136aed0d330ea4696dee13d1075fc231574ee7552b0
default_502094,BP_ResourceNode_C_UAID_A036BCACDEB0A6A601_2086848673,copper,Desc_OreCopper_C,pure,installed_world_default,CL-502094,1b6d2b740081eb56c0d77136aed0d330ea4696dee13d1075fc231574ee7552b0
