recipe_id,display_name,building_class,building_display_name,produced_amount,ingredient_count,gameplay_tags,full_name,game_build_id,source_id
Recipe_AlienPowerBuilding_C,Alien Power Augmenter,Desc_AlienPowerBuilding_C,,1,6,(),BlueprintGeneratedClass /Game/FactoryGame/Recipes/Buildings/Recipe_AlienPowerBuilding.Recipe_AlienPowerBuilding_C,docs_a81d250e96aa,local_game_docs_en_us
Recipe_AssemblerMk1_C,Assembler,Desc_AssemblerMk1_C,,1,3,(),BlueprintGeneratedClass /Game/FactoryGame/Recipes/Buildings/Recipe_AssemblerMk1.Recipe_AssemblerMk1_C,docs_a81d250e96aa,local_game_docs_en_us
Recipe_Barrier_Corner_C,Corner Road Barrier,Desc_Barrier_Corner_C,,1,1,(),BlueprintGeneratedClass /Game/FactoryGame/Recipes/Buildings/Fence/Recipe_Barrier_Corner.Recipe_Barrier_Corner_C,docs_a81d250e96aa,local_game_docs_en_us
Recipe_Barrier_Low_01_C,Low Barrier,Desc_Barrier_Low_01_C,,1,2,(),BlueprintGeneratedClass /Game/FactoryGame/Recipes/Buildings/Fence/Recipe_Barrier_Low_01.Recipe_Barrier_Low_01_C,docs_a81d250e96aa,local_game_docs_en_us
Recipe_Barrier_Tall_01_C,High Barrier,Desc_Barrier_Tall_01_C,,1,2,(),BlueprintGeneratedClass /Game/FactoryGame/Recipes/Buildings/Fence/Recipe_Barrier_Tall_01.Recipe_Barrier_Tall_01_C,docs_a81d250e96aa,local_game_docs_en_us
Recipe_Beam_C,Metal Beam,Desc_Beam_C,,1,1,(),BlueprintGeneratedClass /Game/FactoryGame/Prototype/Buildable/Beams/Recipe_Beam.Recipe_Beam_C,docs_a81d250e96aa,local_game_docs_en_us
Recipe_Beam_Cable_C,Braided Cable,Desc_Beam_Cable_C,,1,1,(),BlueprintGeneratedClass /Game/FactoryGame/Prototype/Buildable/Beams/Recipe_Beam_Cable.Recipe_Beam_Cable_C,docs_a81d250e96aa,local_game_docs_en_us
Recipe_Beam_Cable_Cluster_C,Braided Cable Cluster,Desc_Beam_Cable_Cluster_C,,1,1,(),BlueprintGeneratedClass /Game/FactoryGame/Prototype/Buildable/Beams/Recipe_Beam_Cable_Cluster.Recipe_Beam_Cable_Cluster_C,docs_a81d250e96aa,local_game_docs_en_us
Recipe_Beam_Concrete_C,Round Concrete Beam,Desc_Beam_Concrete_C,,1,1,(),BlueprintGeneratedClass /Game/FactoryGame/Prototype/Buildable/Beams/Recipe_Beam_Concrete.Recipe_Beam_Concrete_C,docs_a81d250e96aa,local_game_docs_en_us
Recipe_Beam_Connector_C,Beam Connector,Desc_Beam_Connector_C,,1,1,(),BlueprintGeneratedClass /Game/FactoryGame/Prototype/Buildable/Beams/Recipe_Beam_Connector.Recipe_Beam_Connector_C,docs_a81d250e96aa,local_game_docs_en_us
Recipe_Beam_Connector_Double_C,Double Beam Connector,Desc_Beam_Connector_Double_C,,1,1,(),BlueprintGeneratedClass /Game/FactoryGame/Prototype/Buildable/Beams/Recipe_Beam_Connector_Double.Recipe_Beam_Connector_Double_C,docs_a81d250e96aa,local_game_docs_en_us
Recipe_Beam_Cross_C,Cross Beam,Desc_Beam_Cross_C,,1,1,(),BlueprintGeneratedClass /Game/FactoryGame/Prototype/Buildable/Beams/Recipe_Beam_Cross.Recipe_Beam_Cross_C,docs_a81d250e96aa,local_game_docs_en_us
Recipe_Beam_H_C,H-Beam,Desc_Beam_H_C,,1,1,(),BlueprintGeneratedClass /Game/FactoryGame/Prototype/Buildable/Beams/Recipe_Beam_H.Recipe_Beam_H_C,docs_a81d250e96aa,local_game_docs_en_us
Recipe_Beam_Painted_C,Painted Beam,Desc_Beam_Painted_C,,1,1,(),BlueprintGeneratedClass /Game/FactoryGame/Prototype/Buildable/Beams/Recipe_Beam_Painted.Recipe_Beam_Painted_C,docs_a81d250e96aa,local_game_docs_en_us
Recipe_Beam_Shelf_C,Shelf Beam,Desc_Beam_Shelf_C,,1,1,(),BlueprintGeneratedClass /Game/FactoryGame/Prototype/Buildable/Beams/Recipe_Beam_Shelf.Recipe_Beam_Shelf_C,docs_a81d250e96aa,local_game_docs_en_us
Recipe_Beam_Support_C,Beam Support,Desc_Beam_Support_C,,1,1,(),BlueprintGeneratedClass /Game/FactoryGame/Prototype/Buildable/Beams/Recipe_Beam_Support.Recipe_Beam_Support_C,docs_a81d250e96aa,local_game_docs_en_us
Recipe_BigGarageDoor_16x8_C,Roll-Up Gate,Desc_BigGarageDoor_16x8_C,,1,2,(),BlueprintGeneratedClass /Game/FactoryGame/Buildable/Building/Doors/Recipe_BigGarageDoor_16x8.Recipe_BigGarageDoor_16x8_C,docs_a81d250e96aa,local_game_docs_en_us
Recipe_BigGarageDoor_16x8_Concrete_C,Roll-Up Gate,Desc_BigGarageDoor_16x8_Concrete_C,,1,1,(),BlueprintGeneratedClass /Game/FactoryGame/Buildable/Building/Doors/Recipe_BigGarageDoor_16x8_Concrete.Recipe_BigGarageDoor_16x8_Concrete_C,docs_a81d250e96aa,local_game_docs_en_us
Recipe_BigGarageDoor_16x8_Steel_C,Roll-Up Gate,Desc_BigGarageDoor_16x8_Steel_C,,1,2,(),BlueprintGeneratedClass /Game/FactoryGame/Buildable/Building/Doors/Recipe_BigGarageDoor_16x8_Steel.Recipe_BigGarageDoor_16x8_Steel_C,docs_a81d250e96aa,local_game_docs_en_us
Recipe_Blender_C,Blender,Desc_Blender_C,,1,4,(),BlueprintGeneratedClass /Game/FactoryGame/Recipes/Buildings/Recipe_Blender.Recipe_Blender_C,docs_a81d250e96aa,local_game_docs_en_us
Recipe_BlueprintDesigner_C,Blueprint Designer Mk.1,Desc_BlueprintDesigner_C,,1,4,(),BlueprintGeneratedClass /Game/FactoryGame/Recipes/Buildings/Recipe_BlueprintDesigner.Recipe_BlueprintDesigner_C,docs_a81d250e96aa,local_game_docs_en_us
Recipe_BlueprintDesigner_Mk2_C,Blueprint Designer Mk.2,Desc_BlueprintDesigner_MK2_C,,1,4,(),BlueprintGeneratedClass /Game/FactoryGame/Recipes/Buildings/Recipe_BlueprintDesigner_Mk2.Recipe_BlueprintDesigner_Mk2_C,docs_a81d250e96aa,local_game_docs_en_us
Recipe_BlueprintDesigner_Mk3_C,Blueprint Designer Mk.3,Desc_BlueprintDesigner_MK3_C,,1,4,(),BlueprintGeneratedClass /Game/FactoryGame/Recipes/Buildings/Recipe_BlueprintDesigner_Mk3.Recipe_BlueprintDesigner_Mk3_C,docs_a81d250e96aa,local_game_docs_en_us
Recipe_CandyCaneDecor_C,FICSMAS Candy Cane,Desc_CandyCaneDecor_C,,1,2,(),BlueprintGeneratedClass /Game/FactoryGame/Events/Christmas/Buildings/CandyCaneDecor/Recipe_CandyCaneDecor.Recipe_CandyCaneDecor_C,docs_a81d250e96aa,local_game_docs_en_us
Recipe_Catwalk_Cross_C,Catwalk Intersection,Desc_CatwalkCross_C,,1,2,(),BlueprintGeneratedClass /Game/FactoryGame/Recipes/Buildings/Catwalks/Recipe_Catwalk_Cross.Recipe_Catwalk_Cross_C,docs_a81d250e96aa,local_game_docs_en_us
Recipe_Catwalk_Ramp_C,Catwalk Ramp,Desc_CatwalkRamp_C,,1,2,(),BlueprintGeneratedClass /Game/FactoryGame/Recipes/Buildings/Catwalks/Recipe_Catwalk_Ramp.Recipe_Catwalk_Ramp_C,docs_a81d250e96aa,local_game_docs_en_us
Recipe_Catwalk_Stairs_C,Catwalk Stairs,Desc_CatwalkStairs_C,,1,2,(),BlueprintGeneratedClass /Game/FactoryGame/Recipes/Buildings/Catwalks/Recipe_Catwalk_Stairs.Recipe_Catwalk_Stairs_C,docs_a81d250e96aa,local_game_docs_en_us
Recipe_Catwalk_Straight_C,Straight Catwalk,Desc_CatwalkStraight_C,,1,2,(),BlueprintGeneratedClass /Game/FactoryGame/Recipes/Buildings/Catwalks/Recipe_Catwalk_Straight.Recipe_Catwalk_Straight_C,docs_a81d250e96aa,local_game_docs_en_us
Recipe_Catwalk_T_C,Catwalk T-Junction,Desc_CatwalkT_C,,1,2,(),BlueprintGeneratedClass /Game/FactoryGame/Recipes/Buildings/Catwalks/Recipe_Catwalk_T.Recipe_Catwalk_T_C,docs_a81d250e96aa,local_game_docs_en_us
Recipe_Catwalk_Turn_C,Catwalk Corner,Desc_CatwalkTurn_C,,1,2,(),BlueprintGeneratedClass /Game/FactoryGame/Recipes/Buildings/Catwalks/Recipe_Catwalk_Turn.Recipe_Catwalk_Turn_C,docs_a81d250e96aa,local_game_docs_en_us
Recipe_CeilingLight_C,Ceiling Light,Desc_CeilingLight_C,,1,3,(),BlueprintGeneratedClass /Game/FactoryGame/Recipes/Buildings/Recipe_CeilingLight.Recipe_CeilingLight_C,docs_a81d250e96aa,local_game_docs_en_us
Recipe_CentralStorage_C,Dimensional Depot Uploader,Desc_CentralStorage_C,,1,4,(),BlueprintGeneratedClass /Game/FactoryGame/Recipes/Buildings/Recipe_CentralStorage.Recipe_CentralStorage_C,docs_a81d250e96aa,local_game_docs_en_us
Recipe_ChainLinkFence_C,Construction Fence,Desc_ChainLinkFence_C,,1,1,(),BlueprintGeneratedClass /Game/FactoryGame/Recipes/Buildings/Fence/Recipe_ChainLinkFence.Recipe_ChainLinkFence_C,docs_a81d250e96aa,local_game_docs_en_us
Recipe_Concrete_Barrier_01_C,Road Barrier,Desc_Concrete_Barrier_01_C,,1,1,(),BlueprintGeneratedClass /Game/FactoryGame/Recipes/Buildings/Fence/Recipe_Concrete_Barrier_01.Recipe_Concrete_Barrier_01_C,docs_a81d250e96aa,local_game_docs_en_us
Recipe_ConstructorMk1_C,Constructor,Desc_ConstructorMk1_C,,1,2,(),BlueprintGeneratedClass /Game/FactoryGame/Recipes/Buildings/Recipe_ConstructorMk1.Recipe_ConstructorMk1_C,docs_a81d250e96aa,local_game_docs_en_us
Recipe_Converter_C,Converter,Desc_Converter_C,,1,4,(),BlueprintGeneratedClass /Game/FactoryGame/Recipes/Buildings/Recipe_Converter.Recipe_Converter_C,docs_a81d250e96aa,local_game_docs_en_us
Recipe_ConveyorAttachmentMergerPriority_C,Priority Merger,Desc_ConveyorAttachmentMergerPriority_C,,1,3,(),BlueprintGeneratedClass /Game/FactoryGame/Recipes/Buildings/Recipe_ConveyorAttachmentMergerPriority.Recipe_ConveyorAttachmentMergerPriority_C,docs_a81d250e96aa,local_game_docs_en_us
Recipe_ConveyorAttachmentMerger_C,Conveyor Merger,Desc_ConveyorAttachmentMerger_C,,1,2,(),BlueprintGeneratedClass /Game/FactoryGame/Recipes/Buildings/Recipe_ConveyorAttachmentMerger.Recipe_ConveyorAttachmentMerger_C,docs_a81d250e96aa,local_game_docs_en_us
Recipe_ConveyorAttachmentSplitterProgrammable_C,Programmable Splitter,Desc_ConveyorAttachmentSplitterProgrammable_C,,1,3,(),BlueprintGeneratedClass /Game/FactoryGame/Recipes/Buildings/Recipe_ConveyorAttachmentSplitterProgrammable.Recipe_ConveyorAttachmentSplitterProgrammable_C,docs_a81d250e96aa,local_game_docs_en_us
Recipe_ConveyorAttachmentSplitterSmart_C,Smart Splitter,Desc_ConveyorAttachmentSplitterSmart_C,,1,3,(),BlueprintGeneratedClass /Game/FactoryGame/Recipes/Buildings/Recipe_ConveyorAttachmentSplitterSmart.Recipe_ConveyorAttachmentSplitterSmart_C,docs_a81d250e96aa,local_game_docs_en_us
Recipe_ConveyorAttachmentSplitter_C,Conveyor Splitter,Desc_ConveyorAttachmentSplitter_C,,1,2,(),BlueprintGeneratedClass /Game/FactoryGame/Recipes/Buildings/Recipe_ConveyorAttachmentSplitter.Recipe_ConveyorAttachmentSplitter_C,docs_a81d250e96aa,local_game_docs_en_us
Recipe_ConveyorBeltMk1_C,Conveyor Belt Mk.1,Desc_ConveyorBeltMk1_C,,1,1,(),BlueprintGeneratedClass /Game/FactoryGame/Recipes/Buildings/Recipe_ConveyorBeltMk1.Recipe_ConveyorBeltMk1_C,docs_a81d250e96aa,local_game_docs_en_us
Recipe_ConveyorBeltMk2_C,Conveyor Belt Mk.2,Desc_ConveyorBeltMk2_C,,1,1,(),BlueprintGeneratedClass /Game/FactoryGame/Recipes/Buildings/Recipe_ConveyorBeltMk2.Recipe_ConveyorBeltMk2_C,docs_a81d250e96aa,local_game_docs_en_us
Recipe_ConveyorBeltMk3_C,Conveyor Belt Mk.3,Desc_ConveyorBeltMk3_C,,1,1,(),BlueprintGeneratedClass /Game/FactoryGame/Recipes/Buildings/Recipe_ConveyorBeltMk3.Recipe_ConveyorBeltMk3_C,docs_a81d250e96aa,local_game_docs_en_us
Recipe_ConveyorBeltMk4_C,Conveyor Belt Mk.4,Desc_ConveyorBeltMk4_C,,1,1,(),BlueprintGeneratedClass /Game/FactoryGame/Recipes/Buildings/Recipe_ConveyorBeltMk4.Recipe_ConveyorBeltMk4_C,docs_a81d250e96aa,local_game_docs_en_us
Recipe_ConveyorBeltMk5_C,Conveyor Belt Mk.5,Desc_ConveyorBeltMk5_C,,1,1,(),BlueprintGeneratedClass /Game/FactoryGame/Recipes/Buildings/Recipe_ConveyorBeltMk5.Recipe_ConveyorBeltMk5_C,docs_a81d250e96aa,local_game_docs_en_us
Recipe_ConveyorBeltMk6_C,Conveyor Belt Mk.6,Desc_ConveyorBeltMk6_C,,1,2,(),BlueprintGeneratedClass /Game/FactoryGame/Recipes/Buildings/Recipe_ConveyorBeltMk6.Recipe_ConveyorBeltMk6_C,docs_a81d250e96aa,local_game_docs_en_us
Recipe_ConveyorCeilingAttachment_C,Conveyor Ceiling Mount,Desc_ConveyorCeilingAttachment_C,,1,3,(),BlueprintGeneratedClass /Game/FactoryGame/Recipes/Buildings/Recipe_ConveyorCeilingAttachment.Recipe_ConveyorCeilingAttachment_C,docs_a81d250e96aa,local_game_docs_en_us
Recipe_ConveyorLiftMk1_C,Conveyor Lift Mk.1,Desc_ConveyorLiftMk1_C,,1,1,(),BlueprintGeneratedClass /Game/FactoryGame/Recipes/Buildings/Recipe_ConveyorLiftMk1.Recipe_ConveyorLiftMk1_C,docs_a81d250e96aa,local_game_docs_en_us
Recipe_ConveyorLiftMk2_C,Conveyor Lift Mk.2,Desc_ConveyorLiftMk2_C,,1,1,(),BlueprintGeneratedClass /Game/FactoryGame/Recipes/Buildings/Recipe_ConveyorLiftMk2.Recipe_ConveyorLiftMk2_C,docs_a81d250e96aa,local_game_docs_en_us
Recipe_ConveyorLiftMk3_C,Conveyor Lift Mk.3,Desc_ConveyorLiftMk3_C,,1,1,(),BlueprintGeneratedClass /Game/FactoryGame/Recipes/Buildings/Recipe_ConveyorLiftMk3.Recipe_ConveyorLiftMk3_C,docs_a81d250e96aa,local_game_docs_en_us
Recipe_ConveyorLiftMk4_C,Conveyor Lift Mk.4,Desc_ConveyorLiftMk4_C,,1,1,(),BlueprintGeneratedClass /Game/FactoryGame/Recipes/Buildings/Recipe_ConveyorLiftMk4.Recipe_ConveyorLiftMk4_C,docs_a81d250e96aa,local_game_docs_en_us
Recipe_ConveyorLiftMk5_C,Conveyor Lift Mk.5,Desc_ConveyorLiftMk5_C,,1,1,(),BlueprintGeneratedClass /Game/FactoryGame/Recipes/Buildings/Recipe_ConveyorLiftMk5.Recipe_ConveyorLiftMk5_C,docs_a81d250e96aa,local_game_docs_en_us
Recipe_ConveyorLiftMk6_C,Conveyor Lift Mk.6,Desc_ConveyorLiftMk6_C,,1,2,(),BlueprintGeneratedClass /Game/FactoryGame/Recipes/Buildings/Recipe_ConveyorLiftMk6.Recipe_ConveyorLiftMk6_C,docs_a81d250e96aa,local_game_docs_en_us
Recipe_ConveyorMonitor_C,Conveyor Throughput Monitor,Desc_ConveyorMonitor_C,,1,3,(),BlueprintGeneratedClass /Game/FactoryGame/Recipes/Buildings/Recipe_ConveyorMonitor.Recipe_ConveyorMonitor_C,docs_a81d250e96aa,local_game_docs_en_us
Recipe_ConveyorPoleStackable_C,Stackable Conveyor Pole,Desc_ConveyorPoleStackable_C,,1,3,(),BlueprintGeneratedClass /Game/FactoryGame/Recipes/Buildings/Recipe_ConveyorPoleStackable.Recipe_ConveyorPoleStackable_C,docs_a81d250e96aa,local_game_docs_en_us
Recipe_ConveyorPoleWall_C,Conveyor Wall Mount,Desc_ConveyorPoleWall_C,,1,3,(),BlueprintGeneratedClass /Game/FactoryGame/Recipes/Buildings/Recipe_ConveyorPoleWall.Recipe_ConveyorPoleWall_C,docs_a81d250e96aa,local_game_docs_en_us
Recipe_ConveyorPole_C,Conveyor Pole,Desc_ConveyorPole_C,,1,3,(),BlueprintGeneratedClass /Game/FactoryGame/Recipes/Buildings/Recipe_ConveyorPole.Recipe_ConveyorPole_C,docs_a81d250e96aa,local_game_docs_en_us
Recipe_ConveyorWallHole_C,Conveyor Wall Hole,Desc_ConveyorWallHole_C,,1,3,(),BlueprintGeneratedClass /Game/FactoryGame/Buildable/Building/ConveyorHole/Recipe_ConveyorWallHole.Recipe_ConveyorWallHole_C,docs_a81d250e96aa,local_game_docs_en_us
Recipe_CyberWagon_C,Cyber Wagon,Desc_CyberWagon_C,Cyber Wagon,1,1,(),BlueprintGeneratedClass /Game/FactoryGame/Recipes/Vehicle/Recipe_CyberWagon.Recipe_CyberWagon_C,docs_a81d250e96aa,local_game_docs_en_us
Recipe_DownQuarterPipe_AsphaltInCorner_8x4_C,Inverted Inner Corner Quarter Pipe,Desc_DownQuarterPipeInCorner_Asphalt_8x4_C,,1,1,(),BlueprintGeneratedClass /Game/FactoryGame/Buildable/Building/Foundation/AsphaltSet/Recipe_DownQuarterPipe_AsphaltInCorner_8x4.Recipe_DownQuarterPipe_AsphaltInCorner_8x4_C,docs_a81d250e96aa,local_game_docs_en_us
Recipe_DownQuarterPipe_AsphaltOutCorner_8x4_C,Inverted Outer Corner Quarter Pipe,Desc_DownQuarterPipeOutCorner_Asphalt_8x4_C,,1,1,(),BlueprintGeneratedClass /Game/FactoryGame/Buildable/Building/Foundation/AsphaltSet/Recipe_DownQuarterPipe_AsphaltOutCorner_8x4.Recipe_DownQuarterPipe_AsphaltOutCorner_8x4_C,docs_a81d250e96aa,local_game_docs_en_us
Recipe_DownQuarterPipe_Asphalt_8x4_C,Inverted Quarter Pipe,Desc_DownQuarterPipe_Asphalt_8x4_C,,1,1,(),BlueprintGeneratedClass /Game/FactoryGame/Buildable/Building/Foundation/AsphaltSet/Recipe_DownQuarterPipe_Asphalt_8x4.Recipe_DownQuarterPipe_Asphalt_8x4_C,docs_a81d250e96aa,local_game_docs_en_us
Recipe_DownQuarterPipe_ConcreteInCorner_8x4_C,Inverted Inner Corner Quarter Pipe,Desc_DownQuarterPipeInCorner_Concrete_8x4_C,,1,1,(),BlueprintGeneratedClass /Game/FactoryGame/Buildable/Building/Foundation/ConcreteSet/Recipe_DownQuarterPipe_ConcreteInCorner_8x4.Recipe_DownQuarterPipe_ConcreteInCorner_8x4_C,docs_a81d250e96aa,local_game_docs_en_us
Recipe_DownQuarterPipe_ConcreteOutCorner_8x4_C,Inverted Outer Corner Quarter Pipe,Desc_DownQuarterPipeOutCorner_Concrete_8x4_C,,1,1,(),BlueprintGeneratedClass /Game/FactoryGame/Buildable/Building/Foundation/ConcreteSet/Recipe_DownQuarterPipe_ConcreteOutCorner_8x4.Recipe_DownQuarterPipe_ConcreteOutCorner_8x4_C,docs_a81d250e96aa,local_game_docs_en_us
Recipe_DownQuarterPipe_ConcretePolishedInCorner_8x4_C,Inverted Inner Corner Quarter Pipe,Desc_DownQuarterPipeInCorner_ConcretePolished_8x4_C,,1,1,(),BlueprintGeneratedClass /Game/FactoryGame/Buildable/Building/Foundation/PolishedConcreteSet/Recipe_DownQuarterPipe_ConcretePolishedInCorner_8x4.Recipe_DownQuarterPipe_ConcretePolishedInCorner_8x4_C,docs_a81d250e96aa,local_game_docs_en_us
Recipe_DownQuarterPipe_ConcretePolishedOutCorner_8x4_C,Inverted Outer Corner Quarter Pipe,Desc_DownQuarterPipeOutCorner_ConcretePolished_8x4_C,,1,1,(),BlueprintGeneratedClass /Game/FactoryGame/Buildable/Building/Foundation/PolishedConcreteSet/Recipe_DownQuarterPipe_ConcretePolishedOutCorner_8x4.Recipe_DownQuarterPipe_ConcretePolishedOutCorner_8x4_C,docs_a81d250e96aa,local_game_docs_en_us
Recipe_DownQuarterPipe_ConcretePolished_8x4_C,Inverted Quarter Pipe,Desc_DownQuarterPipe_ConcretePolished_8x4_C,,1,1,(),BlueprintGeneratedClass /Game/FactoryGame/Buildable/Building/Foundation/PolishedConcreteSet/Recipe_DownQuarterPipe_ConcretePolished_8x4.Recipe_DownQuarterPipe_ConcretePolished_8x4_C,docs_a81d250e96aa,local_game_docs_en_us
Recipe_DownQuarterPipe_Concrete_8x4_C,Inverted Quarter Pipe,Desc_DownQuarterPipe_Concrete_8x4_C,,1,1,(),BlueprintGeneratedClass /Game/FactoryGame/Buildable/Building/Foundation/ConcreteSet/Recipe_DownQuarterPipe_Concrete_8x4.Recipe_DownQuarterPipe_Concrete_8x4_C,docs_a81d250e96aa,local_game_docs_en_us
Recipe_DownQuarterPipe_GripInCorner_8x4_C,Inverted Inner Corner Quarter Pipe,Desc_DownQuarterPipeInCorner_Grip_8x4_C,,1,1,(),BlueprintGeneratedClass /Game/FactoryGame/Buildable/Building/Foundation/GripMetal/Recipe_DownQuarterPipe_GripInCorner_8x4.Recipe_DownQuarterPipe_GripInCorner_8x4_C,docs_a81d250e96aa,local_game_docs_en_us
Recipe_DownQuarterPipe_GripOutCorner_8x4_C,Inverted Outer Corner Quarter Pipe,Desc_DownQuarterPipeOutCorner_Grip_8x4_C,,1,1,(),BlueprintGeneratedClass /Game/FactoryGame/Buildable/Building/Foundation/GripMetal/Recipe_DownQuarterPipe_GripOutCorner_8x4.Recipe_DownQuarterPipe_GripOutCorner_8x4_C,docs_a81d250e96aa,local_game_docs_en_us
Recipe_DownQuarterPipe_Grip_8x4_C,Inverted Quarter Pipe,Desc_DownQuarterPipe_Grip_8x4_C,,1,1,(),BlueprintGeneratedClass /Game/FactoryGame/Buildable/Building/Foundation/GripMetal/Recipe_DownQuarterPipe_Grip_8x4.Recipe_DownQuarterPipe_Grip_8x4_C,docs_a81d250e96aa,local_game_docs_en_us
Recipe_DroneStation_C,Drone Port,Desc_DroneStation_C,,1,5,(),BlueprintGeneratedClass /Game/FactoryGame/Recipes/Buildings/Recipe_DroneStation.Recipe_DroneStation_C,docs_a81d250e96aa,local_game_docs_en_us
Recipe_DroneTransport_C,Drone,Desc_DroneTransport_C,Drone,1,5,(),BlueprintGeneratedClass /Game/FactoryGame/Recipes/Buildings/Recipe_DroneTransport.Recipe_DroneTransport_C,docs_a81d250e96aa,local_game_docs_en_us
Recipe_ElevatorFloorStop_C,Elevator Floor Stop,Desc_ElevatorFloorStop_C,,1,3,(),BlueprintGeneratedClass /Game/FactoryGame/Recipes/Elevator/Recipe_ElevatorFloorStop.Recipe_ElevatorFloorStop_C,docs_a81d250e96aa,local_game_docs_en_us
Recipe_Elevator_C,Personnel Elevator,Desc_Elevator_C,,1,2,(),BlueprintGeneratedClass /Game/FactoryGame/Recipes/Elevator/Recipe_Elevator.Recipe_Elevator_C,docs_a81d250e96aa,local_game_docs_en_us
Recipe_Explorer_C,Explorer,Desc_Explorer_C,Explorer,1,4,(),BlueprintGeneratedClass /Game/FactoryGame/Recipes/Vehicle/Recipe_Explorer.Recipe_Explorer_C,docs_a81d250e96aa,local_game_docs_en_us
Recipe_Fence_01_C,Industrial Railing,Desc_Fence_01_C,,1,1,(),BlueprintGeneratedClass /Game/FactoryGame/Recipes/Buildings/Fence/Recipe_Fence_01.Recipe_Fence_01_C,docs_a81d250e96aa,local_game_docs_en_us
Recipe_Flat_Frame_01_C,Frame Floor,Desc_Flat_Frame_01_C,,1,1,(),BlueprintGeneratedClass /Game/FactoryGame/Recipes/Buildings/Foundations/Recipe_Flat_Frame_01.Recipe_Flat_Frame_01_C,docs_a81d250e96aa,local_game_docs_en_us
Recipe_FloodlightPole_C,Flood Light Tower,Desc_FloodlightPole_C,,1,3,(),BlueprintGeneratedClass /Game/FactoryGame/Recipes/Buildings/Recipe_FloodlightPole.Recipe_FloodlightPole_C,docs_a81d250e96aa,local_game_docs_en_us
Recipe_FloodlightWall_C,Wall-Mounted Flood Light,Desc_FloodlightWall_C,,1,3,(),BlueprintGeneratedClass /Game/FactoryGame/Recipes/Buildings/Recipe_FloodlightWall.Recipe_FloodlightWall_C,docs_a81d250e96aa,local_game_docs_en_us
Recipe_FluidTruckStation_C,Fluid Truck Station,Desc_FluidTruckStation_C,,1,4,(),BlueprintGeneratedClass /Game/FactoryGame/Recipes/Buildings/Recipe_FluidTruckStation.Recipe_FluidTruckStation_C,docs_a81d250e96aa,local_game_docs_en_us
Recipe_FluidTruck_C,Fluid Truck,Desc_FluidTruck_C,Fluid Truck,1,4,(),BlueprintGeneratedClass /Game/FactoryGame/Recipes/Vehicle/Recipe_FluidTruck.Recipe_FluidTruck_C,docs_a81d250e96aa,local_game_docs_en_us
Recipe_FoundationGlass_01_C,Glass Frame Foundation,Desc_FoundationGlass_01_C,,1,2,(),BlueprintGeneratedClass /Game/FactoryGame/Recipes/Buildings/Foundations/Recipe_FoundationGlass_01.Recipe_FoundationGlass_01_C,docs_a81d250e96aa,local_game_docs_en_us
Recipe_FoundationPassthrough_Hypertube_C,Hypertube Floor Hole,Desc_FoundationPassthrough_Hypertube_C,,1,3,(),BlueprintGeneratedClass /Game/FactoryGame/Buildable/Factory/FoundationPassthrough/Recipe_FoundationPassthrough_Hypertube.Recipe_FoundationPassthrough_Hypertube_C,docs_a81d250e96aa,local_game_docs_en_us
Recipe_FoundationPassthrough_Lift_C,Conveyor Lift Floor Hole,Desc_FoundationPassthrough_Lift_C,,1,3,(),BlueprintGeneratedClass /Game/FactoryGame/Buildable/Factory/FoundationPassthrough/Recipe_FoundationPassthrough_Lift.Recipe_FoundationPassthrough_Lift_C,docs_a81d250e96aa,local_game_docs_en_us
Recipe_FoundationPassthrough_Pipe_C,Pipeline Floor Hole,Desc_FoundationPassthrough_Pipe_C,,1,3,(),BlueprintGeneratedClass /Game/FactoryGame/Buildable/Factory/FoundationPassthrough/Recipe_FoundationPassthrough_Pipe.Recipe_FoundationPassthrough_Pipe_C,docs_a81d250e96aa,local_game_docs_en_us
Recipe_Foundation_8x1_01_C,Foundation (1 m),Desc_Foundation_8x1_01_C,,1,1,(),BlueprintGeneratedClass /Game/FactoryGame/Recipes/Buildings/Foundations/Recipe_Foundation_8x1_01.Recipe_Foundation_8x1_01_C,docs_a81d250e96aa,local_game_docs_en_us
Recipe_Foundation_8x2_01_C,Foundation (2 m),Desc_Foundation_8x2_01_C,,1,1,(),BlueprintGeneratedClass /Game/FactoryGame/Recipes/Buildings/Foundations/Recipe_Foundation_8x2_01.Recipe_Foundation_8x2_01_C,docs_a81d250e96aa,local_game_docs_en_us
Recipe_Foundation_8x4_01_C,Foundation (4 m),Desc_Foundation_8x4_01_C,,1,1,(),BlueprintGeneratedClass /Game/FactoryGame/Recipes/Buildings/Foundations/Recipe_Foundation_8x4_01.Recipe_Foundation_8x4_01_C,docs_a81d250e96aa,local_game_docs_en_us
Recipe_Foundation_Asphalt_8x1_C,Foundation (1 m),Desc_Foundation_Asphalt_8x1_C,,1,1,(),BlueprintGeneratedClass /Game/FactoryGame/Buildable/Building/Foundation/AsphaltSet/Recipe_Foundation_Asphalt_8x1.Recipe_Foundation_Asphalt_8x1_C,docs_a81d250e96aa,local_game_docs_en_us
Recipe_Foundation_Asphalt_8x2_C,Foundation (2 m),Desc_Foundation_Asphalt_8x2_C,,1,1,(),BlueprintGeneratedClass /Game/FactoryGame/Buildable/Building/Foundation/AsphaltSet/Recipe_Foundation_Asphalt_8x2.Recipe_Foundation_Asphalt_8x2_C,docs_a81d250e96aa,local_game_docs_en_us
Recipe_Foundation_Asphalt_8x4_C,Foundation (4 m),Desc_Foundation_Asphalt_8x4_C,,1,1,(),BlueprintGeneratedClass /Game/FactoryGame/Buildable/Building/Foundation/AsphaltSet/Recipe_Foundation_Asphalt_8x4.Recipe_Foundation_Asphalt_8x4_C,docs_a81d250e96aa,local_game_docs_en_us
Recipe_Foundation_ConcretePolished_8x1_C,Foundation (1 m),Desc_Foundation_ConcretePolished_8x1_C,,1,1,(),BlueprintGeneratedClass /Game/FactoryGame/Buildable/Building/Foundation/PolishedConcreteSet/Recipe_Foundation_ConcretePolished_8x1.Recipe_Foundation_ConcretePolished_8x1_C,docs_a81d250e96aa,local_game_docs_en_us
Recipe_Foundation_ConcretePolished_8x2_C,Foundation (2 m),Foundation_ConcretePolished_8x2_C,,1,1,(),BlueprintGeneratedClass /Game/FactoryGame/Buildable/Building/Foundation/PolishedConcreteSet/Recipe_Foundation_ConcretePolished_8x2.Recipe_Foundation_ConcretePolished_8x2_C,docs_a81d250e96aa,local_game_docs_en_us
Recipe_Foundation_ConcretePolished_8x4_C,Foundation (4 m),Foundation_ConcretePolished_8x4_C,,1,1,(),BlueprintGeneratedClass /Game/FactoryGame/Buildable/Building/Foundation/PolishedConcreteSet/Recipe_Foundation_ConcretePolished_8x4.Recipe_Foundation_ConcretePolished_8x4_C,docs_a81d250e96aa,local_game_docs_en_us
Recipe_Foundation_Concrete_8x1_C,Foundation (1 m),Desc_Foundation_Concrete_8x1_C,,1,1,(),BlueprintGeneratedClass /Game/FactoryGame/Buildable/Building/Foundation/ConcreteSet/Recipe_Foundation_Concrete_8x1.Recipe_Foundation_Concrete_8x1_C,docs_a81d250e96aa,local_game_docs_en_us
Recipe_Foundation_Concrete_8x2_C,Foundation (2 m),Desc_Foundation_Concrete_8x2_C,,1,1,(),BlueprintGeneratedClass /Game/FactoryGame/Buildable/Building/Foundation/ConcreteSet/Recipe_Foundation_Concrete_8x2.Recipe_Foundation_Concrete_8x2_C,docs_a81d250e96aa,local_game_docs_en_us
Recipe_Foundation_Concrete_8x4_C,Foundation (4 m),Desc_Foundation_Concrete_8x4_C,,1,1,(),BlueprintGeneratedClass /Game/FactoryGame/Buildable/Building/Foundation/ConcreteSet/Recipe_Foundation_Concrete_8x4.Recipe_Foundation_Concrete_8x4_C,docs_a81d250e96aa,local_game_docs_en_us
Recipe_Foundation_Frame_01_C,Frame Foundation,Desc_Foundation_Frame_01_C,,1,1,(),BlueprintGeneratedClass /Game/FactoryGame/Recipes/Buildings/Foundations/Recipe_Foundation_Frame_01.Recipe_Foundation_Frame_01_C,docs_a81d250e96aa,local_game_docs_en_us
Recipe_Foundation_Metal_8x1_C,Foundation (1 m),Desc_Foundation_Metal_8x1_C,,1,1,(),BlueprintGeneratedClass /Game/FactoryGame/Buildable/Building/Foundation/GripMetal/Recipe_Foundation_Metal_8x1.Recipe_Foundation_Metal_8x1_C,docs_a81d250e96aa,local_game_docs_en_us
Recipe_Foundation_Metal_8x2_C,Foundation (2 m),Desc_Foundation_Metal_8x2_C,,1,1,(),BlueprintGeneratedClass /Game/FactoryGame/Buildable/Building/Foundation/GripMetal/Recipe_Foundation_Metal_8x2.Recipe_Foundation_Metal_8x2_C,docs_a81d250e96aa,local_game_docs_en_us
Recipe_Foundation_Metal_8x4_C,Foundation (4 m),Desc_Foundation_Metal_8x4_C,,1,1,(),BlueprintGeneratedClass /Game/FactoryGame/Buildable/Building/Foundation/GripMetal/Recipe_Foundation_Metal_8x4.Recipe_Foundation_Metal_8x4_C,docs_a81d250e96aa,local_game_docs_en_us
Recipe_FrackingExtractor_C,Resource Well Extractor,Desc_FrackingExtractor_C,,1,2,(),BlueprintGeneratedClass /Game/FactoryGame/Recipes/Buildings/Recipe_FrackingExtractor.Recipe_FrackingExtractor_C,docs_a81d250e96aa,local_game_docs_en_us
Recipe_FrackingSmasher_C,Resource Well Pressurizer,Desc_FrackingSmasher_C,,1,5,(),BlueprintGeneratedClass /Game/FactoryGame/Recipes/Buildings/Recipe_FrackingSmasher.Recipe_FrackingSmasher_C,docs_a81d250e96aa,local_game_docs_en_us
Recipe_FreightWagon_C,Freight Car,Desc_FreightWagon_C,Freight Car,1,3,(),BlueprintGeneratedClass /Game/FactoryGame/Recipes/Vehicle/Train/Recipe_FreightWagon.Recipe_FreightWagon_C,docs_a81d250e96aa,local_game_docs_en_us
Recipe_Gate_Automated_8x4_C,Automated Gate,Desc_Gate_Automated_8x4_C,,1,1,(),BlueprintGeneratedClass /Game/FactoryGame/Buildable/Building/Doors/Recipe_Gate_Automated_8x4.Recipe_Gate_Automated_8x4_C,docs_a81d250e96aa,local_game_docs_en_us
Recipe_GeneratorBiomass_Automated_C,Biomass Burner,Desc_GeneratorBiomass_Automated_C,,1,3,(),BlueprintGeneratedClass /Game/FactoryGame/Recipes/Buildings/Recipe_GeneratorBiomass_Automated.Recipe_GeneratorBiomass_Automated_C,docs_a81d250e96aa,local_game_docs_en_us
Recipe_GeneratorCoal_C,Coal-Powered Generator,Desc_GeneratorCoal_C,,1,3,(),BlueprintGeneratedClass /Game/FactoryGame/Recipes/Buildings/Recipe_GeneratorCoal.Recipe_GeneratorCoal_C,docs_a81d250e96aa,local_game_docs_en_us
Recipe_GeneratorFuel_C,Fuel-Powered Generator,Desc_GeneratorFuel_C,,1,5,(),BlueprintGeneratedClass /Game/FactoryGame/Recipes/Buildings/Recipe_GeneratorFuel.Recipe_GeneratorFuel_C,docs_a81d250e96aa,local_game_docs_en_us
Recipe_GeneratorGeoThermal_C,Geothermal Generator,Desc_GeneratorGeoThermal_C,,1,5,(),BlueprintGeneratedClass /Game/FactoryGame/Recipes/Buildings/Recipe_GeneratorGeoThermal.Recipe_GeneratorGeoThermal_C,docs_a81d250e96aa,local_game_docs_en_us
Recipe_GeneratorNuclear_C,Nuclear Power Plant,Desc_GeneratorNuclear_C,,1,5,(),BlueprintGeneratedClass /Game/FactoryGame/Recipes/Buildings/Recipe_GeneratorNuclear.Recipe_GeneratorNuclear_C,docs_a81d250e96aa,local_game_docs_en_us
Recipe_HadronCollider_C,Particle Accelerator,Desc_HadronCollider_C,,1,5,(),BlueprintGeneratedClass /Game/FactoryGame/Recipes/Buildings/Recipe_HadronCollider.Recipe_HadronCollider_C,docs_a81d250e96aa,local_game_docs_en_us
Recipe_HyperPoleStackable_C,Stackable Hypertube Support,Desc_HyperPoleStackable_C,,1,3,(),BlueprintGeneratedClass /Game/FactoryGame/Recipes/Buildings/Recipe_HyperPoleStackable.Recipe_HyperPoleStackable_C,docs_a81d250e96aa,local_game_docs_en_us
Recipe_HyperTubeJunction_C,Hypertube Junction,Desc_HyperTubeJunction_C,,1,3,(),BlueprintGeneratedClass /Game/FactoryGame/Recipes/Buildings/Recipe_HyperTubeJunction.Recipe_HyperTubeJunction_C,docs_a81d250e96aa,local_game_docs_en_us
Recipe_HyperTubeTJunction_C,Hypertube Branch,Desc_HypertubeTJunction_C,,1,3,(),BlueprintGeneratedClass /Game/FactoryGame/Recipes/Buildings/Recipe_HyperTubeTJunction.Recipe_HyperTubeTJunction_C,docs_a81d250e96aa,local_game_docs_en_us
Recipe_HyperTubeWallHole_C,Hypertube Wall Hole,Desc_HyperTubeWallHole_C,,1,2,(),BlueprintGeneratedClass /Game/FactoryGame/Recipes/Buildings/Recipe_HyperTubeWallHole.Recipe_HyperTubeWallHole_C,docs_a81d250e96aa,local_game_docs_en_us
Recipe_HyperTubeWallSupport_C,Hypertube Wall Support,Desc_HyperTubeWallSupport_C,,1,2,(),BlueprintGeneratedClass /Game/FactoryGame/Recipes/Buildings/Recipe_HyperTubeWallSupport.Recipe_HyperTubeWallSupport_C,docs_a81d250e96aa,local_game_docs_en_us
Recipe_IndustrialTank_C,Industrial Fluid Buffer,Desc_IndustrialTank_C,,1,3,(),BlueprintGeneratedClass /Game/FactoryGame/Recipes/Buildings/Recipe_IndustrialTank.Recipe_IndustrialTank_C,docs_a81d250e96aa,local_game_docs_en_us
Recipe_InvertedRamp_Asphalt_8x1_C,Inverted Ramp (1 m),Desc_InvertedRamp_Asphalt_8x1_C,,1,1,(),BlueprintGeneratedClass /Game/FactoryGame/Buildable/Building/Foundation/AsphaltSet/Recipe_InvertedRamp_Asphalt_8x1.Recipe_InvertedRamp_Asphalt_8x1_C,docs_a81d250e96aa,local_game_docs_en_us
Recipe_InvertedRamp_Asphalt_8x2_C,Inverted Ramp (2 m),Desc_InvertedRamp_Asphalt_8x2_C,,1,1,(),BlueprintGeneratedClass /Game/FactoryGame/Buildable/Building/Foundation/AsphaltSet/Recipe_InvertedRamp_Asphalt_8x2.Recipe_InvertedRamp_Asphalt_8x2_C,docs_a81d250e96aa,local_game_docs_en_us
Recipe_InvertedRamp_Asphalt_8x4_C,Inverted Ramp (4 m),Desc_InvertedRamp_Asphalt_8x4_C,,1,1,(),BlueprintGeneratedClass /Game/FactoryGame/Buildable/Building/Foundation/AsphaltSet/Recipe_InvertedRamp_Asphalt_8x4.Recipe_InvertedRamp_Asphalt_8x4_C,docs_a81d250e96aa,local_game_docs_en_us
Recipe_InvertedRamp_Concrete_8x1_C,Inverted Ramp (1 m),Desc_InvertedRamp_Concrete_8x1_C,,1,1,(),BlueprintGeneratedClass /Game/FactoryGame/Buildable/Building/Foundation/ConcreteSet/Recipe_InvertedRamp_Concrete_8x1.Recipe_InvertedRamp_Concrete_8x1_C,docs_a81d250e96aa,local_game_docs_en_us
Recipe_InvertedRamp_Concrete_8x2_C,Inverted Ramp (2 m),Desc_InvertedRamp_Concrete_8x2_C,,1,1,(),BlueprintGeneratedClass /Game/FactoryGame/Buildable/Building/Foundation/ConcreteSet/Recipe_InvertedRamp_Concrete_8x2.Recipe_InvertedRamp_Concrete_8x2_C,docs_a81d250e96aa,local_game_docs_en_us
Recipe_InvertedRamp_Concrete_8x4_C,Inverted Ramp (4 m),Desc_InvertedRamp_Concrete_8x4_C,,1,1,(),BlueprintGeneratedClass /Game/FactoryGame/Buildable/Building/Foundation/ConcreteSet/Recipe_InvertedRamp_Concrete_8x4.Recipe_InvertedRamp_Concrete_8x4_C,docs_a81d250e96aa,local_game_docs_en_us
Recipe_InvertedRamp_DCorner_Asphalt_8x1_C,Inverted Down Corner (1 m),Desc_InvertedRamp_DCorner_Asphalt_8x1_C,,1,1,(),BlueprintGeneratedClass /Game/FactoryGame/Buildable/Building/Foundation/AsphaltSet/Recipe_InvertedRamp_DCorner_Asphalt_8x1.Recipe_InvertedRamp_DCorner_Asphalt_8x1_C,docs_a81d250e96aa,local_game_docs_en_us
Recipe_InvertedRamp_DCorner_Asphalt_8x2_C,Inverted Down Corner (2 m),Desc_InvertedRamp_DCorner_Asphalt_8x2_C,,1,1,(),BlueprintGeneratedClass /Game/FactoryGame/Buildable/Building/Foundation/AsphaltSet/Recipe_InvertedRamp_DCorner_Asphalt_8x2.Recipe_InvertedRamp_DCorner_Asphalt_8x2_C,docs_a81d250e96aa,local_game_docs_en_us
Recipe_InvertedRamp_DCorner_Asphalt_8x4_C,Inverted Down Corner (4 m),Desc_InvertedRamp_DCorner_Asphalt_8x4_C,,1,1,(),BlueprintGeneratedClass /Game/FactoryGame/Buildable/Building/Foundation/AsphaltSet/Recipe_InvertedRamp_DCorner_Asphalt_8x4.Recipe_InvertedRamp_DCorner_Asphalt_8x4_C,docs_a81d250e96aa,local_game_docs_en_us
Recipe_InvertedRamp_DCorner_Concrete_8x1_C,Inverted Down Corner (1 m),Desc_InvertedRamp_DCorner_Concrete_8x1_C,,1,1,(),BlueprintGeneratedClass /Game/FactoryGame/Buildable/Building/Foundation/ConcreteSet/Recipe_InvertedRamp_DCorner_Concrete_8x1.Recipe_InvertedRamp_DCorner_Concrete_8x1_C,docs_a81d250e96aa,local_game_docs_en_us
Recipe_InvertedRamp_DCorner_Concrete_8x2_C,Inverted Down Corner (2 m),Desc_InvertedRamp_DCorner_Concrete_8x2_C,,1,1,(),BlueprintGeneratedClass /Game/FactoryGame/Buildable/Building/Foundation/ConcreteSet/Recipe_InvertedRamp_DCorner_Concrete_8x2.Recipe_InvertedRamp_DCorner_Concrete_8x2_C,docs_a81d250e96aa,local_game_docs_en_us
Recipe_InvertedRamp_DCorner_Concrete_8x4_C,Inverted Down Corner (4 m),Desc_InvertedRamp_DCorner_Concrete_8x4_C,,1,1,(),BlueprintGeneratedClass /Game/FactoryGame/Buildable/Building/Foundation/ConcreteSet/Recipe_InvertedRamp_DCorner_Concrete_8x4.Recipe_InvertedRamp_DCorner_Concrete_8x4_C,docs_a81d250e96aa,local_game_docs_en_us
Recipe_InvertedRamp_DCorner_Metal_8x1_C,Inverted Down Corner (1 m),Desc_InvertedRamp_DCorner_Metal_8x1_C,,1,1,(),BlueprintGeneratedClass /Game/FactoryGame/Buildable/Building/Foundation/GripMetal/Recipe_InvertedRamp_DCorner_Metal_8x1.Recipe_InvertedRamp_DCorner_Metal_8x1_C,docs_a81d250e96aa,local_game_docs_en_us
Recipe_InvertedRamp_DCorner_Metal_8x2_C,Inverted Down Corner (2 m),Desc_InvertedRamp_DCorner_Metal_8x2_C,,1,1,(),BlueprintGeneratedClass /Game/FactoryGame/Buildable/Building/Foundation/GripMetal/Recipe_InvertedRamp_DCorner_Metal_8x2.Recipe_InvertedRamp_DCorner_Metal_8x2_C,docs_a81d250e96aa,local_game_docs_en_us
Recipe_InvertedRamp_DCorner_Metal_8x4_C,Inverted Down Corner (4 m),Desc_InvertedRamp_DCorner_Metal_8x4_C,,1,1,(),BlueprintGeneratedClass /Game/FactoryGame/Buildable/Building/Foundation/GripMetal/Recipe_InvertedRamp_DCorner_Metal_8x4.Recipe_InvertedRamp_DCorner_Metal_8x4_C,docs_a81d250e96aa,local_game_docs_en_us
Recipe_InvertedRamp_DCorner_Polished_8x1_C,Inverted Down Corner (1 m),Desc_InvertedRamp_DCorner_Polished_8x1_C,,1,1,(),BlueprintGeneratedClass /Game/FactoryGame/Buildable/Building/Foundation/PolishedConcreteSet/Recipe_InvertedRamp_DCorner_Polished_8x1.Recipe_InvertedRamp_DCorner_Polished_8x1_C,docs_a81d250e96aa,local_game_docs_en_us
Recipe_InvertedRamp_DCorner_Polished_8x2_C,Inverted Down Corner (2 m),Desc_InvertedRamp_DCorner_Polished_8x2_C,,1,1,(),BlueprintGeneratedClass /Game/FactoryGame/Buildable/Building/Foundation/PolishedConcreteSet/Recipe_InvertedRamp_DCorner_Polished_8x2.Recipe_InvertedRamp_DCorner_Polished_8x2_C,docs_a81d250e96aa,local_game_docs_en_us
Recipe_InvertedRamp_DCorner_Polished_8x4_C,Inverted Down Corner (4 m),Desc_InvertedRamp_DCorner_Polished_8x4_C,,1,1,(),BlueprintGeneratedClass /Game/FactoryGame/Buildable/Building/Foundation/PolishedConcreteSet/Recipe_InvertedRamp_DCorner_Polished_8x4.Recipe_InvertedRamp_DCorner_Polished_8x4_C,docs_a81d250e96aa,local_game_docs_en_us
Recipe_InvertedRamp_Metal_8x1_C,Inverted Ramp (1 m),Desc_InvertedRamp_Metal_8x1_C,,1,1,(),BlueprintGeneratedClass /Game/FactoryGame/Buildable/Building/Foundation/GripMetal/Recipe_InvertedRamp_Metal_8x1.Recipe_InvertedRamp_Metal_8x1_C,docs_a81d250e96aa,local_game_docs_en_us
Recipe_InvertedRamp_Metal_8x2_C,Inverted Ramp (2 m),Desc_InvertedRamp_Metal_8x2_C,,1,1,(),BlueprintGeneratedClass /Game/FactoryGame/Buildable/Building/Foundation/GripMetal/Recipe_InvertedRamp_Metal_8x2.Recipe_InvertedRamp_Metal_8x2_C,docs_a81d250e96aa,local_game_docs_en_us
Recipe_InvertedRamp_Metal_8x4_C,Inverted Ramp (4 m),Desc_InvertedRamp_Metal_8x4_C,,1,1,(),BlueprintGeneratedClass /Game/FactoryGame/Buildable/Building/Foundation/GripMetal/Recipe_InvertedRamp_Metal_8x4.Recipe_InvertedRamp_Metal_8x4_C,docs_a81d250e96aa,local_game_docs_en_us
Recipe_InvertedRamp_Polished_8x1_C,Inverted Ramp (1 m),Desc_InvertedRamp_Polished_8x1_C,,1,1,(),BlueprintGeneratedClass /Game/FactoryGame/Buildable/Building/Foundation/PolishedConcreteSet/Recipe_InvertedRamp_Polished_8x1.Recipe_InvertedRamp_Polished_8x1_C,docs_a81d250e96aa,local_game_docs_en_us
Recipe_InvertedRamp_Polished_8x2_C,Inverted Ramp (2 m),Desc_InvertedRamp_Polished_8x2_C,,1,1,(),BlueprintGeneratedClass /Game/FactoryGame/Buildable/Building/Foundation/PolishedConcreteSet/Recipe_InvertedRamp_Polished_8x2.Recipe_InvertedRamp_Polished_8x2_C,docs_a81d250e96aa,local_game_docs_en_us
Recipe_InvertedRamp_Polished_8x4_C,Inverted Ramp (4 m),Desc_InvertedRamp_Polished_8x4_C,,1,1,(),BlueprintGeneratedClass /Game/FactoryGame/Buildable/Building/Foundation/PolishedConcreteSet/Recipe_InvertedRamp_Polished_8x4.Recipe_InvertedRamp_Polished_8x4_C,docs_a81d250e96aa,local_game_docs_en_us
Recipe_InvertedRamp_UCorner_Asphalt_8x1_C,Inverted Up Corner (1 m),Desc_InvertedRamp_UCorner_Asphalt_8x1_C,,1,1,(),BlueprintGeneratedClass /Game/FactoryGame/Buildable/Building/Foundation/AsphaltSet/Recipe_InvertedRamp_UCorner_Asphalt_8x1.Recipe_InvertedRamp_UCorner_Asphalt_8x1_C,docs_a81d250e96aa,local_game_docs_en_us
Recipe_InvertedRamp_UCorner_Asphalt_8x2_C,Inverted Up Corner (2 m),Desc_InvertedRamp_UCorner_Asphalt_8x2_C,,1,1,(),BlueprintGeneratedClass /Game/FactoryGame/Buildable/Building/Foundation/AsphaltSet/Recipe_InvertedRamp_UCorner_Asphalt_8x2.Recipe_InvertedRamp_UCorner_Asphalt_8x2_C,docs_a81d250e96aa,local_game_docs_en_us
Recipe_InvertedRamp_UCorner_Asphalt_8x4_C,Inverted Up Corner (4 m),Desc_InvertedRamp_UCorner_Asphalt_8x4_C,,1,1,(),BlueprintGeneratedClass /Game/FactoryGame/Buildable/Building/Foundation/AsphaltSet/Recipe_InvertedRamp_UCorner_Asphalt_8x4.Recipe_InvertedRamp_UCorner_Asphalt_8x4_C,docs_a81d250e96aa,local_game_docs_en_us
Recipe_InvertedRamp_UCorner_Concrete_8x1_C,Inverted Up Corner (1 m),Desc_InvertedRamp_UCorner_Concrete_8x1_C,,1,1,(),BlueprintGeneratedClass /Game/FactoryGame/Buildable/Building/Foundation/ConcreteSet/Recipe_InvertedRamp_UCorner_Concrete_8x1.Recipe_InvertedRamp_UCorner_Concrete_8x1_C,docs_a81d250e96aa,local_game_docs_en_us
Recipe_InvertedRamp_UCorner_Concrete_8x2_C,Inverted Up Corner (2 m),Desc_InvertedRamp_UCorner_Concrete_8x2_C,,1,1,(),BlueprintGeneratedClass /Game/FactoryGame/Buildable/Building/Foundation/ConcreteSet/Recipe_InvertedRamp_UCorner_Concrete_8x2.Recipe_InvertedRamp_UCorner_Concrete_8x2_C,docs_a81d250e96aa,local_game_docs_en_us
Recipe_InvertedRamp_UCorner_Concrete_8x4_C,Inverted Up Corner (4 m),Desc_InvertedRamp_UCorner_Concrete_8x4_C,,1,1,(),BlueprintGeneratedClass /Game/FactoryGame/Buildable/Building/Foundation/ConcreteSet/Recipe_InvertedRamp_UCorner_Concrete_8x4.Recipe_InvertedRamp_UCorner_Concrete_8x4_C,docs_a81d250e96aa,local_game_docs_en_us
Recipe_InvertedRamp_UCorner_Metal_8x1_C,Inverted Up Corner (1 m),Desc_InvertedRamp_UCorner_Metal_8x1_C,,1,1,(),BlueprintGeneratedClass /Game/FactoryGame/Buildable/Building/Foundation/GripMetal/Recipe_InvertedRamp_UCorner_Metal_8x1.Recipe_InvertedRamp_UCorner_Metal_8x1_C,docs_a81d250e96aa,local_game_docs_en_us
Recipe_InvertedRamp_UCorner_Metal_8x2_C,Inverted Up Corner (2 m),Desc_InvertedRamp_UCorner_Metal_8x2_C,,1,1,(),BlueprintGeneratedClass /Game/FactoryGame/Buildable/Building/Foundation/GripMetal/Recipe_InvertedRamp_UCorner_Metal_8x2.Recipe_InvertedRamp_UCorner_Metal_8x2_C,docs_a81d250e96aa,local_game_docs_en_us
Recipe_InvertedRamp_UCorner_Metal_8x4_C,Inverted Up Corner (4 m),Desc_InvertedRamp_UCorner_Metal_8x4_C,,1,1,(),BlueprintGeneratedClass /Game/FactoryGame/Buildable/Building/Foundation/GripMetal/Recipe_InvertedRamp_UCorner_Metal_8x4.Recipe_InvertedRamp_UCorner_Metal_8x4_C,docs_a81d250e96aa,local_game_docs_en_us
Recipe_InvertedRamp_UCorner_Polished_8x1_C,Inverted Up Corner (1 m),Desc_InvertedRamp_UCorner_Polished_8x1_C,,1,1,(),BlueprintGeneratedClass /Game/FactoryGame/Buildable/Building/Foundation/PolishedConcreteSet/Recipe_InvertedRamp_UCorner_Polished_8x1.Recipe_InvertedRamp_UCorner_Polished_8x1_C,docs_a81d250e96aa,local_game_docs_en_us
Recipe_InvertedRamp_UCorner_Polished_8x2_C,Inverted Up Corner (2 m),Desc_InvertedRamp_UCorner_Polished_8x2_C,,1,1,(),BlueprintGeneratedClass /Game/FactoryGame/Buildable/Building/Foundation/PolishedConcreteSet/Recipe_InvertedRamp_UCorner_Polished_8x2.Recipe_InvertedRamp_UCorner_Polished_8x2_C,docs_a81d250e96aa,local_game_docs_en_us
Recipe_InvertedRamp_UCorner_Polished_8x4_C,Inverted Up Corner (4 m),Desc_InvertedRamp_UCorner_Polished_8x4_C,,1,1,(),BlueprintGeneratedClass /Game/FactoryGame/Buildable/Building/Foundation/PolishedConcreteSet/Recipe_InvertedRamp_UCorner_Polished_8x4.Recipe_InvertedRamp_UCorner_Polished_8x4_C,docs_a81d250e96aa,local_game_docs_en_us
Recipe_JumpPadAdjustable_C,Jump Pad,Desc_JumpPadAdjustable_C,,1,3,(),BlueprintGeneratedClass /Game/FactoryGame/Recipes/Buildings/Recipe_JumpPadAdjustable.Recipe_JumpPadAdjustable_C,docs_a81d250e96aa,local_game_docs_en_us
Recipe_Ladder_C,Ladder,Desc_Ladder_C,,1,1,(),BlueprintGeneratedClass /Game/FactoryGame/Recipes/Buildings/Ladder/Recipe_Ladder.Recipe_Ladder_C,docs_a81d250e96aa,local_game_docs_en_us
Recipe_LargeFan_C,Large Fan,Desc_LargeFan_C,,1,2,(),BlueprintGeneratedClass /Game/FactoryGame/Buildable/Building/Vent/Recipe_LargeFan.Recipe_LargeFan_C,docs_a81d250e96aa,local_game_docs_en_us
Recipe_LargeVent_C,Large Vent,Desc_LargeVent_C,,1,2,(),BlueprintGeneratedClass /Game/FactoryGame/Buildable/Building/Vent/Recipe_LargeVent.Recipe_LargeVent_C,docs_a81d250e96aa,local_game_docs_en_us
Recipe_LightsControlPanel_C,Light Control Panel,Desc_LightsControlPanel_C,,1,3,(),BlueprintGeneratedClass /Game/FactoryGame/Recipes/Buildings/Recipe_LightsControlPanel.Recipe_LightsControlPanel_C,docs_a81d250e96aa,local_game_docs_en_us
Recipe_Locomotive_C,Electric Locomotive,Desc_Locomotive_C,Electric Locomotive,1,5,(),BlueprintGeneratedClass /Game/FactoryGame/Recipes/Vehicle/Train/Recipe_Locomotive.Recipe_Locomotive_C,docs_a81d250e96aa,local_game_docs_en_us
Recipe_LookoutTower_C,Lookout Tower,Desc_LookoutTower_C,,1,2,(),BlueprintGeneratedClass /Game/FactoryGame/Recipes/Buildings/Recipe_LookoutTower.Recipe_LookoutTower_C,docs_a81d250e96aa,local_game_docs_en_us
Recipe_Mam_C,MAM,Desc_Mam_C,,1,3,(),BlueprintGeneratedClass /Game/FactoryGame/Recipes/Buildings/Recipe_Mam.Recipe_Mam_C,docs_a81d250e96aa,local_game_docs_en_us
Recipe_ManufacturerMk1_C,Manufacturer,Desc_ManufacturerMk1_C,,1,4,(),BlueprintGeneratedClass /Game/FactoryGame/Recipes/Buildings/Recipe_ManufacturerMk1.Recipe_ManufacturerMk1_C,docs_a81d250e96aa,local_game_docs_en_us
Recipe_MinerMk1_C,Miner Mk.1,Desc_MinerMk1_C,,1,3,(),BlueprintGeneratedClass /Game/FactoryGame/Recipes/Buildings/Recipe_MinerMk1.Recipe_MinerMk1_C,docs_a81d250e96aa,local_game_docs_en_us
Recipe_MinerMk2_C,Miner Mk.2,Desc_MinerMk2_C,,1,4,(),BlueprintGeneratedClass /Game/FactoryGame/Recipes/Buildings/Recipe_MinerMk2.Recipe_MinerMk2_C,docs_a81d250e96aa,local_game_docs_en_us
Recipe_MinerMk3_C,Miner Mk.3,Desc_MinerMk3_C,,1,5,(),BlueprintGeneratedClass /Game/FactoryGame/Recipes/Buildings/Recipe_MinerMk3.Recipe_MinerMk3_C,docs_a81d250e96aa,local_game_docs_en_us
Recipe_OilPump_C,Oil Extractor,Desc_OilPump_C,,1,3,(),BlueprintGeneratedClass /Game/FactoryGame/Recipes/Buildings/Recipe_OilPump.Recipe_OilPump_C,docs_a81d250e96aa,local_game_docs_en_us
Recipe_OilRefinery_C,Refinery,Desc_OilRefinery_C,,1,4,(),BlueprintGeneratedClass /Game/FactoryGame/Recipes/Buildings/Recipe_OilRefinery.Recipe_OilRefinery_C,docs_a81d250e96aa,local_game_docs_en_us
Recipe_Packager_C,Packager,Desc_Packager_C,,1,3,(),BlueprintGeneratedClass /Game/FactoryGame/Recipes/Buildings/Recipe_Packager.Recipe_Packager_C,docs_a81d250e96aa,local_game_docs_en_us
Recipe_PillarBase_C,Big Pillar Support,Desc_PillarBase_C,,1,1,(),BlueprintGeneratedClass /Game/FactoryGame/Recipes/Buildings/Foundations/Recipe_PillarBase.Recipe_PillarBase_C,docs_a81d250e96aa,local_game_docs_en_us
Recipe_PillarBase_Small_C,Small Pillar Support,Desc_PillarBase_Small_C,,1,1,(),BlueprintGeneratedClass /Game/FactoryGame/Buildable/Building/Pillars/Recipe_PillarBase_Small.Recipe_PillarBase_Small_C,docs_a81d250e96aa,local_game_docs_en_us
Recipe_PillarMiddle_C,Big Metal Pillar,Desc_PillarMiddle_C,,1,2,(),BlueprintGeneratedClass /Game/FactoryGame/Recipes/Buildings/Foundations/Recipe_PillarMiddle.Recipe_PillarMiddle_C,docs_a81d250e96aa,local_game_docs_en_us
Recipe_PillarMiddle_Concrete_C,Big Concrete Pillar,Desc_PillarMiddle_Concrete_C,,1,1,(),BlueprintGeneratedClass /Game/FactoryGame/Recipes/Buildings/Foundations/Recipe_PillarMiddle_Concrete.Recipe_PillarMiddle_Concrete_C,docs_a81d250e96aa,local_game_docs_en_us
Recipe_PillarMiddle_Frame_C,Big Frame Pillar,Desc_PillarMiddle_Frame_C,,1,1,(),BlueprintGeneratedClass /Game/FactoryGame/Recipes/Buildings/Foundations/Recipe_PillarMiddle_Frame.Recipe_PillarMiddle_Frame_C,docs_a81d250e96aa,local_game_docs_en_us
Recipe_Pillar_Small_Concrete_C,Small Concrete Pillar,Desc_Pillar_Small_Concrete_C,,1,1,(),BlueprintGeneratedClass /Game/FactoryGame/Buildable/Building/Pillars/Recipe_Pillar_Small_Concrete.Recipe_Pillar_Small_Concrete_C,docs_a81d250e96aa,local_game_docs_en_us
Recipe_Pillar_Small_Frame_C,Small Frame Pillar,Desc_Pillar_Small_Frame_C,,1,1,(),BlueprintGeneratedClass /Game/FactoryGame/Buildable/Building/Pillars/Recipe_Pillar_Small_Frame.Recipe_Pillar_Small_Frame_C,docs_a81d250e96aa,local_game_docs_en_us
Recipe_Pillar_Small_Metal_C,Small Metal Pillar,Desc_Pillar_Small_Metal_C,,1,2,(),BlueprintGeneratedClass /Game/FactoryGame/Buildable/Building/Pillars/Recipe_Pillar_Small_Metal.Recipe_Pillar_Small_Metal_C,docs_a81d250e96aa,local_game_docs_en_us
Recipe_PipeHyperStart_C,Hypertube Entrance,Desc_PipeHyperStart_C,,1,3,(),BlueprintGeneratedClass /Game/FactoryGame/Recipe_PipeHyperStart.Recipe_PipeHyperStart_C,docs_a81d250e96aa,local_game_docs_en_us
Recipe_PipeHyperSupport_C,Hypertube Support,Desc_PipeHyperSupport_C,,1,2,(),BlueprintGeneratedClass /Game/FactoryGame/Recipes/Buildings/Recipe_PipeHyperSupport.Recipe_PipeHyperSupport_C,docs_a81d250e96aa,local_game_docs_en_us
Recipe_PipeHyper_C,Hypertube,Desc_PipeHyper_C,,1,2,(),BlueprintGeneratedClass /Game/FactoryGame/Recipes/Buildings/Recipe_PipeHyper.Recipe_PipeHyper_C,docs_a81d250e96aa,local_game_docs_en_us
Recipe_PipeStorageTank_C,Fluid Buffer,Desc_PipeStorageTank_C,,1,2,(),BlueprintGeneratedClass /Game/FactoryGame/Recipes/Buildings/Recipe_PipeStorageTank.Recipe_PipeStorageTank_C,docs_a81d250e96aa,local_game_docs_en_us
Recipe_PipeSupportStackable_C,Stackable Pipeline Support,Desc_PipeSupportStackable_C,,1,3,(),BlueprintGeneratedClass /Game/FactoryGame/Recipes/Buildings/Recipe_PipeSupportStackable.Recipe_PipeSupportStackable_C,docs_a81d250e96aa,local_game_docs_en_us
Recipe_PipeSupportWallHole_C,Pipeline Wall Hole,Desc_PipelineSupportWallHole_C,,1,3,(),BlueprintGeneratedClass /Game/FactoryGame/Recipes/Buildings/Recipe_PipeSupportWallHole.Recipe_PipeSupportWallHole_C,docs_a81d250e96aa,local_game_docs_en_us
Recipe_PipeSupportWall_C,Pipeline Wall Support,Desc_PipelineSupportWall_C,,1,3,(),BlueprintGeneratedClass /Game/FactoryGame/Recipes/Buildings/Recipe_PipeSupportWall.Recipe_PipeSupportWall_C,docs_a81d250e96aa,local_game_docs_en_us
Recipe_PipeSupport_C,Pipeline Support,Desc_PipelineSupport_C,,1,2,(),BlueprintGeneratedClass /Game/FactoryGame/Recipes/Buildings/Recipe_PipeSupport.Recipe_PipeSupport_C,docs_a81d250e96aa,local_game_docs_en_us
Recipe_PipelineJunction_Cross_C,Pipeline Junction,Desc_PipelineJunction_Cross_C,,1,1,(),BlueprintGeneratedClass /Game/FactoryGame/Recipes/Buildings/Recipe_PipelineJunction_Cross.Recipe_PipelineJunction_Cross_C,docs_a81d250e96aa,local_game_docs_en_us
Recipe_PipelineJunction_T_C,Pipeline T-Junction,Desc_PipelineJunction_T_C,,1,1,(),BlueprintGeneratedClass /Game/FactoryGame/Recipes/Buildings/Recipe_PipelineJunction_T.Recipe_PipelineJunction_T_C,docs_a81d250e96aa,local_game_docs_en_us
Recipe_PipelineMK2_C,Pipeline Mk.2,Desc_PipelineMK2_C,,1,2,(),BlueprintGeneratedClass /Game/FactoryGame/Recipes/Buildings/Recipe_PipelineMK2.Recipe_PipelineMK2_C,docs_a81d250e96aa,local_game_docs_en_us
Recipe_PipelineMK2_NoIndicator_C,Clean Pipeline Mk.2,Desc_PipelineMK2_NoIndicator_C,,1,2,(),BlueprintGeneratedClass /Game/FactoryGame/Recipes/Buildings/Recipe_PipelineMK2_NoIndicator.Recipe_PipelineMK2_NoIndicator_C,docs_a81d250e96aa,local_game_docs_en_us
Recipe_PipelinePumpMK2_C,Pipeline Pump Mk.2,,,0,3,(),BlueprintGeneratedClass /Game/FactoryGame/Recipes/Buildings/Recipe_PipelinePumpMK2.Recipe_PipelinePumpMK2_C,docs_a81d250e96aa,local_game_docs_en_us
Recipe_PipelinePump_C,Pipeline Pump Mk.1,Desc_PipelinePump_C,,1,2,(),BlueprintGeneratedClass /Game/FactoryGame/Recipes/Buildings/Recipe_PipelinePump.Recipe_PipelinePump_C,docs_a81d250e96aa,local_game_docs_en_us
Recipe_Pipeline_C,Pipeline Mk.1,Desc_Pipeline_C,,1,1,(),BlueprintGeneratedClass /Game/FactoryGame/Recipes/Buildings/Recipe_Pipeline.Recipe_Pipeline_C,docs_a81d250e96aa,local_game_docs_en_us
Recipe_Pipeline_NoIndicator_C,Clean Pipeline Mk.1,Desc_Pipeline_NoIndicator_C,,1,1,(),BlueprintGeneratedClass /Game/FactoryGame/Recipes/Buildings/Recipe_Pipeline_NoIndicator.Recipe_Pipeline_NoIndicator_C,docs_a81d250e96aa,local_game_docs_en_us
Recipe_PortalPotty_C,SPWN,Desc_PortalPotty_C,,1,4,(),BlueprintGeneratedClass /Game/FactoryGame/Buildable/Factory/PortalPotty/Recipe_PortalPotty.Recipe_PortalPotty_C,docs_a81d250e96aa,local_game_docs_en_us
Recipe_PortalSatellite_C,Satellite Portal,Desc_PortalSatellite_C,,1,4,(),BlueprintGeneratedClass /Game/FactoryGame/Recipes/Buildings/Recipe_PortalSatellite.Recipe_PortalSatellite_C,docs_a81d250e96aa,local_game_docs_en_us
Recipe_Portal_C,Main Portal,Desc_Portal_C,,1,5,(),BlueprintGeneratedClass /Game/FactoryGame/Recipes/Buildings/Recipe_Portal.Recipe_Portal_C,docs_a81d250e96aa,local_game_docs_en_us
Recipe_PowerLine_C,Power Line,Desc_PowerLine_C,,1,1,(),BlueprintGeneratedClass /Game/FactoryGame/Recipes/Buildings/Recipe_PowerLine.Recipe_PowerLine_C,docs_a81d250e96aa,local_game_docs_en_us
Recipe_PowerPoleMk1_C,Power Pole Mk.1,Desc_PowerPoleMk1_C,,1,3,(),BlueprintGeneratedClass /Game/FactoryGame/Recipes/Buildings/Recipe_PowerPoleMk1.Recipe_PowerPoleMk1_C,docs_a81d250e96aa,local_game_docs_en_us
Recipe_PowerPoleMk2_C,Power Pole Mk.2,Desc_PowerPoleMk2_C,,1,3,(),BlueprintGeneratedClass /Game/FactoryGame/Recipes/Buildings/Recipe_PowerPoleMk2.Recipe_PowerPoleMk2_C,docs_a81d250e96aa,local_game_docs_en_us
Recipe_PowerPoleMk3_C,Power Pole Mk.3,Desc_PowerPoleMk3_C,,1,3,(),BlueprintGeneratedClass /Game/FactoryGame/Recipes/Buildings/Recipe_PowerPoleMk3.Recipe_PowerPoleMk3_C,docs_a81d250e96aa,local_game_docs_en_us
Recipe_PowerPoleWallDoubleMk2_C,Double Wall Outlet Mk.2,Desc_PowerPoleWallDoubleMk2_C,,1,2,(),BlueprintGeneratedClass /Game/FactoryGame/Recipes/Buildings/Recipe_PowerPoleWallDoubleMk2.Recipe_PowerPoleWallDoubleMk2_C,docs_a81d250e96aa,local_game_docs_en_us
Recipe_PowerPoleWallDoubleMk3_C,Double Wall Outlet Mk.3,Desc_PowerPoleWallDoubleMk3_C,,1,2,(),BlueprintGeneratedClass /Game/FactoryGame/Recipes/Buildings/Recipe_PowerPoleWallDoubleMk3.Recipe_PowerPoleWallDoubleMk3_C,docs_a81d250e96aa,local_game_docs_en_us
Recipe_PowerPoleWallDouble_C,Double Wall Outlet Mk.1,Desc_PowerPoleWallDouble_C,,1,2,(),BlueprintGeneratedClass /Game/FactoryGame/Recipes/Buildings/Recipe_PowerPoleWallDouble.Recipe_PowerPoleWallDouble_C,docs_a81d250e96aa,local_game_docs_en_us
Recipe_PowerPoleWallMk2_C,Wall Outlet Mk.2,Desc_PowerPoleWallMk2_C,,1,2,(),BlueprintGeneratedClass /Game/FactoryGame/Recipes/Buildings/Recipe_PowerPoleWallMk2.Recipe_PowerPoleWallMk2_C,docs_a81d250e96aa,local_game_docs_en_us
Recipe_PowerPoleWallMk3_C,Wall Outlet Mk.3,Desc_PowerPoleWallMk3_C,,1,2,(),BlueprintGeneratedClass /Game/FactoryGame/Recipes/Buildings/Recipe_PowerPoleWallMk3.Recipe_PowerPoleWallMk3_C,docs_a81d250e96aa,local_game_docs_en_us
Recipe_PowerPoleWall_C,Wall Outlet Mk.1,Desc_PowerPoleWall_C,,1,2,(),BlueprintGeneratedClass /Game/FactoryGame/Recipes/Buildings/Recipe_PowerPoleWall.Recipe_PowerPoleWall_C,docs_a81d250e96aa,local_game_docs_en_us
Recipe_PowerStorageMk1_C,Power Storage,Desc_PowerStorageMk1_C,,1,3,(),BlueprintGeneratedClass /Game/FactoryGame/Recipes/Buildings/Recipe_PowerStorageMk1.Recipe_PowerStorageMk1_C,docs_a81d250e96aa,local_game_docs_en_us
Recipe_PowerSwitch_C,Power Switch,Desc_PowerSwitch_C,,1,3,(),BlueprintGeneratedClass /Game/FactoryGame/Recipes/Buildings/Recipe_PowerSwitch.Recipe_PowerSwitch_C,docs_a81d250e96aa,local_game_docs_en_us
Recipe_PowerTowerPlatform_C,Power Tower Platform,Desc_PowerTowerPlatform_C,,1,3,(),BlueprintGeneratedClass /Game/FactoryGame/Recipes/Buildings/Recipe_PowerTowerPlatform.Recipe_PowerTowerPlatform_C,docs_a81d250e96aa,local_game_docs_en_us
Recipe_PowerTower_C,Power Tower,Desc_PowerTower_C,,1,3,(),BlueprintGeneratedClass /Game/FactoryGame/Recipes/Buildings/Recipe_PowerTower.Recipe_PowerTower_C,docs_a81d250e96aa,local_game_docs_en_us
Recipe_PriorityPowerSwitch_C,Priority Power Switch,Desc_PriorityPowerSwitch_C,,1,3,(),BlueprintGeneratedClass /Game/FactoryGame/Recipes/Buildings/Recipe_PriorityPowerSwitch.Recipe_PriorityPowerSwitch_C,docs_a81d250e96aa,local_game_docs_en_us
Recipe_QuantumEncoder_C,Quantum Encoder,Desc_QuantumEncoder_C,,1,5,(),BlueprintGeneratedClass /Game/FactoryGame/Recipes/Buildings/Recipe_QuantumEncoder.Recipe_QuantumEncoder_C,docs_a81d250e96aa,local_game_docs_en_us
Recipe_QuarterPipeCorner_01_C,Inner Corner Quarter Pipe,Desc_QuarterPipeCorner_01_C,,1,1,(),BlueprintGeneratedClass /Game/FactoryGame/Recipes/Buildings/Foundations/Recipe_QuarterPipeCorner_01.Recipe_QuarterPipeCorner_01_C,docs_a81d250e96aa,local_game_docs_en_us
Recipe_QuarterPipeCorner_02_C,Inverted Inner Corner Quarter Pipe,Desc_QuarterPipeCorner_02_C,,1,1,(),BlueprintGeneratedClass /Game/FactoryGame/Recipes/Buildings/Foundations/Recipe_QuarterPipeCorner_02.Recipe_QuarterPipeCorner_02_C,docs_a81d250e96aa,local_game_docs_en_us
Recipe_QuarterPipeCorner_03_C,Outer Corner Quarter Pipe,Desc_QuarterPipeCorner_03_C,,1,1,(),BlueprintGeneratedClass /Game/FactoryGame/Recipes/Buildings/Foundations/Recipe_QuarterPipeCorner_03.Recipe_QuarterPipeCorner_03_C,docs_a81d250e96aa,local_game_docs_en_us
Recipe_QuarterPipeCorner_04_C,Inverted Outer Corner Quarter Pipe,Desc_QuarterPipeCorner_04_C,,1,1,(),BlueprintGeneratedClass /Game/FactoryGame/Recipes/Buildings/Foundations/Recipe_QuarterPipeCorner_04.Recipe_QuarterPipeCorner_04_C,docs_a81d250e96aa,local_game_docs_en_us
Recipe_QuarterPipeInCorner_Asphalt_8x4_C,Inner Corner Quarter Pipe,Desc_QuarterPipeInCorner_Asphalt_8x4_C,,1,1,(),BlueprintGeneratedClass /Game/FactoryGame/Buildable/Building/Foundation/AsphaltSet/Recipe_QuarterPipeInCorner_Asphalt_8x4.Recipe_QuarterPipeInCorner_Asphalt_8x4_C,docs_a81d250e96aa,local_game_docs_en_us
Recipe_QuarterPipeInCorner_ConcretePolished_8x4_C,Inner Corner Quarter Pipe,Desc_QuarterPipeInCorner_ConcretePolished_8x4_C,,1,1,(),BlueprintGeneratedClass /Game/FactoryGame/Buildable/Building/Foundation/PolishedConcreteSet/Recipe_QuarterPipeInCorner_ConcretePolished_8x4.Recipe_QuarterPipeInCorner_ConcretePolished_8x4_C,docs_a81d250e96aa,local_game_docs_en_us
Recipe_QuarterPipeInCorner_Concrete_8x4_C,Inner Corner Quarter Pipe,Desc_QuarterPipeInCorner_Concrete_8x4_C,,1,1,(),BlueprintGeneratedClass /Game/FactoryGame/Buildable/Building/Foundation/ConcreteSet/Recipe_QuarterPipeInCorner_Concrete_8x4.Recipe_QuarterPipeInCorner_Concrete_8x4_C,docs_a81d250e96aa,local_game_docs_en_us
Recipe_QuarterPipeInCorner_Grip_8x4_C,Inner Corner Quarter Pipe,Desc_QuarterPipeInCorner_Grip_8x4_C,,1,1,(),BlueprintGeneratedClass /Game/FactoryGame/Buildable/Building/Foundation/GripMetal/Recipe_QuarterPipeInCorner_Grip_8x4.Recipe_QuarterPipeInCorner_Grip_8x4_C,docs_a81d250e96aa,local_game_docs_en_us
Recipe_QuarterPipeMiddleInCorner_Asphalt_8x1_C,Inner Corner Extension (1 m),Desc_QuarterPipeMiddleInCorner_Asphalt_8x1_C,,1,1,(),BlueprintGeneratedClass /Game/FactoryGame/Buildable/Building/Foundation/AsphaltSet/Recipe_QuarterPipeMiddleInCorner_Asphalt_8x1.Recipe_QuarterPipeMiddleInCorner_Asphalt_8x1_C,docs_a81d250e96aa,local_game_docs_en_us
Recipe_QuarterPipeMiddleInCorner_Asphalt_8x2_C,Inner Corner Extension (2 m),Desc_QuarterPipeMiddleInCorner_Asphalt_8x2_C,,1,1,(),BlueprintGeneratedClass /Game/FactoryGame/Buildable/Building/Foundation/AsphaltSet/Recipe_QuarterPipeMiddleInCorner_Asphalt_8x2.Recipe_QuarterPipeMiddleInCorner_Asphalt_8x2_C,docs_a81d250e96aa,local_game_docs_en_us
Recipe_QuarterPipeMiddleInCorner_Asphalt_8x4_C,Inner Corner Extension (4 m),Desc_QuarterPipeMiddleInCorner_Asphalt_8x4_C,,1,1,(),BlueprintGeneratedClass /Game/FactoryGame/Buildable/Building/Foundation/AsphaltSet/Recipe_QuarterPipeMiddleInCorner_Asphalt_8x4.Recipe_QuarterPipeMiddleInCorner_Asphalt_8x4_C,docs_a81d250e96aa,local_game_docs_en_us
Recipe_QuarterPipeMiddleInCorner_Concrete_8x1_C,Inner Corner Extension (1 m),Desc_QuarterPipeMiddleInCorner_Concrete_8x1_C,,1,1,(),BlueprintGeneratedClass /Game/FactoryGame/Buildable/Building/Foundation/ConcreteSet/Recipe_QuarterPipeMiddleInCorner_Concrete_8x1.Recipe_QuarterPipeMiddleInCorner_Concrete_8x1_C,docs_a81d250e96aa,local_game_docs_en_us
Recipe_QuarterPipeMiddleInCorner_Concrete_8x2_C,Inner Corner Extension (2 m),Desc_QuarterPipeMiddleInCorner_Concrete_8x2_C,,1,1,(),BlueprintGeneratedClass /Game/FactoryGame/Buildable/Building/Foundation/ConcreteSet/Recipe_QuarterPipeMiddleInCorner_Concrete_8x2.Recipe_QuarterPipeMiddleInCorner_Concrete_8x2_C,docs_a81d250e96aa,local_game_docs_en_us
Recipe_QuarterPipeMiddleInCorner_Concrete_8x4_C,Inner Corner Extension (4 m),Desc_QuarterPipeMiddleInCorner_Concrete_8x4_C,,1,1,(),BlueprintGeneratedClass /Game/FactoryGame/Buildable/Building/Foundation/ConcreteSet/Recipe_QuarterPipeMiddleInCorner_Concrete_8x4.Recipe_QuarterPipeMiddleInCorner_Concrete_8x4_C,docs_a81d250e96aa,local_game_docs_en_us
Recipe_QuarterPipeMiddleInCorner_Ficsit_8x1_C,Inner Corner Extension (1 m),Desc_QuarterPipeMiddleInCorner_Ficsit_8x1_C,,1,1,(),BlueprintGeneratedClass /Game/FactoryGame/Buildable/Building/Foundation/FicsitSet/Recipe_QuarterPipeMiddleInCorner_Ficsit_8x1.Recipe_QuarterPipeMiddleInCorner_Ficsit_8x1_C,docs_a81d250e96aa,local_game_docs_en_us
Recipe_QuarterPipeMiddleInCorner_Ficsit_8x2_C,Inner Corner Extension (2 m),Desc_QuarterPipeMiddleInCorner_Ficsit_8x2_C,,1,1,(),BlueprintGeneratedClass /Game/FactoryGame/Buildable/Building/Foundation/FicsitSet/Recipe_QuarterPipeMiddleInCorner_Ficsit_8x2.Recipe_QuarterPipeMiddleInCorner_Ficsit_8x2_C,docs_a81d250e96aa,local_game_docs_en_us
Recipe_QuarterPipeMiddleInCorner_Ficsit_8x4_C,Inner Corner Extension (4 m),Desc_QuarterPipeMiddleInCorner_Ficsit_8x4_C,,1,1,(),BlueprintGeneratedClass /Game/FactoryGame/Buildable/Building/Foundation/FicsitSet/Recipe_QuarterPipeMiddleInCorner_Ficsit_8x4.Recipe_QuarterPipeMiddleInCorner_Ficsit_8x4_C,docs_a81d250e96aa,local_game_docs_en_us
Recipe_QuarterPipeMiddleInCorner_Grip_8x1_C,Inner Corner Extension (1 m),Desc_QuarterPipeMiddleInCorner_Grip_8x1_C,,1,1,(),BlueprintGeneratedClass /Game/FactoryGame/Buildable/Building/Foundation/GripMetal/Recipe_QuarterPipeMiddleInCorner_Grip_8x1.Recipe_QuarterPipeMiddleInCorner_Grip_8x1_C,docs_a81d250e96aa,local_game_docs_en_us
Recipe_QuarterPipeMiddleInCorner_Grip_8x2_C,Inner Corner Extension (2 m),Desc_QuarterPipeMiddleInCorner_Grip_8x2_C,,1,1,(),BlueprintGeneratedClass /Game/FactoryGame/Buildable/Building/Foundation/GripMetal/Recipe_QuarterPipeMiddleInCorner_Grip_8x2.Recipe_QuarterPipeMiddleInCorner_Grip_8x2_C,docs_a81d250e96aa,local_game_docs_en_us
Recipe_QuarterPipeMiddleInCorner_Grip_8x4_C,Inner Corner Extension (4 m),Desc_QuarterPipeMiddleInCorner_Grip_8x4_C,,1,1,(),BlueprintGeneratedClass /Game/FactoryGame/Buildable/Building/Foundation/GripMetal/Recipe_QuarterPipeMiddleInCorner_Grip_8x4.Recipe_QuarterPipeMiddleInCorner_Grip_8x4_C,docs_a81d250e96aa,local_game_docs_en_us
Recipe_QuarterPipeMiddleInCorner_PolishedConcrete_8x1_C,Inner Corner Extension (1 m),Desc_QuarterPipeMiddleInCorner_PolishedConcrete_8x1_C,,1,1,(),BlueprintGeneratedClass /Game/FactoryGame/Buildable/Building/Foundation/PolishedConcreteSet/Recipe_QuarterPipeMiddleInCorner_PolishedConcrete_8x1.Recipe_QuarterPipeMiddleInCorner_PolishedConcrete_8x1_C,docs_a81d250e96aa,local_game_docs_en_us
Recipe_QuarterPipeMiddleInCorner_PolishedConcrete_8x2_C,Inner Corner Extension (2 m),Desc_QuarterPipeMiddleInCorner_PolishedConcrete_8x2_C,,1,1,(),BlueprintGeneratedClass /Game/FactoryGame/Buildable/Building/Foundation/PolishedConcreteSet/Recipe_QuarterPipeMiddleInCorner_PolishedConcrete_8x2.Recipe_QuarterPipeMiddleInCorner_PolishedConcrete_8x2_C,docs_a81d250e96aa,local_game_docs_en_us
Recipe_QuarterPipeMiddleInCorner_PolishedConcrete_8x4_C,Inner Corner Extension (4 m),Desc_QuarterPipeMiddleInCorner_PolishedConcrete_8x4_C,,1,1,(),BlueprintGeneratedClass /Game/FactoryGame/Buildable/Building/Foundation/PolishedConcreteSet/Recipe_QuarterPipeMiddleInCorner_PolishedConcrete_8x4.Recipe_QuarterPipeMiddleInCorner_PolishedConcrete_8x4_C,docs_a81d250e96aa,local_game_docs_en_us
Recipe_QuarterPipeMiddleOutCorner_Asphalt_4x1_C,Outer Corner Extension (1 m),Desc_QuarterPipeMiddleOutCorner_Asphalt_4x1_C,,1,1,(),BlueprintGeneratedClass /Game/FactoryGame/Buildable/Building/Foundation/AsphaltSet/Recipe_QuarterPipeMiddleOutCorner_Asphalt_4x1.Recipe_QuarterPipeMiddleOutCorner_Asphalt_4x1_C,docs_a81d250e96aa,local_game_docs_en_us
Recipe_QuarterPipeMiddleOutCorner_Asphalt_4x2_C,Outer Corner Extension (2 m),Desc_QuarterPipeMiddleOutCorner_Asphalt_4x2_C,,1,1,(),BlueprintGeneratedClass /Game/FactoryGame/Buildable/Building/Foundation/AsphaltSet/Recipe_QuarterPipeMiddleOutCorner_Asphalt_4x2.Recipe_QuarterPipeMiddleOutCorner_Asphalt_4x2_C,docs_a81d250e96aa,local_game_docs_en_us
Recipe_QuarterPipeMiddleOutCorner_Asphalt_4x4_C,Outer Corner Extension (4 m),Desc_QuarterPipeMiddleOutCorner_Asphalt_4x4_C,,1,1,(),BlueprintGeneratedClass /Game/FactoryGame/Buildable/Building/Foundation/AsphaltSet/Recipe_QuarterPipeMiddleOutCorner_Asphalt_4x4.Recipe_QuarterPipeMiddleOutCorner_Asphalt_4x4_C,docs_a81d250e96aa,local_game_docs_en_us
Recipe_QuarterPipeMiddleOutCorner_Concrete_4x1_C,Outer Corner Extension (1 m),Desc_QuarterPipeMiddleOutCorner_Concrete_4x1_C,,1,1,(),BlueprintGeneratedClass /Game/FactoryGame/Buildable/Building/Foundation/ConcreteSet/Recipe_QuarterPipeMiddleOutCorner_Concrete_4x1.Recipe_QuarterPipeMiddleOutCorner_Concrete_4x1_C,docs_a81d250e96aa,local_game_docs_en_us
Recipe_QuarterPipeMiddleOutCorner_Concrete_4x2_C,Outer Corner Extension (2 m),Desc_QuarterPipeMiddleOutCorner_Concrete_4x2_C,,1,1,(),BlueprintGeneratedClass /Game/FactoryGame/Buildable/Building/Foundation/ConcreteSet/Recipe_QuarterPipeMiddleOutCorner_Concrete_4x2.Recipe_QuarterPipeMiddleOutCorner_Concrete_4x2_C,docs_a81d250e96aa,local_game_docs_en_us
Recipe_QuarterPipeMiddleOutCorner_Concrete_4x4_C,Outer Corner Extension (4 m),Desc_QuarterPipeMiddleOutCorner_Concrete_4x4_C,,1,1,(),BlueprintGeneratedClass /Game/FactoryGame/Buildable/Building/Foundation/ConcreteSet/Recipe_QuarterPipeMiddleOutCorner_Concrete_4x4.Recipe_QuarterPipeMiddleOutCorner_Concrete_4x4_C,docs_a81d250e96aa,local_game_docs_en_us
Recipe_QuarterPipeMiddleOutCorner_Ficsit_4x1_C,Outer Corner Extension (1 m),Desc_QuarterPipeMiddleOutCorner_Ficsit_4x1_C,,1,1,(),BlueprintGeneratedClass /Game/FactoryGame/Buildable/Building/Foundation/FicsitSet/Recipe_QuarterPipeMiddleOutCorner_Ficsit_4x1.Recipe_QuarterPipeMiddleOutCorner_Ficsit_4x1_C,docs_a81d250e96aa,local_game_docs_en_us
Recipe_QuarterPipeMiddleOutCorner_Ficsit_4x2_C,Outer Corner Extension (2 m),Desc_QuarterPipeMiddleOutCorner_Ficsit_4x2_C,,1,1,(),BlueprintGeneratedClass /Game/FactoryGame/Buildable/Building/Foundation/FicsitSet/Recipe_QuarterPipeMiddleOutCorner_Ficsit_4x2.Recipe_QuarterPipeMiddleOutCorner_Ficsit_4x2_C,docs_a81d250e96aa,local_game_docs_en_us
Recipe_QuarterPipeMiddleOutCorner_Ficsit_4x4_C,Outer Corner Extension (4 m),Desc_QuarterPipeMiddleOutCorner_Ficsit_4x4_C,,1,1,(),BlueprintGeneratedClass /Game/FactoryGame/Buildable/Building/Foundation/FicsitSet/Recipe_QuarterPipeMiddleOutCorner_Ficsit_4x4.Recipe_QuarterPipeMiddleOutCorner_Ficsit_4x4_C,docs_a81d250e96aa,local_game_docs_en_us
Recipe_QuarterPipeMiddleOutCorner_Grip_4x1_C,Outer Corner Extension (1 m),Desc_QuarterPipeMiddleOutCorner_Grip_4x1_C,,1,1,(),BlueprintGeneratedClass /Game/FactoryGame/Buildable/Building/Foundation/GripMetal/Recipe_QuarterPipeMiddleOutCorner_Grip_4x1.Recipe_QuarterPipeMiddleOutCorner_Grip_4x1_C,docs_a81d250e96aa,local_game_docs_en_us
Recipe_QuarterPipeMiddleOutCorner_Grip_4x2_C,Outer Corner Extension (2 m),Desc_QuarterPipeMiddleOutCorner_Grip_4x2_C,,1,1,(),BlueprintGeneratedClass /Game/FactoryGame/Buildable/Building/Foundation/GripMetal/Recipe_QuarterPipeMiddleOutCorner_Grip_4x2.Recipe_QuarterPipeMiddleOutCorner_Grip_4x2_C,docs_a81d250e96aa,local_game_docs_en_us
Recipe_QuarterPipeMiddleOutCorner_Grip_4x4_C,Outer Corner Extension (4 m),Desc_QuarterPipeMiddleOutCorner_Grip_4x4_C,,1,1,(),BlueprintGeneratedClass /Game/FactoryGame/Buildable/Building/Foundation/GripMetal/Recipe_QuarterPipeMiddleOutCorner_Grip_4x4.Recipe_QuarterPipeMiddleOutCorner_Grip_4x4_C,docs_a81d250e96aa,local_game_docs_en_us
Recipe_QuarterPipeMiddleOutCorner_PolishedConcrete_4x1_C,Outer Corner Extension (1 m),Desc_QuarterPipeMiddleOutCorner_PolishedConcrete_4x1_C,,1,1,(),BlueprintGeneratedClass /Game/FactoryGame/Buildable/Building/Foundation/PolishedConcreteSet/Recipe_QuarterPipeMiddleOutCorner_PolishedConcrete_4x1.Recipe_QuarterPipeMiddleOutCorner_PolishedConcrete_4x1_C,docs_a81d250e96aa,local_game_docs_en_us
Recipe_QuarterPipeMiddleOutCorner_PolishedConcrete_4x2_C,Outer Corner Extension (2 m),Desc_QuarterPipeMiddleOutCorner_PolishedConcrete_4x2_C,,1,1,(),BlueprintGeneratedClass /Game/FactoryGame/Buildable/Building/Foundation/PolishedConcreteSet/Recipe_QuarterPipeMiddleOutCorner_PolishedConcrete_4x2.Recipe_QuarterPipeMiddleOutCorner_PolishedConcrete_4x2_C,docs_a81d250e96aa,local_game_docs_en_us
Recipe_QuarterPipeMiddleOutCorner_PolishedConcrete_4x4_C,Outer Corner Extension (4 m),Desc_QuarterPipeMiddleOutCorner_PolishedConcrete_4x4_C,,1,1,(),BlueprintGeneratedClass /Game/FactoryGame/Buildable/Building/Foundation/PolishedConcreteSet/Recipe_QuarterPipeMiddleOutCorner_PolishedConcrete_4x4.Recipe_QuarterPipeMiddleOutCorner_PolishedConcrete_4x4_C,docs_a81d250e96aa,local_game_docs_en_us
Recipe_QuarterPipeMiddle_Asphalt_8x1_C,Half Foundation (1 m),Desc_QuarterPipeMiddle_Asphalt_8x1_C,,1,1,(),BlueprintGeneratedClass /Game/FactoryGame/Buildable/Building/Foundation/AsphaltSet/Recipe_QuarterPipeMiddle_Asphalt_8x1.Recipe_QuarterPipeMiddle_Asphalt_8x1_C,docs_a81d250e96aa,local_game_docs_en_us
Recipe_QuarterPipeMiddle_Asphalt_8x2_C,Half Foundation (2 m),Desc_QuarterPipeMiddle_Asphalt_8x2_C,,1,1,(),BlueprintGeneratedClass /Game/FactoryGame/Buildable/Building/Foundation/AsphaltSet/Recipe_QuarterPipeMiddle_Asphalt_8x2.Recipe_QuarterPipeMiddle_Asphalt_8x2_C,docs_a81d250e96aa,local_game_docs_en_us
Recipe_QuarterPipeMiddle_Asphalt_8x4_C,Half Foundation (4 m),Desc_QuarterPipeMiddle_Asphalt_8x4_C,,1,1,(),BlueprintGeneratedClass /Game/FactoryGame/Buildable/Building/Foundation/AsphaltSet/Recipe_QuarterPipeMiddle_Asphalt_8x4.Recipe_QuarterPipeMiddle_Asphalt_8x4_C,docs_a81d250e96aa,local_game_docs_en_us
Recipe_QuarterPipeMiddle_Concrete_8x1_C,Half Foundation (1 m),Desc_QuarterPipeMiddle_Concrete_8x1_C,,1,1,(),BlueprintGeneratedClass /Game/FactoryGame/Buildable/Building/Foundation/ConcreteSet/Recipe_QuarterPipeMiddle_Concrete_8x1.Recipe_QuarterPipeMiddle_Concrete_8x1_C,docs_a81d250e96aa,local_game_docs_en_us
Recipe_QuarterPipeMiddle_Concrete_8x2_C,Half Foundation (2 m),Desc_QuarterPipeMiddle_Concrete_8x2_C,,1,1,(),BlueprintGeneratedClass /Game/FactoryGame/Buildable/Building/Foundation/ConcreteSet/Recipe_QuarterPipeMiddle_Concrete_8x2.Recipe_QuarterPipeMiddle_Concrete_8x2_C,docs_a81d250e96aa,local_game_docs_en_us
Recipe_QuarterPipeMiddle_Concrete_8x4_C,Half Foundation (4 m),Desc_QuarterPipeMiddle_Concrete_8x4_C,,1,1,(),BlueprintGeneratedClass /Game/FactoryGame/Buildable/Building/Foundation/ConcreteSet/Recipe_QuarterPipeMiddle_Concrete_8x4.Recipe_QuarterPipeMiddle_Concrete_8x4_C,docs_a81d250e96aa,local_game_docs_en_us
Recipe_QuarterPipeMiddle_Ficsit_4x1_C,Half Foundation (1 m),Desc_QuarterPipeMiddle_Ficsit_4x1_C,,1,1,(),BlueprintGeneratedClass /Game/FactoryGame/Buildable/Building/Foundation/FicsitSet/Recipe_QuarterPipeMiddle_Ficsit_4x1.Recipe_QuarterPipeMiddle_Ficsit_4x1_C,docs_a81d250e96aa,local_game_docs_en_us
Recipe_QuarterPipeMiddle_Ficsit_4x2_C,Half Foundation (2 m),Desc_QuarterPipeMiddle_Ficsit_4x2_C,,1,1,(),BlueprintGeneratedClass /Game/FactoryGame/Buildable/Building/Foundation/FicsitSet/Recipe_QuarterPipeMiddle_Ficsit_4x2.Recipe_QuarterPipeMiddle_Ficsit_4x2_C,docs_a81d250e96aa,local_game_docs_en_us
Recipe_QuarterPipeMiddle_Ficsit_4x4_C,Half Foundation (4 m),Desc_QuarterPipeMiddle_Ficsit_4x4_C,,1,1,(),BlueprintGeneratedClass /Game/FactoryGame/Buildable/Building/Foundation/FicsitSet/Recipe_QuarterPipeMiddle_Ficsit_4x4.Recipe_QuarterPipeMiddle_Ficsit_4x4_C,docs_a81d250e96aa,local_game_docs_en_us
Recipe_QuarterPipeMiddle_Grip_8x1_C,Half Foundation (1 m),Desc_QuarterPipeMiddle_Grip_8x1_C,,1,1,(),BlueprintGeneratedClass /Game/FactoryGame/Buildable/Building/Foundation/GripMetal/Recipe_QuarterPipeMiddle_Grip_8x1.Recipe_QuarterPipeMiddle_Grip_8x1_C,docs_a81d250e96aa,local_game_docs_en_us
Recipe_QuarterPipeMiddle_Grip_8x2_C,Half Foundation (2 m),Desc_QuarterPipeMiddle_Grip_8x2_C,,1,1,(),BlueprintGeneratedClass /Game/FactoryGame/Buildable/Building/Foundation/GripMetal/Recipe_QuarterPipeMiddle_Grip_8x2.Recipe_QuarterPipeMiddle_Grip_8x2_C,docs_a81d250e96aa,local_game_docs_en_us
Recipe_QuarterPipeMiddle_Grip_8x4_C,Half Foundation (4 m),Desc_QuarterPipeMiddle_Grip_8x4_C,,1,1,(),BlueprintGeneratedClass /Game/FactoryGame/Buildable/Building/Foundation/GripMetal/Recipe_QuarterPipeMiddle_Grip_8x4.Recipe_QuarterPipeMiddle_Grip_8x4_C,docs_a81d250e96aa,local_game_docs_en_us
Recipe_QuarterPipeMiddle_PolishedConcrete_8x1_C,Half Foundation (1 m),Desc_QuarterPipeMiddle_PolishedConcrete_8x1_C,,1,1,(),BlueprintGeneratedClass /Game/FactoryGame/Buildable/Building/Foundation/PolishedConcreteSet/Recipe_QuarterPipeMiddle_PolishedConcrete_8x1.Recipe_QuarterPipeMiddle_PolishedConcrete_8x1_C,docs_a81d250e96aa,local_game_docs_en_us
Recipe_QuarterPipeMiddle_PolishedConcrete_8x2_C,Half Foundation (2 m),Desc_QuarterPipeMiddle_PolishedConcrete_8x2_C,,1,1,(),BlueprintGeneratedClass /Game/FactoryGame/Buildable/Building/Foundation/PolishedConcreteSet/Recipe_QuarterPipeMiddle_PolishedConcrete_8x2.Recipe_QuarterPipeMiddle_PolishedConcrete_8x2_C,docs_a81d250e96aa,local_game_docs_en_us
Recipe_QuarterPipeMiddle_PolishedConcrete_8x4_C,Half Foundation (4 m),Desc_QuarterPipeMiddle_PolishedConcrete_8x4_C,,1,1,(),BlueprintGeneratedClass /Game/FactoryGame/Buildable/Building/Foundation/PolishedConcreteSet/Recipe_QuarterPipeMiddle_PolishedConcrete_8x4.Recipe_QuarterPipeMiddle_PolishedConcrete_8x4_C,docs_a81d250e96aa,local_game_docs_en_us
Recipe_QuarterPipeOutCorner_Asphalt_8x4_C,Outer Corner Quarter Pipe,Desc_QuarterPipeOutCorner_Asphalt_8x4_C,,1,1,(),BlueprintGeneratedClass /Game/FactoryGame/Buildable/Building/Foundation/AsphaltSet/Recipe_QuarterPipeOutCorner_Asphalt_8x4.Recipe_QuarterPipeOutCorner_Asphalt_8x4_C,docs_a81d250e96aa,local_game_docs_en_us
Recipe_QuarterPipeOutCorner_ConcretePolished_8x4_C,Outer Corner Quarter Pipe,Desc_QuarterPipeOutCorner_ConcretePolished_8x4_C,,1,1,(),BlueprintGeneratedClass /Game/FactoryGame/Buildable/Building/Foundation/PolishedConcreteSet/Recipe_QuarterPipeOutCorner_ConcretePolished_8x4.Recipe_QuarterPipeOutCorner_ConcretePolished_8x4_C,docs_a81d250e96aa,local_game_docs_en_us
Recipe_QuarterPipeOutCorner_Concrete_8x4_C,Outer Corner Quarter Pipe,Desc_QuarterPipeOutCorner_Concrete_8x4_C,,1,1,(),BlueprintGeneratedClass /Game/FactoryGame/Buildable/Building/Foundation/ConcreteSet/Recipe_QuarterPipeOutCorner_Concrete_8x4.Recipe_QuarterPipeOutCorner_Concrete_8x4_C,docs_a81d250e96aa,local_game_docs_en_us
Recipe_QuarterPipeOutCorner_Grip_8x4_C,Outer Corner Quarter Pipe,Desc_QuarterPipeOutCorner_Grip_8x4_C,,1,1,(),BlueprintGeneratedClass /Game/FactoryGame/Buildable/Building/Foundation/GripMetal/Recipe_QuarterPipeOutCorner_Grip_8x4.Recipe_QuarterPipeOutCorner_Grip_8x4_C,docs_a81d250e96aa,local_game_docs_en_us
Recipe_QuarterPipe_02_C,Inverted Quarter Pipe,Desc_QuarterPipe_02_C,,1,1,(),BlueprintGeneratedClass /Game/FactoryGame/Recipes/Buildings/Foundations/Recipe_QuarterPipe_02.Recipe_QuarterPipe_02_C,docs_a81d250e96aa,local_game_docs_en_us
Recipe_QuarterPipe_Asphalt_8x4_C,Quarter Pipe,Desc_QuarterPipe_Asphalt_8x4_C,,1,1,(),BlueprintGeneratedClass /Game/FactoryGame/Buildable/Building/Foundation/AsphaltSet/Recipe_QuarterPipe_Asphalt_8x4.Recipe_QuarterPipe_Asphalt_8x4_C,docs_a81d250e96aa,local_game_docs_en_us
Recipe_QuarterPipe_C,Quarter Pipe,Desc_QuarterPipe_C,,1,1,(),BlueprintGeneratedClass /Game/FactoryGame/Recipes/Buildings/Foundations/Recipe_QuarterPipe.Recipe_QuarterPipe_C,docs_a81d250e96aa,local_game_docs_en_us
Recipe_QuarterPipe_ConcretePolished_8x4_C,Quarter Pipe,Desc_QuarterPipe_ConcretePolished_8x4_C,,1,1,(),BlueprintGeneratedClass /Game/FactoryGame/Buildable/Building/Foundation/PolishedConcreteSet/Recipe_QuarterPipe_ConcretePolished_8x4.Recipe_QuarterPipe_ConcretePolished_8x4_C,docs_a81d250e96aa,local_game_docs_en_us
Recipe_QuarterPipe_Concrete_8x4_C,Quarter Pipe,Desc_QuarterPipe_Concrete_8x4_C,,1,1,(),BlueprintGeneratedClass /Game/FactoryGame/Buildable/Building/Foundation/ConcreteSet/Recipe_QuarterPipe_Concrete_8x4.Recipe_QuarterPipe_Concrete_8x4_C,docs_a81d250e96aa,local_game_docs_en_us
Recipe_QuarterPipe_Grip_8x4_C,Quarter Pipe,Desc_QuarterPipe_Grip_8x4_C,,1,1,(),BlueprintGeneratedClass /Game/FactoryGame/Buildable/Building/Foundation/GripMetal/Recipe_QuarterPipe_Grip_8x4.Recipe_QuarterPipe_Grip_8x4_C,docs_a81d250e96aa,local_game_docs_en_us
Recipe_RadarTower_C,Radar Tower,Desc_RadarTower_C,,1,4,(),BlueprintGeneratedClass /Game/FactoryGame/Recipes/Buildings/Recipe_RadarTower.Recipe_RadarTower_C,docs_a81d250e96aa,local_game_docs_en_us
Recipe_Railing_01_C,Modern Railing,Desc_Railing_01_C,,1,1,(),BlueprintGeneratedClass /Game/FactoryGame/Recipes/Buildings/Fence/Recipe_Railing_01.Recipe_Railing_01_C,docs_a81d250e96aa,local_game_docs_en_us
Recipe_RailroadBlockSignal_C,Block Signal,Desc_RailroadBlockSignal_C,,1,2,(),BlueprintGeneratedClass /Game/FactoryGame/Buildable/Factory/Train/Signal/Recipe_RailroadBlockSignal.Recipe_RailroadBlockSignal_C,docs_a81d250e96aa,local_game_docs_en_us
Recipe_RailroadEndStop_C,Buffer Stop,Desc_RailroadEndStop_C,,1,3,(),BlueprintGeneratedClass /Game/FactoryGame/Buildable/Factory/Train/EndStop/Recipe_RailroadEndStop.Recipe_RailroadEndStop_C,docs_a81d250e96aa,local_game_docs_en_us
Recipe_RailroadPathSignal_C,Path Signal,Desc_RailroadPathSignal_C,,1,2,(),BlueprintGeneratedClass /Game/FactoryGame/Buildable/Factory/Train/Signal/Recipe_RailroadPathSignal.Recipe_RailroadPathSignal_C,docs_a81d250e96aa,local_game_docs_en_us
Recipe_RailroadTrack_C,Railway,Desc_RailroadTrack_C,,1,2,(),BlueprintGeneratedClass /Game/FactoryGame/Recipes/Buildings/Recipe_RailroadTrack.Recipe_RailroadTrack_C,docs_a81d250e96aa,local_game_docs_en_us
Recipe_RampDouble_8x1_C,Double Ramp (2 m),Desc_RampDouble_8x1_C,,1,1,(),BlueprintGeneratedClass /Game/FactoryGame/Recipes/Buildings/Ramps/Recipe_RampDouble_8x1.Recipe_RampDouble_8x1_C,docs_a81d250e96aa,local_game_docs_en_us
Recipe_RampDouble_Asphalt_8x1_C,Double Ramp (2 m),Desc_RampDouble_Asphalt_8x1_C,,1,1,(),BlueprintGeneratedClass /Game/FactoryGame/Buildable/Building/Foundation/AsphaltSet/Recipe_RampDouble_Asphalt_8x1.Recipe_RampDouble_Asphalt_8x1_C,docs_a81d250e96aa,local_game_docs_en_us
Recipe_RampDouble_Asphalt_8x2_C,Double Ramp (4 m),Desc_RampDouble_Asphalt_8x2_C,,1,1,(),BlueprintGeneratedClass /Game/FactoryGame/Buildable/Building/Foundation/AsphaltSet/Recipe_RampDouble_Asphalt_8x2.Recipe_RampDouble_Asphalt_8x2_C,docs_a81d250e96aa,local_game_docs_en_us
Recipe_RampDouble_Asphalt_8x4_C,Double Ramp (8 m),Desc_RampDouble_Asphalt_8x4_C,,1,1,(),BlueprintGeneratedClass /Game/FactoryGame/Buildable/Building/Foundation/AsphaltSet/Recipe_RampDouble_Asphalt_8x4.Recipe_RampDouble_Asphalt_8x4_C,docs_a81d250e96aa,local_game_docs_en_us
Recipe_RampDouble_C,Double Ramp (4 m),Desc_RampDouble_C,,1,1,(),BlueprintGeneratedClass /Game/FactoryGame/Recipes/Buildings/Ramps/Recipe_RampDouble.Recipe_RampDouble_C,docs_a81d250e96aa,local_game_docs_en_us
Recipe_RampDouble_Concrete_8x1_C,Double Ramp (2 m),Desc_RampDouble_Concrete_8x1_C,,1,1,(),BlueprintGeneratedClass /Game/FactoryGame/Buildable/Building/Foundation/ConcreteSet/Recipe_RampDouble_Concrete_8x1.Recipe_RampDouble_Concrete_8x1_C,docs_a81d250e96aa,local_game_docs_en_us
Recipe_RampDouble_Concrete_8x2_C,Double Ramp (4 m),Desc_RampDouble_Concrete_8x2_C,,1,1,(),BlueprintGeneratedClass /Game/FactoryGame/Buildable/Building/Foundation/ConcreteSet/Recipe_RampDouble_Concrete_8x2.Recipe_RampDouble_Concrete_8x2_C,docs_a81d250e96aa,local_game_docs_en_us
Recipe_RampDouble_Concrete_8x4_C,Double Ramp (8 m),Desc_RampDouble_Concrete_8x4_C,,1,1,(),BlueprintGeneratedClass /Game/FactoryGame/Buildable/Building/Foundation/ConcreteSet/Recipe_RampDouble_Concrete_8x4.Recipe_RampDouble_Concrete_8x4_C,docs_a81d250e96aa,local_game_docs_en_us
Recipe_RampDouble_Metal_8x1_C,Double Ramp (2 m),Desc_RampDouble_Metal_8x1_C,,1,1,(),BlueprintGeneratedClass /Game/FactoryGame/Buildable/Building/Foundation/GripMetal/Recipe_RampDouble_Metal_8x1.Recipe_RampDouble_Metal_8x1_C,docs_a81d250e96aa,local_game_docs_en_us
Recipe_RampDouble_Metal_8x2_C,Double Ramp (4 m),Desc_RampDouble_Metal_8x2_C,,1,1,(),BlueprintGeneratedClass /Game/FactoryGame/Buildable/Building/Foundation/GripMetal/Recipe_RampDouble_Metal_8x2.Recipe_RampDouble_Metal_8x2_C,docs_a81d250e96aa,local_game_docs_en_us
Recipe_RampDouble_Metal_8x4_C,Double Ramp (8 m),Desc_RampDouble_Metal_8x4_C,,1,1,(),BlueprintGeneratedClass /Game/FactoryGame/Buildable/Building/Foundation/GripMetal/Recipe_RampDouble_Metal_8x4.Recipe_RampDouble_Metal_8x4_C,docs_a81d250e96aa,local_game_docs_en_us
Recipe_RampDouble_Polished_8x1_C,Double Ramp (2 m),Desc_RampDouble_Polished_8x1_C,,1,1,(),BlueprintGeneratedClass /Game/FactoryGame/Buildable/Building/Foundation/PolishedConcreteSet/Recipe_RampDouble_Polished_8x1.Recipe_RampDouble_Polished_8x1_C,docs_a81d250e96aa,local_game_docs_en_us
Recipe_RampDouble_Polished_8x2_C,Double Ramp (4 m),Desc_RampDouble_Polished_8x2_C,,1,1,(),BlueprintGeneratedClass /Game/FactoryGame/Buildable/Building/Foundation/PolishedConcreteSet/Recipe_RampDouble_Polished_8x2.Recipe_RampDouble_Polished_8x2_C,docs_a81d250e96aa,local_game_docs_en_us
Recipe_RampDouble_Polished_8x4_C,Double Ramp (8 m),Desc_RampDouble_Polished_8x4_C,,1,1,(),BlueprintGeneratedClass /Game/FactoryGame/Buildable/Building/Foundation/PolishedConcreteSet/Recipe_RampDouble_Polished_8x4.Recipe_RampDouble_Polished_8x4_C,docs_a81d250e96aa,local_game_docs_en_us
Recipe_RampInverted_8x1_C,Inverted Ramp (1 m),Desc_RampInverted_8x1_C,,1,1,(),BlueprintGeneratedClass /Game/FactoryGame/Recipes/Buildings/Ramps/Recipe_RampInverted_8x1.Recipe_RampInverted_8x1_C,docs_a81d250e96aa,local_game_docs_en_us
Recipe_RampInverted_8x1_Corner_01_C,Inverted Up Corner (1 m),Desc_RampInverted_8x1_Corner_01_C,,1,1,(),BlueprintGeneratedClass /Game/FactoryGame/Recipes/Buildings/Ramps/Recipe_RampInverted_8x1_Corner_01.Recipe_RampInverted_8x1_Corner_01_C,docs_a81d250e96aa,local_game_docs_en_us
Recipe_RampInverted_8x1_Corner_02_C,Inverted Down Corner (1 m),Desc_RampInverted_8x1_Corner_02_C,,1,1,(),BlueprintGeneratedClass /Game/FactoryGame/Recipes/Buildings/Ramps/Recipe_RampInverted_8x1_Corner_02.Recipe_RampInverted_8x1_Corner_02_C,docs_a81d250e96aa,local_game_docs_en_us
Recipe_RampInverted_8x2_01_C,Inverted Ramp (2 m),Desc_RampInverted_8x2_01_C,,1,1,(),BlueprintGeneratedClass /Game/FactoryGame/Recipes/Buildings/Ramps/Recipe_RampInverted_8x2_01.Recipe_RampInverted_8x2_01_C,docs_a81d250e96aa,local_game_docs_en_us
Recipe_RampInverted_8x2_Corner_01_C,Inverted Up Corner (2 m),Desc_RampInverted_8x2_Corner_01_C,,1,1,(),BlueprintGeneratedClass /Game/FactoryGame/Recipes/Buildings/Ramps/Recipe_RampInverted_8x2_Corner_01.Recipe_RampInverted_8x2_Corner_01_C,docs_a81d250e96aa,local_game_docs_en_us
Recipe_RampInverted_8x2_Corner_02_C,Inverted Down Corner (2 m),Desc_RampInverted_8x2_Corner_02_C,,1,1,(),BlueprintGeneratedClass /Game/FactoryGame/Recipes/Buildings/Ramps/Recipe_RampInverted_8x2_Corner_02.Recipe_RampInverted_8x2_Corner_02_C,docs_a81d250e96aa,local_game_docs_en_us
Recipe_RampInverted_8x4_Corner_01_C,Inverted Up Corner (4 m),Desc_RampInverted_8x4_Corner_01_C,,1,1,(),BlueprintGeneratedClass /Game/FactoryGame/Recipes/Buildings/Ramps/Recipe_RampInverted_8x4_Corner_01.Recipe_RampInverted_8x4_Corner_01_C,docs_a81d250e96aa,local_game_docs_en_us
Recipe_RampInverted_8x4_Corner_02_C,Inverted Down Corner (4 m),Desc_RampInverted_8x4_Corner_02_C,,1,1,(),BlueprintGeneratedClass /Game/FactoryGame/Recipes/Buildings/Ramps/Recipe_RampInverted_8x4_Corner_02.Recipe_RampInverted_8x4_Corner_02_C,docs_a81d250e96aa,local_game_docs_en_us
Recipe_Ramp_8x1_01_C,Ramp (1 m),Desc_Ramp_8x1_01_C,,1,1,(),BlueprintGeneratedClass /Game/FactoryGame/Recipes/Buildings/Ramps/Recipe_Ramp_8x1_01.Recipe_Ramp_8x1_01_C,docs_a81d250e96aa,local_game_docs_en_us
Recipe_Ramp_8x2_01_C,Ramp (2 m),Desc_Ramp_8x2_01_C,,1,1,(),BlueprintGeneratedClass /Game/FactoryGame/Recipes/Buildings/Ramps/Recipe_Ramp_8x2_01.Recipe_Ramp_8x2_01_C,docs_a81d250e96aa,local_game_docs_en_us
Recipe_Ramp_8x4_01_C,Ramp (4 m),Desc_Ramp_8x4_01_C,,1,1,(),BlueprintGeneratedClass /Game/FactoryGame/Recipes/Buildings/Ramps/Recipe_Ramp_8x4_01.Recipe_Ramp_8x4_01_C,docs_a81d250e96aa,local_game_docs_en_us
Recipe_Ramp_8x4_Inverted_01_C,Inverted Ramp (4 m),Desc_Ramp_8x4_Inverted_01_C,,1,1,(),BlueprintGeneratedClass /Game/FactoryGame/Recipes/Buildings/Ramps/Recipe_Ramp_8x4_Inverted_01.Recipe_Ramp_8x4_Inverted_01_C,docs_a81d250e96aa,local_game_docs_en_us
Recipe_Ramp_8x8x8_C,Double Ramp (8 m),Desc_Ramp_8x8x8_C,,1,1,(),BlueprintGeneratedClass /Game/FactoryGame/Recipes/Buildings/Ramps/Recipe_Ramp_8x8x8.Recipe_Ramp_8x8x8_C,docs_a81d250e96aa,local_game_docs_en_us
Recipe_Ramp_Asphalt_8x1_C,Ramp (1 m),Desc_Ramp_Asphalt_8x1_C,,1,1,(),BlueprintGeneratedClass /Game/FactoryGame/Buildable/Building/Foundation/AsphaltSet/Recipe_Ramp_Asphalt_8x1.Recipe_Ramp_Asphalt_8x1_C,docs_a81d250e96aa,local_game_docs_en_us
Recipe_Ramp_Asphalt_8x2_C,Ramp (2 m),Desc_Ramp_Asphalt_8x2_C,,1,1,(),BlueprintGeneratedClass /Game/FactoryGame/Buildable/Building/Foundation/AsphaltSet/Recipe_Ramp_Asphalt_8x2.Recipe_Ramp_Asphalt_8x2_C,docs_a81d250e96aa,local_game_docs_en_us
Recipe_Ramp_Asphalt_8x4_C,Ramp (4 m),Desc_Ramp_Asphalt_8x4_C,,1,1,(),BlueprintGeneratedClass /Game/FactoryGame/Buildable/Building/Foundation/AsphaltSet/Recipe_Ramp_Asphalt_8x4.Recipe_Ramp_Asphalt_8x4_C,docs_a81d250e96aa,local_game_docs_en_us
Recipe_Ramp_Concrete_8x1_C,Ramp (1 m),Desc_Ramp_Concrete_8x1_C,,1,1,(),BlueprintGeneratedClass /Game/FactoryGame/Buildable/Building/Foundation/ConcreteSet/Recipe_Ramp_Concrete_8x1.Recipe_Ramp_Concrete_8x1_C,docs_a81d250e96aa,local_game_docs_en_us
Recipe_Ramp_Concrete_8x2_C,Ramp (2 m),Desc_Ramp_Concrete_8x2_C,,1,1,(),BlueprintGeneratedClass /Game/FactoryGame/Buildable/Building/Foundation/ConcreteSet/Recipe_Ramp_Concrete_8x2.Recipe_Ramp_Concrete_8x2_C,docs_a81d250e96aa,local_game_docs_en_us
Recipe_Ramp_Concrete_8x4_C,Ramp (4 m),Desc_Ramp_Concrete_8x4_C,,1,1,(),BlueprintGeneratedClass /Game/FactoryGame/Buildable/Building/Foundation/ConcreteSet/Recipe_Ramp_Concrete_8x4.Recipe_Ramp_Concrete_8x4_C,docs_a81d250e96aa,local_game_docs_en_us
Recipe_Ramp_Diagonal_8x1_01_C,Down Corner Ramp (1 m),Desc_Ramp_Diagonal_8x1_01_C,,1,1,(),BlueprintGeneratedClass /Game/FactoryGame/Recipes/Buildings/Ramps/Recipe_Ramp_Diagonal_8x1_01.Recipe_Ramp_Diagonal_8x1_01_C,docs_a81d250e96aa,local_game_docs_en_us
Recipe_Ramp_Diagonal_8x1_02_C,Up Corner Ramp (1 m),Desc_Ramp_Diagonal_8x1_02_C,,1,1,(),BlueprintGeneratedClass /Game/FactoryGame/Recipes/Buildings/Ramps/Recipe_Ramp_Diagonal_8x1_02.Recipe_Ramp_Diagonal_8x1_02_C,docs_a81d250e96aa,local_game_docs_en_us
Recipe_Ramp_Diagonal_8x2_01_C,Down Corner Ramp (2 m),Desc_Ramp_Diagonal_8x2_01_C,,1,1,(),BlueprintGeneratedClass /Game/FactoryGame/Recipes/Buildings/Ramps/Recipe_Ramp_Diagonal_8x2_01.Recipe_Ramp_Diagonal_8x2_01_C,docs_a81d250e96aa,local_game_docs_en_us
Recipe_Ramp_Diagonal_8x2_02_C,Up Corner Ramp (2 m),Desc_Ramp_Diagonal_8x2_02_C,,1,1,(),BlueprintGeneratedClass /Game/FactoryGame/Recipes/Buildings/Ramps/Recipe_Ramp_Diagonal_8x2_02.Recipe_Ramp_Diagonal_8x2_02_C,docs_a81d250e96aa,local_game_docs_en_us
Recipe_Ramp_Diagonal_8x4_01_C,Down Corner Ramp (4 m),Desc_Ramp_Diagonal_8x4_01_C,,1,1,(),BlueprintGeneratedClass /Game/FactoryGame/Recipes/Buildings/Ramps/Recipe_Ramp_Diagonal_8x4_01.Recipe_Ramp_Diagonal_8x4_01_C,docs_a81d250e96aa,local_game_docs_en_us
Recipe_Ramp_Diagonal_8x4_02_C,Up Corner Ramp (4 m),Desc_Ramp_Diagonal_8x4_02_C,,1,1,(),BlueprintGeneratedClass /Game/FactoryGame/Recipes/Buildings/Ramps/Recipe_Ramp_Diagonal_8x4_02.Recipe_Ramp_Diagonal_8x4_02_C,docs_a81d250e96aa,local_game_docs_en_us
Recipe_Ramp_DownCorner_Asphalt_8x1_C,Down Corner Ramp (1 m),Desc_Ramp_DownCorner_Asphalt_8x1_C,,1,1,(),BlueprintGeneratedClass /Game/FactoryGame/Buildable/Building/Foundation/AsphaltSet/Recipe_Ramp_DownCorner_Asphalt_8x1.Recipe_Ramp_DownCorner_Asphalt_8x1_C,docs_a81d250e96aa,local_game_docs_en_us
Recipe_Ramp_DownCorner_Asphalt_8x2_C,Down Corner Ramp (2 m),Desc_Ramp_DownCorner_Asphalt_8x2_C,,1,1,(),BlueprintGeneratedClass /Game/FactoryGame/Buildable/Building/Foundation/AsphaltSet/Recipe_Ramp_DownCorner_Asphalt_8x2.Recipe_Ramp_DownCorner_Asphalt_8x2_C,docs_a81d250e96aa,local_game_docs_en_us
Recipe_Ramp_DownCorner_Asphalt_8x4_C,Down Corner Ramp (4 m),Desc_Ramp_DownCorner_Asphalt_8x4_C,,1,1,(),BlueprintGeneratedClass /Game/FactoryGame/Buildable/Building/Foundation/AsphaltSet/Recipe_Ramp_DownCorner_Asphalt_8x4.Recipe_Ramp_DownCorner_Asphalt_8x4_C,docs_a81d250e96aa,local_game_docs_en_us
Recipe_Ramp_DownCorner_Concrete_8x1_C,Down Corner Ramp (1 m),Desc_Ramp_DownCorner_Concrete_8x1_C,,1,1,(),BlueprintGeneratedClass /Game/FactoryGame/Buildable/Building/Foundation/ConcreteSet/Recipe_Ramp_DownCorner_Concrete_8x1.Recipe_Ramp_DownCorner_Concrete_8x1_C,docs_a81d250e96aa,local_game_docs_en_us
Recipe_Ramp_DownCorner_Concrete_8x2_C,Down Corner Ramp (2 m),Desc_Ramp_DownCorner_Concrete_8x2_C,,1,1,(),BlueprintGeneratedClass /Game/FactoryGame/Buildable/Building/Foundation/ConcreteSet/Recipe_Ramp_DownCorner_Concrete_8x2.Recipe_Ramp_DownCorner_Concrete_8x2_C,docs_a81d250e96aa,local_game_docs_en_us
Recipe_Ramp_DownCorner_Concrete_8x4_C,Down Corner Ramp (4 m),Desc_Ramp_DownCorner_Concrete_8x4_C,,1,1,(),BlueprintGeneratedClass /Game/FactoryGame/Buildable/Building/Foundation/ConcreteSet/Recipe_Ramp_DownCorner_Concrete_8x4.Recipe_Ramp_DownCorner_Concrete_8x4_C,docs_a81d250e96aa,local_game_docs_en_us
Recipe_Ramp_DownCorner_Metal_8x1_C,Down Corner Ramp (1 m),Desc_Ramp_DownCorner_Metal_8x1_C,,1,1,(),BlueprintGeneratedClass /Game/FactoryGame/Buildable/Building/Foundation/GripMetal/Recipe_Ramp_DownCorner_Metal_8x1.Recipe_Ramp_DownCorner_Metal_8x1_C,docs_a81d250e96aa,local_game_docs_en_us
Recipe_Ramp_DownCorner_Metal_8x2_C,Down Corner Ramp (2 m),Desc_Ramp_DownCorner_Metal_8x2_C,,1,1,(),BlueprintGeneratedClass /Game/FactoryGame/Buildable/Building/Foundation/GripMetal/Recipe_Ramp_DownCorner_Metal_8x2.Recipe_Ramp_DownCorner_Metal_8x2_C,docs_a81d250e96aa,local_game_docs_en_us
Recipe_Ramp_DownCorner_Metal_8x4_C,Down Corner Ramp (4 m),Desc_Ramp_DownCorner_Metal_8x4_C,,1,1,(),BlueprintGeneratedClass /Game/FactoryGame/Buildable/Building/Foundation/GripMetal/Recipe_Ramp_DownCorner_Metal_8x4.Recipe_Ramp_DownCorner_Metal_8x4_C,docs_a81d250e96aa,local_game_docs_en_us
Recipe_Ramp_DownCorner_Polished_8x1_C,Down Corner Ramp (1 m),Desc_Ramp_DownCorner_Polished_8x1_C,,1,1,(),BlueprintGeneratedClass /Game/FactoryGame/Buildable/Building/Foundation/PolishedConcreteSet/Recipe_Ramp_DownCorner_Polished_8x1.Recipe_Ramp_DownCorner_Polished_8x1_C,docs_a81d250e96aa,local_game_docs_en_us
Recipe_Ramp_DownCorner_Polished_8x2_C,Down Corner Ramp (2 m),Desc_Ramp_DownCorner_Polished_8x2_C,,1,1,(),BlueprintGeneratedClass /Game/FactoryGame/Buildable/Building/Foundation/PolishedConcreteSet/Recipe_Ramp_DownCorner_Polished_8x2.Recipe_Ramp_DownCorner_Polished_8x2_C,docs_a81d250e96aa,local_game_docs_en_us
Recipe_Ramp_DownCorner_Polished_8x4_C,Down Corner Ramp (4 m),Desc_Ramp_DownCorner_Polished_8x4_C,,1,1,(),BlueprintGeneratedClass /Game/FactoryGame/Buildable/Building/Foundation/PolishedConcreteSet/Recipe_Ramp_DownCorner_Polished_8x4.Recipe_Ramp_DownCorner_Polished_8x4_C,docs_a81d250e96aa,local_game_docs_en_us
Recipe_Ramp_Frame_01_C,Frame Ramp,Desc_Ramp_Frame_01_C,,1,1,(),BlueprintGeneratedClass /Game/FactoryGame/Recipes/Buildings/Ramps/Recipe_Ramp_Frame_01.Recipe_Ramp_Frame_01_C,docs_a81d250e96aa,local_game_docs_en_us
Recipe_Ramp_Frame_Inverted_01_C,Inverted Frame Ramp,Desc_Ramp_Frame_Inverted_01_C,,1,1,(),BlueprintGeneratedClass /Game/FactoryGame/Recipes/Buildings/Ramps/Recipe_Ramp_Frame_Inverted_01.Recipe_Ramp_Frame_Inverted_01_C,docs_a81d250e96aa,local_game_docs_en_us
Recipe_Ramp_Metal_8x1_C,Ramp (1 m),Desc_Ramp_Metal_8x1_C,,1,1,(),BlueprintGeneratedClass /Game/FactoryGame/Buildable/Building/Foundation/GripMetal/Recipe_Ramp_Metal_8x1.Recipe_Ramp_Metal_8x1_C,docs_a81d250e96aa,local_game_docs_en_us
Recipe_Ramp_Metal_8x2_C,Ramp (2 m),Desc_Ramp_Metal_8x2_C,,1,1,(),BlueprintGeneratedClass /Game/FactoryGame/Buildable/Building/Foundation/GripMetal/Recipe_Ramp_Metal_8x2.Recipe_Ramp_Metal_8x2_C,docs_a81d250e96aa,local_game_docs_en_us
Recipe_Ramp_Metal_8x4_C,Ramp (4 m),Desc_Ramp_Metal_8x4_C,,1,1,(),BlueprintGeneratedClass /Game/FactoryGame/Buildable/Building/Foundation/GripMetal/Recipe_Ramp_Metal_8x4.Recipe_Ramp_Metal_8x4_C,docs_a81d250e96aa,local_game_docs_en_us
Recipe_Ramp_Polished_8x1_C,Ramp (1 m),Desc_Ramp_Polished_8x1_C,,1,1,(),BlueprintGeneratedClass /Game/FactoryGame/Buildable/Building/Foundation/PolishedConcreteSet/Recipe_Ramp_Polished_8x1.Recipe_Ramp_Polished_8x1_C,docs_a81d250e96aa,local_game_docs_en_us
Recipe_Ramp_Polished_8x2_C,Ramp (2 m),Desc_Ramp_Polished_8x2_C,,1,1,(),BlueprintGeneratedClass /Game/FactoryGame/Buildable/Building/Foundation/PolishedConcreteSet/Recipe_Ramp_Polished_8x2.Recipe_Ramp_Polished_8x2_C,docs_a81d250e96aa,local_game_docs_en_us
Recipe_Ramp_Polished_8x4_C,Ramp (4 m),Desc_Ramp_Polished_8x4_C,,1,1,(),BlueprintGeneratedClass /Game/FactoryGame/Buildable/Building/Foundation/PolishedConcreteSet/Recipe_Ramp_Polished_8x4.Recipe_Ramp_Polished_8x4_C,docs_a81d250e96aa,local_game_docs_en_us
Recipe_Ramp_UpCorner_Asphalt_8x1_C,Up Corner Ramp (1 m),Desc_Ramp_UpCorner_Asphalt_8x1_C,,1,1,(),BlueprintGeneratedClass /Game/FactoryGame/Buildable/Building/Foundation/AsphaltSet/Recipe_Ramp_UpCorner_Asphalt_8x1.Recipe_Ramp_UpCorner_Asphalt_8x1_C,docs_a81d250e96aa,local_game_docs_en_us
Recipe_Ramp_UpCorner_Asphalt_8x2_C,Up Corner Ramp (2 m),Desc_Ramp_UpCorner_Asphalt_8x2_C,,1,1,(),BlueprintGeneratedClass /Game/FactoryGame/Buildable/Building/Foundation/AsphaltSet/Recipe_Ramp_UpCorner_Asphalt_8x2.Recipe_Ramp_UpCorner_Asphalt_8x2_C,docs_a81d250e96aa,local_game_docs_en_us
Recipe_Ramp_UpCorner_Asphalt_8x4_C,Up Corner Ramp (4 m),Desc_Ramp_UpCorner_Asphalt_8x4_C,,1,1,(),BlueprintGeneratedClass /Game/FactoryGame/Buildable/Building/Foundation/AsphaltSet/Recipe_Ramp_UpCorner_Asphalt_8x4.Recipe_Ramp_UpCorner_Asphalt_8x4_C,docs_a81d250e96aa,local_game_docs_en_us
Recipe_Ramp_UpCorner_Concrete_8x1_C,Up Corner Ramp (1 m),Desc_Ramp_UpCorner_Concrete_8x1_C,,1,1,(),BlueprintGeneratedClass /Game/FactoryGame/Buildable/Building/Foundation/ConcreteSet/Recipe_Ramp_UpCorner_Concrete_8x1.Recipe_Ramp_UpCorner_Concrete_8x1_C,docs_a81d250e96aa,local_game_docs_en_us
Recipe_Ramp_UpCorner_Concrete_8x2_C,Up Corner Ramp (2 m),Desc_Ramp_UpCorner_Concrete_8x2_C,,1,1,(),BlueprintGeneratedClass /Game/FactoryGame/Buildable/Building/Foundation/ConcreteSet/Recipe_Ramp_UpCorner_Concrete_8x2.Recipe_Ramp_UpCorner_Concrete_8x2_C,docs_a81d250e96aa,local_game_docs_en_us
Recipe_Ramp_UpCorner_Concrete_8x4_C,Up Corner Ramp (4 m),Desc_Ramp_UpCorner_Concrete_8x4_C,,1,1,(),BlueprintGeneratedClass /Game/FactoryGame/Buildable/Building/Foundation/ConcreteSet/Recipe_Ramp_UpCorner_Concrete_8x4.Recipe_Ramp_UpCorner_Concrete_8x4_C,docs_a81d250e96aa,local_game_docs_en_us
Recipe_Ramp_UpCorner_Metal_8x1_C,Up Corner Ramp (1 m),Desc_Ramp_UpCorner_Metal_8x1_C,,1,1,(),BlueprintGeneratedClass /Game/FactoryGame/Buildable/Building/Foundation/GripMetal/Recipe_Ramp_UpCorner_Metal_8x1.Recipe_Ramp_UpCorner_Metal_8x1_C,docs_a81d250e96aa,local_game_docs_en_us
Recipe_Ramp_UpCorner_Metal_8x2_C,Up Corner Ramp (2 m),Desc_Ramp_UpCorner_Metal_8x2_C,,1,1,(),BlueprintGeneratedClass /Game/FactoryGame/Buildable/Building/Foundation/GripMetal/Recipe_Ramp_UpCorner_Metal_8x2.Recipe_Ramp_UpCorner_Metal_8x2_C,docs_a81d250e96aa,local_game_docs_en_us
Recipe_Ramp_UpCorner_Metal_8x4_C,Up Corner Ramp (4 m),Desc_Ramp_UpCorner_Metal_8x4_C,,1,1,(),BlueprintGeneratedClass /Game/FactoryGame/Buildable/Building/Foundation/GripMetal/Recipe_Ramp_UpCorner_Metal_8x4.Recipe_Ramp_UpCorner_Metal_8x4_C,docs_a81d250e96aa,local_game_docs_en_us
Recipe_Ramp_UpCorner_Polished_8x1_C,Up Corner Ramp (1 m),Desc_Ramp_UpCorner_Polished_8x1_C,,1,1,(),BlueprintGeneratedClass /Game/FactoryGame/Buildable/Building/Foundation/PolishedConcreteSet/Recipe_Ramp_UpCorner_Polished_8x1.Recipe_Ramp_UpCorner_Polished_8x1_C,docs_a81d250e96aa,local_game_docs_en_us
Recipe_Ramp_UpCorner_Polished_8x2_C,Up Corner Ramp (2 m),Desc_Ramp_UpCorner_Polished_8x2_C,,1,1,(),BlueprintGeneratedClass /Game/FactoryGame/Buildable/Building/Foundation/PolishedConcreteSet/Recipe_Ramp_UpCorner_Polished_8x2.Recipe_Ramp_UpCorner_Polished_8x2_C,docs_a81d250e96aa,local_game_docs_en_us
Recipe_Ramp_UpCorner_Polished_8x4_C,Up Corner Ramp (4 m),Desc_Ramp_UpCorner_Polished_8x4_C,,1,1,(),BlueprintGeneratedClass /Game/FactoryGame/Buildable/Building/Foundation/PolishedConcreteSet/Recipe_Ramp_UpCorner_Polished_8x4.Recipe_Ramp_UpCorner_Polished_8x4_C,docs_a81d250e96aa,local_game_docs_en_us
Recipe_ResourceSinkShop_C,AWESOME Shop,Desc_ResourceSinkShop_C,,1,3,(),BlueprintGeneratedClass /Game/FactoryGame/Recipes/Buildings/Recipe_ResourceSinkShop.Recipe_ResourceSinkShop_C,docs_a81d250e96aa,local_game_docs_en_us
Recipe_ResourceSink_C,AWESOME Sink,Desc_ResourceSink_C,,1,3,(),BlueprintGeneratedClass /Game/FactoryGame/Recipes/Buildings/Recipe_ResourceSink.Recipe_ResourceSink_C,docs_a81d250e96aa,local_game_docs_en_us
Recipe_Roof_A_01_C,Flat Roof,Desc_Roof_A_01_C,,1,1,(),BlueprintGeneratedClass /Game/FactoryGame/Recipes/Buildings/Roof/Recipe_Roof_A_01.Recipe_Roof_A_01_C,docs_a81d250e96aa,local_game_docs_en_us
Recipe_Roof_A_02_C,Roof (1 m),Desc_Roof_A_02_C,,1,1,(),BlueprintGeneratedClass /Game/FactoryGame/Recipes/Buildings/Roof/Recipe_Roof_A_02.Recipe_Roof_A_02_C,docs_a81d250e96aa,local_game_docs_en_us
Recipe_Roof_A_03_C,Roof (2 m),Desc_Roof_A_03_C,,1,1,(),BlueprintGeneratedClass /Game/FactoryGame/Recipes/Buildings/Roof/Recipe_Roof_A_03.Recipe_Roof_A_03_C,docs_a81d250e96aa,local_game_docs_en_us
Recipe_Roof_A_04_C,Roof (4 m),Desc_Roof_A_04_C,,1,1,(),BlueprintGeneratedClass /Game/FactoryGame/Recipes/Buildings/Roof/Recipe_Roof_A_04.Recipe_Roof_A_04_C,docs_a81d250e96aa,local_game_docs_en_us
Recipe_Roof_Metal_InCorner_01_C,Inner Corner Roof (1 m),Desc_Roof_Metal_InCorner_01_C,,1,1,(),BlueprintGeneratedClass /Game/FactoryGame/Recipes/Buildings/Roof/Recipe_Roof_Metal_InCorner_01.Recipe_Roof_Metal_InCorner_01_C,docs_a81d250e96aa,local_game_docs_en_us
Recipe_Roof_Metal_InCorner_02_C,Inner Corner Roof (2 m),Desc_Roof_Metal_InCorner_02_C,,1,1,(),BlueprintGeneratedClass /Game/FactoryGame/Recipes/Buildings/Roof/Recipe_Roof_Metal_InCorner_02.Recipe_Roof_Metal_InCorner_02_C,docs_a81d250e96aa,local_game_docs_en_us
Recipe_Roof_Metal_InCorner_03_C,Inner Corner Roof (4 m),Desc_Roof_Metal_InCorner_03_C,,1,1,(),BlueprintGeneratedClass /Game/FactoryGame/Recipes/Buildings/Roof/Recipe_Roof_Metal_InCorner_03.Recipe_Roof_Metal_InCorner_03_C,docs_a81d250e96aa,local_game_docs_en_us
Recipe_Roof_Metal_OutCorner_01_C,Outer Corner Roof (1 m),Desc_Roof_Metal_OutCorner_01_C,,1,1,(),BlueprintGeneratedClass /Game/FactoryGame/Recipes/Buildings/Roof/Recipe_Roof_Metal_OutCorner_01.Recipe_Roof_Metal_OutCorner_01_C,docs_a81d250e96aa,local_game_docs_en_us
Recipe_Roof_Metal_OutCorner_02_C,Outer Corner Roof (2 m),Desc_Roof_Metal_OutCorner_02_C,,1,1,(),BlueprintGeneratedClass /Game/FactoryGame/Recipes/Buildings/Roof/Recipe_Roof_Metal_OutCorner_02.Recipe_Roof_Metal_OutCorner_02_C,docs_a81d250e96aa,local_game_docs_en_us
Recipe_Roof_Metal_OutCorner_03_C,Outer Corner Roof (4 m),Desc_Roof_Metal_OutCorner_03_C,,1,1,(),BlueprintGeneratedClass /Game/FactoryGame/Recipes/Buildings/Roof/Recipe_Roof_Metal_OutCorner_03.Recipe_Roof_Metal_OutCorner_03_C,docs_a81d250e96aa,local_game_docs_en_us
Recipe_Roof_Orange_01_C,Flat Roof,Desc_Roof_Orange_01_C,,1,1,(),BlueprintGeneratedClass /Game/FactoryGame/Recipes/Buildings/Roof/Recipe_Roof_Orange_01.Recipe_Roof_Orange_01_C,docs_a81d250e96aa,local_game_docs_en_us
Recipe_Roof_Orange_02_C,Roof (1 m),Desc_Roof_Orange_02_C,,1,1,(),BlueprintGeneratedClass /Game/FactoryGame/Recipes/Buildings/Roof/Recipe_Roof_Orange_02.Recipe_Roof_Orange_02_C,docs_a81d250e96aa,local_game_docs_en_us
Recipe_Roof_Orange_03_C,Roof (2 m),Desc_Roof_Orange_03_C,,1,1,(),BlueprintGeneratedClass /Game/FactoryGame/Recipes/Buildings/Roof/Recipe_Roof_Orange_03.Recipe_Roof_Orange_03_C,docs_a81d250e96aa,local_game_docs_en_us
Recipe_Roof_Orange_04_C,Roof (4 m),Desc_Roof_Orange_04_C,,1,1,(),BlueprintGeneratedClass /Game/FactoryGame/Recipes/Buildings/Roof/Recipe_Roof_Orange_04.Recipe_Roof_Orange_04_C,docs_a81d250e96aa,local_game_docs_en_us
Recipe_Roof_Orange_InCorner_01_C,Inner Corner Roof (1 m),Desc_Roof_Orange_InCorner_01_C,,1,1,(),BlueprintGeneratedClass /Game/FactoryGame/Recipes/Buildings/Roof/Recipe_Roof_Orange_InCorner_01.Recipe_Roof_Orange_InCorner_01_C,docs_a81d250e96aa,local_game_docs_en_us
Recipe_Roof_Orange_InCorner_02_C,Inner Corner Roof (2 m),Desc_Roof_Orange_InCorner_02_C,,1,1,(),BlueprintGeneratedClass /Game/FactoryGame/Recipes/Buildings/Roof/Recipe_Roof_Orange_InCorner_02.Recipe_Roof_Orange_InCorner_02_C,docs_a81d250e96aa,local_game_docs_en_us
Recipe_Roof_Orange_InCorner_03_C,Inner Corner Roof (4 m),Desc_Roof_Orange_InCorner_03_C,,1,1,(),BlueprintGeneratedClass /Game/FactoryGame/Recipes/Buildings/Roof/Recipe_Roof_Orange_InCorner_03.Recipe_Roof_Orange_InCorner_03_C,docs_a81d250e96aa,local_game_docs_en_us
Recipe_Roof_Orange_OutCorner_01_C,Outer Corner Roof (1 m),Desc_Roof_Orange_OutCorner_01_C,,1,1,(),BlueprintGeneratedClass /Game/FactoryGame/Recipes/Buildings/Roof/Recipe_Roof_Orange_OutCorner_01.Recipe_Roof_Orange_OutCorner_01_C,docs_a81d250e96aa,local_game_docs_en_us
Recipe_Roof_Orange_OutCorner_02_C,Outer Corner Roof (2 m),Desc_Roof_Orange_OutCorner_02_C,,1,1,(),BlueprintGeneratedClass /Game/FactoryGame/Recipes/Buildings/Roof/Recipe_Roof_Orange_OutCorner_02.Recipe_Roof_Orange_OutCorner_02_C,docs_a81d250e96aa,local_game_docs_en_us
Recipe_Roof_Orange_OutCorner_03_C,Outer Corner Roof (4 m),Desc_Roof_Orange_OutCorner_03_C,,1,1,(),BlueprintGeneratedClass /Game/FactoryGame/Recipes/Buildings/Roof/Recipe_Roof_Orange_OutCorner_03.Recipe_Roof_Orange_OutCorner_03_C,docs_a81d250e96aa,local_game_docs_en_us
Recipe_Roof_Tar_01_C,Flat Roof,Desc_Roof_Tar_01_C,,1,1,(),BlueprintGeneratedClass /Game/FactoryGame/Recipes/Buildings/Roof/Recipe_Roof_Tar_01.Recipe_Roof_Tar_01_C,docs_a81d250e96aa,local_game_docs_en_us
Recipe_Roof_Tar_02_C,Roof (1 m),Desc_Roof_Tar_02_C,,1,1,(),BlueprintGeneratedClass /Game/FactoryGame/Recipes/Buildings/Roof/Recipe_Roof_Tar_02.Recipe_Roof_Tar_02_C,docs_a81d250e96aa,local_game_docs_en_us
Recipe_Roof_Tar_03_C,Roof (2 m),Desc_Roof_Tar_03_C,,1,1,(),BlueprintGeneratedClass /Game/FactoryGame/Recipes/Buildings/Roof/Recipe_Roof_Tar_03.Recipe_Roof_Tar_03_C,docs_a81d250e96aa,local_game_docs_en_us
Recipe_Roof_Tar_04_C,Roof (4 m),Desc_Roof_Tar_04_C,,1,1,(),BlueprintGeneratedClass /Game/FactoryGame/Recipes/Buildings/Roof/Recipe_Roof_Tar_04.Recipe_Roof_Tar_04_C,docs_a81d250e96aa,local_game_docs_en_us
Recipe_Roof_Tar_InCorner_01_C,Inner Corner Roof (1 m),Desc_Roof_Tar_InCorner_01_C,,1,1,(),BlueprintGeneratedClass /Game/FactoryGame/Recipes/Buildings/Roof/Recipe_Roof_Tar_InCorner_01.Recipe_Roof_Tar_InCorner_01_C,docs_a81d250e96aa,local_game_docs_en_us
Recipe_Roof_Tar_InCorner_02_C,Inner Corner Roof (2 m),Desc_Roof_Tar_InCorner_02_C,,1,1,(),BlueprintGeneratedClass /Game/FactoryGame/Recipes/Buildings/Roof/Recipe_Roof_Tar_InCorner_02.Recipe_Roof_Tar_InCorner_02_C,docs_a81d250e96aa,local_game_docs_en_us
Recipe_Roof_Tar_InCorner_03_C,Inner Corner Roof (4 m),Desc_Roof_Tar_InCorner_03_C,,1,1,(),BlueprintGeneratedClass /Game/FactoryGame/Recipes/Buildings/Roof/Recipe_Roof_Tar_InCorner_03.Recipe_Roof_Tar_InCorner_03_C,docs_a81d250e96aa,local_game_docs_en_us
Recipe_Roof_Tar_OutCorner_01_C,Outer Corner Roof (1 m),Desc_Roof_Tar_OutCorner_01_C,,1,1,(),BlueprintGeneratedClass /Game/FactoryGame/Recipes/Buildings/Roof/Recipe_Roof_Tar_OutCorner_01.Recipe_Roof_Tar_OutCorner_01_C,docs_a81d250e96aa,local_game_docs_en_us
Recipe_Roof_Tar_OutCorner_02_C,Outer Corner Roof (2 m),Desc_Roof_Tar_OutCorner_02_C,,1,1,(),BlueprintGeneratedClass /Game/FactoryGame/Recipes/Buildings/Roof/Recipe_Roof_Tar_OutCorner_02.Recipe_Roof_Tar_OutCorner_02_C,docs_a81d250e96aa,local_game_docs_en_us
Recipe_Roof_Tar_OutCorner_03_C,Outer Corner Roof (4 m),Desc_Roof_Tar_OutCorner_03_C,,1,1,(),BlueprintGeneratedClass /Game/FactoryGame/Recipes/Buildings/Roof/Recipe_Roof_Tar_OutCorner_03.Recipe_Roof_Tar_OutCorner_03_C,docs_a81d250e96aa,local_game_docs_en_us
Recipe_Roof_Window_01_C,Flat Roof,Desc_Roof_Window_01_C,,1,1,(),BlueprintGeneratedClass /Game/FactoryGame/Recipes/Buildings/Roof/Recipe_Roof_Window_01.Recipe_Roof_Window_01_C,docs_a81d250e96aa,local_game_docs_en_us
Recipe_Roof_Window_02_C,Roof (1 m),Desc_Roof_Window_02_C,,1,1,(),BlueprintGeneratedClass /Game/FactoryGame/Recipes/Buildings/Roof/Recipe_Roof_Window_02.Recipe_Roof_Window_02_C,docs_a81d250e96aa,local_game_docs_en_us
Recipe_Roof_Window_03_C,Roof (2 m),Desc_Roof_Window_03_C,,1,1,(),BlueprintGeneratedClass /Game/FactoryGame/Recipes/Buildings/Roof/Recipe_Roof_Window_03.Recipe_Roof_Window_03_C,docs_a81d250e96aa,local_game_docs_en_us
Recipe_Roof_Window_04_C,Roof (4 m),Desc_Roof_Window_04_C,,1,1,(),BlueprintGeneratedClass /Game/FactoryGame/Recipes/Buildings/Roof/Recipe_Roof_Window_04.Recipe_Roof_Window_04_C,docs_a81d250e96aa,local_game_docs_en_us
Recipe_Roof_Window_InCorner_01_C,Inner Corner Roof (1 m),Desc_Roof_Window_InCorner_01_C,,1,1,(),BlueprintGeneratedClass /Game/FactoryGame/Recipes/Buildings/Roof/Recipe_Roof_Window_InCorner_01.Recipe_Roof_Window_InCorner_01_C,docs_a81d250e96aa,local_game_docs_en_us
Recipe_Roof_Window_InCorner_02_C,Inner Corner Roof (2 m),Desc_Roof_Window_InCorner_02_C,,1,1,(),BlueprintGeneratedClass /Game/FactoryGame/Recipes/Buildings/Roof/Recipe_Roof_Window_InCorner_02.Recipe_Roof_Window_InCorner_02_C,docs_a81d250e96aa,local_game_docs_en_us
Recipe_Roof_Window_InCorner_03_C,Inner Corner Roof (4 m),Desc_Roof_Window_InCorner_03_C,,1,1,(),BlueprintGeneratedClass /Game/FactoryGame/Recipes/Buildings/Roof/Recipe_Roof_Window_InCorner_03.Recipe_Roof_Window_InCorner_03_C,docs_a81d250e96aa,local_game_docs_en_us
Recipe_Roof_Window_OutCorner_01_C,Outer Corner Roof (1 m),Desc_Roof_Window_OutCorner_01_C,,1,1,(),BlueprintGeneratedClass /Game/FactoryGame/Recipes/Buildings/Roof/Recipe_Roof_Window_OutCorner_01.Recipe_Roof_Window_OutCorner_01_C,docs_a81d250e96aa,local_game_docs_en_us
Recipe_Roof_Window_OutCorner_02_C,Outer Corner Roof (2 m),Desc_Roof_Window_OutCorner_02_C,,1,1,(),BlueprintGeneratedClass /Game/FactoryGame/Recipes/Buildings/Roof/Recipe_Roof_Window_OutCorner_02.Recipe_Roof_Window_OutCorner_02_C,docs_a81d250e96aa,local_game_docs_en_us
Recipe_Roof_Window_OutCorner_03_C,Outer Corner Roof (4 m),Desc_Roof_Window_OutCorner_03_C,,1,1,(),BlueprintGeneratedClass /Game/FactoryGame/Recipes/Buildings/Roof/Recipe_Roof_Window_OutCorner_03.Recipe_Roof_Window_OutCorner_03_C,docs_a81d250e96aa,local_game_docs_en_us
Recipe_SmelterBasicMk1_C,Smelter,Desc_SmelterMk1_C,,1,2,(),BlueprintGeneratedClass /Game/FactoryGame/Recipes/Buildings/Recipe_SmelterBasicMk1.Recipe_SmelterBasicMk1_C,docs_a81d250e96aa,local_game_docs_en_us
Recipe_SmelterMk1_C,Foundry,Desc_FoundryMk1_C,,1,3,(),BlueprintGeneratedClass /Game/FactoryGame/Recipes/Buildings/Recipe_SmelterMk1.Recipe_SmelterMk1_C,docs_a81d250e96aa,local_game_docs_en_us
Recipe_SnowCannon_C,FICSMAS Snow Cannon,Desc_SnowCannon_C,,1,3,(),BlueprintGeneratedClass /Game/FactoryGame/Events/Christmas/Buildings/SnowCannon/Recipe_SnowCannon.Recipe_SnowCannon_C,docs_a81d250e96aa,local_game_docs_en_us
Recipe_SnowDispenser_C,FICSMAS Snow Dispenser,Desc_SnowDispenser_C,,1,3,(),BlueprintGeneratedClass /Game/FactoryGame/Events/Christmas/Buildings/SnowDispenser/Recipe_SnowDispenser.Recipe_SnowDispenser_C,docs_a81d250e96aa,local_game_docs_en_us
Recipe_Snowman_C,FICSMAS Snowman,Desc_Snowman_C,,1,5,(),BlueprintGeneratedClass /Game/FactoryGame/Events/Christmas/Buildings/SnowmanDecor/Recipe_Snowman.Recipe_Snowman_C,docs_a81d250e96aa,local_game_docs_en_us
Recipe_StackableShelf_C,Basic Shelf Unit,Desc_StackableShelf_C,,1,2,(),BlueprintGeneratedClass /Game/FactoryGame/Buildable/Building/StackableShelf/Recipe_StackableShelf.Recipe_StackableShelf_C,docs_a81d250e96aa,local_game_docs_en_us
Recipe_Stair_Asphalt_8x1_C,Foundation Stairs (1 m),Desc_Stair_Asphalt_8x1_C,,1,1,(),BlueprintGeneratedClass /Game/FactoryGame/Buildable/Building/Foundation/AsphaltSet/Recipe_Stair_Asphalt_8x1.Recipe_Stair_Asphalt_8x1_C,docs_a81d250e96aa,local_game_docs_en_us
Recipe_Stair_Asphalt_8x2_C,Foundation Stairs (2 m),Desc_Stair_Asphalt_8x2_C,,1,1,(),BlueprintGeneratedClass /Game/FactoryGame/Buildable/Building/Foundation/AsphaltSet/Recipe_Stair_Asphalt_8x2.Recipe_Stair_Asphalt_8x2_C,docs_a81d250e96aa,local_game_docs_en_us
Recipe_Stair_Asphalt_8x4_C,Foundation Stairs (4 m),Desc_Stair_Asphalt_8x4_C,,1,1,(),BlueprintGeneratedClass /Game/FactoryGame/Buildable/Building/Foundation/AsphaltSet/Recipe_Stair_Asphalt_8x4.Recipe_Stair_Asphalt_8x4_C,docs_a81d250e96aa,local_game_docs_en_us
Recipe_Stair_Concrete_8x1_C,Foundation Stairs (1 m),Desc_Stair_Concrete_8x1_C,,1,1,(),BlueprintGeneratedClass /Game/FactoryGame/Buildable/Building/Foundation/ConcreteSet/Recipe_Stair_Concrete_8x1.Recipe_Stair_Concrete_8x1_C,docs_a81d250e96aa,local_game_docs_en_us
Recipe_Stair_Concrete_8x2_C,Foundation Stairs (2 m),Desc_Stair_Concrete_8x2_C,,1,1,(),BlueprintGeneratedClass /Game/FactoryGame/Buildable/Building/Foundation/ConcreteSet/Recipe_Stair_Concrete_8x2.Recipe_Stair_Concrete_8x2_C,docs_a81d250e96aa,local_game_docs_en_us
Recipe_Stair_Concrete_8x4_C,Foundation Stairs (4 m),Desc_Stair_Concrete_8x4_C,,1,1,(),BlueprintGeneratedClass /Game/FactoryGame/Buildable/Building/Foundation/ConcreteSet/Recipe_Stair_Concrete_8x4.Recipe_Stair_Concrete_8x4_C,docs_a81d250e96aa,local_game_docs_en_us
Recipe_Stair_FicsitSet_8x1_01_C,Foundation Stairs (1 m),Desc_Stair_FicsitSet_8x1_01_C,,1,1,(),BlueprintGeneratedClass /Game/FactoryGame/Buildable/Building/Foundation/FicsitSet/Recipe_Stair_FicsitSet_8x1_01.Recipe_Stair_FicsitSet_8x1_01_C,docs_a81d250e96aa,local_game_docs_en_us
Recipe_Stair_FicsitSet_8x2_01_C,Foundation Stairs (2 m),Desc_Stair_FicsitSet_8x2_01_C,,1,1,(),BlueprintGeneratedClass /Game/FactoryGame/Buildable/Building/Foundation/FicsitSet/Recipe_Stair_FicsitSet_8x2_01.Recipe_Stair_FicsitSet_8x2_01_C,docs_a81d250e96aa,local_game_docs_en_us
Recipe_Stair_FicsitSet_8x4_01_C,Foundation Stairs (4 m),Desc_Stair_FicsitSet_8x4_01_C,,1,1,(),BlueprintGeneratedClass /Game/FactoryGame/Buildable/Building/Foundation/FicsitSet/Recipe_Stair_FicsitSet_8x4_01.Recipe_Stair_FicsitSet_8x4_01_C,docs_a81d250e96aa,local_game_docs_en_us
Recipe_Stair_GripMetal_8x1_C,Foundation Stairs (1 m),Desc_Stair_GripMetal_8x1_C,,1,1,(),BlueprintGeneratedClass /Game/FactoryGame/Buildable/Building/Foundation/GripMetal/Recipe_Stair_GripMetal_8x1.Recipe_Stair_GripMetal_8x1_C,docs_a81d250e96aa,local_game_docs_en_us
Recipe_Stair_GripMetal_8x2_C,Foundation Stairs (2 m),Desc_Stair_GripMetal_8x2_C,,1,1,(),BlueprintGeneratedClass /Game/FactoryGame/Buildable/Building/Foundation/GripMetal/Recipe_Stair_GripMetal_8x2.Recipe_Stair_GripMetal_8x2_C,docs_a81d250e96aa,local_game_docs_en_us
Recipe_Stair_GripMetal_8x4_C,Foundation Stairs (4 m),Desc_Stair_GripMetal_8x4_C,,1,1,(),BlueprintGeneratedClass /Game/FactoryGame/Buildable/Building/Foundation/GripMetal/Recipe_Stair_GripMetal_8x4.Recipe_Stair_GripMetal_8x4_C,docs_a81d250e96aa,local_game_docs_en_us
Recipe_Stair_PolishedConcrete_8x1_C,Foundation Stairs (1 m),Desc_Stair_PolishedConcrete_8x1_C,,1,1,(),BlueprintGeneratedClass /Game/FactoryGame/Buildable/Building/Foundation/PolishedConcreteSet/Recipe_Stair_PolishedConcrete_8x1.Recipe_Stair_PolishedConcrete_8x1_C,docs_a81d250e96aa,local_game_docs_en_us
Recipe_Stair_PolishedConcrete_8x2_C,Foundation Stairs (2 m),Desc_Stair_PolishedConcrete_8x2_C,,1,1,(),BlueprintGeneratedClass /Game/FactoryGame/Buildable/Building/Foundation/PolishedConcreteSet/Recipe_Stair_PolishedConcrete_8x2.Recipe_Stair_PolishedConcrete_8x2_C,docs_a81d250e96aa,local_game_docs_en_us
Recipe_Stair_PolishedConcrete_8x4_C,Foundation Stairs (4 m),Desc_Stair_PolishedConcrete_8x4_C,,1,1,(),BlueprintGeneratedClass /Game/FactoryGame/Buildable/Building/Foundation/PolishedConcreteSet/Recipe_Stair_PolishedConcrete_8x4.Recipe_Stair_PolishedConcrete_8x4_C,docs_a81d250e96aa,local_game_docs_en_us
Recipe_Stairs_Left_01_C,Stairs Left,Desc_Stairs_Left_01_C,,1,2,(),BlueprintGeneratedClass /Game/FactoryGame/Recipes/Buildings/Stairs/Recipe_Stairs_Left_01.Recipe_Stairs_Left_01_C,docs_a81d250e96aa,local_game_docs_en_us
Recipe_Stairs_Right_01_C,Stairs Right,Desc_Stairs_Right_01_C,,1,2,(),BlueprintGeneratedClass /Game/FactoryGame/Recipes/Buildings/Stairs/Recipe_Stairs_Right_01.Recipe_Stairs_Right_01_C,docs_a81d250e96aa,local_game_docs_en_us
Recipe_StandaloneWidgetSign_Huge_C,Large Billboard,Desc_StandaloneWidgetSign_Huge_C,,1,3,(),BlueprintGeneratedClass /Game/FactoryGame/Recipes/Buildings/Recipe_StandaloneWidgetSign_Huge.Recipe_StandaloneWidgetSign_Huge_C,docs_a81d250e96aa,local_game_docs_en_us
Recipe_StandaloneWidgetSign_Large_C,Small Billboard,Desc_StandaloneWidgetSign_Large_C,,1,3,(),BlueprintGeneratedClass /Game/FactoryGame/Recipes/Buildings/Recipe_StandaloneWidgetSign_Large.Recipe_StandaloneWidgetSign_Large_C,docs_a81d250e96aa,local_game_docs_en_us
Recipe_StandaloneWidgetSign_Medium_C,Display Sign,Desc_StandaloneWidgetSign_Medium_C,,1,2,(),BlueprintGeneratedClass /Game/FactoryGame/Recipes/Buildings/Recipe_StandaloneWidgetSign_Medium.Recipe_StandaloneWidgetSign_Medium_C,docs_a81d250e96aa,local_game_docs_en_us
Recipe_StandaloneWidgetSign_Portrait_C,Portrait Sign,Desc_StandaloneWidgetSign_Portrait_C,,1,2,(),BlueprintGeneratedClass /Game/FactoryGame/Recipes/Buildings/Recipe_StandaloneWidgetSign_Portrait.Recipe_StandaloneWidgetSign_Portrait_C,docs_a81d250e96aa,local_game_docs_en_us
Recipe_StandaloneWidgetSign_SmallVeryWide_C,Label Sign (4 m),Desc_StandaloneWidgetSign_SmallVeryWide_C,,1,2,(),BlueprintGeneratedClass /Game/FactoryGame/Recipes/Buildings/Recipe_StandaloneWidgetSign_SmallVeryWide.Recipe_StandaloneWidgetSign_SmallVeryWide_C,docs_a81d250e96aa,local_game_docs_en_us
Recipe_StandaloneWidgetSign_SmallWide_C,Label Sign (3 m),Desc_StandaloneWidgetSign_SmallWide_C,,1,2,(),BlueprintGeneratedClass /Game/FactoryGame/Recipes/Buildings/Recipe_StandaloneWidgetSign_SmallWide.Recipe_StandaloneWidgetSign_SmallWide_C,docs_a81d250e96aa,local_game_docs_en_us
Recipe_StandaloneWidgetSign_Small_C,Label Sign (2 m),Desc_StandaloneWidgetSign_Small_C,,1,2,(),BlueprintGeneratedClass /Game/FactoryGame/Recipes/Buildings/Recipe_StandaloneWidgetSign_Small.Recipe_StandaloneWidgetSign_Small_C,docs_a81d250e96aa,local_game_docs_en_us
Recipe_StandaloneWidgetSign_Square_C,Square Sign (2 m),Desc_StandaloneWidgetSign_Square_C,,1,2,(),BlueprintGeneratedClass /Game/FactoryGame/Recipes/Buildings/Recipe_StandaloneWidgetSign_Square.Recipe_StandaloneWidgetSign_Square_C,docs_a81d250e96aa,local_game_docs_en_us
Recipe_StandaloneWidgetSign_Square_Small_C,Square Sign (1 m),Desc_StandaloneWidgetSign_Square_Small_C,,1,2,(),BlueprintGeneratedClass /Game/FactoryGame/Recipes/Buildings/Recipe_StandaloneWidgetSign_Square_Small.Recipe_StandaloneWidgetSign_Square_Small_C,docs_a81d250e96aa,local_game_docs_en_us
Recipe_StandaloneWidgetSign_Square_Tiny_C,Square Sign (0.5 m),Desc_StandaloneWidgetSign_Square_Tiny_C,,1,2,(),BlueprintGeneratedClass /Game/FactoryGame/Recipes/Buildings/Recipe_StandaloneWidgetSign_Square_Tiny.Recipe_StandaloneWidgetSign_Square_Tiny_C,docs_a81d250e96aa,local_game_docs_en_us
Recipe_SteelWall_8x1_C,Basic Wall (1 m),Desc_SteelWall_8x1_C,,1,1,(),BlueprintGeneratedClass /Game/FactoryGame/Recipes/Buildings/Walls/Recipe_SteelWall_8x1.Recipe_SteelWall_8x1_C,docs_a81d250e96aa,local_game_docs_en_us
Recipe_SteelWall_8x4_Gate_01_C,Gate Hole Wall,Desc_SteelWall_8x4_Gate_01_C,,1,1,(),BlueprintGeneratedClass /Game/FactoryGame/Buildable/Building/Wall/SteelWallSet/Recipe_SteelWall_8x4_Gate_01.Recipe_SteelWall_8x4_Gate_01_C,docs_a81d250e96aa,local_game_docs_en_us
Recipe_SteelWall_8x4_Window_01_C,Single Window,Desc_SteelWall_8x4_Window_01_C,,1,1,(),BlueprintGeneratedClass /Game/FactoryGame/Buildable/Building/Wall/SteelWallSet/Recipe_SteelWall_8x4_Window_01.Recipe_SteelWall_8x4_Window_01_C,docs_a81d250e96aa,local_game_docs_en_us
Recipe_SteelWall_8x4_Window_02_C,Reinforced Window,Desc_SteelWall_8x4_Window_02_C,,1,1,(),BlueprintGeneratedClass /Game/FactoryGame/Buildable/Building/Wall/SteelWallSet/Recipe_SteelWall_8x4_Window_02.Recipe_SteelWall_8x4_Window_02_C,docs_a81d250e96aa,local_game_docs_en_us
Recipe_SteelWall_8x4_Window_03_C,Frame Window,Desc_SteelWall_8x4_Window_03_C,,1,1,(),BlueprintGeneratedClass /Game/FactoryGame/Buildable/Building/Wall/SteelWallSet/Recipe_SteelWall_8x4_Window_03.Recipe_SteelWall_8x4_Window_03_C,docs_a81d250e96aa,local_game_docs_en_us
Recipe_SteelWall_8x4_Window_04_C,Panel Window,Desc_SteelWall_8x4_Window_04_C,,1,1,(),BlueprintGeneratedClass /Game/FactoryGame/Buildable/Building/Wall/SteelWallSet/Recipe_SteelWall_8x4_Window_04.Recipe_SteelWall_8x4_Window_04_C,docs_a81d250e96aa,local_game_docs_en_us
Recipe_SteelWall_FlipTris_8x1_C,Inverted Ramp Wall (1 m),Desc_SteelWall_FlipTris_8x1_C,,1,1,(),BlueprintGeneratedClass /Game/FactoryGame/Recipes/Buildings/Walls/Recipe_SteelWall_FlipTris_8x1.Recipe_SteelWall_FlipTris_8x1_C,docs_a81d250e96aa,local_game_docs_en_us
Recipe_SteelWall_FlipTris_8x2_C,Inverted Ramp Wall (2 m),Desc_SteelWall_FlipTris_8x2_C,,1,1,(),BlueprintGeneratedClass /Game/FactoryGame/Recipes/Buildings/Walls/Recipe_SteelWall_FlipTris_8x2.Recipe_SteelWall_FlipTris_8x2_C,docs_a81d250e96aa,local_game_docs_en_us
Recipe_SteelWall_FlipTris_8x4_C,Inverted Ramp Wall (4 m),Desc_SteelWall_FlipTris_8x4_C,,1,1,(),BlueprintGeneratedClass /Game/FactoryGame/Recipes/Buildings/Walls/Recipe_SteelWall_FlipTris_8x4.Recipe_SteelWall_FlipTris_8x4_C,docs_a81d250e96aa,local_game_docs_en_us
Recipe_SteelWall_FlipTris_8x8_C,Inverted Ramp Wall (8 m),Desc_SteelWall_FlipTris_8x8_C,,1,1,(),BlueprintGeneratedClass /Game/FactoryGame/Recipes/Buildings/Walls/Recipe_SteelWall_FlipTris_8x8.Recipe_SteelWall_FlipTris_8x8_C,docs_a81d250e96aa,local_game_docs_en_us
Recipe_SteelWall_Tris_8x1_C,Ramp Wall (1 m),Desc_SteelWall_Tris_8x1_C,,1,1,(),BlueprintGeneratedClass /Game/FactoryGame/Recipes/Buildings/Walls/Recipe_SteelWall_Tris_8x1.Recipe_SteelWall_Tris_8x1_C,docs_a81d250e96aa,local_game_docs_en_us
Recipe_SteelWall_Tris_8x2_C,Ramp Wall (2 m),Desc_SteelWall_Tris_8x2_C,,1,1,(),BlueprintGeneratedClass /Game/FactoryGame/Recipes/Buildings/Walls/Recipe_SteelWall_Tris_8x2.Recipe_SteelWall_Tris_8x2_C,docs_a81d250e96aa,local_game_docs_en_us
Recipe_SteelWall_Tris_8x4_C,Ramp Wall (4 m),Desc_SteelWall_Tris_8x4_C,,1,1,(),BlueprintGeneratedClass /Game/FactoryGame/Recipes/Buildings/Walls/Recipe_SteelWall_Tris_8x4.Recipe_SteelWall_Tris_8x4_C,docs_a81d250e96aa,local_game_docs_en_us
Recipe_SteelWall_Tris_8x8_C,Ramp Wall (8 m),Desc_SteelWall_Tris_8x8_C,,1,1,(),BlueprintGeneratedClass /Game/FactoryGame/Recipes/Buildings/Walls/Recipe_SteelWall_Tris_8x8.Recipe_SteelWall_Tris_8x8_C,docs_a81d250e96aa,local_game_docs_en_us
Recipe_StorageContainerMk1_C,Storage Container,Desc_StorageContainerMk1_C,,1,2,(),BlueprintGeneratedClass /Game/FactoryGame/Recipes/Buildings/Recipe_StorageContainerMk1.Recipe_StorageContainerMk1_C,docs_a81d250e96aa,local_game_docs_en_us
Recipe_StorageContainerMk2_C,Industrial Storage Container,Desc_StorageContainerMk2_C,,1,2,(),BlueprintGeneratedClass /Game/FactoryGame/Recipes/Buildings/Recipe_StorageContainerMk2.Recipe_StorageContainerMk2_C,docs_a81d250e96aa,local_game_docs_en_us
Recipe_StorageHazard_C,Hazard Storage Box,Desc_StorageHazard_C,,1,2,(),BlueprintGeneratedClass /Game/FactoryGame/Recipes/Buildings/Recipe_StorageHazard.Recipe_StorageHazard_C,docs_a81d250e96aa,local_game_docs_en_us
Recipe_StorageMedkit_C,Medical Storage Box,Desc_StorageMedkit_C,,1,2,(),BlueprintGeneratedClass /Game/FactoryGame/Recipes/Buildings/Recipe_StorageMedkit.Recipe_StorageMedkit_C,docs_a81d250e96aa,local_game_docs_en_us
Recipe_StoragePlayer_C,Personal Storage Box,Desc_StoragePlayer_C,,1,2,(),BlueprintGeneratedClass /Game/FactoryGame/Recipes/Buildings/Recipe_StoragePlayer.Recipe_StoragePlayer_C,docs_a81d250e96aa,local_game_docs_en_us
Recipe_StreetLight_C,Street Light,Desc_StreetLight_C,,1,3,(),BlueprintGeneratedClass /Game/FactoryGame/Recipes/Buildings/Recipe_StreetLight.Recipe_StreetLight_C,docs_a81d250e96aa,local_game_docs_en_us
Recipe_TarpFence_C,Tarp Construction Fence,Desc_TarpFence_C,,1,1,(),BlueprintGeneratedClass /Game/FactoryGame/Recipes/Buildings/Fence/Recipe_TarpFence.Recipe_TarpFence_C,docs_a81d250e96aa,local_game_docs_en_us
Recipe_Tractor_C,Tractor,Desc_Tractor_C,Tractor,1,3,(),BlueprintGeneratedClass /Game/FactoryGame/Recipes/Vehicle/Recipe_Tractor.Recipe_Tractor_C,docs_a81d250e96aa,local_game_docs_en_us
Recipe_TradingPost_C,The HUB,Desc_TradingPost_C,,1,1,(),BlueprintGeneratedClass /Game/FactoryGame/Recipes/Buildings/Recipe_TradingPost.Recipe_TradingPost_C,docs_a81d250e96aa,local_game_docs_en_us
Recipe_TrainDockingStationLiquid_C,Fluid Freight Platform,Desc_TrainDockingStationLiquid_C,,1,5,(),BlueprintGeneratedClass /Game/FactoryGame/Buildable/Factory/Train/Station/Recipe_TrainDockingStationLiquid.Recipe_TrainDockingStationLiquid_C,docs_a81d250e96aa,local_game_docs_en_us
Recipe_TrainDockingStation_C,Freight Platform,Desc_TrainDockingStation_C,,1,5,(),BlueprintGeneratedClass /Game/FactoryGame/Buildable/Factory/Train/Station/Recipe_TrainDockingStation.Recipe_TrainDockingStation_C,docs_a81d250e96aa,local_game_docs_en_us
Recipe_TrainPlatformEmpty_02_C,Empty Platform With Catwalk,Desc_TrainPlatformEmpty_02_C,,1,2,(),BlueprintGeneratedClass /Game/FactoryGame/Buildable/Factory/Train/Station/Recipe_TrainPlatformEmpty_02.Recipe_TrainPlatformEmpty_02_C,docs_a81d250e96aa,local_game_docs_en_us
Recipe_TrainPlatformEmpty_C,Empty Platform,Desc_TrainPlatformEmpty_C,,1,2,(),BlueprintGeneratedClass /Game/FactoryGame/Buildable/Factory/Train/Station/Recipe_TrainPlatformEmpty.Recipe_TrainPlatformEmpty_C,docs_a81d250e96aa,local_game_docs_en_us
Recipe_TrainStation_C,Train Station,Desc_TrainStation_C,,1,4,(),BlueprintGeneratedClass /Game/FactoryGame/Buildable/Factory/Train/Station/Recipe_TrainStation.Recipe_TrainStation_C,docs_a81d250e96aa,local_game_docs_en_us
Recipe_TreeGiftProducer_C,FICSMAS Gift Tree,Desc_TreeGiftProducer_C,,1,4,(),BlueprintGeneratedClass /Game/FactoryGame/Recipes/Holiday/Recipe_TreeGiftProducer.Recipe_TreeGiftProducer_C,docs_a81d250e96aa,local_game_docs_en_us
Recipe_TruckStation_C,Truck Station,Desc_TruckStation_C,,1,3,(),BlueprintGeneratedClass /Game/FactoryGame/Recipes/Buildings/Recipe_TruckStation.Recipe_TruckStation_C,docs_a81d250e96aa,local_game_docs_en_us
Recipe_Truck_C,Truck,Desc_Truck_C,Truck,1,4,(),BlueprintGeneratedClass /Game/FactoryGame/Recipes/Vehicle/Recipe_Truck.Recipe_Truck_C,docs_a81d250e96aa,local_game_docs_en_us
Recipe_UJellyLandingPad_C,U-Jelly Landing Pad,Desc_LandingPad_C,,1,3,(),BlueprintGeneratedClass /Game/FactoryGame/Recipes/Buildings/Recipe_UJellyLandingPad.Recipe_UJellyLandingPad_C,docs_a81d250e96aa,local_game_docs_en_us
Recipe_Valve_C,Valve,Desc_Valve_C,,1,2,(),BlueprintGeneratedClass /Game/FactoryGame/Recipes/Buildings/Recipe_Valve.Recipe_Valve_C,docs_a81d250e96aa,local_game_docs_en_us
Recipe_VehiclePath_Explorer_C,Explorer Vehicle Path,Desc_VehiclePath_Explorer_C,,1,0,(),BlueprintGeneratedClass /Game/FactoryGame/Buildable/Vehicle/Explorer/Recipe_VehiclePath_Explorer.Recipe_VehiclePath_Explorer_C,docs_a81d250e96aa,local_game_docs_en_us
Recipe_VehiclePath_FactoryCart_C,Factory Cart Vehicle Path,Desc_VehiclePath_FactoryCart_C,,1,0,(),BlueprintGeneratedClass /Game/FactoryGame/Buildable/Vehicle/Golfcart/Recipe_VehiclePath_FactoryCart.Recipe_VehiclePath_FactoryCart_C,docs_a81d250e96aa,local_game_docs_en_us
Recipe_VehiclePath_Tractor_C,Tractor Vehicle Path,Desc_VehiclePath_Tractor_C,,1,0,(),BlueprintGeneratedClass /Game/FactoryGame/Buildable/Vehicle/Tractor/Recipe_VehiclePath_Tractor.Recipe_VehiclePath_Tractor_C,docs_a81d250e96aa,local_game_docs_en_us
Recipe_VehiclePath_Truck_C,Truck Vehicle Path,Desc_VehiclePath_Truck_C,,1,0,(),BlueprintGeneratedClass /Game/FactoryGame/Buildable/Vehicle/Truck/Recipe_VehiclePath_Truck.Recipe_VehiclePath_Truck_C,docs_a81d250e96aa,local_game_docs_en_us
Recipe_VehiclePath_Universal_C,Universal Vehicle Path,Desc_VehiclePath_Universal_C,,1,0,(),BlueprintGeneratedClass /Game/FactoryGame/Buildable/Vehicle/VehiclePath/Recipe_VehiclePath_Universal.Recipe_VehiclePath_Universal_C,docs_a81d250e96aa,local_game_docs_en_us
Recipe_Walkway_Cross_C,Walkway Intersection,Desc_WalkwayCross_C,,1,2,(),BlueprintGeneratedClass /Game/FactoryGame/Recipes/Buildings/Walkways/Recipe_Walkway_Cross.Recipe_Walkway_Cross_C,docs_a81d250e96aa,local_game_docs_en_us
Recipe_Walkway_Ramp_C,Walkway Ramp,Desc_WalkwayRamp_C,,1,2,(),BlueprintGeneratedClass /Game/FactoryGame/Recipes/Buildings/Walkways/Recipe_Walkway_Ramp.Recipe_Walkway_Ramp_C,docs_a81d250e96aa,local_game_docs_en_us
Recipe_Walkway_Straight_C,Straight Walkway,Desc_WalkwayStraight_C,,1,2,(),BlueprintGeneratedClass /Game/FactoryGame/Recipes/Buildings/Walkways/Recipe_Walkway_Straight.Recipe_Walkway_Straight_C,docs_a81d250e96aa,local_game_docs_en_us
Recipe_Walkway_T_C,Walkway T-Junction,Desc_WalkwayT_C,,1,2,(),BlueprintGeneratedClass /Game/FactoryGame/Recipes/Buildings/Walkways/Recipe_Walkway_T.Recipe_Walkway_T_C,docs_a81d250e96aa,local_game_docs_en_us
Recipe_Walkway_Turn_C,Walkway Corner,Desc_WalkwayTurn_C,,1,2,(),BlueprintGeneratedClass /Game/FactoryGame/Recipes/Buildings/Walkways/Recipe_Walkway_Turn.Recipe_Walkway_Turn_C,docs_a81d250e96aa,local_game_docs_en_us
Recipe_WallSet_Steel_Angular_8x4_C,Tilted Wall (4 m),Desc_WallSet_Steel_Angular_8x4_C,,1,1,(),BlueprintGeneratedClass /Game/FactoryGame/Recipes/Buildings/Walls/Recipe_WallSet_Steel_Angular_8x4.Recipe_WallSet_Steel_Angular_8x4_C,docs_a81d250e96aa,local_game_docs_en_us
Recipe_WallSet_Steel_Angular_8x8_C,Tilted Wall (8 m),Desc_WallSet_Steel_Angular_8x8_C,,1,1,(),BlueprintGeneratedClass /Game/FactoryGame/Recipes/Buildings/Walls/Recipe_WallSet_Steel_Angular_8x8.Recipe_WallSet_Steel_Angular_8x8_C,docs_a81d250e96aa,local_game_docs_en_us
Recipe_Wall_8x4_01_C,Basic Wall (4 m),Desc_Wall_8x4_01_C,,1,1,(),BlueprintGeneratedClass /Game/FactoryGame/Recipes/Buildings/Walls/Recipe_Wall_8x4_01.Recipe_Wall_8x4_01_C,docs_a81d250e96aa,local_game_docs_en_us
Recipe_Wall_8x4_02_C,Basic Wall (4 m),Desc_Wall_8x4_02_C,,1,1,(),BlueprintGeneratedClass /Game/FactoryGame/Recipes/Buildings/Walls/Recipe_Wall_8x4_02.Recipe_Wall_8x4_02_C,docs_a81d250e96aa,local_game_docs_en_us
Recipe_Wall_Concrete_8x1_C,Basic Wall (1 m),Desc_Wall_Concrete_8x1_C,,1,1,(),BlueprintGeneratedClass /Game/FactoryGame/Buildable/Building/Wall/ConcreteWallSet/Recipe_Wall_Concrete_8x1.Recipe_Wall_Concrete_8x1_C,docs_a81d250e96aa,local_game_docs_en_us
Recipe_Wall_Concrete_8x4_C,Basic Wall (4 m),Desc_Wall_Concrete_8x4_C,,1,1,(),BlueprintGeneratedClass /Game/FactoryGame/Buildable/Building/Wall/ConcreteWallSet/Recipe_Wall_Concrete_8x4.Recipe_Wall_Concrete_8x4_C,docs_a81d250e96aa,local_game_docs_en_us
Recipe_Wall_Concrete_8x4_ConveyorHole_01_C,Conveyor Wall x 1,Desc_Wall_Concrete_8x4_ConveyorHole_01_C,,1,1,(),BlueprintGeneratedClass /Game/FactoryGame/Buildable/Building/Wall/ConcreteWallSet/Recipe_Wall_Concrete_8x4_ConveyorHole_01.Recipe_Wall_Concrete_8x4_ConveyorHole_01_C,docs_a81d250e96aa,local_game_docs_en_us
Recipe_Wall_Concrete_8x4_ConveyorHole_02_C,Conveyor Wall x 2,Desc_Wall_Concrete_8x4_ConveyorHole_02_C,,1,1,(),BlueprintGeneratedClass /Game/FactoryGame/Buildable/Building/Wall/ConcreteWallSet/Recipe_Wall_Concrete_8x4_ConveyorHole_02.Recipe_Wall_Concrete_8x4_ConveyorHole_02_C,docs_a81d250e96aa,local_game_docs_en_us
Recipe_Wall_Concrete_8x4_ConveyorHole_03_C,Conveyor Wall x 3,Desc_Wall_Concrete_8x4_ConveyorHole_03_C,,1,1,(),BlueprintGeneratedClass /Game/FactoryGame/Buildable/Building/Wall/ConcreteWallSet/Recipe_Wall_Concrete_8x4_ConveyorHole_03.Recipe_Wall_Concrete_8x4_ConveyorHole_03_C,docs_a81d250e96aa,local_game_docs_en_us
Recipe_Wall_Concrete_8x4_Corner_01_C,Tilted Corner Wall (4 m),Desc_Wall_Concrete_8x4_Corner_01_C,,1,1,(),BlueprintGeneratedClass /Game/FactoryGame/Buildable/Building/Wall/ConcreteWallSet/Recipe_Wall_Concrete_8x4_Corner_01.Recipe_Wall_Concrete_8x4_Corner_01_C,docs_a81d250e96aa,local_game_docs_en_us
Recipe_Wall_Concrete_8x4_Corner_2_C,Tilted Concave Wall (4 m),Desc_Wall_Concrete_8x4_Corner_2_C,,1,1,(),BlueprintGeneratedClass /Game/FactoryGame/Buildable/Building/Wall/ConcreteWallSet/Recipe_Wall_Concrete_8x4_Corner_2.Recipe_Wall_Concrete_8x4_Corner_2_C,docs_a81d250e96aa,local_game_docs_en_us
Recipe_Wall_Concrete_8x4_Window_01_C,Single Window,Desc_Wall_Concrete_8x4_Window_01_C,,1,1,(),BlueprintGeneratedClass /Game/FactoryGame/Buildable/Building/Wall/ConcreteWallSet/Recipe_Wall_Concrete_8x4_Window_01.Recipe_Wall_Concrete_8x4_Window_01_C,docs_a81d250e96aa,local_game_docs_en_us
Recipe_Wall_Concrete_8x4_Window_02_C,Frame Window,Desc_Wall_Concrete_8x4_Window_02_C,,1,1,(),BlueprintGeneratedClass /Game/FactoryGame/Buildable/Building/Wall/ConcreteWallSet/Recipe_Wall_Concrete_8x4_Window_02.Recipe_Wall_Concrete_8x4_Window_02_C,docs_a81d250e96aa,local_game_docs_en_us
Recipe_Wall_Concrete_8x4_Window_03_C,Panel Window,Desc_Wall_Concrete_8x4_Window_03_C,,1,1,(),BlueprintGeneratedClass /Game/FactoryGame/Buildable/Building/Wall/ConcreteWallSet/Recipe_Wall_Concrete_8x4_Window_03.Recipe_Wall_Concrete_8x4_Window_03_C,docs_a81d250e96aa,local_game_docs_en_us
Recipe_Wall_Concrete_8x4_Window_04_C,Reinforced Window,Desc_Wall_Concrete_8x4_Window_04_C,,1,1,(),BlueprintGeneratedClass /Game/FactoryGame/Buildable/Building/Wall/ConcreteWallSet/Recipe_Wall_Concrete_8x4_Window_04.Recipe_Wall_Concrete_8x4_Window_04_C,docs_a81d250e96aa,local_game_docs_en_us
Recipe_Wall_Concrete_8x8_Corner_01_C,Tilted Corner Wall (8 m),Desc_Wall_Concrete_8x8_Corner_01_C,,1,1,(),BlueprintGeneratedClass /Game/FactoryGame/Buildable/Building/Wall/ConcreteWallSet/Recipe_Wall_Concrete_8x8_Corner_01.Recipe_Wall_Concrete_8x8_Corner_01_C,docs_a81d250e96aa,local_game_docs_en_us
Recipe_Wall_Concrete_8x8_Corner_2_C,Tilted Concave Wall (8 m),Desc_Wall_Concrete_8x8_Corner_2_C,,1,1,(),BlueprintGeneratedClass /Game/FactoryGame/Buildable/Building/Wall/ConcreteWallSet/Recipe_Wall_Concrete_8x8_Corner_2.Recipe_Wall_Concrete_8x8_Corner_2_C,docs_a81d250e96aa,local_game_docs_en_us
Recipe_Wall_Concrete_Angular_8x4_C,Tilted Wall (4 m),Desc_Wall_Concrete_Angular_8x4_C,,1,1,(),BlueprintGeneratedClass /Game/FactoryGame/Buildable/Building/Wall/ConcreteWallSet/Recipe_Wall_Concrete_Angular_8x4.Recipe_Wall_Concrete_Angular_8x4_C,docs_a81d250e96aa,local_game_docs_en_us
Recipe_Wall_Concrete_Angular_8x8_C,Tilted Wall (8 m),Desc_Wall_Concrete_Angular_8x8_C,,1,1,(),BlueprintGeneratedClass /Game/FactoryGame/Buildable/Building/Wall/ConcreteWallSet/Recipe_Wall_Concrete_Angular_8x8.Recipe_Wall_Concrete_Angular_8x8_C,docs_a81d250e96aa,local_game_docs_en_us
Recipe_Wall_Concrete_CDoor_8x4_C,Center Door Wall,Desc_Wall_Concrete_CDoor_8x4_C,,1,1,(),BlueprintGeneratedClass /Game/FactoryGame/Buildable/Building/Wall/ConcreteWallSet/Recipe_Wall_Concrete_CDoor_8x4.Recipe_Wall_Concrete_CDoor_8x4_C,docs_a81d250e96aa,local_game_docs_en_us
Recipe_Wall_Concrete_FlipTris_8x1_C,Inverted Ramp Wall (1 m),Desc_Wall_Concrete_8x1_FlipTris_C,,1,1,(),BlueprintGeneratedClass /Game/FactoryGame/Buildable/Building/Wall/ConcreteWallSet/Recipe_Wall_Concrete_FlipTris_8x1.Recipe_Wall_Concrete_FlipTris_8x1_C,docs_a81d250e96aa,local_game_docs_en_us
Recipe_Wall_Concrete_FlipTris_8x2_C,Inverted Ramp Wall (2 m),Desc_Wall_Concrete_8x2_FlipTris_C,,1,1,(),BlueprintGeneratedClass /Game/FactoryGame/Buildable/Building/Wall/ConcreteWallSet/Recipe_Wall_Concrete_FlipTris_8x2.Recipe_Wall_Concrete_FlipTris_8x2_C,docs_a81d250e96aa,local_game_docs_en_us
Recipe_Wall_Concrete_FlipTris_8x4_C,Inverted Ramp Wall (4 m),Desc_Wall_Concrete_8x4_FlipTris_C,,1,1,(),BlueprintGeneratedClass /Game/FactoryGame/Buildable/Building/Wall/ConcreteWallSet/Recipe_Wall_Concrete_FlipTris_8x4.Recipe_Wall_Concrete_FlipTris_8x4_C,docs_a81d250e96aa,local_game_docs_en_us
Recipe_Wall_Concrete_FlipTris_8x8_C,Inverted Ramp Wall (8 m),Desc_Wall_Concrete_8x8_FlipTris_C,,1,1,(),BlueprintGeneratedClass /Game/FactoryGame/Buildable/Building/Wall/ConcreteWallSet/Recipe_Wall_Concrete_FlipTris_8x8.Recipe_Wall_Concrete_FlipTris_8x8_C,docs_a81d250e96aa,local_game_docs_en_us
Recipe_Wall_Concrete_Gate_8x4_C,Gate Hole Wall,Desc_Wall_Concrete_Gate_8x4_C,,1,1,(),BlueprintGeneratedClass /Game/FactoryGame/Buildable/Building/Wall/ConcreteWallSet/Recipe_Wall_Concrete_Gate_8x4.Recipe_Wall_Concrete_Gate_8x4_C,docs_a81d250e96aa,local_game_docs_en_us
Recipe_Wall_Concrete_SDoor_8x4_C,Side Door Wall,Desc_Wall_Concrete_SDoor_8x4_C,,1,1,(),BlueprintGeneratedClass /Game/FactoryGame/Buildable/Building/Wall/ConcreteWallSet/Recipe_Wall_Concrete_SDoor_8x4.Recipe_Wall_Concrete_SDoor_8x4_C,docs_a81d250e96aa,local_game_docs_en_us
Recipe_Wall_Concrete_Tris_8x1_C,Ramp Wall (1 m),Desc_Wall_Concrete_8x1_Tris_C,,1,1,(),BlueprintGeneratedClass /Game/FactoryGame/Buildable/Building/Wall/ConcreteWallSet/Recipe_Wall_Concrete_Tris_8x1.Recipe_Wall_Concrete_Tris_8x1_C,docs_a81d250e96aa,local_game_docs_en_us
Recipe_Wall_Concrete_Tris_8x2_C,Ramp Wall (2 m),Desc_Wall_Concrete_8x2_Tris_C,,1,1,(),BlueprintGeneratedClass /Game/FactoryGame/Buildable/Building/Wall/ConcreteWallSet/Recipe_Wall_Concrete_Tris_8x2.Recipe_Wall_Concrete_Tris_8x2_C,docs_a81d250e96aa,local_game_docs_en_us
Recipe_Wall_Concrete_Tris_8x4_C,Ramp Wall (4 m),Desc_Wall_Concrete_8x4_Tris_C,,1,1,(),BlueprintGeneratedClass /Game/FactoryGame/Buildable/Building/Wall/ConcreteWallSet/Recipe_Wall_Concrete_Tris_8x4.Recipe_Wall_Concrete_Tris_8x4_C,docs_a81d250e96aa,local_game_docs_en_us
Recipe_Wall_Concrete_Tris_8x8_C,Ramp Wall (8 m),Desc_Wall_Concrete_8x8_Tris_C,,1,1,(),BlueprintGeneratedClass /Game/FactoryGame/Buildable/Building/Wall/ConcreteWallSet/Recipe_Wall_Concrete_Tris_8x8.Recipe_Wall_Concrete_Tris_8x8_C,docs_a81d250e96aa,local_game_docs_en_us
Recipe_Wall_Conveyor_8x4_01_C,Conveyor Wall x 3,Desc_Wall_Conveyor_8x4_01_C,,1,1,(),BlueprintGeneratedClass /Game/FactoryGame/Recipes/Buildings/Walls/Recipe_Wall_Conveyor_8x4_01.Recipe_Wall_Conveyor_8x4_01_C,docs_a81d250e96aa,local_game_docs_en_us
Recipe_Wall_Conveyor_8x4_01_Steel_C,Conveyor Wall x 3,Desc_Wall_Conveyor_8x4_01_Steel_C,,1,1,(),BlueprintGeneratedClass /Game/FactoryGame/Recipes/Buildings/Walls/Recipe_Wall_Conveyor_8x4_01_Steel.Recipe_Wall_Conveyor_8x4_01_Steel_C,docs_a81d250e96aa,local_game_docs_en_us
Recipe_Wall_Conveyor_8x4_02_C,Conveyor Wall x 2,Desc_Wall_Conveyor_8x4_02_C,,1,1,(),BlueprintGeneratedClass /Game/FactoryGame/Recipes/Buildings/Walls/Recipe_Wall_Conveyor_8x4_02.Recipe_Wall_Conveyor_8x4_02_C,docs_a81d250e96aa,local_game_docs_en_us
Recipe_Wall_Conveyor_8x4_02_Steel_C,Conveyor Wall x 2,Desc_Wall_Conveyor_8x4_02_Steel_C,,1,1,(),BlueprintGeneratedClass /Game/FactoryGame/Recipes/Buildings/Walls/Recipe_Wall_Conveyor_8x4_02_Steel.Recipe_Wall_Conveyor_8x4_02_Steel_C,docs_a81d250e96aa,local_game_docs_en_us
Recipe_Wall_Conveyor_8x4_03_C,Conveyor Wall x 1,Desc_Wall_Conveyor_8x4_03_C,,1,1,(),BlueprintGeneratedClass /Game/FactoryGame/Recipes/Buildings/Walls/Recipe_Wall_Conveyor_8x4_03.Recipe_Wall_Conveyor_8x4_03_C,docs_a81d250e96aa,local_game_docs_en_us
Recipe_Wall_Conveyor_8x4_03_Steel_C,Conveyor Wall x 1,Desc_Wall_Conveyor_8x4_03_Steel_C,,1,1,(),BlueprintGeneratedClass /Game/FactoryGame/Recipes/Buildings/Walls/Recipe_Wall_Conveyor_8x4_03_Steel.Recipe_Wall_Conveyor_8x4_03_Steel_C,docs_a81d250e96aa,local_game_docs_en_us
Recipe_Wall_Conveyor_8x4_04_C,Perpendicular Wall Conveyor,Desc_Wall_Conveyor_8x4_04_C,,1,2,(),BlueprintGeneratedClass /Game/FactoryGame/Recipes/Buildings/Walls/Recipe_Wall_Conveyor_8x4_04.Recipe_Wall_Conveyor_8x4_04_C,docs_a81d250e96aa,local_game_docs_en_us
Recipe_Wall_Conveyor_8x4_04_Steel_C,Perpendicular Wall Conveyor,Desc_Wall_Conveyor_8x4_04_Steel_C,,1,2,(),BlueprintGeneratedClass /Game/FactoryGame/Recipes/Buildings/Walls/Recipe_Wall_Conveyor_8x4_04_Steel.Recipe_Wall_Conveyor_8x4_04_Steel_C,docs_a81d250e96aa,local_game_docs_en_us
Recipe_Wall_Door_8x4_01_C,Center Door Wall,Desc_Wall_Door_8x4_01_C,,1,1,(),BlueprintGeneratedClass /Game/FactoryGame/Recipes/Buildings/Walls/Recipe_Wall_Door_8x4_01.Recipe_Wall_Door_8x4_01_C,docs_a81d250e96aa,local_game_docs_en_us
Recipe_Wall_Door_8x4_01_Steel_C,Center Door Wall,Desc_Wall_Door_8x4_01_Steel_C,,1,1,(),BlueprintGeneratedClass /Game/FactoryGame/Recipes/Buildings/Walls/Recipe_Wall_Door_8x4_01_Steel.Recipe_Wall_Door_8x4_01_Steel_C,docs_a81d250e96aa,local_game_docs_en_us
Recipe_Wall_Door_8x4_03_C,Side Door Wall,Desc_Wall_Door_8x4_03_C,,1,1,(),BlueprintGeneratedClass /Game/FactoryGame/Recipes/Buildings/Walls/Recipe_Wall_Door_8x4_03.Recipe_Wall_Door_8x4_03_C,docs_a81d250e96aa,local_game_docs_en_us
Recipe_Wall_Door_8x4_03_Steel_C,Side Door Wall,Desc_Wall_Door_8x4_03_Steel_C,,1,1,(),BlueprintGeneratedClass /Game/FactoryGame/Recipes/Buildings/Walls/Recipe_Wall_Door_8x4_03_Steel.Recipe_Wall_Door_8x4_03_Steel_C,docs_a81d250e96aa,local_game_docs_en_us
Recipe_Wall_Frame_01_C,Frame Wall,Desc_Wall_Frame_01_C,,1,1,(),BlueprintGeneratedClass /Game/FactoryGame/Recipes/Buildings/Walls/Recipe_Wall_Frame_01.Recipe_Wall_Frame_01_C,docs_a81d250e96aa,local_game_docs_en_us
Recipe_Wall_Gate_8x4_01_C,Gate Hole Wall,Desc_Wall_Gate_8x4_01_C,,1,1,(),BlueprintGeneratedClass /Game/FactoryGame/Recipes/Buildings/Walls/Recipe_Wall_Gate_8x4_01.Recipe_Wall_Gate_8x4_01_C,docs_a81d250e96aa,local_game_docs_en_us
Recipe_Wall_Orange_8x1_C,Basic Wall (1 m),Desc_Wall_Orange_8x1_C,,1,1,(),BlueprintGeneratedClass /Game/FactoryGame/Recipes/Buildings/Walls/Recipe_Wall_Orange_8x1.Recipe_Wall_Orange_8x1_C,docs_a81d250e96aa,local_game_docs_en_us
Recipe_Wall_Orange_8x4_Corner_01_C,Tilted Corner Wall (4 m),Desc_Wall_Orange_8x4_Corner_01_C,,1,1,(),BlueprintGeneratedClass /Game/FactoryGame/Recipes/Buildings/Walls/Recipe_Wall_Orange_8x4_Corner_01.Recipe_Wall_Orange_8x4_Corner_01_C,docs_a81d250e96aa,local_game_docs_en_us
Recipe_Wall_Orange_8x4_Corner_02_C,Tilted Concave Wall (4 m),Desc_Wall_Orange_8x4_Corner_02_C,,1,1,(),BlueprintGeneratedClass /Game/FactoryGame/Recipes/Buildings/Walls/Recipe_Wall_Orange_8x4_Corner_02.Recipe_Wall_Orange_8x4_Corner_02_C,docs_a81d250e96aa,local_game_docs_en_us
Recipe_Wall_Orange_8x8_Corner_01_C,Tilted Corner Wall (8 m),Desc_Wall_Orange_8x8_Corner_01_C,,1,1,(),BlueprintGeneratedClass /Game/FactoryGame/Recipes/Buildings/Walls/Recipe_Wall_Orange_8x8_Corner_01.Recipe_Wall_Orange_8x8_Corner_01_C,docs_a81d250e96aa,local_game_docs_en_us
Recipe_Wall_Orange_8x8_Corner_02_C,Tilted Concave Wall (8 m),Desc_Wall_Orange_8x8_Corner_02_C,,1,1,(),BlueprintGeneratedClass /Game/FactoryGame/Recipes/Buildings/Walls/Recipe_Wall_Orange_8x8_Corner_02.Recipe_Wall_Orange_8x8_Corner_02_C,docs_a81d250e96aa,local_game_docs_en_us
Recipe_Wall_Orange_Angular_8x4_C,Tilted Wall (4 m),Desc_Wall_Orange_Angular_8x4_C,,1,1,(),BlueprintGeneratedClass /Game/FactoryGame/Recipes/Buildings/Walls/Recipe_Wall_Orange_Angular_8x4.Recipe_Wall_Orange_Angular_8x4_C,docs_a81d250e96aa,local_game_docs_en_us
Recipe_Wall_Orange_Angular_8x8_C,Tilted Wall (8 m),Desc_Wall_Orange_Angular_8x8_C,,1,1,(),BlueprintGeneratedClass /Game/FactoryGame/Recipes/Buildings/Walls/Recipe_Wall_Orange_Angular_8x8.Recipe_Wall_Orange_Angular_8x8_C,docs_a81d250e96aa,local_game_docs_en_us
Recipe_Wall_Orange_FlipTris_8x1_C,Inverted Ramp Wall (1 m),Desc_Wall_Orange_8x1_FlipTris_C,,1,1,(),BlueprintGeneratedClass /Game/FactoryGame/Recipes/Buildings/Walls/Recipe_Wall_Orange_FlipTris_8x1.Recipe_Wall_Orange_FlipTris_8x1_C,docs_a81d250e96aa,local_game_docs_en_us
Recipe_Wall_Orange_FlipTris_8x2_C,Inverted Ramp Wall (2 m),Desc_Wall_Orange_8x2_FlipTris_C,,1,1,(),BlueprintGeneratedClass /Game/FactoryGame/Recipes/Buildings/Walls/Recipe_Wall_Orange_FlipTris_8x2.Recipe_Wall_Orange_FlipTris_8x2_C,docs_a81d250e96aa,local_game_docs_en_us
Recipe_Wall_Orange_FlipTris_8x4_C,Inverted Ramp Wall (4 m),Desc_Wall_Orange_8x4_FlipTris_C,,1,1,(),BlueprintGeneratedClass /Game/FactoryGame/Recipes/Buildings/Walls/Recipe_Wall_Orange_FlipTris_8x4.Recipe_Wall_Orange_FlipTris_8x4_C,docs_a81d250e96aa,local_game_docs_en_us
Recipe_Wall_Orange_FlipTris_8x8_C,Inverted Ramp Wall (8 m),Desc_Wall_Orange_8x8_FlipTris_C,,1,1,(),BlueprintGeneratedClass /Game/FactoryGame/Recipes/Buildings/Walls/Recipe_Wall_Orange_FlipTris_8x8.Recipe_Wall_Orange_FlipTris_8x8_C,docs_a81d250e96aa,local_game_docs_en_us
Recipe_Wall_Orange_Tris_8x1_C,Ramp Wall (1 m),Desc_Wall_Orange_8x1_Tris_C,,1,1,(),BlueprintGeneratedClass /Game/FactoryGame/Recipes/Buildings/Walls/Recipe_Wall_Orange_Tris_8x1.Recipe_Wall_Orange_Tris_8x1_C,docs_a81d250e96aa,local_game_docs_en_us
Recipe_Wall_Orange_Tris_8x2_C,Ramp Wall (2 m),Desc_Wall_Orange_8x2_Tris_C,,1,1,(),BlueprintGeneratedClass /Game/FactoryGame/Recipes/Buildings/Walls/Recipe_Wall_Orange_Tris_8x2.Recipe_Wall_Orange_Tris_8x2_C,docs_a81d250e96aa,local_game_docs_en_us
Recipe_Wall_Orange_Tris_8x4_C,Ramp Wall (4 m),Desc_Wall_Orange_8x4_Tris_C,,1,1,(),BlueprintGeneratedClass /Game/FactoryGame/Recipes/Buildings/Walls/Recipe_Wall_Orange_Tris_8x4.Recipe_Wall_Orange_Tris_8x4_C,docs_a81d250e96aa,local_game_docs_en_us
Recipe_Wall_Orange_Tris_8x8_C,Ramp Wall (8 m),Desc_Wall_Orange_8x8_Tris_C,,1,1,(),BlueprintGeneratedClass /Game/FactoryGame/Recipes/Buildings/Walls/Recipe_Wall_Orange_Tris_8x8.Recipe_Wall_Orange_Tris_8x8_C,docs_a81d250e96aa,local_game_docs_en_us
Recipe_Wall_Steel_8x4_Corner_01_C,Tilted Corner Wall (4 m),Desc_Wall_Steel_8x4_Corner_01_C,,1,1,(),BlueprintGeneratedClass /Game/FactoryGame/Buildable/Building/Wall/SteelWallSet/Recipe_Wall_Steel_8x4_Corner_01.Recipe_Wall_Steel_8x4_Corner_01_C,docs_a81d250e96aa,local_game_docs_en_us
Recipe_Wall_Steel_8x4_Corner_2_C,Tilted Concave Wall (4 m),Desc_Wall_Steel_8x4_Corner_2_C,,1,1,(),BlueprintGeneratedClass /Game/FactoryGame/Buildable/Building/Wall/SteelWallSet/Recipe_Wall_Steel_8x4_Corner_2.Recipe_Wall_Steel_8x4_Corner_2_C,docs_a81d250e96aa,local_game_docs_en_us
Recipe_Wall_Steel_8x8_Corner_01_C,Tilted Corner Wall (8 m),Desc_Wall_Steel_8x8_Corner_01_C,,1,1,(),BlueprintGeneratedClass /Game/FactoryGame/Buildable/Building/Wall/SteelWallSet/Recipe_Wall_Steel_8x8_Corner_01.Recipe_Wall_Steel_8x8_Corner_01_C,docs_a81d250e96aa,local_game_docs_en_us
Recipe_Wall_Steel_8x8_Corner_2_C,Tilted Concave Wall (8 m),Desc_Wall_Steel_8x8_Corner_2_C,,1,1,(),BlueprintGeneratedClass /Game/FactoryGame/Buildable/Building/Wall/SteelWallSet/Recipe_Wall_Steel_8x8_Corner_2.Recipe_Wall_Steel_8x8_Corner_2_C,docs_a81d250e96aa,local_game_docs_en_us
Recipe_Wall_Window_8x4_01_C,Single Window,Desc_Wall_Window_8x4_01_C,,1,1,(),BlueprintGeneratedClass /Game/FactoryGame/Recipes/Buildings/Walls/Recipe_Wall_Window_8x4_01.Recipe_Wall_Window_8x4_01_C,docs_a81d250e96aa,local_game_docs_en_us
Recipe_Wall_Window_8x4_02_C,Frame Window,Desc_Wall_Window_8x4_02_C,,1,1,(),BlueprintGeneratedClass /Game/FactoryGame/Recipes/Buildings/Walls/Recipe_Wall_Window_8x4_02.Recipe_Wall_Window_8x4_02_C,docs_a81d250e96aa,local_game_docs_en_us
Recipe_Wall_Window_8x4_03_C,Panel Window,Desc_Wall_Window_8x4_03_C,,1,1,(),BlueprintGeneratedClass /Game/FactoryGame/Recipes/Buildings/Walls/Recipe_Wall_Window_8x4_03.Recipe_Wall_Window_8x4_03_C,docs_a81d250e96aa,local_game_docs_en_us
Recipe_Wall_Window_8x4_04_C,Reinforced Window,Desc_Wall_Window_8x4_04_C,,1,1,(),BlueprintGeneratedClass /Game/FactoryGame/Recipes/Buildings/Walls/Recipe_Wall_Window_8x4_04.Recipe_Wall_Window_8x4_04_C,docs_a81d250e96aa,local_game_docs_en_us
Recipe_Wall_Window_8x4_05_C,Angled Frame Window,Desc_Wall_Window_8x4_05_C,,1,2,(),BlueprintGeneratedClass /Game/FactoryGame/Recipes/Buildings/Walls/Recipe_Wall_Window_8x4_05.Recipe_Wall_Window_8x4_05_C,docs_a81d250e96aa,local_game_docs_en_us
Recipe_Wall_Window_8x4_06_C,Honeycomb Frame Window,Desc_Wall_Window_8x4_06_C,,1,2,(),BlueprintGeneratedClass /Game/FactoryGame/Recipes/Buildings/Walls/Recipe_Wall_Window_8x4_06.Recipe_Wall_Window_8x4_06_C,docs_a81d250e96aa,local_game_docs_en_us
Recipe_Wall_Window_8x4_07_C,Triple Frame Window,Desc_Wall_Window_8x4_07_C,,1,2,(),BlueprintGeneratedClass /Game/FactoryGame/Recipes/Buildings/Walls/Recipe_Wall_Window_8x4_07.Recipe_Wall_Window_8x4_07_C,docs_a81d250e96aa,local_game_docs_en_us
Recipe_Wall_Window_Thin_8x4_01_C,Full Frame Window,Desc_Wall_Window_Thin_8x4_01_C,,1,2,(),BlueprintGeneratedClass /Game/FactoryGame/Recipes/Buildings/Walls/Recipe_Wall_Window_Thin_8x4_01.Recipe_Wall_Window_Thin_8x4_01_C,docs_a81d250e96aa,local_game_docs_en_us
Recipe_Wall_Window_Thin_8x4_02_C,Hex Frame Window,Desc_Wall_Window_Thin_8x4_02_C,,1,2,(),BlueprintGeneratedClass /Game/FactoryGame/Recipes/Buildings/Walls/Recipe_Wall_Window_Thin_8x4_02.Recipe_Wall_Window_Thin_8x4_02_C,docs_a81d250e96aa,local_game_docs_en_us
Recipe_WaterPump_C,Water Extractor,Desc_WaterPump_C,,1,3,(),BlueprintGeneratedClass /Game/FactoryGame/Recipes/Buildings/Recipe_WaterPump.Recipe_WaterPump_C,docs_a81d250e96aa,local_game_docs_en_us
Recipe_WorkBench_C,Crafting Bench,Desc_WorkBench_C,,1,2,(),BlueprintGeneratedClass /Game/FactoryGame/Recipes/Buildings/Recipe_WorkBench.Recipe_WorkBench_C,docs_a81d250e96aa,local_game_docs_en_us
Recipe_Workshop_C,Equipment Workshop,Desc_Workshop_C,,1,2,(),BlueprintGeneratedClass /Game/FactoryGame/Recipes/Buildings/Recipe_Workshop.Recipe_Workshop_C,docs_a81d250e96aa,local_game_docs_en_us
Recipe_WreathDecor_C,FICSMAS Decoration,Desc_WreathDecor_C,,1,2,(),BlueprintGeneratedClass /Game/FactoryGame/Events/Christmas/Buildings/WreathDecor/Recipe_WreathDecor.Recipe_WreathDecor_C,docs_a81d250e96aa,local_game_docs_en_us
Recipe_XMassTree_C,Giant FICSMAS Tree,Desc_XMassTree_C,,1,3,(),BlueprintGeneratedClass /Game/FactoryGame/Events/Christmas/Buildings/TreeDecor/Recipe_XMassTree.Recipe_XMassTree_C,docs_a81d250e96aa,local_game_docs_en_us
Recipe_xmassLights_C,FICSMAS Power Light,Desc_xmassLights_C,,1,2,(),BlueprintGeneratedClass /Game/FactoryGame/Events/Christmas/Buildings/PowerLineLights/Recipe_xmassLights.Recipe_xmassLights_C,docs_a81d250e96aa,local_game_docs_en_us
