poi_id,hazard_json,hazard_source,inference_not_placement
poi_502094_0001,"{""hostiles_nearby"":{""Desc_StingerAlpha_C"":1,""Desc_StingerSmall_C"":3},""nearest_hostile_cm"":848.6,""nearest_uranium_cm"":1494.4}",SatisfactoryMCP inferred hazard context,true
poi_502094_0002,"{""hostiles_nearby"":{""Char_CrabHatcher_C"":2,""Desc_HogAlpha_C"":1},""spawns_here"":[""Char_CrabHatcher_C""],""nearest_hostile_cm"":1899.8}",SatisfactoryMCP inferred hazard context,true
poi_502094_0003,"{""hostiles_nearby"":{""Desc_SpitterDesert_Small_C"":2},""spawns_here"":[""Desc_SpitterDesert_Small_C""],""nearest_hostile_cm"":1012.6}",SatisfactoryMCP inferred hazard context,true
poi_502094_0004,"{""hostiles_nearby"":{""Desc_HogCliff_C"":3},""spawns_here"":[""Desc_HogCliff_C""],""nearest_hostile_cm"":1020.6}",SatisfactoryMCP inferred hazard context,true
poi_502094_0005,"{""hostiles_nearby"":{""Desc_HogBasic_C"":1,""Desc_SpitterForest_Small_C"":2},""nearest_hostile_cm"":3505.6}",SatisfactoryMCP inferred hazard context,true
poi_502094_0006,"{""hostiles_nearby"":{""Desc_HogNuclear_C"":1},""nearest_hostile_cm"":1390.0,""nearest_nuclear_hog_spawner_cm"":1390.0}",SatisfactoryMCP inferred hazard context,true
poi_502094_0007,"{""hostiles_nearby"":{""Desc_StingerAlpha_C"":1},""nearest_hostile_cm"":4332.5,""nearest_gas_cm"":1369.9,""nearest_gas_class"":""BP_GasPillar_03_C"",""nearest_uranium_cm"":402.7}",SatisfactoryMCP inferred hazard context,true
poi_502094_0008,"{""hostiles_nearby"":{""Desc_HogBasic_C"":1,""Desc_SpitterForest_Small_C"":1},""nearest_hostile_cm"":969.6}",SatisfactoryMCP inferred hazard context,true
poi_502094_0010,"{""hostiles_nearby"":{""Char_BigCrabHatcher_C"":2,""Desc_HogCliff_C"":2,""Desc_HogNuclear_C"":1},""nearest_hostile_cm"":1032.6,""nearest_gas_cm"":4371.9,""nearest_gas_class"":""BP_GasPillar_02_C"",""nearest_nuclear_hog_spawner_cm"":1032.6}",SatisfactoryMCP inferred hazard context,true
poi_502094_0011,"{""hostiles_nearby"":{""Desc_HogNuclear_C"":2,""Desc_StingerElite_C"":1},""spawns_here"":[""Desc_HogNuclear_C""],""nearest_hostile_cm"":1708.3,""nearest_uranium_cm"":265.5,""nearest_nuclear_hog_spawner_cm"":1708.3}",SatisfactoryMCP inferred hazard context,true
poi_502094_0012,"{""nearest_gas_cm"":876.1,""nearest_gas_class"":""BP_GasPillar_03_C""}",SatisfactoryMCP inferred hazard context,true
poi_502094_0013,"{""hostiles_nearby"":{""Desc_HogNuclear_C"":1},""nearest_hostile_cm"":1076.8,""nearest_uranium_cm"":1111.3,""nearest_nuclear_hog_spawner_cm"":1076.8}",SatisfactoryMCP inferred hazard context,true
poi_502094_0014,"{""hostiles_nearby"":{""Desc_HogBasic_C"":2,""Desc_HogNuclear_C"":1,""Desc_SpitterForest_Alpha_C"":1},""spawns_here"":[""Desc_HogBasic_C""],""nearest_hostile_cm"":450.9,""nearest_nuclear_hog_spawner_cm"":1059.4}",SatisfactoryMCP inferred hazard context,true
poi_502094_0016,"{""hostiles_nearby"":{""Desc_HogNuclear_C"":2},""spawns_here"":[""Desc_HogNuclear_C""],""nearest_hostile_cm"":771.3,""nearest_uranium_cm"":472.4,""nearest_nuclear_hog_spawner_cm"":771.3}",SatisfactoryMCP inferred hazard context,true
poi_502094_0017,"{""nearest_gas_cm"":3566.5,""nearest_gas_class"":""BP_SporeFlower_C""}",SatisfactoryMCP inferred hazard context,true
poi_502094_0018,"{""hostiles_nearby"":{""Desc_HogNuclear_C"":1},""spawns_here"":[""Desc_HogNuclear_C""],""nearest_hostile_cm"":697.3,""nearest_gas_cm"":2016.9,""nearest_gas_class"":""BP_SporeFlower_C"",""nearest_nuclear_hog_spawner_cm"":697.3}",SatisfactoryMCP inferred hazard context,true
poi_502094_0019,"{""hostiles_nearby"":{""Char_BigCrabHatcher_C"":1,""Desc_SpitterForest_Alpha_C"":2},""nearest_hostile_cm"":2260.2}",SatisfactoryMCP inferred hazard context,true
poi_502094_0020,"{""hostiles_nearby"":{""Desc_SpitterForest_Small_C"":2},""nearest_hostile_cm"":1972.7}",SatisfactoryMCP inferred hazard context,true
poi_502094_0021,"{""hostiles_nearby"":{""Desc_HogNuclear_C"":1,""Desc_SpitterForest_Alpha_C"":1},""nearest_hostile_cm"":3000.9,""nearest_nuclear_hog_spawner_cm"":3000.9}",SatisfactoryMCP inferred hazard context,true
poi_502094_0022,"{""nearest_gas_cm"":477.2,""nearest_gas_class"":""BP_GasPillar_03_C""}",SatisfactoryMCP inferred hazard context,true
poi_502094_0023,"{""hostiles_nearby"":{""Desc_HogNuclear_C"":1},""nearest_hostile_cm"":801.8,""nearest_uranium_cm"":1397.7,""nearest_nuclear_hog_spawner_cm"":801.8}",SatisfactoryMCP inferred hazard context,true
poi_502094_0024,"{""hostiles_nearby"":{""Desc_HogAlpha_C"":1,""Desc_HogBasic_C"":3},""spawns_here"":[""Desc_HogBasic_C""],""nearest_hostile_cm"":898.3}",SatisfactoryMCP inferred hazard context,true
poi_502094_0025,"{""hostiles_nearby"":{""Desc_HogBasic_C"":1,""Desc_SpitterForest_Small_C"":2},""nearest_hostile_cm"":734.2,""nearest_gas_cm"":3009.6,""nearest_gas_class"":""BP_SporeFlower_C""}",SatisfactoryMCP inferred hazard context,true
poi_502094_0026,"{""hostiles_nearby"":{""Char_CrabHatcher_C"":2,""Desc_SpitterForest_Small_C"":1},""nearest_hostile_cm"":1293.2}",SatisfactoryMCP inferred hazard context,true
poi_502094_0027,"{""hostiles_nearby"":{""Desc_HogCliff_C"":1},""nearest_hostile_cm"":3355.8}",SatisfactoryMCP inferred hazard context,true
poi_502094_0028,"{""hostiles_nearby"":{""Desc_SpitterAquatic_Alpha_C"":1},""nearest_hostile_cm"":756.3}",SatisfactoryMCP inferred hazard context,true
poi_502094_0029,"{""nearest_gas_cm"":946.7,""nearest_gas_class"":""BP_GasPillar_02_C""}",SatisfactoryMCP inferred hazard context,true
poi_502094_0030,"{""hostiles_nearby"":{""Desc_SpitterForest_Alpha_C"":1},""nearest_hostile_cm"":2205.2}",SatisfactoryMCP inferred hazard context,true
poi_502094_0031,"{""hostiles_nearby"":{""Desc_HogCliff_C"":2},""nearest_hostile_cm"":1218.4}",SatisfactoryMCP inferred hazard context,true
poi_502094_0033,"{""hostiles_nearby"":{""Desc_HogAlpha_C"":1},""nearest_hostile_cm"":838.0}",SatisfactoryMCP inferred hazard context,true
poi_502094_0034,"{""nearest_gas_cm"":1099.4,""nearest_gas_class"":""BP_SporeFlower_C"",""inside_spore_flower_damage_sphere"":true}",SatisfactoryMCP inferred hazard context,true
poi_502094_0035,"{""hostiles_nearby"":{""Desc_SpitterAquatic_Small_C"":3},""spawns_here"":[""Desc_SpitterAquatic_Small_C""],""nearest_hostile_cm"":1371.8}",SatisfactoryMCP inferred hazard context,true
poi_502094_0036,"{""hostiles_nearby"":{""Desc_HogCliff_C"":1},""nearest_hostile_cm"":3719.4}",SatisfactoryMCP inferred hazard context,true
poi_502094_0037,"{""hostiles_nearby"":{""Desc_StingerSmall_C"":4},""nearest_hostile_cm"":3527.1,""nearest_gas_cm"":827.1,""nearest_gas_class"":""BP_SporeFlower_C"",""inside_spore_flower_damage_sphere"":true}",SatisfactoryMCP inferred hazard context,true
poi_502094_0038,"{""hostiles_nearby"":{""Desc_SpitterAquatic_Small_C"":2},""nearest_hostile_cm"":1575.1}",SatisfactoryMCP inferred hazard context,true
poi_502094_0039,"{""nearest_gas_cm"":1358.6,""nearest_gas_class"":""BP_VolumeGas_01_C""}",SatisfactoryMCP inferred hazard context,true
poi_502094_0040,"{""hostiles_nearby"":{""Desc_HogNuclear_C"":1},""nearest_hostile_cm"":1562.9,""nearest_uranium_cm"":446.6,""nearest_nuclear_hog_spawner_cm"":1562.9}",SatisfactoryMCP inferred hazard context,true
poi_502094_0041,"{""hostiles_nearby"":{""Desc_SpitterForest_Small_C"":3},""nearest_hostile_cm"":2569.0}",SatisfactoryMCP inferred hazard context,true
poi_502094_0042,"{""hostiles_nearby"":{""Desc_HogNuclear_C"":1,""Desc_SpitterForest_Red_Alpha_C"":2},""spawns_here"":[""Desc_SpitterForest_Red_Alpha_C""],""nearest_hostile_cm"":242.7,""nearest_gas_cm"":3245.7,""nearest_gas_class"":""BP_VolumeGas_01_C"",""nearest_nuclear_hog_spawner_cm"":2119.6}",SatisfactoryMCP inferred hazard context,true
poi_502094_0043,"{""hostiles_nearby"":{""Desc_SpitterForest_Small_Red_C"":1},""nearest_hostile_cm"":4620.1}",SatisfactoryMCP inferred hazard context,true
poi_502094_0044,"{""nearest_gas_cm"":1469.3,""nearest_gas_class"":""BP_VolumeGas_01_C""}",SatisfactoryMCP inferred hazard context,true
poi_502094_0045,"{""hostiles_nearby"":{""Desc_SpitterDesert_Alpha_C"":1,""Desc_SpitterDesert_Small_C"":1},""nearest_hostile_cm"":3104.7}",SatisfactoryMCP inferred hazard context,true
poi_502094_0046,"{""nearest_gas_cm"":791.3,""nearest_gas_class"":""BP_GasPillar_01_C""}",SatisfactoryMCP inferred hazard context,true
poi_502094_0047,"{""hostiles_nearby"":{""Char_CrabHatcher_C"":2,""Desc_SpitterDesert_Small_C"":1},""spawns_here"":[""Char_CrabHatcher_C""],""nearest_hostile_cm"":1742.1}",SatisfactoryMCP inferred hazard context,true
poi_502094_0048,"{""hostiles_nearby"":{""Desc_SpitterAquatic_Alpha_C"":1},""nearest_hostile_cm"":1245.0}",SatisfactoryMCP inferred hazard context,true
poi_502094_0049,"{""hostiles_nearby"":{""Desc_HogAlpha_C"":1,""Desc_SpitterDesert_Alpha_C"":1},""nearest_hostile_cm"":886.8}",SatisfactoryMCP inferred hazard context,true
poi_502094_0050,"{""hostiles_nearby"":{""Desc_HogNuclear_C"":1},""nearest_hostile_cm"":1623.3,""nearest_uranium_cm"":1506.8,""nearest_nuclear_hog_spawner_cm"":1623.3}",SatisfactoryMCP inferred hazard context,true
poi_502094_0051,"{""hostiles_nearby"":{""Desc_SpitterForest_Red_Alpha_C"":2},""nearest_hostile_cm"":3605.8,""nearest_uranium_cm"":600.7}",SatisfactoryMCP inferred hazard context,true
poi_502094_0053,"{""hostiles_nearby"":{""Desc_SpitterForest_Small_C"":1},""nearest_hostile_cm"":2991.2}",SatisfactoryMCP inferred hazard context,true
poi_502094_0054,"{""hostiles_nearby"":{""Desc_HogNuclear_C"":1},""nearest_hostile_cm"":1406.7,""nearest_gas_cm"":3215.8,""nearest_gas_class"":""BP_SporeFlower_C"",""nearest_uranium_cm"":1135.6,""nearest_nuclear_hog_spawner_cm"":1406.7}",SatisfactoryMCP inferred hazard context,true
poi_502094_0055,"{""hostiles_nearby"":{""Desc_SpitterForest_Small_C"":2},""nearest_hostile_cm"":1089.8}",SatisfactoryMCP inferred hazard context,true
poi_502094_0056,"{""hostiles_nearby"":{""Desc_HogAlpha_C"":1},""nearest_hostile_cm"":1013.6}",SatisfactoryMCP inferred hazard context,true
poi_502094_0057,"{""hostiles_nearby"":{""Desc_HogBasic_C"":3},""nearest_hostile_cm"":1220.5}",SatisfactoryMCP inferred hazard context,true
poi_502094_0058,"{""hostiles_nearby"":{""Desc_StingerElite_C"":1},""nearest_hostile_cm"":545.5}",SatisfactoryMCP inferred hazard context,true
poi_502094_0059,"{""hostiles_nearby"":{""Char_CrabHatcher_C"":2},""spawns_here"":[""Char_CrabHatcher_C""],""nearest_hostile_cm"":908.3}",SatisfactoryMCP inferred hazard context,true
poi_502094_0060,"{""nearest_gas_cm"":2630.7,""nearest_gas_class"":""BP_SporeFlower_C""}",SatisfactoryMCP inferred hazard context,true
poi_502094_0061,"{""hostiles_nearby"":{""Desc_HogBasic_C"":2},""nearest_hostile_cm"":2768.7}",SatisfactoryMCP inferred hazard context,true
poi_502094_0063,"{""hostiles_nearby"":{""Desc_SpitterDesert_Small_C"":1},""nearest_hostile_cm"":669.7}",SatisfactoryMCP inferred hazard context,true
poi_502094_0064,"{""nearest_gas_cm"":869.8,""nearest_gas_class"":""BP_VolumeGas_01_C""}",SatisfactoryMCP inferred hazard context,true
poi_502094_0065,"{""hostiles_nearby"":{""Desc_SpitterForest_Alpha_C"":1},""nearest_hostile_cm"":746.8}",SatisfactoryMCP inferred hazard context,true
poi_502094_0066,"{""hostiles_nearby"":{""Char_CrabHatcher_C"":2,""Desc_HogAlpha_C"":1},""spawns_here"":[""Char_CrabHatcher_C""],""nearest_hostile_cm"":1273.0}",SatisfactoryMCP inferred hazard context,true
poi_502094_0067,"{""hostiles_nearby"":{""Char_CrabHatcher_C"":4,""Desc_HogCliff_C"":1},""spawns_here"":[""Char_CrabHatcher_C""],""nearest_hostile_cm"":669.2}",SatisfactoryMCP inferred hazard context,true
poi_502094_0068,"{""hostiles_nearby"":{""Desc_SpitterDesert_Alpha_C"":3},""nearest_hostile_cm"":1320.6,""nearest_gas_cm"":3407.1,""nearest_gas_class"":""BP_SporeFlower_C""}",SatisfactoryMCP inferred hazard context,true
poi_502094_0069,"{""hostiles_nearby"":{""Char_CrabHatcher_C"":3},""spawns_here"":[""Char_CrabHatcher_C""],""nearest_hostile_cm"":718.2}",SatisfactoryMCP inferred hazard context,true
poi_502094_0070,"{""hostiles_nearby"":{""Desc_HogNuclear_C"":1},""nearest_hostile_cm"":2294.8,""nearest_nuclear_hog_spawner_cm"":2294.8}",SatisfactoryMCP inferred hazard context,true
poi_502094_0071,"{""hostiles_nearby"":{""Desc_StingerAlpha_C"":1,""Desc_StingerElite_C"":1},""nearest_hostile_cm"":3998.0}",SatisfactoryMCP inferred hazard context,true
poi_502094_0072,"{""hostiles_nearby"":{""Desc_HogAlpha_C"":1,""Desc_SpitterForest_Red_Alpha_C"":1,""Desc_StingerSmall_C"":4},""nearest_hostile_cm"":944.8,""nearest_uranium_cm"":2257.2}",SatisfactoryMCP inferred hazard context,true
poi_502094_0073,"{""hostiles_nearby"":{""Desc_StingerAlpha_C"":1},""nearest_hostile_cm"":1332.7,""nearest_gas_cm"":810.3,""nearest_gas_class"":""BP_VolumeGas_01_C""}",SatisfactoryMCP inferred hazard context,true
poi_502094_0074,"{""hostiles_nearby"":{""Char_CrabHatcher_C"":2,""Desc_SpitterForest_Red_Alpha_C"":1},""spawns_here"":[""Char_CrabHatcher_C""],""nearest_hostile_cm"":679.0}",SatisfactoryMCP inferred hazard context,true
poi_502094_0075,"{""hostiles_nearby"":{""Desc_HogBasic_C"":2},""spawns_here"":[""Desc_HogBasic_C""],""nearest_hostile_cm"":505.0,""nearest_gas_cm"":4307.5,""nearest_gas_class"":""BP_SporeFlower_C""}",SatisfactoryMCP inferred hazard context,true
poi_502094_0076,"{""nearest_gas_cm"":942.8,""nearest_gas_class"":""BP_GasPillar_01_C""}",SatisfactoryMCP inferred hazard context,true
poi_502094_0077,"{""hostiles_nearby"":{""Desc_HogBasic_C"":2},""spawns_here"":[""Desc_HogBasic_C""],""nearest_hostile_cm"":1388.8}",SatisfactoryMCP inferred hazard context,true
poi_502094_0078,"{""hostiles_nearby"":{""Desc_SpitterForest_Alpha_C"":1},""nearest_hostile_cm"":2066.8}",SatisfactoryMCP inferred hazard context,true
poi_502094_0079,"{""hostiles_nearby"":{""Char_BigCrabHatcher_C"":2,""Desc_HogNuclear_C"":1,""Desc_SpitterForest_Alpha_C"":1},""nearest_hostile_cm"":722.9,""nearest_nuclear_hog_spawner_cm"":722.9}",SatisfactoryMCP inferred hazard context,true
poi_502094_0080,"{""hostiles_nearby"":{""Char_BigCrabHatcher_C"":1,""Desc_HogCliff_C"":2,""Desc_HogNuclear_C"":2},""nearest_hostile_cm"":1664.5,""nearest_uranium_cm"":473.4,""nearest_nuclear_hog_spawner_cm"":1664.5}",SatisfactoryMCP inferred hazard context,true
poi_502094_0082,"{""hostiles_nearby"":{""Desc_SpitterDesert_Alpha_C"":1,""Desc_SpitterDesert_Small_C"":1},""nearest_hostile_cm"":2116.2}",SatisfactoryMCP inferred hazard context,true
poi_502094_0083,"{""hostiles_nearby"":{""Desc_HogAlpha_C"":1,""Desc_HogBasic_C"":3},""nearest_hostile_cm"":705.2}",SatisfactoryMCP inferred hazard context,true
poi_502094_0085,"{""hostiles_nearby"":{""Desc_HogCliff_C"":1,""Desc_HogNuclear_C"":1},""nearest_hostile_cm"":1966.6,""nearest_nuclear_hog_spawner_cm"":1966.6}",SatisfactoryMCP inferred hazard context,true
poi_502094_0086,"{""hostiles_nearby"":{""Desc_HogCliff_C"":2,""Desc_SpitterForest_Small_C"":1},""nearest_hostile_cm"":1733.9,""nearest_uranium_cm"":867.1}",SatisfactoryMCP inferred hazard context,true
poi_502094_0087,"{""hostiles_nearby"":{""Desc_HogCliff_C"":4,""Desc_SpitterForest_Alpha_C"":1},""spawns_here"":[""Desc_HogCliff_C""],""nearest_hostile_cm"":1303.8}",SatisfactoryMCP inferred hazard context,true
poi_502094_0088,"{""nearest_gas_cm"":876.1,""nearest_gas_class"":""BP_SporeFlower_C"",""inside_spore_flower_damage_sphere"":true}",SatisfactoryMCP inferred hazard context,true
poi_502094_0089,"{""hostiles_nearby"":{""Desc_StingerElite_C"":2},""nearest_hostile_cm"":3524.6,""nearest_gas_cm"":986.5,""nearest_gas_class"":""BP_VolumeGas_01_C""}",SatisfactoryMCP inferred hazard context,true
poi_502094_0090,"{""hostiles_nearby"":{""Desc_SpitterForest_Small_C"":1},""spawns_here"":[""Desc_SpitterForest_Small_C""],""nearest_hostile_cm"":946.3,""nearest_gas_cm"":3917.4,""nearest_gas_class"":""BP_GasPillar_03_C""}",SatisfactoryMCP inferred hazard context,true
poi_502094_0091,"{""hostiles_nearby"":{""Char_CrabHatcher_C"":2,""Desc_SpitterAquatic_Alpha_C"":1},""spawns_here"":[""Char_CrabHatcher_C""],""nearest_hostile_cm"":1086.2}",SatisfactoryMCP inferred hazard context,true
poi_502094_0092,"{""hostiles_nearby"":{""Desc_SpitterAquatic_Alpha_C"":2},""nearest_hostile_cm"":1527.1}",SatisfactoryMCP inferred hazard context,true
poi_502094_0093,"{""hostiles_nearby"":{""Desc_HogAlpha_C"":1,""Desc_HogBasic_C"":3},""spawns_here"":[""Desc_HogBasic_C""],""nearest_hostile_cm"":964.2}",SatisfactoryMCP inferred hazard context,true
poi_502094_0094,"{""hostiles_nearby"":{""Desc_SpitterForest_Alpha_C"":1,""Desc_SpitterForest_Small_C"":1},""nearest_hostile_cm"":2337.0}",SatisfactoryMCP inferred hazard context,true
poi_502094_0095,"{""hostiles_nearby"":{""Char_CrabHatcher_C"":2},""spawns_here"":[""Char_CrabHatcher_C""],""nearest_hostile_cm"":2282.8}",SatisfactoryMCP inferred hazard context,true
poi_502094_0096,"{""hostiles_nearby"":{""Desc_StingerElite_C"":2},""nearest_hostile_cm"":3966.2,""nearest_gas_cm"":1981.9,""nearest_gas_class"":""BP_GasPillar_03_C""}",SatisfactoryMCP inferred hazard context,true
poi_502094_0097,"{""hostiles_nearby"":{""Char_CrabHatcher_C"":4,""Desc_SpitterForest_Small_C"":2},""spawns_here"":[""Char_CrabHatcher_C""],""nearest_hostile_cm"":1173.5}",SatisfactoryMCP inferred hazard context,true
poi_502094_0098,"{""nearest_gas_cm"":868.5,""nearest_gas_class"":""BP_SporeFlower_C"",""inside_spore_flower_damage_sphere"":true}",SatisfactoryMCP inferred hazard context,true
poi_502094_0099,"{""hostiles_nearby"":{""Desc_StingerElite_C"":2,""Desc_StingerSmall_C"":3},""spawns_here"":[""Desc_StingerAlpha_C"",""Desc_StingerSmall_C""],""nearest_hostile_cm"":1393.8}",SatisfactoryMCP inferred hazard context,true
poi_502094_0100,"{""hostiles_nearby"":{""Desc_HogAlpha_C"":1},""nearest_hostile_cm"":1197.0}",SatisfactoryMCP inferred hazard context,true
poi_502094_0101,"{""nearest_gas_cm"":1696.1,""nearest_gas_class"":""BP_GasPillar_03_C""}",SatisfactoryMCP inferred hazard context,true
poi_502094_0102,"{""hostiles_nearby"":{""Char_CrabHatcher_C"":2,""Desc_HogCliff_C"":1,""Desc_SpitterAquatic_Small_C"":2},""spawns_here"":[""Char_CrabHatcher_C""],""nearest_hostile_cm"":1888.8}",SatisfactoryMCP inferred hazard context,true
poi_502094_0103,"{""nearest_gas_cm"":2475.2,""nearest_gas_class"":""BP_GasPillar_03_C""}",SatisfactoryMCP inferred hazard context,true
poi_502094_0104,"{""hostiles_nearby"":{""Desc_HogAlpha_C"":1},""nearest_hostile_cm"":1161.4}",SatisfactoryMCP inferred hazard context,true
poi_502094_0105,"{""hostiles_nearby"":{""Desc_HogBasic_C"":2},""nearest_hostile_cm"":1547.5}",SatisfactoryMCP inferred hazard context,true
poi_502094_0106,"{""hostiles_nearby"":{""Desc_HogNuclear_C"":1},""nearest_hostile_cm"":1508.9,""nearest_nuclear_hog_spawner_cm"":1508.9}",SatisfactoryMCP inferred hazard context,true
poi_502094_0108,"{""hostiles_nearby"":{""Char_CrabHatcher_C"":2,""Desc_HogBasic_C"":2},""spawns_here"":[""Char_CrabHatcher_C""],""nearest_hostile_cm"":2002.6,""nearest_gas_cm"":1117.7,""nearest_gas_class"":""BP_SporeFlower_C"",""inside_spore_flower_damage_sphere"":true}",SatisfactoryMCP inferred hazard context,true
poi_502094_0109,"{""hostiles_nearby"":{""Char_BigCrabHatcher_C"":1,""Char_CrabHatcher_C"":1,""Desc_SpitterAquatic_Alpha_C"":1},""spawns_here"":[""Char_CrabHatcher_C""],""nearest_hostile_cm"":667.0}",SatisfactoryMCP inferred hazard context,true
poi_502094_0110,"{""hostiles_nearby"":{""Char_CrabHatcher_C"":2,""Desc_SpitterForest_Red_Alpha_C"":2},""nearest_hostile_cm"":2508.3}",SatisfactoryMCP inferred hazard context,true
poi_502094_0111,"{""hostiles_nearby"":{""Char_BigCrabHatcher_C"":1,""Char_CrabHatcher_C"":1,""Desc_HogNuclear_C"":1},""nearest_hostile_cm"":671.8,""nearest_uranium_cm"":2156.6,""nearest_nuclear_hog_spawner_cm"":671.8}",SatisfactoryMCP inferred hazard context,true
poi_502094_0112,"{""hostiles_nearby"":{""Desc_HogAlpha_C"":1,""Desc_HogBasic_C"":3,""Desc_SpitterDesert_Alpha_C"":1},""nearest_hostile_cm"":1905.6}",SatisfactoryMCP inferred hazard context,true
poi_502094_0114,"{""hostiles_nearby"":{""Char_CrabHatcher_C"":2,""Desc_HogCliff_C"":1},""spawns_here"":[""Char_CrabHatcher_C""],""nearest_hostile_cm"":979.3}",SatisfactoryMCP inferred hazard context,true
poi_502094_0115,"{""hostiles_nearby"":{""Desc_SpitterDesert_Alpha_C"":1},""nearest_hostile_cm"":2211.7,""nearest_gas_cm"":2816.1,""nearest_gas_class"":""BP_SporeFlower_C""}",SatisfactoryMCP inferred hazard context,true
poi_502094_0116,"{""hostiles_nearby"":{""Desc_SpitterForest_Small_C"":1,""Desc_StingerSmall_C"":2},""nearest_hostile_cm"":1049.6}",SatisfactoryMCP inferred hazard context,true
poi_502094_0117,"{""hostiles_nearby"":{""Char_CrabHatcher_C"":2,""Desc_SpitterDesert_Alpha_C"":1},""spawns_here"":[""Char_CrabHatcher_C""],""nearest_hostile_cm"":842.7}",SatisfactoryMCP inferred hazard context,true
poi_502094_0118,"{""hostiles_nearby"":{""Desc_SpitterForest_Small_C"":1},""nearest_hostile_cm"":2089.7}",SatisfactoryMCP inferred hazard context,true
poi_502094_0120,"{""hostiles_nearby"":{""Desc_HogBasic_C"":2},""nearest_hostile_cm"":3385.9}",SatisfactoryMCP inferred hazard context,true
poi_502094_0121,"{""hostiles_nearby"":{""Char_BigCrabHatcher_C"":1,""Char_CrabHatcher_C"":1},""spawns_here"":[""Char_CrabHatcher_C""],""nearest_hostile_cm"":1515.3}",SatisfactoryMCP inferred hazard context,true
poi_502094_0122,"{""nearest_gas_cm"":1030.6,""nearest_gas_class"":""BP_GasPillar_05_C""}",SatisfactoryMCP inferred hazard context,true
poi_502094_0123,"{""nearest_gas_cm"":3693.1,""nearest_gas_class"":""BP_SporeFlower_C"",""nearest_uranium_cm"":1093.4}",SatisfactoryMCP inferred hazard context,true
poi_502094_0124,"{""hostiles_nearby"":{""Desc_HogBasic_C"":1},""nearest_hostile_cm"":4012.3}",SatisfactoryMCP inferred hazard context,true
poi_502094_0125,"{""hostiles_nearby"":{""Desc_SpitterDesert_Small_C"":1},""spawns_here"":[""Desc_SpitterDesert_Small_C""],""nearest_hostile_cm"":593.7}",SatisfactoryMCP inferred hazard context,true
poi_502094_0128,"{""hostiles_nearby"":{""Desc_SpitterAquatic_Small_C"":1},""nearest_hostile_cm"":680.7,""nearest_gas_cm"":589.3,""nearest_gas_class"":""BP_SporeFlower_C"",""inside_spore_flower_damage_sphere"":true}",SatisfactoryMCP inferred hazard context,true
poi_502094_0129,"{""hostiles_nearby"":{""Desc_SpitterAquatic_Small_C"":2},""nearest_hostile_cm"":3643.0,""nearest_gas_cm"":3179.6,""nearest_gas_class"":""BP_SporeFlower_C""}",SatisfactoryMCP inferred hazard context,true
poi_502094_0130,"{""hostiles_nearby"":{""Char_BigCrabHatcher_C"":2},""nearest_hostile_cm"":1202.2}",SatisfactoryMCP inferred hazard context,true
poi_502094_0131,"{""hostiles_nearby"":{""Char_CrabHatcher_C"":3},""spawns_here"":[""Char_CrabHatcher_C""],""nearest_hostile_cm"":1113.2}",SatisfactoryMCP inferred hazard context,true
poi_502094_0133,"{""hostiles_nearby"":{""Desc_StingerSmall_C"":1},""nearest_hostile_cm"":2523.9,""nearest_gas_cm"":1947.7,""nearest_gas_class"":""BP_GasPillar_01_C""}",SatisfactoryMCP inferred hazard context,true
poi_502094_0134,"{""hostiles_nearby"":{""Desc_StingerSmall_C"":2},""nearest_hostile_cm"":1783.8,""nearest_gas_cm"":969.3,""nearest_gas_class"":""BP_SporeFlower_C"",""inside_spore_flower_damage_sphere"":true}",SatisfactoryMCP inferred hazard context,true
poi_502094_0135,"{""hostiles_nearby"":{""Desc_StingerSmall_C"":3},""nearest_hostile_cm"":2061.0,""nearest_gas_cm"":1594.4,""nearest_gas_class"":""BP_GasPillar_01_C""}",SatisfactoryMCP inferred hazard context,true
poi_502094_0136,"{""hostiles_nearby"":{""Char_BigCrabHatcher_C"":1,""Desc_HogNuclear_C"":1},""nearest_hostile_cm"":829.7,""nearest_nuclear_hog_spawner_cm"":829.7}",SatisfactoryMCP inferred hazard context,true
poi_502094_0137,"{""hostiles_nearby"":{""Desc_HogCliff_C"":1},""nearest_hostile_cm"":1885.4,""nearest_uranium_cm"":592.9}",SatisfactoryMCP inferred hazard context,true
poi_502094_0138,"{""hostiles_nearby"":{""Desc_HogBasic_C"":2},""nearest_hostile_cm"":1110.2}",SatisfactoryMCP inferred hazard context,true
poi_502094_0139,"{""hostiles_nearby"":{""Desc_HogNuclear_C"":1},""nearest_hostile_cm"":2242.1,""nearest_nuclear_hog_spawner_cm"":2242.1}",SatisfactoryMCP inferred hazard context,true
poi_502094_0141,"{""hostiles_nearby"":{""Desc_SpitterAquatic_Alpha_C"":1},""spawns_here"":[""Desc_SpitterAquatic_Alpha_C""],""nearest_hostile_cm"":439.5}",SatisfactoryMCP inferred hazard context,true
poi_502094_0142,"{""hostiles_nearby"":{""Desc_HogAlpha_C"":1,""Desc_HogCliff_C"":2},""nearest_hostile_cm"":3170.5}",SatisfactoryMCP inferred hazard context,true
poi_502094_0143,"{""hostiles_nearby"":{""Desc_SpitterDesert_Small_C"":1},""nearest_hostile_cm"":2107.9}",SatisfactoryMCP inferred hazard context,true
poi_502094_0144,"{""hostiles_nearby"":{""Char_BigCrabHatcher_C"":1},""nearest_hostile_cm"":561.9}",SatisfactoryMCP inferred hazard context,true
poi_502094_0145,"{""hostiles_nearby"":{""Desc_HogAlpha_C"":1},""nearest_hostile_cm"":767.8}",SatisfactoryMCP inferred hazard context,true
poi_502094_0148,"{""hostiles_nearby"":{""Desc_SpitterDesert_Small_C"":1},""nearest_hostile_cm"":726.3}",SatisfactoryMCP inferred hazard context,true
poi_502094_0150,"{""hostiles_nearby"":{""Char_CrabHatcher_C"":1,""Desc_SpitterDesert_Small_C"":1},""spawns_here"":[""Char_CrabHatcher_C""],""nearest_hostile_cm"":1034.4}",SatisfactoryMCP inferred hazard context,true
poi_502094_0151,"{""hostiles_nearby"":{""Desc_HogAlpha_C"":1},""nearest_hostile_cm"":1138.3}",SatisfactoryMCP inferred hazard context,true
poi_502094_0152,"{""hostiles_nearby"":{""Char_CrabHatcher_C"":1},""spawns_here"":[""Char_CrabHatcher_C""],""nearest_hostile_cm"":1803.0}",SatisfactoryMCP inferred hazard context,true
poi_502094_0153,"{""hostiles_nearby"":{""Desc_StingerAlpha_C"":2},""nearest_hostile_cm"":2015.9}",SatisfactoryMCP inferred hazard context,true
poi_502094_0154,"{""hostiles_nearby"":{""Desc_SpitterDesert_Small_C"":4},""nearest_hostile_cm"":1897.6}",SatisfactoryMCP inferred hazard context,true
poi_502094_0158,"{""hostiles_nearby"":{""Desc_StingerAlpha_C"":1,""Desc_StingerSmall_C"":3},""spawns_here"":[""Desc_StingerSmall_C""],""nearest_hostile_cm"":1009.1,""nearest_uranium_cm"":615.4}",SatisfactoryMCP inferred hazard context,true
poi_502094_0159,"{""hostiles_nearby"":{""Char_BigCrabHatcher_C"":1,""Char_CrabHatcher_C"":1},""spawns_here"":[""Char_CrabHatcher_C""],""nearest_hostile_cm"":656.4}",SatisfactoryMCP inferred hazard context,true
poi_502094_0162,"{""hostiles_nearby"":{""Desc_HogBasic_C"":1,""Desc_SpitterDesert_Small_C"":1},""nearest_hostile_cm"":1447.6}",SatisfactoryMCP inferred hazard context,true
poi_502094_0163,"{""hostiles_nearby"":{""Desc_SpitterAquatic_Small_C"":1},""nearest_hostile_cm"":1069.3}",SatisfactoryMCP inferred hazard context,true
poi_502094_0164,"{""nearest_gas_cm"":1187.8,""nearest_gas_class"":""BP_VolumeGas_01_C""}",SatisfactoryMCP inferred hazard context,true
poi_502094_0165,"{""hostiles_nearby"":{""Desc_HogAlpha_C"":1,""Desc_HogNuclear_C"":1,""Desc_SpitterForest_Small_C"":3},""nearest_hostile_cm"":2704.2,""nearest_nuclear_hog_spawner_cm"":2704.2}",SatisfactoryMCP inferred hazard context,true
poi_502094_0166,"{""hostiles_nearby"":{""Desc_HogAlpha_C"":1,""Desc_HogBasic_C"":2},""nearest_hostile_cm"":2617.4}",SatisfactoryMCP inferred hazard context,true
poi_502094_0167,"{""hostiles_nearby"":{""Desc_HogNuclear_C"":1},""nearest_hostile_cm"":2577.0,""nearest_gas_cm"":224.5,""nearest_gas_class"":""BP_VolumeGas_01_C"",""nearest_uranium_cm"":1024.1,""nearest_nuclear_hog_spawner_cm"":2577.0}",SatisfactoryMCP inferred hazard context,true
poi_502094_0168,"{""nearest_uranium_cm"":66.6}",SatisfactoryMCP inferred hazard context,true
poi_502094_0169,"{""hostiles_nearby"":{""Char_CrabHatcher_C"":3,""Desc_SpitterAquatic_Small_C"":1},""spawns_here"":[""Char_CrabHatcher_C"",""Desc_SpitterAquatic_Small_C""],""nearest_hostile_cm"":194.0}",SatisfactoryMCP inferred hazard context,true
poi_502094_0170,"{""hostiles_nearby"":{""Desc_HogBasic_C"":2,""Desc_SpitterDesert_Alpha_C"":1},""nearest_hostile_cm"":514.0}",SatisfactoryMCP inferred hazard context,true
poi_502094_0171,"{""hostiles_nearby"":{""Desc_StingerSmall_C"":1},""nearest_hostile_cm"":3184.0}",SatisfactoryMCP inferred hazard context,true
poi_502094_0172,"{""nearest_gas_cm"":1761.1,""nearest_gas_class"":""BP_VolumeGas_01_C"",""nearest_uranium_cm"":614.3}",SatisfactoryMCP inferred hazard context,true
poi_502094_0173,"{""hostiles_nearby"":{""Desc_HogAlpha_C"":2,""Desc_SpitterForest_Small_Red_C"":2},""spawns_here"":[""Desc_HogAlpha_C"",""Desc_SpitterForest_Small_Red_C""],""nearest_hostile_cm"":182.8,""nearest_gas_cm"":4475.9,""nearest_gas_class"":""BP_SporeFlower_C""}",SatisfactoryMCP inferred hazard context,true
poi_502094_0174,"{""hostiles_nearby"":{""Char_BigCrabHatcher_C"":1,""Char_CrabHatcher_C"":1,""Desc_HogAlpha_C"":1},""spawns_here"":[""Char_CrabHatcher_C""],""nearest_hostile_cm"":1155.7}",SatisfactoryMCP inferred hazard context,true
poi_502094_0175,"{""hostiles_nearby"":{""Desc_StingerAlpha_C"":2},""spawns_here"":[""Desc_StingerAlpha_C""],""nearest_hostile_cm"":926.2,""nearest_gas_cm"":2942.0,""nearest_gas_class"":""BP_SporeFlower_C""}",SatisfactoryMCP inferred hazard context,true
poi_502094_0176,"{""hostiles_nearby"":{""Desc_StingerAlpha_C"":2,""Desc_StingerSmall_C"":3},""spawns_here"":[""Desc_StingerAlpha_C"",""Desc_StingerSmall_C""],""nearest_hostile_cm"":131.1}",SatisfactoryMCP inferred hazard context,true
poi_502094_0177,"{""hostiles_nearby"":{""Desc_SpitterDesert_Small_C"":1},""nearest_hostile_cm"":4261.6,""nearest_uranium_cm"":2013.5}",SatisfactoryMCP inferred hazard context,true
poi_502094_0180,"{""hostiles_nearby"":{""Desc_SpitterForest_Small_C"":3},""nearest_hostile_cm"":4996.2}",SatisfactoryMCP inferred hazard context,true
poi_502094_0181,"{""hostiles_nearby"":{""Desc_StingerSmall_C"":12},""spawns_here"":[""Desc_StingerSmall_C""],""nearest_hostile_cm"":419.6,""nearest_gas_cm"":3824.2,""nearest_gas_class"":""BP_GasPillar_01_C""}",SatisfactoryMCP inferred hazard context,true
poi_502094_0183,"{""hostiles_nearby"":{""Desc_SpitterDesert_Alpha_C"":1,""Desc_SpitterDesert_Small_C"":1},""nearest_hostile_cm"":538.6}",SatisfactoryMCP inferred hazard context,true
poi_502094_0184,"{""hostiles_nearby"":{""Desc_HogAlpha_C"":1,""Desc_SpitterDesert_Small_C"":2},""spawns_here"":[""Desc_SpitterDesert_Small_C""],""nearest_hostile_cm"":1370.3}",SatisfactoryMCP inferred hazard context,true
poi_502094_0185,"{""nearest_gas_cm"":3764.0,""nearest_gas_class"":""BP_SporeFlower_C"",""nearest_uranium_cm"":1802.8}",SatisfactoryMCP inferred hazard context,true
poi_502094_0186,"{""hostiles_nearby"":{""Char_CrabHatcher_C"":1,""Desc_SpitterDesert_Alpha_C"":1},""spawns_here"":[""Char_CrabHatcher_C""],""nearest_hostile_cm"":840.4}",SatisfactoryMCP inferred hazard context,true
poi_502094_0187,"{""hostiles_nearby"":{""Char_CrabHatcher_C"":3},""nearest_hostile_cm"":3208.3}",SatisfactoryMCP inferred hazard context,true
poi_502094_0188,"{""hostiles_nearby"":{""Desc_SpitterAquatic_Alpha_C"":2},""spawns_here"":[""Desc_SpitterAquatic_Alpha_C""],""nearest_hostile_cm"":1084.7}",SatisfactoryMCP inferred hazard context,true
poi_502094_0189,"{""hostiles_nearby"":{""Char_CrabHatcher_C"":2,""Desc_HogAlpha_C"":1},""spawns_here"":[""Char_CrabHatcher_C""],""nearest_hostile_cm"":1305.8}",SatisfactoryMCP inferred hazard context,true
poi_502094_0190,"{""hostiles_nearby"":{""Desc_StingerAlpha_C"":1},""nearest_hostile_cm"":3188.4}",SatisfactoryMCP inferred hazard context,true
poi_502094_0191,"{""nearest_gas_cm"":958.2,""nearest_gas_class"":""BP_GasPillar_03_C""}",SatisfactoryMCP inferred hazard context,true
poi_502094_0192,"{""hostiles_nearby"":{""Desc_StingerElite_C"":1,""Desc_StingerSmall_C"":3},""spawns_here"":[""Desc_StingerSmall_C""],""nearest_hostile_cm"":540.4,""nearest_gas_cm"":1663.6,""nearest_gas_class"":""BP_GasPillar_03_C""}",SatisfactoryMCP inferred hazard context,true
poi_502094_0193,"{""hostiles_nearby"":{""Desc_HogBasic_C"":2,""Desc_SpitterDesert_Alpha_C"":1},""spawns_here"":[""Desc_HogBasic_C""],""nearest_hostile_cm"":2454.3}",SatisfactoryMCP inferred hazard context,true
poi_502094_0194,"{""hostiles_nearby"":{""Desc_SpitterForest_Alpha_C"":1,""Desc_SpitterForest_Small_C"":1},""nearest_hostile_cm"":2867.0,""nearest_uranium_cm"":526.3}",SatisfactoryMCP inferred hazard context,true
poi_502094_0195,"{""hostiles_nearby"":{""Desc_StingerElite_C"":1},""nearest_hostile_cm"":287.1,""nearest_gas_cm"":2411.1,""nearest_gas_class"":""BP_SporeFlower_C""}",SatisfactoryMCP inferred hazard context,true
poi_502094_0196,"{""hostiles_nearby"":{""Desc_HogBasic_C"":2},""spawns_here"":[""Desc_HogBasic_C""],""nearest_hostile_cm"":286.3}",SatisfactoryMCP inferred hazard context,true
poi_502094_0197,"{""hostiles_nearby"":{""Desc_StingerSmall_C"":4},""nearest_hostile_cm"":986.8}",SatisfactoryMCP inferred hazard context,true
poi_502094_0198,"{""hostiles_nearby"":{""Desc_SpitterForest_Small_C"":1},""nearest_hostile_cm"":2521.6}",SatisfactoryMCP inferred hazard context,true
poi_502094_0199,"{""hostiles_nearby"":{""Desc_SpitterDesert_Alpha_C"":1,""Desc_SpitterDesert_Small_C"":1},""nearest_hostile_cm"":2704.0,""nearest_uranium_cm"":1067.7}",SatisfactoryMCP inferred hazard context,true
poi_502094_0200,"{""hostiles_nearby"":{""Desc_HogAlpha_C"":1},""spawns_here"":[""Desc_HogAlpha_C""],""nearest_hostile_cm"":272.6}",SatisfactoryMCP inferred hazard context,true
poi_502094_0201,"{""hostiles_nearby"":{""Char_CrabHatcher_C"":3},""nearest_hostile_cm"":4905.6,""nearest_gas_cm"":709.2,""nearest_gas_class"":""BP_GasPillar_01_C""}",SatisfactoryMCP inferred hazard context,true
poi_502094_0202,"{""hostiles_nearby"":{""Desc_SpitterDesert_Alpha_C"":1},""nearest_hostile_cm"":3781.8}",SatisfactoryMCP inferred hazard context,true
poi_502094_0204,"{""hostiles_nearby"":{""Desc_SpitterForest_Small_C"":1},""nearest_hostile_cm"":4503.6,""nearest_gas_cm"":2411.7,""nearest_gas_class"":""BP_SporeFlower_C""}",SatisfactoryMCP inferred hazard context,true
poi_502094_0205,"{""hostiles_nearby"":{""Desc_SpitterForest_Red_Alpha_C"":2},""nearest_hostile_cm"":2190.5}",SatisfactoryMCP inferred hazard context,true
poi_502094_0206,"{""hostiles_nearby"":{""Desc_SpitterDesert_Small_C"":1},""nearest_hostile_cm"":1378.5}",SatisfactoryMCP inferred hazard context,true
poi_502094_0207,"{""hostiles_nearby"":{""Char_BigCrabHatcher_C"":1},""nearest_hostile_cm"":581.8,""nearest_uranium_cm"":2639.6}",SatisfactoryMCP inferred hazard context,true
poi_502094_0208,"{""hostiles_nearby"":{""Desc_HogBasic_C"":3},""nearest_hostile_cm"":4817.6}",SatisfactoryMCP inferred hazard context,true
poi_502094_0209,"{""hostiles_nearby"":{""Char_CrabHatcher_C"":2},""spawns_here"":[""Char_CrabHatcher_C""],""nearest_hostile_cm"":1694.0}",SatisfactoryMCP inferred hazard context,true
poi_502094_0210,"{""hostiles_nearby"":{""Desc_SpitterDesert_Small_C"":1},""nearest_hostile_cm"":1576.3}",SatisfactoryMCP inferred hazard context,true
poi_502094_0211,"{""hostiles_nearby"":{""Desc_HogBasic_C"":1},""nearest_hostile_cm"":4326.3}",SatisfactoryMCP inferred hazard context,true
poi_502094_0212,"{""hostiles_nearby"":{""Desc_SpitterAquatic_Alpha_C"":1},""nearest_hostile_cm"":1880.2}",SatisfactoryMCP inferred hazard context,true
poi_502094_0213,"{""nearest_gas_cm"":1180.0,""nearest_gas_class"":""BP_SporeFlower_C"",""inside_spore_flower_damage_sphere"":true}",SatisfactoryMCP inferred hazard context,true
poi_502094_0214,"{""hostiles_nearby"":{""Desc_HogCliff_C"":2,""Desc_SpitterForest_Small_C"":2},""nearest_hostile_cm"":1877.0}",SatisfactoryMCP inferred hazard context,true
poi_502094_0215,"{""nearest_gas_cm"":869.1,""nearest_gas_class"":""BP_SporeFlower_C"",""inside_spore_flower_damage_sphere"":true}",SatisfactoryMCP inferred hazard context,true
poi_502094_0216,"{""hostiles_nearby"":{""Desc_SpitterForest_Alpha_C"":1},""nearest_hostile_cm"":3021.0}",SatisfactoryMCP inferred hazard context,true
poi_502094_0218,"{""hostiles_nearby"":{""Desc_HogNuclear_C"":1},""nearest_hostile_cm"":2837.0,""nearest_uranium_cm"":399.1,""nearest_nuclear_hog_spawner_cm"":2837.0}",SatisfactoryMCP inferred hazard context,true
poi_502094_0219,"{""hostiles_nearby"":{""Desc_HogCliff_C"":1,""Desc_SpitterForest_Small_C"":2},""nearest_hostile_cm"":1820.6,""nearest_gas_cm"":2876.2,""nearest_gas_class"":""BP_VolumeGas_01_C""}",SatisfactoryMCP inferred hazard context,true
poi_502094_0220,"{""hostiles_nearby"":{""Desc_SpitterForest_Small_C"":1},""spawns_here"":[""Desc_SpitterForest_Small_C""],""nearest_hostile_cm"":2413.9}",SatisfactoryMCP inferred hazard context,true
poi_502094_0223,"{""hostiles_nearby"":{""Char_CrabHatcher_C"":3},""spawns_here"":[""Char_CrabHatcher_C""],""nearest_hostile_cm"":1089.9,""nearest_gas_cm"":4411.4,""nearest_gas_class"":""BP_SporeFlower_C""}",SatisfactoryMCP inferred hazard context,true
poi_502094_0225,"{""hostiles_nearby"":{""Desc_HogAlpha_C"":1,""Desc_HogBasic_C"":1},""nearest_hostile_cm"":539.1}",SatisfactoryMCP inferred hazard context,true
poi_502094_0227,"{""hostiles_nearby"":{""Desc_StingerSmall_C"":5},""spawns_here"":[""Desc_StingerSmall_C""],""nearest_hostile_cm"":433.6}",SatisfactoryMCP inferred hazard context,true
poi_502094_0229,"{""hostiles_nearby"":{""Desc_StingerAlpha_C"":1,""Desc_StingerSmall_C"":3},""nearest_hostile_cm"":617.8,""nearest_gas_cm"":805.6,""nearest_gas_class"":""BP_SporeFlower_C"",""inside_spore_flower_damage_sphere"":true}",SatisfactoryMCP inferred hazard context,true
poi_502094_0230,"{""spawns_here"":[""Desc_StingerAlpha_C"",""Desc_StingerSmall_C""],""nearest_gas_cm"":669.6,""nearest_gas_class"":""BP_VolumeGas_01_C""}",SatisfactoryMCP inferred hazard context,true
poi_502094_0231,"{""nearest_gas_cm"":634.4,""nearest_gas_class"":""BP_GasPillar_02_C""}",SatisfactoryMCP inferred hazard context,true
poi_502094_0232,"{""hostiles_nearby"":{""Desc_SpitterAquatic_Alpha_C"":1},""nearest_hostile_cm"":1899.7}",SatisfactoryMCP inferred hazard context,true
poi_502094_0233,"{""nearest_gas_cm"":1101.9,""nearest_gas_class"":""BP_SporeFlower_C"",""inside_spore_flower_damage_sphere"":true}",SatisfactoryMCP inferred hazard context,true
poi_502094_0234,"{""hostiles_nearby"":{""Char_CrabHatcher_C"":3},""spawns_here"":[""Char_CrabHatcher_C""],""nearest_hostile_cm"":1204.6}",SatisfactoryMCP inferred hazard context,true
poi_502094_0236,"{""hostiles_nearby"":{""Desc_SpitterDesert_Small_C"":1},""spawns_here"":[""Desc_StingerSmall_C""],""nearest_hostile_cm"":2595.3}",SatisfactoryMCP inferred hazard context,true
poi_502094_0237,"{""hostiles_nearby"":{""Desc_SpitterDesert_Alpha_C"":1},""nearest_hostile_cm"":3250.1}",SatisfactoryMCP inferred hazard context,true
poi_502094_0239,"{""hostiles_nearby"":{""Desc_SpitterForest_Red_Alpha_C"":1},""nearest_hostile_cm"":435.9}",SatisfactoryMCP inferred hazard context,true
poi_502094_0240,"{""hostiles_nearby"":{""Desc_HogAlpha_C"":1,""Desc_HogBasic_C"":2},""nearest_hostile_cm"":600.9}",SatisfactoryMCP inferred hazard context,true
poi_502094_0241,"{""hostiles_nearby"":{""Char_BigCrabHatcher_C"":1,""Desc_SpitterAquatic_Alpha_C"":1},""spawns_here"":[""Desc_SpitterAquatic_Alpha_C""],""nearest_hostile_cm"":258.7}",SatisfactoryMCP inferred hazard context,true
poi_502094_0242,"{""hostiles_nearby"":{""Char_CrabHatcher_C"":2,""Desc_HogAlpha_C"":1},""spawns_here"":[""Char_CrabHatcher_C""],""nearest_hostile_cm"":1206.4}",SatisfactoryMCP inferred hazard context,true
poi_502094_0243,"{""hostiles_nearby"":{""Desc_SpitterDesert_Small_C"":1},""spawns_here"":[""Desc_SpitterDesert_Small_C""],""nearest_hostile_cm"":472.1}",SatisfactoryMCP inferred hazard context,true
poi_502094_0244,"{""hostiles_nearby"":{""Desc_SpitterAquatic_Alpha_C"":1},""nearest_hostile_cm"":1137.5}",SatisfactoryMCP inferred hazard context,true
poi_502094_0245,"{""hostiles_nearby"":{""Desc_HogCliff_C"":3},""spawns_here"":[""Desc_HogCliff_C""],""nearest_hostile_cm"":250.3}",SatisfactoryMCP inferred hazard context,true
poi_502094_0246,"{""hostiles_nearby"":{""Desc_HogAlpha_C"":1},""nearest_hostile_cm"":3138.2}",SatisfactoryMCP inferred hazard context,true
poi_502094_0247,"{""hostiles_nearby"":{""Desc_StingerAlpha_C"":1},""nearest_hostile_cm"":1460.8}",SatisfactoryMCP inferred hazard context,true
poi_502094_0249,"{""hostiles_nearby"":{""Char_CrabHatcher_C"":1},""spawns_here"":[""Char_CrabHatcher_C""],""nearest_hostile_cm"":1437.8}",SatisfactoryMCP inferred hazard context,true
poi_502094_0250,"{""hostiles_nearby"":{""Desc_SpitterDesert_Alpha_C"":1},""nearest_hostile_cm"":2945.5}",SatisfactoryMCP inferred hazard context,true
poi_502094_0251,"{""hostiles_nearby"":{""Desc_HogBasic_C"":2,""Desc_HogCliff_C"":1},""nearest_hostile_cm"":2738.9}",SatisfactoryMCP inferred hazard context,true
poi_502094_0252,"{""hostiles_nearby"":{""Desc_StingerAlpha_C"":1,""Desc_StingerElite_C"":1},""nearest_hostile_cm"":2611.9,""nearest_gas_cm"":1069.4,""nearest_gas_class"":""BP_SporeFlower_C"",""inside_spore_flower_damage_sphere"":true}",SatisfactoryMCP inferred hazard context,true
poi_502094_0253,"{""hostiles_nearby"":{""Desc_StingerAlpha_C"":1,""Desc_StingerElite_C"":1},""nearest_hostile_cm"":2710.5,""nearest_gas_cm"":3439.9,""nearest_gas_class"":""BP_SporeFlower_C""}",SatisfactoryMCP inferred hazard context,true
poi_502094_0254,"{""hostiles_nearby"":{""Desc_SpitterForest_Small_C"":1},""nearest_hostile_cm"":1995.1}",SatisfactoryMCP inferred hazard context,true
poi_502094_0257,"{""hostiles_nearby"":{""Desc_StingerSmall_C"":2},""nearest_hostile_cm"":872.5}",SatisfactoryMCP inferred hazard context,true
poi_502094_0259,"{""hostiles_nearby"":{""Char_BigCrabHatcher_C"":1,""Desc_SpitterDesert_Alpha_C"":1},""nearest_hostile_cm"":1260.0}",SatisfactoryMCP inferred hazard context,true
poi_502094_0260,"{""nearest_gas_cm"":1393.9,""nearest_gas_class"":""BP_VolumeGas_01_C""}",SatisfactoryMCP inferred hazard context,true
poi_502094_0261,"{""hostiles_nearby"":{""Desc_StingerAlpha_C"":2},""spawns_here"":[""Desc_StingerAlpha_C""],""nearest_hostile_cm"":979.8}",SatisfactoryMCP inferred hazard context,true
poi_502094_0263,"{""hostiles_nearby"":{""Desc_SpitterDesert_Alpha_C"":3},""nearest_hostile_cm"":1524.5}",SatisfactoryMCP inferred hazard context,true
poi_502094_0264,"{""hostiles_nearby"":{""Char_BigCrabHatcher_C"":2,""Desc_SpitterDesert_Alpha_C"":2},""nearest_hostile_cm"":525.5,""nearest_gas_cm"":4503.4,""nearest_gas_class"":""BP_SporeFlower_C"",""nearest_uranium_cm"":899.6}",SatisfactoryMCP inferred hazard context,true
poi_502094_0265,"{""hostiles_nearby"":{""Desc_StingerSmall_C"":6},""nearest_hostile_cm"":2427.2}",SatisfactoryMCP inferred hazard context,true
poi_502094_0266,"{""hostiles_nearby"":{""Desc_HogNuclear_C"":1},""nearest_hostile_cm"":797.6,""nearest_uranium_cm"":367.1,""nearest_nuclear_hog_spawner_cm"":797.6}",SatisfactoryMCP inferred hazard context,true
poi_502094_0267,"{""nearest_gas_cm"":1189.9,""nearest_gas_class"":""BP_SporeFlower_C"",""inside_spore_flower_damage_sphere"":true}",SatisfactoryMCP inferred hazard context,true
poi_502094_0268,"{""nearest_gas_cm"":1297.3,""nearest_gas_class"":""BP_VolumeGas_01_C""}",SatisfactoryMCP inferred hazard context,true
poi_502094_0269,"{""nearest_gas_cm"":1324.7,""nearest_gas_class"":""BP_SporeFlower_C"",""inside_spore_flower_damage_sphere"":true}",SatisfactoryMCP inferred hazard context,true
poi_502094_0270,"{""hostiles_nearby"":{""Desc_HogNuclear_C"":1},""nearest_hostile_cm"":3143.3,""nearest_nuclear_hog_spawner_cm"":3143.3}",SatisfactoryMCP inferred hazard context,true
poi_502094_0271,"{""hostiles_nearby"":{""Char_CrabHatcher_C"":2},""spawns_here"":[""Char_CrabHatcher_C""],""nearest_hostile_cm"":1949.5,""nearest_gas_cm"":3926.2,""nearest_gas_class"":""BP_SporeFlower_C""}",SatisfactoryMCP inferred hazard context,true
poi_502094_0272,"{""hostiles_nearby"":{""Desc_StingerAlpha_C"":1},""nearest_hostile_cm"":3047.0}",SatisfactoryMCP inferred hazard context,true
poi_502094_0273,"{""hostiles_nearby"":{""Desc_HogAlpha_C"":1},""nearest_hostile_cm"":3287.8}",SatisfactoryMCP inferred hazard context,true
poi_502094_0274,"{""hostiles_nearby"":{""Desc_SpitterDesert_Alpha_C"":2},""nearest_hostile_cm"":4961.6}",SatisfactoryMCP inferred hazard context,true
poi_502094_0275,"{""hostiles_nearby"":{""Desc_HogBasic_C"":2},""spawns_here"":[""Desc_HogBasic_C""],""nearest_hostile_cm"":899.1}",SatisfactoryMCP inferred hazard context,true
poi_502094_0276,"{""hostiles_nearby"":{""Desc_SpitterDesert_Small_C"":2},""nearest_hostile_cm"":2655.3}",SatisfactoryMCP inferred hazard context,true
poi_502094_0277,"{""hostiles_nearby"":{""Desc_SpitterDesert_Small_C"":1},""nearest_hostile_cm"":4108.6}",SatisfactoryMCP inferred hazard context,true
poi_502094_0278,"{""hostiles_nearby"":{""Desc_SpitterAquatic_Alpha_C"":1,""Desc_SpitterAquatic_Small_C"":1},""nearest_hostile_cm"":975.9}",SatisfactoryMCP inferred hazard context,true
poi_502094_0280,"{""nearest_uranium_cm"":4258.1}",SatisfactoryMCP inferred hazard context,true
poi_502094_0281,"{""hostiles_nearby"":{""Desc_SpitterForest_Small_C"":1},""spawns_here"":[""Desc_SpitterForest_Small_C""],""nearest_hostile_cm"":899.6,""nearest_gas_cm"":3459.5,""nearest_gas_class"":""BP_SporeFlower_C""}",SatisfactoryMCP inferred hazard context,true
poi_502094_0282,"{""hostiles_nearby"":{""Desc_SpitterAquatic_Small_C"":1},""nearest_hostile_cm"":682.0}",SatisfactoryMCP inferred hazard context,true
poi_502094_0283,"{""hostiles_nearby"":{""Char_BigCrabHatcher_C"":1,""Desc_HogAlpha_C"":1,""Desc_HogCliff_C"":1},""nearest_hostile_cm"":969.9}",SatisfactoryMCP inferred hazard context,true
poi_502094_0287,"{""hostiles_nearby"":{""Char_BigCrabHatcher_C"":1,""Char_CrabHatcher_C"":1},""spawns_here"":[""Char_CrabHatcher_C""],""nearest_hostile_cm"":613.2}",SatisfactoryMCP inferred hazard context,true
poi_502094_0288,"{""hostiles_nearby"":{""Char_BigCrabHatcher_C"":1,""Desc_HogNuclear_C"":1},""nearest_hostile_cm"":1110.2,""nearest_gas_cm"":3182.8,""nearest_gas_class"":""BP_GasPillar_02_C"",""nearest_nuclear_hog_spawner_cm"":1110.2}",SatisfactoryMCP inferred hazard context,true
poi_502094_0289,"{""hostiles_nearby"":{""Desc_SpitterDesert_Small_C"":1},""nearest_hostile_cm"":4060.2,""nearest_gas_cm"":738.0,""nearest_gas_class"":""BP_GasPillar_02_C""}",SatisfactoryMCP inferred hazard context,true
poi_502094_0290,"{""hostiles_nearby"":{""Desc_HogAlpha_C"":1,""Desc_HogBasic_C"":2},""nearest_hostile_cm"":748.8}",SatisfactoryMCP inferred hazard context,true
poi_502094_0291,"{""hostiles_nearby"":{""Char_CrabHatcher_C"":2,""Desc_StingerAlpha_C"":4,""Desc_StingerSmall_C"":2},""nearest_hostile_cm"":3165.0}",SatisfactoryMCP inferred hazard context,true
poi_502094_0292,"{""hostiles_nearby"":{""Desc_StingerElite_C"":1,""Desc_StingerSmall_C"":5},""spawns_here"":[""Desc_StingerSmall_C""],""nearest_hostile_cm"":881.8,""nearest_gas_cm"":1640.4,""nearest_gas_class"":""BP_GasPillar_02_C""}",SatisfactoryMCP inferred hazard context,true
poi_502094_0293,"{""hostiles_nearby"":{""Desc_SpitterForest_Red_Alpha_C"":1},""nearest_hostile_cm"":2282.2,""nearest_uranium_cm"":1022.7}",SatisfactoryMCP inferred hazard context,true
poi_502094_0294,"{""hostiles_nearby"":{""Char_BigCrabHatcher_C"":2},""nearest_hostile_cm"":1073.3}",SatisfactoryMCP inferred hazard context,true
poi_502094_0295,"{""nearest_gas_cm"":432.0,""nearest_gas_class"":""BP_VolumeGas_01_C""}",SatisfactoryMCP inferred hazard context,true
poi_502094_0296,"{""nearest_gas_cm"":4590.9,""nearest_gas_class"":""BP_SporeFlower_C""}",SatisfactoryMCP inferred hazard context,true
poi_502094_0297,"{""nearest_uranium_cm"":263.0}",SatisfactoryMCP inferred hazard context,true
poi_502094_0298,"{""hostiles_nearby"":{""Desc_SpitterDesert_Small_C"":1},""nearest_hostile_cm"":3532.5}",SatisfactoryMCP inferred hazard context,true
poi_502094_0299,"{""hostiles_nearby"":{""Desc_HogAlpha_C"":1},""nearest_hostile_cm"":459.6,""nearest_gas_cm"":2584.0,""nearest_gas_class"":""BP_SporeFlower_C""}",SatisfactoryMCP inferred hazard context,true
poi_502094_0300,"{""hostiles_nearby"":{""Desc_SpitterAquatic_Alpha_C"":1},""nearest_hostile_cm"":4310.1}",SatisfactoryMCP inferred hazard context,true
poi_502094_0302,"{""hostiles_nearby"":{""Desc_StingerSmall_C"":4},""nearest_hostile_cm"":2981.4,""nearest_gas_cm"":1372.7,""nearest_gas_class"":""BP_GasPillar_03_C""}",SatisfactoryMCP inferred hazard context,true
poi_502094_0304,"{""hostiles_nearby"":{""Desc_SpitterForest_Alpha_C"":1},""nearest_hostile_cm"":603.7}",SatisfactoryMCP inferred hazard context,true
poi_502094_0306,"{""nearest_gas_cm"":1241.0,""nearest_gas_class"":""BP_GasPillar_03_C""}",SatisfactoryMCP inferred hazard context,true
poi_502094_0307,"{""hostiles_nearby"":{""Desc_StingerAlpha_C"":3},""nearest_hostile_cm"":3731.3}",SatisfactoryMCP inferred hazard context,true
poi_502094_0308,"{""hostiles_nearby"":{""Desc_HogBasic_C"":2},""nearest_hostile_cm"":699.5}",SatisfactoryMCP inferred hazard context,true
poi_502094_0310,"{""hostiles_nearby"":{""Char_CrabHatcher_C"":1},""nearest_hostile_cm"":3322.0}",SatisfactoryMCP inferred hazard context,true
poi_502094_0311,"{""nearest_gas_cm"":4369.1,""nearest_gas_class"":""BP_SporeFlower_C""}",SatisfactoryMCP inferred hazard context,true
poi_502094_0312,"{""hostiles_nearby"":{""Desc_SpitterForest_Small_C"":2},""spawns_here"":[""Desc_SpitterForest_Small_C""],""nearest_hostile_cm"":530.4}",SatisfactoryMCP inferred hazard context,true
poi_502094_0314,"{""hostiles_nearby"":{""Char_BigCrabHatcher_C"":1,""Char_CrabHatcher_C"":1,""Desc_SpitterAquatic_Alpha_C"":1,""Desc_StingerElite_C"":1,""Desc_StingerSmall_C"":2},""spawns_here"":[""Char_CrabHatcher_C""],""nearest_hostile_cm"":611.6}",SatisfactoryMCP inferred hazard context,true
poi_502094_0315,"{""hostiles_nearby"":{""Char_CrabHatcher_C"":1,""Desc_HogBasic_C"":2,""Desc_SpitterAquatic_Small_C"":2},""spawns_here"":[""Char_CrabHatcher_C"",""Desc_HogBasic_C"",""Desc_SpitterAquatic_Small_C""],""nearest_hostile_cm"":1523.1}",SatisfactoryMCP inferred hazard context,true
poi_502094_0316,"{""nearest_gas_cm"":649.7,""nearest_gas_class"":""BP_SporeFlower_C"",""inside_spore_flower_damage_sphere"":true}",SatisfactoryMCP inferred hazard context,true
poi_502094_0317,"{""nearest_gas_cm"":1203.6,""nearest_gas_class"":""BP_GasPillar_03_C""}",SatisfactoryMCP inferred hazard context,true
poi_502094_0318,"{""hostiles_nearby"":{""Desc_SpitterDesert_Small_C"":1},""spawns_here"":[""Desc_SpitterDesert_Small_C""],""nearest_hostile_cm"":1053.2}",SatisfactoryMCP inferred hazard context,true
poi_502094_0319,"{""hostiles_nearby"":{""Desc_HogCliff_C"":1,""Desc_SpitterForest_Alpha_C"":1},""spawns_here"":[""Desc_SpitterForest_Alpha_C""],""nearest_hostile_cm"":281.0}",SatisfactoryMCP inferred hazard context,true
poi_502094_0320,"{""hostiles_nearby"":{""Char_CrabHatcher_C"":2},""spawns_here"":[""Char_CrabHatcher_C""],""nearest_hostile_cm"":1143.2}",SatisfactoryMCP inferred hazard context,true
poi_502094_0322,"{""hostiles_nearby"":{""Desc_HogBasic_C"":1},""nearest_hostile_cm"":2167.9}",SatisfactoryMCP inferred hazard context,true
poi_502094_0323,"{""hostiles_nearby"":{""Char_BigCrabHatcher_C"":1,""Desc_SpitterForest_Alpha_C"":1},""nearest_hostile_cm"":580.4}",SatisfactoryMCP inferred hazard context,true
poi_502094_0324,"{""nearest_gas_cm"":1217.2,""nearest_gas_class"":""BP_SporeFlower_C"",""inside_spore_flower_damage_sphere"":true}",SatisfactoryMCP inferred hazard context,true
poi_502094_0325,"{""hostiles_nearby"":{""Desc_HogAlpha_C"":1},""nearest_hostile_cm"":623.6}",SatisfactoryMCP inferred hazard context,true
poi_502094_0326,"{""hostiles_nearby"":{""Desc_StingerElite_C"":1},""nearest_hostile_cm"":3444.1,""nearest_gas_cm"":2606.6,""nearest_gas_class"":""BP_GasPillar_01_C""}",SatisfactoryMCP inferred hazard context,true
poi_502094_0327,"{""hostiles_nearby"":{""Char_BigCrabHatcher_C"":2},""nearest_hostile_cm"":2394.9}",SatisfactoryMCP inferred hazard context,true
poi_502094_0328,"{""hostiles_nearby"":{""Desc_StingerAlpha_C"":1},""nearest_hostile_cm"":1954.0}",SatisfactoryMCP inferred hazard context,true
poi_502094_0329,"{""hostiles_nearby"":{""Desc_StingerAlpha_C"":2},""spawns_here"":[""Desc_StingerAlpha_C""],""nearest_hostile_cm"":151.0}",SatisfactoryMCP inferred hazard context,true
poi_502094_0330,"{""hostiles_nearby"":{""Desc_HogCliff_C"":1,""Desc_SpitterForest_Small_C"":1},""nearest_hostile_cm"":1049.0}",SatisfactoryMCP inferred hazard context,true
poi_502094_0332,"{""hostiles_nearby"":{""Char_CrabHatcher_C"":2},""spawns_here"":[""Char_CrabHatcher_C""],""nearest_hostile_cm"":1072.8}",SatisfactoryMCP inferred hazard context,true
poi_502094_0333,"{""nearest_gas_cm"":1389.0,""nearest_gas_class"":""BP_SporeFlower_C"",""inside_spore_flower_damage_sphere"":true}",SatisfactoryMCP inferred hazard context,true
poi_502094_0334,"{""hostiles_nearby"":{""Desc_SpitterForest_Small_C"":1},""nearest_hostile_cm"":2882.1}",SatisfactoryMCP inferred hazard context,true
poi_502094_0335,"{""hostiles_nearby"":{""Char_CrabHatcher_C"":2,""Desc_HogCliff_C"":1},""spawns_here"":[""Char_CrabHatcher_C""],""nearest_hostile_cm"":513.2}",SatisfactoryMCP inferred hazard context,true
poi_502094_0337,"{""hostiles_nearby"":{""Desc_SpitterAquatic_Small_C"":2},""nearest_hostile_cm"":1570.8}",SatisfactoryMCP inferred hazard context,true
poi_502094_0339,"{""hostiles_nearby"":{""Desc_SpitterForest_Small_C"":1,""Desc_StingerSmall_C"":2},""nearest_hostile_cm"":1625.2}",SatisfactoryMCP inferred hazard context,true
poi_502094_0340,"{""hostiles_nearby"":{""Char_BigCrabHatcher_C"":1,""Char_CrabHatcher_C"":1},""nearest_hostile_cm"":1157.7}",SatisfactoryMCP inferred hazard context,true
poi_502094_0341,"{""hostiles_nearby"":{""Desc_HogAlpha_C"":1,""Desc_SpitterForest_Small_C"":2},""spawns_here"":[""Desc_HogAlpha_C""],""nearest_hostile_cm"":2163.4}",SatisfactoryMCP inferred hazard context,true
poi_502094_0342,"{""hostiles_nearby"":{""Desc_StingerAlpha_C"":1,""Desc_StingerSmall_C"":3},""nearest_hostile_cm"":1353.4,""nearest_gas_cm"":2834.6,""nearest_gas_class"":""BP_SporeFlower_C""}",SatisfactoryMCP inferred hazard context,true
poi_502094_0344,"{""hostiles_nearby"":{""Char_BigCrabHatcher_C"":3},""nearest_hostile_cm"":976.9}",SatisfactoryMCP inferred hazard context,true
poi_502094_0345,"{""hostiles_nearby"":{""Desc_SpitterForest_Alpha_C"":1},""nearest_hostile_cm"":677.1}",SatisfactoryMCP inferred hazard context,true
poi_502094_0346,"{""hostiles_nearby"":{""Char_BigCrabHatcher_C"":2},""nearest_hostile_cm"":1311.4}",SatisfactoryMCP inferred hazard context,true
poi_502094_0347,"{""hostiles_nearby"":{""Char_BigCrabHatcher_C"":1,""Desc_SpitterAquatic_Alpha_C"":1},""nearest_hostile_cm"":1457.6}",SatisfactoryMCP inferred hazard context,true
poi_502094_0348,"{""hostiles_nearby"":{""Char_BigCrabHatcher_C"":1,""Desc_SpitterForest_Small_C"":2},""nearest_hostile_cm"":1474.4,""nearest_gas_cm"":4653.0,""nearest_gas_class"":""BP_GasPillar_02_C""}",SatisfactoryMCP inferred hazard context,true
poi_502094_0350,"{""hostiles_nearby"":{""Desc_SpitterAquatic_Alpha_C"":1},""nearest_hostile_cm"":1234.2}",SatisfactoryMCP inferred hazard context,true
poi_502094_0351,"{""hostiles_nearby"":{""Desc_StingerAlpha_C"":1,""Desc_StingerElite_C"":2},""nearest_hostile_cm"":3752.6,""nearest_uranium_cm"":4122.4}",SatisfactoryMCP inferred hazard context,true
poi_502094_0352,"{""hostiles_nearby"":{""Desc_StingerAlpha_C"":2,""Desc_StingerSmall_C"":10},""spawns_here"":[""Desc_StingerSmall_C""],""nearest_hostile_cm"":154.3,""nearest_uranium_cm"":72.3}",SatisfactoryMCP inferred hazard context,true
poi_502094_0353,"{""nearest_gas_cm"":1152.9,""nearest_gas_class"":""BP_SporeFlower_C"",""inside_spore_flower_damage_sphere"":true}",SatisfactoryMCP inferred hazard context,true
poi_502094_0354,"{""hostiles_nearby"":{""Desc_StingerSmall_C"":1},""nearest_hostile_cm"":1736.8}",SatisfactoryMCP inferred hazard context,true
poi_502094_0355,"{""hostiles_nearby"":{""Desc_StingerAlpha_C"":1,""Desc_StingerElite_C"":1},""nearest_hostile_cm"":1092.0}",SatisfactoryMCP inferred hazard context,true
poi_502094_0356,"{""hostiles_nearby"":{""Desc_HogAlpha_C"":1},""nearest_hostile_cm"":2880.5}",SatisfactoryMCP inferred hazard context,true
poi_502094_0357,"{""hostiles_nearby"":{""Desc_SpitterForest_Small_C"":1},""nearest_hostile_cm"":1206.6}",SatisfactoryMCP inferred hazard context,true
poi_502094_0358,"{""hostiles_nearby"":{""Desc_HogBasic_C"":2},""spawns_here"":[""Desc_HogBasic_C""],""nearest_hostile_cm"":393.1}",SatisfactoryMCP inferred hazard context,true
poi_502094_0359,"{""hostiles_nearby"":{""Char_BigCrabHatcher_C"":1,""Desc_HogAlpha_C"":1,""Desc_HogCliff_C"":1},""nearest_hostile_cm"":2190.1,""nearest_gas_cm"":3677.5,""nearest_gas_class"":""BP_SporeFlower_C""}",SatisfactoryMCP inferred hazard context,true
poi_502094_0360,"{""hostiles_nearby"":{""Desc_HogAlpha_C"":1,""Desc_SpitterForest_Small_C"":1},""nearest_hostile_cm"":1121.7,""nearest_gas_cm"":4559.7,""nearest_gas_class"":""BP_SporeFlower_C""}",SatisfactoryMCP inferred hazard context,true
poi_502094_0361,"{""nearest_gas_cm"":442.7,""nearest_gas_class"":""BP_GasPillar_03_C""}",SatisfactoryMCP inferred hazard context,true
poi_502094_0362,"{""hostiles_nearby"":{""Desc_HogCliff_C"":1},""nearest_hostile_cm"":1335.9}",SatisfactoryMCP inferred hazard context,true
poi_502094_0364,"{""hostiles_nearby"":{""Desc_HogAlpha_C"":1,""Desc_HogBasic_C"":4,""Desc_HogCliff_C"":1},""spawns_here"":[""Desc_HogBasic_C"",""Desc_HogCliff_C""],""nearest_hostile_cm"":330.2}",SatisfactoryMCP inferred hazard context,true
poi_502094_0365,"{""hostiles_nearby"":{""Desc_HogBasic_C"":1},""spawns_here"":[""Desc_HogBasic_C""],""nearest_hostile_cm"":1070.2}",SatisfactoryMCP inferred hazard context,true
poi_502094_0367,"{""hostiles_nearby"":{""Desc_SpitterDesert_Alpha_C"":1,""Desc_SpitterDesert_Small_C"":1},""nearest_hostile_cm"":2114.4}",SatisfactoryMCP inferred hazard context,true
poi_502094_0368,"{""hostiles_nearby"":{""Desc_SpitterForest_Small_C"":2},""nearest_hostile_cm"":4488.5}",SatisfactoryMCP inferred hazard context,true
poi_502094_0369,"{""hostiles_nearby"":{""Desc_HogCliff_C"":1},""nearest_hostile_cm"":598.7}",SatisfactoryMCP inferred hazard context,true
poi_502094_0371,"{""hostiles_nearby"":{""Desc_HogNuclear_C"":3,""Desc_StingerElite_C"":1},""nearest_hostile_cm"":64.8,""nearest_uranium_cm"":359.4,""nearest_nuclear_hog_spawner_cm"":3560.8}",SatisfactoryMCP inferred hazard context,true
poi_502094_0372,"{""hostiles_nearby"":{""Desc_HogBasic_C"":3,""Desc_StingerSmall_C"":4},""spawns_here"":[""Desc_HogBasic_C""],""nearest_hostile_cm"":3096.7}",SatisfactoryMCP inferred hazard context,true
poi_502094_0373,"{""hostiles_nearby"":{""Desc_HogCliff_C"":1,""Desc_HogNuclear_C"":1},""nearest_hostile_cm"":1115.4,""nearest_uranium_cm"":373.3,""nearest_nuclear_hog_spawner_cm"":1115.4}",SatisfactoryMCP inferred hazard context,true
poi_502094_0375,"{""hostiles_nearby"":{""Desc_HogAlpha_C"":1,""Desc_HogCliff_C"":1},""nearest_hostile_cm"":874.8}",SatisfactoryMCP inferred hazard context,true
poi_502094_0376,"{""hostiles_nearby"":{""Desc_SpitterAquatic_Small_C"":3},""nearest_hostile_cm"":3411.3}",SatisfactoryMCP inferred hazard context,true
poi_502094_0377,"{""nearest_uranium_cm"":4858.3}",SatisfactoryMCP inferred hazard context,true
poi_502094_0378,"{""hostiles_nearby"":{""Desc_StingerAlpha_C"":1,""Desc_StingerElite_C"":1,""Desc_StingerSmall_C"":4},""nearest_hostile_cm"":1276.8,""nearest_uranium_cm"":924.9}",SatisfactoryMCP inferred hazard context,true
poi_502094_0379,"{""hostiles_nearby"":{""Char_CrabHatcher_C"":3},""spawns_here"":[""Char_CrabHatcher_C""],""nearest_hostile_cm"":934.9}",SatisfactoryMCP inferred hazard context,true
poi_502094_0380,"{""hostiles_nearby"":{""Desc_HogAlpha_C"":1,""Desc_HogBasic_C"":1},""nearest_hostile_cm"":969.4}",SatisfactoryMCP inferred hazard context,true
poi_502094_0381,"{""hostiles_nearby"":{""Desc_HogBasic_C"":2},""spawns_here"":[""Desc_HogBasic_C""],""nearest_hostile_cm"":265.9}",SatisfactoryMCP inferred hazard context,true
poi_502094_0386,"{""nearest_gas_cm"":1436.5,""nearest_gas_class"":""BP_SporeFlower_C""}",SatisfactoryMCP inferred hazard context,true
poi_502094_0387,"{""hostiles_nearby"":{""Desc_SpitterAquatic_Alpha_C"":1,""Desc_SpitterAquatic_Small_C"":1},""spawns_here"":[""Desc_SpitterAquatic_Alpha_C""],""nearest_hostile_cm"":301.1}",SatisfactoryMCP inferred hazard context,true
poi_502094_0390,"{""hostiles_nearby"":{""Char_CrabHatcher_C"":2},""spawns_here"":[""Char_CrabHatcher_C""],""nearest_hostile_cm"":502.3}",SatisfactoryMCP inferred hazard context,true
poi_502094_0391,"{""hostiles_nearby"":{""Char_CrabHatcher_C"":1},""spawns_here"":[""Char_CrabHatcher_C""],""nearest_hostile_cm"":1623.6}",SatisfactoryMCP inferred hazard context,true
poi_502094_0393,"{""nearest_gas_cm"":926.9,""nearest_gas_class"":""BP_VolumeGas_01_C""}",SatisfactoryMCP inferred hazard context,true
poi_502094_0394,"{""hostiles_nearby"":{""Desc_HogAlpha_C"":1},""nearest_hostile_cm"":578.6}",SatisfactoryMCP inferred hazard context,true
poi_502094_0395,"{""hostiles_nearby"":{""Desc_SpitterForest_Alpha_C"":1},""nearest_hostile_cm"":1849.6}",SatisfactoryMCP inferred hazard context,true
poi_502094_0397,"{""hostiles_nearby"":{""Desc_StingerSmall_C"":2},""spawns_here"":[""Desc_StingerSmall_C""],""nearest_hostile_cm"":926.3}",SatisfactoryMCP inferred hazard context,true
poi_502094_0398,"{""hostiles_nearby"":{""Char_CrabHatcher_C"":2},""spawns_here"":[""Char_CrabHatcher_C""],""nearest_hostile_cm"":2137.5}",SatisfactoryMCP inferred hazard context,true
poi_502094_0399,"{""hostiles_nearby"":{""Desc_SpitterDesert_Alpha_C"":1,""Desc_SpitterDesert_Small_C"":1},""nearest_hostile_cm"":3015.9}",SatisfactoryMCP inferred hazard context,true
poi_502094_0400,"{""hostiles_nearby"":{""Char_CrabHatcher_C"":3,""Desc_SpitterAquatic_Alpha_C"":1},""spawns_here"":[""Char_CrabHatcher_C""],""nearest_hostile_cm"":1665.3}",SatisfactoryMCP inferred hazard context,true
poi_502094_0401,"{""hostiles_nearby"":{""Desc_HogAlpha_C"":1,""Desc_SpitterForest_Small_C"":1},""nearest_hostile_cm"":718.4}",SatisfactoryMCP inferred hazard context,true
poi_502094_0402,"{""hostiles_nearby"":{""Desc_HogBasic_C"":2,""Desc_HogCliff_C"":1,""Desc_StingerElite_C"":1},""nearest_hostile_cm"":655.2,""nearest_uranium_cm"":184.7}",SatisfactoryMCP inferred hazard context,true
poi_502094_0403,"{""hostiles_nearby"":{""Desc_StingerSmall_C"":9},""spawns_here"":[""Desc_StingerSmall_C""],""nearest_hostile_cm"":3530.8,""nearest_gas_cm"":4245.8,""nearest_gas_class"":""BP_SporeFlower_C""}",SatisfactoryMCP inferred hazard context,true
poi_502094_0408,"{""hostiles_nearby"":{""Char_BigCrabHatcher_C"":2,""Desc_SpitterAquatic_Small_C"":1},""spawns_here"":[""Desc_SpitterAquatic_Small_C""],""nearest_hostile_cm"":723.8}",SatisfactoryMCP inferred hazard context,true
poi_502094_0410,"{""hostiles_nearby"":{""Desc_StingerElite_C"":1},""nearest_hostile_cm"":4337.4,""nearest_gas_cm"":975.1,""nearest_gas_class"":""BP_GasPillar_02_C""}",SatisfactoryMCP inferred hazard context,true
poi_502094_0411,"{""hostiles_nearby"":{""Desc_HogCliff_C"":1},""nearest_hostile_cm"":2050.3,""nearest_uranium_cm"":1133.7}",SatisfactoryMCP inferred hazard context,true
poi_502094_0412,"{""hostiles_nearby"":{""Desc_HogNuclear_C"":1,""Desc_StingerElite_C"":1},""spawns_here"":[""Desc_HogNuclear_C""],""nearest_hostile_cm"":527.9,""nearest_gas_cm"":3876.3,""nearest_gas_class"":""BP_SporeFlower_C"",""nearest_nuclear_hog_spawner_cm"":527.9}",SatisfactoryMCP inferred hazard context,true
poi_502094_0413,"{""hostiles_nearby"":{""Char_BigCrabHatcher_C"":1,""Desc_SpitterAquatic_Alpha_C"":1},""nearest_hostile_cm"":2881.8}",SatisfactoryMCP inferred hazard context,true
poi_502094_0414,"{""hostiles_nearby"":{""Desc_SpitterForest_Small_C"":2},""spawns_here"":[""Desc_SpitterForest_Small_C""],""nearest_hostile_cm"":1663.4}",SatisfactoryMCP inferred hazard context,true
poi_502094_0415,"{""hostiles_nearby"":{""Desc_HogAlpha_C"":2,""Desc_SpitterForest_Small_Red_C"":2},""spawns_here"":[""Desc_HogAlpha_C"",""Desc_SpitterForest_Small_Red_C""],""nearest_hostile_cm"":824.2}",SatisfactoryMCP inferred hazard context,true
poi_502094_0416,"{""hostiles_nearby"":{""Char_CrabHatcher_C"":2,""Desc_SpitterDesert_Small_C"":1},""spawns_here"":[""Char_CrabHatcher_C"",""Desc_SpitterDesert_Small_C""],""nearest_hostile_cm"":487.0}",SatisfactoryMCP inferred hazard context,true
poi_502094_0418,"{""hostiles_nearby"":{""Desc_StingerSmall_C"":1},""nearest_hostile_cm"":2056.5}",SatisfactoryMCP inferred hazard context,true
poi_502094_0419,"{""hostiles_nearby"":{""Desc_StingerSmall_C"":1},""nearest_hostile_cm"":1361.7}",SatisfactoryMCP inferred hazard context,true
poi_502094_0420,"{""hostiles_nearby"":{""Char_CrabHatcher_C"":1,""Desc_HogBasic_C"":1,""Desc_SpitterDesert_Small_C"":1},""spawns_here"":[""Char_CrabHatcher_C""],""nearest_hostile_cm"":588.0}",SatisfactoryMCP inferred hazard context,true
poi_502094_0421,"{""hostiles_nearby"":{""Desc_SpitterDesert_Small_C"":2},""nearest_hostile_cm"":2790.6}",SatisfactoryMCP inferred hazard context,true
poi_502094_0422,"{""hostiles_nearby"":{""Desc_SpitterDesert_Alpha_C"":2},""spawns_here"":[""Desc_SpitterDesert_Alpha_C""],""nearest_hostile_cm"":1682.3}",SatisfactoryMCP inferred hazard context,true
poi_502094_0424,"{""hostiles_nearby"":{""Desc_HogAlpha_C"":1,""Desc_SpitterForest_Red_Alpha_C"":1,""Desc_StingerSmall_C"":11},""nearest_hostile_cm"":1524.6,""nearest_uranium_cm"":1065.5}",SatisfactoryMCP inferred hazard context,true
poi_502094_0425,"{""hostiles_nearby"":{""Desc_HogAlpha_C"":1,""Desc_HogBasic_C"":3,""Desc_SpitterForest_Red_Alpha_C"":1,""Desc_StingerSmall_C"":11},""spawns_here"":[""Desc_StingerSmall_C""],""nearest_hostile_cm"":620.4,""nearest_uranium_cm"":602.9}",SatisfactoryMCP inferred hazard context,true
poi_502094_0426,"{""hostiles_nearby"":{""Desc_HogAlpha_C"":1,""Desc_HogBasic_C"":3,""Desc_SpitterForest_Red_Alpha_C"":1,""Desc_StingerSmall_C"":10},""nearest_hostile_cm"":1089.9,""nearest_uranium_cm"":913.9}",SatisfactoryMCP inferred hazard context,true
poi_502094_0427,"{""hostiles_nearby"":{""Desc_StingerSmall_C"":10},""nearest_hostile_cm"":1910.2,""nearest_uranium_cm"":712.1}",SatisfactoryMCP inferred hazard context,true
poi_502094_0428,"{""hostiles_nearby"":{""Desc_HogAlpha_C"":1,""Desc_HogBasic_C"":3,""Desc_StingerSmall_C"":10},""nearest_hostile_cm"":428.5,""nearest_uranium_cm"":662.1}",SatisfactoryMCP inferred hazard context,true
poi_502094_0429,"{""hostiles_nearby"":{""Desc_HogBasic_C"":1},""nearest_hostile_cm"":1610.3}",SatisfactoryMCP inferred hazard context,true
poi_502094_0431,"{""hostiles_nearby"":{""Desc_SpitterDesert_Alpha_C"":1},""nearest_hostile_cm"":3313.3}",SatisfactoryMCP inferred hazard context,true
poi_502094_0432,"{""hostiles_nearby"":{""Desc_SpitterAquatic_Small_C"":1},""nearest_hostile_cm"":3522.3,""nearest_gas_cm"":4551.4,""nearest_gas_class"":""BP_GasPillar_01_C""}",SatisfactoryMCP inferred hazard context,true
poi_502094_0433,"{""hostiles_nearby"":{""Char_CrabHatcher_C"":3},""spawns_here"":[""Char_CrabHatcher_C""],""nearest_hostile_cm"":1891.6}",SatisfactoryMCP inferred hazard context,true
poi_502094_0434,"{""hostiles_nearby"":{""Desc_SpitterAquatic_Small_C"":1},""nearest_hostile_cm"":3414.7}",SatisfactoryMCP inferred hazard context,true
poi_502094_0435,"{""hostiles_nearby"":{""Char_CrabHatcher_C"":2},""nearest_hostile_cm"":3302.4}",SatisfactoryMCP inferred hazard context,true
poi_502094_0440,"{""hostiles_nearby"":{""Char_CrabHatcher_C"":1},""spawns_here"":[""Char_CrabHatcher_C""],""nearest_hostile_cm"":1144.1}",SatisfactoryMCP inferred hazard context,true
poi_502094_0441,"{""hostiles_nearby"":{""Desc_StingerSmall_C"":2},""spawns_here"":[""Desc_StingerSmall_C""],""nearest_hostile_cm"":1289.1}",SatisfactoryMCP inferred hazard context,true
poi_502094_0446,"{""nearest_gas_cm"":972.1,""nearest_gas_class"":""BP_SporeFlower_C"",""inside_spore_flower_damage_sphere"":true}",SatisfactoryMCP inferred hazard context,true
poi_502094_0448,"{""hostiles_nearby"":{""Desc_SpitterDesert_Small_C"":1},""nearest_hostile_cm"":2998.6}",SatisfactoryMCP inferred hazard context,true
poi_502094_0449,"{""hostiles_nearby"":{""Desc_StingerSmall_C"":3},""nearest_hostile_cm"":2762.6,""nearest_gas_cm"":1998.4,""nearest_gas_class"":""BP_GasPillar_01_C""}",SatisfactoryMCP inferred hazard context,true
poi_502094_0453,"{""spawns_here"":[""Desc_StingerSmall_C""],""nearest_gas_cm"":4342.5,""nearest_gas_class"":""BP_GasPillar_03_C""}",SatisfactoryMCP inferred hazard context,true
poi_502094_0454,"{""hostiles_nearby"":{""Desc_StingerAlpha_C"":1,""Desc_StingerSmall_C"":3},""spawns_here"":[""Desc_StingerAlpha_C"",""Desc_StingerSmall_C""],""nearest_hostile_cm"":2806.3}",SatisfactoryMCP inferred hazard context,true
poi_502094_0455,"{""hostiles_nearby"":{""Desc_StingerAlpha_C"":2,""Desc_StingerSmall_C"":3},""spawns_here"":[""Desc_StingerAlpha_C"",""Desc_StingerSmall_C""],""nearest_hostile_cm"":2749.8}",SatisfactoryMCP inferred hazard context,true
poi_502094_0457,"{""hostiles_nearby"":{""Desc_StingerAlpha_C"":1},""nearest_hostile_cm"":3125.9}",SatisfactoryMCP inferred hazard context,true
poi_502094_0458,"{""nearest_gas_cm"":955.2,""nearest_gas_class"":""BP_GasPillar_03_C""}",SatisfactoryMCP inferred hazard context,true
poi_502094_0459,"{""hostiles_nearby"":{""Desc_HogBasic_C"":2},""nearest_hostile_cm"":3462.2}",SatisfactoryMCP inferred hazard context,true
poi_502094_0460,"{""nearest_gas_cm"":840.5,""nearest_gas_class"":""BP_SporeFlower_C"",""inside_spore_flower_damage_sphere"":true}",SatisfactoryMCP inferred hazard context,true
poi_502094_0464,"{""hostiles_nearby"":{""Char_CrabHatcher_C"":1},""nearest_hostile_cm"":3794.5,""nearest_gas_cm"":4479.8,""nearest_gas_class"":""BP_VolumeGas_01_C""}",SatisfactoryMCP inferred hazard context,true
poi_502094_0466,"{""hostiles_nearby"":{""Char_CrabHatcher_C"":2},""nearest_hostile_cm"":2847.8}",SatisfactoryMCP inferred hazard context,true
poi_502094_0467,"{""hostiles_nearby"":{""Desc_HogCliff_C"":1},""nearest_hostile_cm"":3003.7}",SatisfactoryMCP inferred hazard context,true
poi_502094_0468,"{""hostiles_nearby"":{""Desc_HogBasic_C"":2},""nearest_hostile_cm"":2834.5}",SatisfactoryMCP inferred hazard context,true
poi_502094_0469,"{""hostiles_nearby"":{""Char_BigCrabHatcher_C"":1},""nearest_hostile_cm"":4121.1}",SatisfactoryMCP inferred hazard context,true
poi_502094_0470,"{""hostiles_nearby"":{""Char_CrabHatcher_C"":1,""Desc_HogBasic_C"":2},""spawns_here"":[""Desc_HogBasic_C""],""nearest_hostile_cm"":841.9,""nearest_gas_cm"":4486.9,""nearest_gas_class"":""BP_SporeFlower_C""}",SatisfactoryMCP inferred hazard context,true
poi_502094_0471,"{""hostiles_nearby"":{""Desc_HogBasic_C"":1},""nearest_hostile_cm"":3512.8}",SatisfactoryMCP inferred hazard context,true
poi_502094_0472,"{""hostiles_nearby"":{""Desc_SpitterAquatic_Small_C"":2},""nearest_hostile_cm"":2867.6}",SatisfactoryMCP inferred hazard context,true
poi_502094_0474,"{""hostiles_nearby"":{""Desc_SpitterAquatic_Alpha_C"":1,""Desc_SpitterAquatic_Small_C"":1},""nearest_hostile_cm"":3181.0}",SatisfactoryMCP inferred hazard context,true
poi_502094_0475,"{""hostiles_nearby"":{""Char_CrabHatcher_C"":2},""spawns_here"":[""Char_CrabHatcher_C""],""nearest_hostile_cm"":751.2}",SatisfactoryMCP inferred hazard context,true
poi_502094_0476,"{""hostiles_nearby"":{""Desc_HogBasic_C"":2,""Desc_SpitterForest_Small_C"":1},""nearest_hostile_cm"":1263.7}",SatisfactoryMCP inferred hazard context,true
poi_502094_0477,"{""hostiles_nearby"":{""Char_BigCrabHatcher_C"":4},""nearest_hostile_cm"":1622.8}",SatisfactoryMCP inferred hazard context,true
poi_502094_0478,"{""hostiles_nearby"":{""Char_BigCrabHatcher_C"":5},""nearest_hostile_cm"":1205.3}",SatisfactoryMCP inferred hazard context,true
poi_502094_0479,"{""hostiles_nearby"":{""Char_BigCrabHatcher_C"":1},""nearest_hostile_cm"":2177.5}",SatisfactoryMCP inferred hazard context,true
poi_502094_0480,"{""hostiles_nearby"":{""Desc_HogBasic_C"":2},""nearest_hostile_cm"":1996.3}",SatisfactoryMCP inferred hazard context,true
poi_502094_0481,"{""hostiles_nearby"":{""Desc_SpitterDesert_Small_C"":1},""nearest_hostile_cm"":4650.6}",SatisfactoryMCP inferred hazard context,true
poi_502094_0482,"{""hostiles_nearby"":{""Desc_HogAlpha_C"":1,""Desc_HogBasic_C"":2},""spawns_here"":[""Desc_HogAlpha_C""],""nearest_hostile_cm"":1261.4}",SatisfactoryMCP inferred hazard context,true
poi_502094_0485,"{""hostiles_nearby"":{""Desc_StingerAlpha_C"":1},""nearest_hostile_cm"":4144.4}",SatisfactoryMCP inferred hazard context,true
poi_502094_0487,"{""hostiles_nearby"":{""Desc_SpitterAquatic_Small_C"":1},""nearest_hostile_cm"":4318.7}",SatisfactoryMCP inferred hazard context,true
poi_502094_0488,"{""hostiles_nearby"":{""Desc_StingerSmall_C"":1},""nearest_hostile_cm"":544.0}",SatisfactoryMCP inferred hazard context,true
poi_502094_0490,"{""hostiles_nearby"":{""Desc_SpitterDesert_Alpha_C"":1,""Desc_SpitterDesert_Small_C"":1},""nearest_hostile_cm"":3903.2}",SatisfactoryMCP inferred hazard context,true
poi_502094_0493,"{""hostiles_nearby"":{""Desc_SpitterDesert_Small_C"":1},""spawns_here"":[""Desc_SpitterDesert_Small_C""],""nearest_hostile_cm"":720.0}",SatisfactoryMCP inferred hazard context,true
poi_502094_0497,"{""hostiles_nearby"":{""Desc_SpitterDesert_Small_C"":1},""nearest_hostile_cm"":835.9}",SatisfactoryMCP inferred hazard context,true
poi_502094_0498,"{""hostiles_nearby"":{""Desc_StingerAlpha_C"":2},""nearest_hostile_cm"":1019.6}",SatisfactoryMCP inferred hazard context,true
poi_502094_0504,"{""hostiles_nearby"":{""Desc_HogBasic_C"":1},""nearest_hostile_cm"":672.5}",SatisfactoryMCP inferred hazard context,true
poi_502094_0506,"{""hostiles_nearby"":{""Char_CrabHatcher_C"":2},""spawns_here"":[""Char_CrabHatcher_C""],""nearest_hostile_cm"":738.5}",SatisfactoryMCP inferred hazard context,true
poi_502094_0508,"{""hostiles_nearby"":{""Char_BigCrabHatcher_C"":1},""nearest_hostile_cm"":1175.5}",SatisfactoryMCP inferred hazard context,true
poi_502094_0512,"{""hostiles_nearby"":{""Char_CrabHatcher_C"":1},""spawns_here"":[""Char_CrabHatcher_C""],""nearest_hostile_cm"":1755.3}",SatisfactoryMCP inferred hazard context,true
poi_502094_0514,"{""hostiles_nearby"":{""Desc_HogBasic_C"":2},""nearest_hostile_cm"":1446.8}",SatisfactoryMCP inferred hazard context,true
poi_502094_0517,"{""hostiles_nearby"":{""Desc_HogBasic_C"":2},""nearest_hostile_cm"":1863.1}",SatisfactoryMCP inferred hazard context,true
poi_502094_0518,"{""hostiles_nearby"":{""Desc_SpitterDesert_Small_C"":2},""nearest_hostile_cm"":657.1}",SatisfactoryMCP inferred hazard context,true
poi_502094_0521,"{""hostiles_nearby"":{""Desc_StingerSmall_C"":1},""nearest_hostile_cm"":683.0,""nearest_gas_cm"":3499.7,""nearest_gas_class"":""BP_GasPillar_01_C""}",SatisfactoryMCP inferred hazard context,true
poi_502094_0523,"{""hostiles_nearby"":{""Char_CrabHatcher_C"":3},""spawns_here"":[""Char_CrabHatcher_C""],""nearest_hostile_cm"":2346.2}",SatisfactoryMCP inferred hazard context,true
poi_502094_0524,"{""hostiles_nearby"":{""Desc_StingerSmall_C"":2},""nearest_hostile_cm"":2060.3,""nearest_gas_cm"":1227.6,""nearest_gas_class"":""BP_SporeFlower_C"",""inside_spore_flower_damage_sphere"":true}",SatisfactoryMCP inferred hazard context,true
poi_502094_0525,"{""nearest_gas_cm"":939.4,""nearest_gas_class"":""BP_GasPillar_02_C""}",SatisfactoryMCP inferred hazard context,true
poi_502094_0526,"{""hostiles_nearby"":{""Desc_SpitterDesert_Small_C"":3},""nearest_hostile_cm"":1590.2,""nearest_uranium_cm"":4085.1}",SatisfactoryMCP inferred hazard context,true
poi_502094_0527,"{""hostiles_nearby"":{""Desc_StingerSmall_C"":5},""nearest_hostile_cm"":2272.4}",SatisfactoryMCP inferred hazard context,true
poi_502094_0528,"{""hostiles_nearby"":{""Desc_StingerSmall_C"":5},""nearest_hostile_cm"":1678.1}",SatisfactoryMCP inferred hazard context,true
poi_502094_0529,"{""hostiles_nearby"":{""Desc_StingerSmall_C"":5},""nearest_hostile_cm"":1309.1}",SatisfactoryMCP inferred hazard context,true
poi_502094_0530,"{""hostiles_nearby"":{""Desc_StingerSmall_C"":5},""spawns_here"":[""Desc_StingerSmall_C""],""nearest_hostile_cm"":481.3}",SatisfactoryMCP inferred hazard context,true
poi_502094_0531,"{""hostiles_nearby"":{""Desc_StingerSmall_C"":5},""nearest_hostile_cm"":2693.1}",SatisfactoryMCP inferred hazard context,true
poi_502094_0532,"{""hostiles_nearby"":{""Desc_SpitterDesert_Small_C"":1},""nearest_hostile_cm"":3572.6}",SatisfactoryMCP inferred hazard context,true
poi_502094_0533,"{""nearest_uranium_cm"":550.8}",SatisfactoryMCP inferred hazard context,true
poi_502094_0534,"{""hostiles_nearby"":{""Desc_SpitterForest_Small_C"":1},""nearest_hostile_cm"":2012.8}",SatisfactoryMCP inferred hazard context,true
poi_502094_0535,"{""hostiles_nearby"":{""Char_CrabHatcher_C"":1},""spawns_here"":[""Char_CrabHatcher_C""],""nearest_hostile_cm"":1972.9}",SatisfactoryMCP inferred hazard context,true
poi_502094_0536,"{""hostiles_nearby"":{""Desc_SpitterDesert_Small_C"":1},""nearest_hostile_cm"":4873.2}",SatisfactoryMCP inferred hazard context,true
poi_502094_0538,"{""nearest_uranium_cm"":4996.8}",SatisfactoryMCP inferred hazard context,true
poi_502094_0541,"{""hostiles_nearby"":{""Desc_SpitterDesert_Alpha_C"":1},""nearest_hostile_cm"":3803.8}",SatisfactoryMCP inferred hazard context,true
poi_502094_0542,"{""hostiles_nearby"":{""Desc_SpitterAquatic_Small_C"":2},""nearest_hostile_cm"":3661.7}",SatisfactoryMCP inferred hazard context,true
poi_502094_0543,"{""hostiles_nearby"":{""Desc_SpitterDesert_Small_C"":2},""nearest_hostile_cm"":3114.4}",SatisfactoryMCP inferred hazard context,true
poi_502094_0544,"{""hostiles_nearby"":{""Char_CrabHatcher_C"":1},""spawns_here"":[""Char_CrabHatcher_C""],""nearest_hostile_cm"":866.9}",SatisfactoryMCP inferred hazard context,true
poi_502094_0545,"{""hostiles_nearby"":{""Char_CrabHatcher_C"":2},""spawns_here"":[""Char_CrabHatcher_C""],""nearest_hostile_cm"":699.3}",SatisfactoryMCP inferred hazard context,true
poi_502094_0546,"{""hostiles_nearby"":{""Desc_SpitterAquatic_Small_C"":1},""nearest_hostile_cm"":1082.2}",SatisfactoryMCP inferred hazard context,true
poi_502094_0548,"{""nearest_gas_cm"":4946.8,""nearest_gas_class"":""BP_GasPillar_03_C""}",SatisfactoryMCP inferred hazard context,true
poi_502094_0549,"{""nearest_gas_cm"":2496.8,""nearest_gas_class"":""BP_GasPillar_03_C""}",SatisfactoryMCP inferred hazard context,true
poi_502094_0551,"{""nearest_gas_cm"":657.8,""nearest_gas_class"":""BP_GasPillar_01_C""}",SatisfactoryMCP inferred hazard context,true
poi_502094_0552,"{""hostiles_nearby"":{""Desc_HogBasic_C"":1},""nearest_hostile_cm"":3319.9,""nearest_gas_cm"":3978.2,""nearest_gas_class"":""BP_SporeFlower_C""}",SatisfactoryMCP inferred hazard context,true
poi_502094_0553,"{""hostiles_nearby"":{""Desc_HogBasic_C"":3},""nearest_hostile_cm"":1423.2}",SatisfactoryMCP inferred hazard context,true
poi_502094_0555,"{""hostiles_nearby"":{""Char_BigCrabHatcher_C"":1},""nearest_hostile_cm"":713.9}",SatisfactoryMCP inferred hazard context,true
poi_502094_0557,"{""hostiles_nearby"":{""Char_BigCrabHatcher_C"":1},""nearest_hostile_cm"":4782.3}",SatisfactoryMCP inferred hazard context,true
poi_502094_0561,"{""hostiles_nearby"":{""Desc_SpitterDesert_Small_C"":1},""nearest_hostile_cm"":744.3}",SatisfactoryMCP inferred hazard context,true
poi_502094_0563,"{""hostiles_nearby"":{""Char_CrabHatcher_C"":1},""spawns_here"":[""Char_CrabHatcher_C""],""nearest_hostile_cm"":1306.4,""nearest_gas_cm"":767.0,""nearest_gas_class"":""BP_SporeFlower_C"",""inside_spore_flower_damage_sphere"":true}",SatisfactoryMCP inferred hazard context,true
poi_502094_0564,"{""hostiles_nearby"":{""Char_CrabHatcher_C"":3},""spawns_here"":[""Char_CrabHatcher_C""],""nearest_hostile_cm"":597.3}",SatisfactoryMCP inferred hazard context,true
poi_502094_0566,"{""hostiles_nearby"":{""Char_BigCrabHatcher_C"":1,""Desc_SpitterDesert_Alpha_C"":1,""Desc_SpitterDesert_Small_C"":1},""nearest_hostile_cm"":1604.4}",SatisfactoryMCP inferred hazard context,true
poi_502094_0567,"{""hostiles_nearby"":{""Desc_SpitterForest_Small_C"":1},""nearest_hostile_cm"":3375.5}",SatisfactoryMCP inferred hazard context,true
poi_502094_0568,"{""hostiles_nearby"":{""Desc_SpitterForest_Small_C"":1},""nearest_hostile_cm"":1835.6}",SatisfactoryMCP inferred hazard context,true
poi_502094_0569,"{""hostiles_nearby"":{""Desc_HogBasic_C"":2},""nearest_hostile_cm"":1813.7}",SatisfactoryMCP inferred hazard context,true
poi_502094_0577,"{""hostiles_nearby"":{""Desc_StingerAlpha_C"":4},""spawns_here"":[""Desc_StingerAlpha_C""],""nearest_hostile_cm"":889.4,""nearest_gas_cm"":789.8,""nearest_gas_class"":""BP_VolumeGas_01_C""}",SatisfactoryMCP inferred hazard context,true
poi_502094_0578,"{""hostiles_nearby"":{""Desc_StingerSmall_C"":5},""nearest_hostile_cm"":3145.8}",SatisfactoryMCP inferred hazard context,true
poi_502094_0581,"{""nearest_gas_cm"":1499.4,""nearest_gas_class"":""BP_GasPillar_02_C""}",SatisfactoryMCP inferred hazard context,true
poi_502094_0582,"{""hostiles_nearby"":{""Desc_SpitterAquatic_Alpha_C"":1},""nearest_hostile_cm"":2786.2}",SatisfactoryMCP inferred hazard context,true
poi_502094_0584,"{""hostiles_nearby"":{""Char_CrabHatcher_C"":1},""nearest_hostile_cm"":3433.2}",SatisfactoryMCP inferred hazard context,true
poi_502094_0585,"{""hostiles_nearby"":{""Desc_HogBasic_C"":1,""Desc_SpitterDesert_Small_C"":1},""nearest_hostile_cm"":4510.2}",SatisfactoryMCP inferred hazard context,true
poi_502094_0586,"{""hostiles_nearby"":{""Char_BigCrabHatcher_C"":1},""nearest_hostile_cm"":784.9}",SatisfactoryMCP inferred hazard context,true
poi_502094_0587,"{""nearest_gas_cm"":1036.3,""nearest_gas_class"":""BP_SporeFlower_C"",""inside_spore_flower_damage_sphere"":true}",SatisfactoryMCP inferred hazard context,true
poi_502094_0590,"{""spawns_here"":[""Desc_StingerAlpha_C"",""Desc_StingerSmall_C""]}",SatisfactoryMCP inferred hazard context,true
poi_502094_0591,"{""spawns_here"":[""Desc_StingerSmall_C""]}",SatisfactoryMCP inferred hazard context,true
poi_502094_0592,"{""hostiles_nearby"":{""Desc_SpitterDesert_Small_C"":1},""nearest_hostile_cm"":2908.0}",SatisfactoryMCP inferred hazard context,true
poi_502094_0593,"{""hostiles_nearby"":{""Desc_HogBasic_C"":1},""spawns_here"":[""Desc_HogBasic_C""],""nearest_hostile_cm"":1130.6}",SatisfactoryMCP inferred hazard context,true
poi_502094_0594,"{""hostiles_nearby"":{""Desc_SpitterForest_Small_C"":2},""nearest_hostile_cm"":3665.1}",SatisfactoryMCP inferred hazard context,true
poi_502094_0595,"{""hostiles_nearby"":{""Desc_HogCliff_C"":1,""Desc_SpitterForest_Small_C"":2},""spawns_here"":[""Desc_SpitterForest_Small_C""],""nearest_hostile_cm"":979.5}",SatisfactoryMCP inferred hazard context,true
poi_502094_0597,"{""hostiles_nearby"":{""Desc_SpitterDesert_Small_C"":1},""nearest_hostile_cm"":1728.7}",SatisfactoryMCP inferred hazard context,true
poi_502094_0600,"{""hostiles_nearby"":{""Desc_HogBasic_C"":1,""Desc_SpitterForest_Small_C"":1},""nearest_hostile_cm"":2865.8,""nearest_gas_cm"":1035.8,""nearest_gas_class"":""BP_SporeFlower_C"",""inside_spore_flower_damage_sphere"":true}",SatisfactoryMCP inferred hazard context,true
poi_502094_0601,"{""hostiles_nearby"":{""Desc_StingerAlpha_C"":1},""nearest_hostile_cm"":1175.1,""nearest_gas_cm"":964.2,""nearest_gas_class"":""BP_VolumeGas_01_C""}",SatisfactoryMCP inferred hazard context,true
poi_502094_0603,"{""hostiles_nearby"":{""Desc_HogBasic_C"":2},""spawns_here"":[""Desc_HogBasic_C""],""nearest_hostile_cm"":1258.9}",SatisfactoryMCP inferred hazard context,true
poi_502094_0605,"{""nearest_gas_cm"":2452.2,""nearest_gas_class"":""BP_VolumeGas_01_C""}",SatisfactoryMCP inferred hazard context,true
poi_502094_0607,"{""hostiles_nearby"":{""Desc_StingerSmall_C"":2},""nearest_hostile_cm"":482.3}",SatisfactoryMCP inferred hazard context,true
poi_502094_0609,"{""hostiles_nearby"":{""Char_CrabHatcher_C"":1},""spawns_here"":[""Char_CrabHatcher_C""],""nearest_hostile_cm"":1021.7}",SatisfactoryMCP inferred hazard context,true
poi_502094_0612,"{""nearest_gas_cm"":249.8,""nearest_gas_class"":""BP_GasPillar_02_C""}",SatisfactoryMCP inferred hazard context,true
poi_502094_0614,"{""hostiles_nearby"":{""Desc_StingerSmall_C"":2},""nearest_hostile_cm"":3025.9}",SatisfactoryMCP inferred hazard context,true
poi_502094_0615,"{""hostiles_nearby"":{""Char_CrabHatcher_C"":3},""spawns_here"":[""Char_CrabHatcher_C""],""nearest_hostile_cm"":959.0}",SatisfactoryMCP inferred hazard context,true
poi_502094_0618,"{""hostiles_nearby"":{""Desc_SpitterDesert_Alpha_C"":1},""nearest_hostile_cm"":4490.1,""nearest_gas_cm"":3011.1,""nearest_gas_class"":""BP_SporeFlower_C""}",SatisfactoryMCP inferred hazard context,true
poi_502094_0620,"{""hostiles_nearby"":{""Desc_SpitterAquatic_Small_C"":1},""nearest_hostile_cm"":3243.1}",SatisfactoryMCP inferred hazard context,true
poi_502094_0621,"{""hostiles_nearby"":{""Desc_SpitterDesert_Small_C"":1},""nearest_hostile_cm"":1637.5}",SatisfactoryMCP inferred hazard context,true
poi_502094_0622,"{""hostiles_nearby"":{""Desc_SpitterForest_Small_C"":1},""nearest_hostile_cm"":976.6}",SatisfactoryMCP inferred hazard context,true
poi_502094_0623,"{""hostiles_nearby"":{""Desc_HogBasic_C"":3},""nearest_hostile_cm"":1820.4}",SatisfactoryMCP inferred hazard context,true
poi_502094_0625,"{""hostiles_nearby"":{""Desc_SpitterDesert_Small_C"":1},""nearest_hostile_cm"":2505.8}",SatisfactoryMCP inferred hazard context,true
poi_502094_0626,"{""spawns_here"":[""Desc_StingerAlpha_C"",""Desc_StingerSmall_C""],""nearest_gas_cm"":3005.7,""nearest_gas_class"":""BP_GasPillar_02_C""}",SatisfactoryMCP inferred hazard context,true
poi_502094_0627,"{""hostiles_nearby"":{""Desc_StingerAlpha_C"":3,""Desc_StingerSmall_C"":5},""spawns_here"":[""Desc_StingerAlpha_C"",""Desc_StingerSmall_C""],""nearest_hostile_cm"":2978.0}",SatisfactoryMCP inferred hazard context,true
poi_502094_0628,"{""hostiles_nearby"":{""Desc_StingerAlpha_C"":3,""Desc_StingerSmall_C"":5},""spawns_here"":[""Desc_StingerAlpha_C"",""Desc_StingerSmall_C""],""nearest_hostile_cm"":3885.9}",SatisfactoryMCP inferred hazard context,true
poi_502094_0629,"{""spawns_here"":[""Desc_StingerAlpha_C"",""Desc_StingerSmall_C""]}",SatisfactoryMCP inferred hazard context,true
poi_502094_0630,"{""hostiles_nearby"":{""Desc_StingerAlpha_C"":5},""spawns_here"":[""Desc_StingerAlpha_C"",""Desc_StingerSmall_C""],""nearest_hostile_cm"":3618.1,""nearest_gas_cm"":2893.2,""nearest_gas_class"":""BP_GasPillar_01_C""}",SatisfactoryMCP inferred hazard context,true
poi_502094_0631,"{""hostiles_nearby"":{""Desc_HogBasic_C"":2},""nearest_hostile_cm"":2439.1}",SatisfactoryMCP inferred hazard context,true
poi_502094_0633,"{""nearest_gas_cm"":480.5,""nearest_gas_class"":""BP_SporeFlower_C"",""inside_spore_flower_damage_sphere"":true}",SatisfactoryMCP inferred hazard context,true
poi_502094_0634,"{""hostiles_nearby"":{""Desc_SpitterDesert_Small_C"":1},""nearest_hostile_cm"":3948.5}",SatisfactoryMCP inferred hazard context,true
poi_502094_0635,"{""hostiles_nearby"":{""Desc_SpitterDesert_Alpha_C"":1},""nearest_hostile_cm"":3850.0}",SatisfactoryMCP inferred hazard context,true
poi_502094_0636,"{""hostiles_nearby"":{""Desc_SpitterDesert_Alpha_C"":1,""Desc_SpitterDesert_Small_C"":2},""nearest_hostile_cm"":3625.2,""nearest_uranium_cm"":2506.7}",SatisfactoryMCP inferred hazard context,true
poi_502094_0639,"{""nearest_gas_cm"":2580.4,""nearest_gas_class"":""BP_GasPillar_03_C""}",SatisfactoryMCP inferred hazard context,true
poi_502094_0640,"{""spawns_here"":[""Desc_StingerAlpha_C""]}",SatisfactoryMCP inferred hazard context,true
poi_502094_0641,"{""nearest_gas_cm"":4012.1,""nearest_gas_class"":""BP_SporeFlower_C""}",SatisfactoryMCP inferred hazard context,true
poi_502094_0642,"{""nearest_gas_cm"":1437.9,""nearest_gas_class"":""BP_SporeFlower_C""}",SatisfactoryMCP inferred hazard context,true
poi_502094_0643,"{""hostiles_nearby"":{""Desc_StingerSmall_C"":2},""nearest_hostile_cm"":2658.6,""nearest_uranium_cm"":4282.9}",SatisfactoryMCP inferred hazard context,true
poi_502094_0644,"{""hostiles_nearby"":{""Desc_HogBasic_C"":2},""nearest_hostile_cm"":2028.2}",SatisfactoryMCP inferred hazard context,true
poi_502094_0645,"{""hostiles_nearby"":{""Desc_SpitterForest_Small_C"":1},""nearest_hostile_cm"":2298.9,""nearest_gas_cm"":940.1,""nearest_gas_class"":""BP_SporeFlower_C"",""inside_spore_flower_damage_sphere"":true}",SatisfactoryMCP inferred hazard context,true
poi_502094_0646,"{""hostiles_nearby"":{""Desc_SpitterDesert_Small_C"":2},""nearest_hostile_cm"":558.1}",SatisfactoryMCP inferred hazard context,true
poi_502094_0650,"{""hostiles_nearby"":{""Desc_SpitterDesert_Small_C"":1},""nearest_hostile_cm"":2248.9}",SatisfactoryMCP inferred hazard context,true
poi_502094_0653,"{""hostiles_nearby"":{""Desc_SpitterAquatic_Alpha_C"":1},""nearest_hostile_cm"":4697.2}",SatisfactoryMCP inferred hazard context,true
poi_502094_0654,"{""hostiles_nearby"":{""Desc_SpitterAquatic_Small_C"":2},""nearest_hostile_cm"":3600.9}",SatisfactoryMCP inferred hazard context,true
poi_502094_0656,"{""nearest_uranium_cm"":354.3}",SatisfactoryMCP inferred hazard context,true
poi_502094_0658,"{""hostiles_nearby"":{""Desc_SpitterForest_Small_C"":1},""nearest_hostile_cm"":4363.3}",SatisfactoryMCP inferred hazard context,true
poi_502094_0660,"{""nearest_gas_cm"":921.1,""nearest_gas_class"":""BP_GasPillar_03_C""}",SatisfactoryMCP inferred hazard context,true
poi_502094_0662,"{""hostiles_nearby"":{""Desc_StingerSmall_C"":1},""nearest_hostile_cm"":1596.4}",SatisfactoryMCP inferred hazard context,true
poi_502094_0666,"{""hostiles_nearby"":{""Desc_HogBasic_C"":2,""Desc_HogCliff_C"":1},""nearest_hostile_cm"":2174.7,""nearest_gas_cm"":4738.6,""nearest_gas_class"":""BP_SporeFlower_C""}",SatisfactoryMCP inferred hazard context,true
poi_502094_0667,"{""hostiles_nearby"":{""Char_BigCrabHatcher_C"":1},""nearest_hostile_cm"":4958.2}",SatisfactoryMCP inferred hazard context,true
poi_502094_0668,"{""hostiles_nearby"":{""Char_CrabHatcher_C"":1,""Desc_SpitterDesert_Small_C"":1},""nearest_hostile_cm"":3686.3}",SatisfactoryMCP inferred hazard context,true
poi_502094_0669,"{""hostiles_nearby"":{""Char_CrabHatcher_C"":3,""Desc_SpitterDesert_Small_C"":1},""spawns_here"":[""Char_CrabHatcher_C""],""nearest_hostile_cm"":2469.5}",SatisfactoryMCP inferred hazard context,true
poi_502094_0670,"{""hostiles_nearby"":{""Desc_SpitterAquatic_Alpha_C"":1},""nearest_hostile_cm"":2682.6}",SatisfactoryMCP inferred hazard context,true
poi_502094_0672,"{""hostiles_nearby"":{""Desc_SpitterDesert_Small_C"":1},""nearest_hostile_cm"":428.0}",SatisfactoryMCP inferred hazard context,true
poi_502094_0673,"{""hostiles_nearby"":{""Desc_StingerSmall_C"":4},""nearest_hostile_cm"":4916.7,""nearest_gas_cm"":1169.8,""nearest_gas_class"":""BP_GasPillar_02_C""}",SatisfactoryMCP inferred hazard context,true
poi_502094_0674,"{""hostiles_nearby"":{""Desc_StingerSmall_C"":2},""nearest_hostile_cm"":1079.3}",SatisfactoryMCP inferred hazard context,true
poi_502094_0675,"{""hostiles_nearby"":{""Desc_SpitterDesert_Small_C"":1},""nearest_hostile_cm"":4657.1}",SatisfactoryMCP inferred hazard context,true
poi_502094_0679,"{""hostiles_nearby"":{""Char_CrabHatcher_C"":1},""nearest_hostile_cm"":4276.2}",SatisfactoryMCP inferred hazard context,true
poi_502094_0681,"{""nearest_gas_cm"":1941.8,""nearest_gas_class"":""BP_GasPillar_02_C""}",SatisfactoryMCP inferred hazard context,true
poi_502094_0682,"{""spawns_here"":[""Desc_StingerAlpha_C"",""Desc_StingerSmall_C""]}",SatisfactoryMCP inferred hazard context,true
poi_502094_0683,"{""hostiles_nearby"":{""Desc_StingerAlpha_C"":1,""Desc_StingerElite_C"":1},""nearest_hostile_cm"":1603.7}",SatisfactoryMCP inferred hazard context,true
poi_502094_0684,"{""hostiles_nearby"":{""Desc_StingerAlpha_C"":1},""nearest_hostile_cm"":4203.8}",SatisfactoryMCP inferred hazard context,true
poi_502094_0686,"{""hostiles_nearby"":{""Desc_StingerAlpha_C"":2},""nearest_hostile_cm"":2542.9}",SatisfactoryMCP inferred hazard context,true
poi_502094_0689,"{""nearest_gas_cm"":1053.7,""nearest_gas_class"":""BP_SporeFlower_C"",""inside_spore_flower_damage_sphere"":true}",SatisfactoryMCP inferred hazard context,true
poi_502094_0690,"{""hostiles_nearby"":{""Desc_HogBasic_C"":1},""nearest_hostile_cm"":4232.1}",SatisfactoryMCP inferred hazard context,true
poi_502094_0691,"{""hostiles_nearby"":{""Char_CrabHatcher_C"":1},""spawns_here"":[""Char_CrabHatcher_C""],""nearest_hostile_cm"":552.5}",SatisfactoryMCP inferred hazard context,true
poi_502094_0692,"{""hostiles_nearby"":{""Desc_StingerAlpha_C"":1,""Desc_StingerSmall_C"":2},""nearest_hostile_cm"":1002.8}",SatisfactoryMCP inferred hazard context,true
poi_502094_0695,"{""hostiles_nearby"":{""Char_CrabHatcher_C"":2},""nearest_hostile_cm"":3447.2}",SatisfactoryMCP inferred hazard context,true
poi_502094_0696,"{""hostiles_nearby"":{""Desc_HogBasic_C"":1},""nearest_hostile_cm"":2258.8}",SatisfactoryMCP inferred hazard context,true
poi_502094_0697,"{""nearest_gas_cm"":941.2,""nearest_gas_class"":""BP_SporeFlower_C"",""inside_spore_flower_damage_sphere"":true}",SatisfactoryMCP inferred hazard context,true
poi_502094_0699,"{""nearest_gas_cm"":1808.0,""nearest_gas_class"":""BP_SporeFlower_C""}",SatisfactoryMCP inferred hazard context,true
poi_502094_0700,"{""hostiles_nearby"":{""Desc_HogBasic_C"":1,""Desc_SpitterForest_Small_C"":1},""nearest_hostile_cm"":954.1}",SatisfactoryMCP inferred hazard context,true
poi_502094_0702,"{""nearest_uranium_cm"":2394.8}",SatisfactoryMCP inferred hazard context,true
poi_502094_0704,"{""hostiles_nearby"":{""Desc_SpitterDesert_Alpha_C"":1},""nearest_hostile_cm"":1904.1}",SatisfactoryMCP inferred hazard context,true
poi_502094_0709,"{""hostiles_nearby"":{""Desc_SpitterForest_Small_C"":2},""nearest_hostile_cm"":865.9}",SatisfactoryMCP inferred hazard context,true
poi_502094_0710,"{""hostiles_nearby"":{""Desc_HogBasic_C"":2},""nearest_hostile_cm"":1756.4}",SatisfactoryMCP inferred hazard context,true
poi_502094_0711,"{""hostiles_nearby"":{""Desc_SpitterDesert_Small_C"":1},""nearest_hostile_cm"":4372.4}",SatisfactoryMCP inferred hazard context,true
poi_502094_0712,"{""hostiles_nearby"":{""Char_BigCrabHatcher_C"":1},""nearest_hostile_cm"":2249.8}",SatisfactoryMCP inferred hazard context,true
poi_502094_0713,"{""hostiles_nearby"":{""Char_BigCrabHatcher_C"":1},""nearest_hostile_cm"":2045.6,""nearest_gas_cm"":4046.3,""nearest_gas_class"":""BP_SporeFlower_C""}",SatisfactoryMCP inferred hazard context,true
poi_502094_0714,"{""hostiles_nearby"":{""Desc_SpitterAquatic_Small_C"":1},""nearest_hostile_cm"":1130.0}",SatisfactoryMCP inferred hazard context,true
poi_502094_0715,"{""hostiles_nearby"":{""Char_CrabHatcher_C"":2},""spawns_here"":[""Char_CrabHatcher_C""],""nearest_hostile_cm"":717.0,""nearest_gas_cm"":3032.7,""nearest_gas_class"":""BP_SporeFlower_C""}",SatisfactoryMCP inferred hazard context,true
poi_502094_0718,"{""nearest_gas_cm"":1356.8,""nearest_gas_class"":""BP_GasPillar_01_C""}",SatisfactoryMCP inferred hazard context,true
poi_502094_0719,"{""hostiles_nearby"":{""Desc_SpitterDesert_Small_C"":1},""nearest_hostile_cm"":3851.0}",SatisfactoryMCP inferred hazard context,true
poi_502094_0720,"{""hostiles_nearby"":{""Desc_SpitterForest_Small_C"":1},""nearest_hostile_cm"":1489.6}",SatisfactoryMCP inferred hazard context,true
poi_502094_0723,"{""hostiles_nearby"":{""Desc_HogBasic_C"":1,""Desc_SpitterForest_Small_C"":1,""Desc_StingerSmall_C"":4},""spawns_here"":[""Desc_StingerSmall_C""],""nearest_hostile_cm"":1484.5}",SatisfactoryMCP inferred hazard context,true
poi_502094_0724,"{""hostiles_nearby"":{""Char_CrabHatcher_C"":2,""Desc_SpitterDesert_Small_C"":1},""spawns_here"":[""Char_CrabHatcher_C""],""nearest_hostile_cm"":853.1}",SatisfactoryMCP inferred hazard context,true
poi_502094_0725,"{""hostiles_nearby"":{""Char_CrabHatcher_C"":1,""Desc_SpitterForest_Small_C"":1},""nearest_hostile_cm"":3237.3}",SatisfactoryMCP inferred hazard context,true
poi_502094_0729,"{""hostiles_nearby"":{""Desc_StingerSmall_C"":3},""nearest_hostile_cm"":4878.5,""nearest_gas_cm"":1940.1,""nearest_gas_class"":""BP_SporeFlower_C""}",SatisfactoryMCP inferred hazard context,true
poi_502094_0737,"{""hostiles_nearby"":{""Char_BigCrabHatcher_C"":2},""nearest_hostile_cm"":774.7}",SatisfactoryMCP inferred hazard context,true
poi_502094_0738,"{""hostiles_nearby"":{""Char_CrabHatcher_C"":2},""spawns_here"":[""Char_CrabHatcher_C""],""nearest_hostile_cm"":1291.0,""nearest_gas_cm"":2866.6,""nearest_gas_class"":""BP_SporeFlower_C""}",SatisfactoryMCP inferred hazard context,true
poi_502094_0741,"{""hostiles_nearby"":{""Desc_HogBasic_C"":3},""spawns_here"":[""Desc_HogBasic_C""],""nearest_hostile_cm"":3710.7}",SatisfactoryMCP inferred hazard context,true
poi_502094_0742,"{""hostiles_nearby"":{""Desc_SpitterDesert_Small_C"":3},""nearest_hostile_cm"":2143.2}",SatisfactoryMCP inferred hazard context,true
poi_502094_0745,"{""hostiles_nearby"":{""Desc_HogAlpha_C"":1},""nearest_hostile_cm"":529.9}",SatisfactoryMCP inferred hazard context,true
poi_502094_0751,"{""hostiles_nearby"":{""Char_CrabHatcher_C"":1},""nearest_hostile_cm"":3902.9}",SatisfactoryMCP inferred hazard context,true
poi_502094_0752,"{""hostiles_nearby"":{""Desc_SpitterAquatic_Small_C"":1},""nearest_hostile_cm"":4859.8}",SatisfactoryMCP inferred hazard context,true
poi_502094_0755,"{""hostiles_nearby"":{""Desc_HogBasic_C"":2},""spawns_here"":[""Desc_HogBasic_C""],""nearest_hostile_cm"":381.6}",SatisfactoryMCP inferred hazard context,true
poi_502094_0756,"{""hostiles_nearby"":{""Desc_StingerSmall_C"":4},""nearest_hostile_cm"":2678.4}",SatisfactoryMCP inferred hazard context,true
poi_502094_0757,"{""hostiles_nearby"":{""Desc_HogBasic_C"":2},""nearest_hostile_cm"":1526.5}",SatisfactoryMCP inferred hazard context,true
poi_502094_0758,"{""hostiles_nearby"":{""Desc_HogCliff_C"":1},""nearest_hostile_cm"":3819.5,""nearest_gas_cm"":1006.3,""nearest_gas_class"":""BP_GasPillar_02_C""}",SatisfactoryMCP inferred hazard context,true
poi_502094_0760,"{""hostiles_nearby"":{""Desc_SpitterAquatic_Small_C"":2},""nearest_hostile_cm"":2884.9,""nearest_gas_cm"":1152.1,""nearest_gas_class"":""BP_SporeFlower_C"",""inside_spore_flower_damage_sphere"":true}",SatisfactoryMCP inferred hazard context,true
poi_502094_0762,"{""hostiles_nearby"":{""Desc_HogBasic_C"":1},""spawns_here"":[""Desc_StingerSmall_C""],""nearest_hostile_cm"":3527.7}",SatisfactoryMCP inferred hazard context,true
poi_502094_0769,"{""hostiles_nearby"":{""Desc_SpitterDesert_Small_C"":1},""nearest_hostile_cm"":1704.6}",SatisfactoryMCP inferred hazard context,true
poi_502094_0771,"{""hostiles_nearby"":{""Desc_SpitterDesert_Small_C"":1},""nearest_hostile_cm"":4505.7,""nearest_gas_cm"":4624.3,""nearest_gas_class"":""BP_GasPillar_01_C""}",SatisfactoryMCP inferred hazard context,true
poi_502094_0772,"{""hostiles_nearby"":{""Desc_HogBasic_C"":2,""Desc_SpitterAquatic_Small_C"":2},""spawns_here"":[""Desc_HogBasic_C"",""Desc_SpitterAquatic_Small_C""],""nearest_hostile_cm"":1341.0}",SatisfactoryMCP inferred hazard context,true
poi_502094_0773,"{""hostiles_nearby"":{""Desc_HogBasic_C"":1},""nearest_hostile_cm"":1877.7,""nearest_gas_cm"":4560.6,""nearest_gas_class"":""BP_GasPillar_01_C""}",SatisfactoryMCP inferred hazard context,true
poi_502094_0774,"{""hostiles_nearby"":{""Desc_HogCliff_C"":1},""nearest_hostile_cm"":4877.0}",SatisfactoryMCP inferred hazard context,true
poi_502094_0775,"{""hostiles_nearby"":{""Desc_HogCliff_C"":1},""nearest_hostile_cm"":1251.9}",SatisfactoryMCP inferred hazard context,true
poi_502094_0776,"{""hostiles_nearby"":{""Desc_SpitterDesert_Small_C"":1},""nearest_hostile_cm"":2728.4}",SatisfactoryMCP inferred hazard context,true
poi_502094_0777,"{""hostiles_nearby"":{""Char_CrabHatcher_C"":2},""spawns_here"":[""Char_CrabHatcher_C""],""nearest_hostile_cm"":1763.7}",SatisfactoryMCP inferred hazard context,true
poi_502094_0778,"{""hostiles_nearby"":{""Desc_HogAlpha_C"":1,""Desc_HogBasic_C"":2},""nearest_hostile_cm"":3432.2}",SatisfactoryMCP inferred hazard context,true
poi_502094_0779,"{""hostiles_nearby"":{""Desc_SpitterDesert_Small_C"":1},""nearest_hostile_cm"":1537.8}",SatisfactoryMCP inferred hazard context,true
poi_502094_0780,"{""hostiles_nearby"":{""Desc_SpitterDesert_Small_C"":2},""nearest_hostile_cm"":664.7}",SatisfactoryMCP inferred hazard context,true
poi_502094_0781,"{""hostiles_nearby"":{""Desc_StingerElite_C"":2},""nearest_hostile_cm"":3818.6,""nearest_gas_cm"":2783.1,""nearest_gas_class"":""BP_GasPillar_02_C""}",SatisfactoryMCP inferred hazard context,true
poi_502094_0783,"{""hostiles_nearby"":{""Desc_StingerSmall_C"":3},""nearest_hostile_cm"":4813.8,""nearest_gas_cm"":4502.8,""nearest_gas_class"":""BP_GasPillar_02_C""}",SatisfactoryMCP inferred hazard context,true
poi_502094_0784,"{""hostiles_nearby"":{""Char_BigCrabHatcher_C"":1,""Char_CrabHatcher_C"":1,""Desc_SpitterAquatic_Alpha_C"":1},""nearest_hostile_cm"":3368.4,""nearest_gas_cm"":421.4,""nearest_gas_class"":""BP_GasPillar_01_C""}",SatisfactoryMCP inferred hazard context,true
poi_502094_0785,"{""nearest_gas_cm"":1684.7,""nearest_gas_class"":""BP_GasPillar_01_C"",""nearest_uranium_cm"":3984.8}",SatisfactoryMCP inferred hazard context,true
poi_502094_0786,"{""hostiles_nearby"":{""Desc_HogBasic_C"":2},""nearest_hostile_cm"":4469.4}",SatisfactoryMCP inferred hazard context,true
poi_502094_0787,"{""hostiles_nearby"":{""Char_CrabHatcher_C"":2},""spawns_here"":[""Char_CrabHatcher_C""],""nearest_hostile_cm"":891.7}",SatisfactoryMCP inferred hazard context,true
poi_502094_0788,"{""hostiles_nearby"":{""Char_CrabHatcher_C"":1},""spawns_here"":[""Char_CrabHatcher_C"",""Desc_StingerSmall_C""],""nearest_hostile_cm"":2334.4}",SatisfactoryMCP inferred hazard context,true
poi_502094_0789,"{""hostiles_nearby"":{""Desc_HogBasic_C"":2,""Desc_StingerSmall_C"":3},""spawns_here"":[""Desc_StingerSmall_C""],""nearest_hostile_cm"":2440.2}",SatisfactoryMCP inferred hazard context,true
poi_502094_0790,"{""spawns_here"":[""Desc_StingerSmall_C""],""nearest_gas_cm"":4085.9,""nearest_gas_class"":""BP_SporeFlower_C""}",SatisfactoryMCP inferred hazard context,true
poi_502094_0791,"{""hostiles_nearby"":{""Desc_StingerAlpha_C"":1},""nearest_hostile_cm"":402.1}",SatisfactoryMCP inferred hazard context,true
poi_502094_0792,"{""hostiles_nearby"":{""Desc_SpitterForest_Alpha_C"":1,""Desc_StingerAlpha_C"":1,""Desc_StingerElite_C"":1},""nearest_hostile_cm"":4438.7,""nearest_gas_cm"":4792.6,""nearest_gas_class"":""BP_GasPillar_03_C""}",SatisfactoryMCP inferred hazard context,true
poi_502094_0793,"{""hostiles_nearby"":{""Desc_StingerAlpha_C"":1},""nearest_hostile_cm"":4622.0}",SatisfactoryMCP inferred hazard context,true
poi_502094_0794,"{""hostiles_nearby"":{""Desc_StingerAlpha_C"":1},""nearest_hostile_cm"":720.7}",SatisfactoryMCP inferred hazard context,true
poi_502094_0795,"{""hostiles_nearby"":{""Desc_SpitterAquatic_Small_C"":1,""Desc_StingerSmall_C"":2},""spawns_here"":[""Desc_SpitterAquatic_Small_C""],""nearest_hostile_cm"":3181.2}",SatisfactoryMCP inferred hazard context,true
poi_502094_0796,"{""hostiles_nearby"":{""Desc_SpitterAquatic_Small_C"":1},""nearest_hostile_cm"":4010.1}",SatisfactoryMCP inferred hazard context,true
poi_502094_0798,"{""hostiles_nearby"":{""Char_BigCrabHatcher_C"":1},""nearest_hostile_cm"":1014.0}",SatisfactoryMCP inferred hazard context,true
poi_502094_0799,"{""hostiles_nearby"":{""Desc_SpitterAquatic_Alpha_C"":1},""nearest_hostile_cm"":2628.6}",SatisfactoryMCP inferred hazard context,true
poi_502094_0804,"{""hostiles_nearby"":{""Desc_HogBasic_C"":2},""nearest_hostile_cm"":2051.4}",SatisfactoryMCP inferred hazard context,true
poi_502094_0806,"{""hostiles_nearby"":{""Desc_SpitterAquatic_Alpha_C"":2},""nearest_hostile_cm"":4253.8}",SatisfactoryMCP inferred hazard context,true
poi_502094_0807,"{""hostiles_nearby"":{""Desc_SpitterAquatic_Small_C"":1},""nearest_hostile_cm"":1210.0}",SatisfactoryMCP inferred hazard context,true
poi_502094_0808,"{""hostiles_nearby"":{""Desc_SpitterAquatic_Alpha_C"":1},""nearest_hostile_cm"":2534.1}",SatisfactoryMCP inferred hazard context,true
poi_502094_0811,"{""hostiles_nearby"":{""Desc_SpitterForest_Small_C"":3},""nearest_hostile_cm"":2654.7,""nearest_uranium_cm"":4142.3}",SatisfactoryMCP inferred hazard context,true
poi_502094_0812,"{""hostiles_nearby"":{""Desc_HogBasic_C"":3},""nearest_hostile_cm"":3407.9}",SatisfactoryMCP inferred hazard context,true
poi_502094_0813,"{""hostiles_nearby"":{""Desc_StingerElite_C"":1},""nearest_hostile_cm"":4891.5}",SatisfactoryMCP inferred hazard context,true
poi_502094_0814,"{""hostiles_nearby"":{""Desc_HogBasic_C"":2},""nearest_hostile_cm"":3743.9}",SatisfactoryMCP inferred hazard context,true
poi_502094_0815,"{""hostiles_nearby"":{""Desc_HogBasic_C"":2},""nearest_hostile_cm"":1875.2}",SatisfactoryMCP inferred hazard context,true
poi_502094_0816,"{""hostiles_nearby"":{""Desc_StingerSmall_C"":4},""nearest_hostile_cm"":3812.9,""nearest_gas_cm"":1443.9,""nearest_gas_class"":""BP_VolumeGas_01_C""}",SatisfactoryMCP inferred hazard context,true
poi_502094_0818,"{""hostiles_nearby"":{""Desc_HogBasic_C"":3,""Desc_SpitterDesert_Alpha_C"":1},""nearest_hostile_cm"":2138.8}",SatisfactoryMCP inferred hazard context,true
poi_502094_0819,"{""hostiles_nearby"":{""Desc_StingerSmall_C"":4},""nearest_hostile_cm"":3546.4,""nearest_gas_cm"":2174.5,""nearest_gas_class"":""BP_VolumeGas_01_C""}",SatisfactoryMCP inferred hazard context,true
poi_502094_0820,"{""nearest_gas_cm"":2953.3,""nearest_gas_class"":""BP_SporeFlower_C""}",SatisfactoryMCP inferred hazard context,true
poi_502094_0821,"{""nearest_gas_cm"":2573.2,""nearest_gas_class"":""BP_SporeFlower_C""}",SatisfactoryMCP inferred hazard context,true
poi_502094_0827,"{""hostiles_nearby"":{""Desc_SpitterDesert_Small_C"":2},""nearest_hostile_cm"":712.3}",SatisfactoryMCP inferred hazard context,true
poi_502094_0829,"{""hostiles_nearby"":{""Desc_SpitterForest_Small_C"":3},""nearest_hostile_cm"":3722.7}",SatisfactoryMCP inferred hazard context,true
poi_502094_0830,"{""hostiles_nearby"":{""Desc_SpitterAquatic_Alpha_C"":1},""nearest_hostile_cm"":4234.1}",SatisfactoryMCP inferred hazard context,true
poi_502094_0833,"{""hostiles_nearby"":{""Desc_StingerSmall_C"":3},""nearest_hostile_cm"":2503.8}",SatisfactoryMCP inferred hazard context,true
poi_502094_0834,"{""hostiles_nearby"":{""Char_CrabHatcher_C"":1},""nearest_hostile_cm"":4266.4}",SatisfactoryMCP inferred hazard context,true
poi_502094_0835,"{""hostiles_nearby"":{""Desc_SpitterDesert_Alpha_C"":1},""nearest_hostile_cm"":2147.1}",SatisfactoryMCP inferred hazard context,true
poi_502094_0836,"{""hostiles_nearby"":{""Desc_HogBasic_C"":2},""nearest_hostile_cm"":1628.7}",SatisfactoryMCP inferred hazard context,true
poi_502094_0838,"{""hostiles_nearby"":{""Desc_SpitterForest_Small_C"":1},""nearest_hostile_cm"":1139.9}",SatisfactoryMCP inferred hazard context,true
poi_502094_0839,"{""hostiles_nearby"":{""Desc_HogBasic_C"":1},""nearest_hostile_cm"":2120.0}",SatisfactoryMCP inferred hazard context,true
poi_502094_0841,"{""hostiles_nearby"":{""Desc_HogBasic_C"":2,""Desc_SpitterForest_Small_C"":1},""nearest_hostile_cm"":1126.1}",SatisfactoryMCP inferred hazard context,true
poi_502094_0842,"{""hostiles_nearby"":{""Desc_HogBasic_C"":2},""nearest_hostile_cm"":1823.0,""nearest_gas_cm"":1048.6,""nearest_gas_class"":""BP_SporeFlower_C"",""inside_spore_flower_damage_sphere"":true}",SatisfactoryMCP inferred hazard context,true
poi_502094_0843,"{""hostiles_nearby"":{""Desc_SpitterForest_Small_C"":1},""nearest_hostile_cm"":1204.7}",SatisfactoryMCP inferred hazard context,true
poi_502094_0844,"{""hostiles_nearby"":{""Desc_HogBasic_C"":1},""nearest_hostile_cm"":1384.4}",SatisfactoryMCP inferred hazard context,true
poi_502094_0850,"{""nearest_uranium_cm"":1323.8}",SatisfactoryMCP inferred hazard context,true
poi_502094_0851,"{""hostiles_nearby"":{""Char_CrabHatcher_C"":1},""spawns_here"":[""Char_CrabHatcher_C""],""nearest_hostile_cm"":2162.1}",SatisfactoryMCP inferred hazard context,true
poi_502094_0852,"{""nearest_gas_cm"":1035.6,""nearest_gas_class"":""BP_GasPillar_02_C""}",SatisfactoryMCP inferred hazard context,true
poi_502094_0855,"{""hostiles_nearby"":{""Char_CrabHatcher_C"":2},""spawns_here"":[""Char_CrabHatcher_C""],""nearest_hostile_cm"":969.5}",SatisfactoryMCP inferred hazard context,true
poi_502094_0856,"{""nearest_gas_cm"":721.7,""nearest_gas_class"":""BP_SporeFlower_C"",""inside_spore_flower_damage_sphere"":true}",SatisfactoryMCP inferred hazard context,true
poi_502094_0857,"{""hostiles_nearby"":{""Desc_HogCliff_C"":1},""nearest_hostile_cm"":3264.0,""nearest_gas_cm"":1150.6,""nearest_gas_class"":""BP_SporeFlower_C"",""inside_spore_flower_damage_sphere"":true}",SatisfactoryMCP inferred hazard context,true
poi_502094_0860,"{""hostiles_nearby"":{""Desc_SpitterAquatic_Alpha_C"":1},""nearest_hostile_cm"":2877.5}",SatisfactoryMCP inferred hazard context,true
poi_502094_0862,"{""hostiles_nearby"":{""Char_BigCrabHatcher_C"":1},""nearest_hostile_cm"":4242.5}",SatisfactoryMCP inferred hazard context,true
poi_502094_0865,"{""hostiles_nearby"":{""Desc_StingerSmall_C"":1},""nearest_hostile_cm"":2988.0}",SatisfactoryMCP inferred hazard context,true
poi_502094_0866,"{""hostiles_nearby"":{""Desc_StingerSmall_C"":1},""nearest_hostile_cm"":1576.5}",SatisfactoryMCP inferred hazard context,true
poi_502094_0867,"{""hostiles_nearby"":{""Desc_HogBasic_C"":1},""nearest_hostile_cm"":4662.1}",SatisfactoryMCP inferred hazard context,true
poi_502094_0868,"{""hostiles_nearby"":{""Desc_SpitterDesert_Small_C"":1},""nearest_hostile_cm"":863.9}",SatisfactoryMCP inferred hazard context,true
poi_502094_0872,"{""hostiles_nearby"":{""Desc_HogBasic_C"":2},""spawns_here"":[""Desc_HogBasic_C""],""nearest_hostile_cm"":1538.2}",SatisfactoryMCP inferred hazard context,true
poi_502094_0873,"{""hostiles_nearby"":{""Desc_HogCliff_C"":1},""nearest_hostile_cm"":3371.8}",SatisfactoryMCP inferred hazard context,true
poi_502094_0874,"{""hostiles_nearby"":{""Desc_SpitterDesert_Small_C"":1},""nearest_hostile_cm"":3484.6}",SatisfactoryMCP inferred hazard context,true
poi_502094_0876,"{""nearest_gas_cm"":895.6,""nearest_gas_class"":""BP_VolumeGas_01_C""}",SatisfactoryMCP inferred hazard context,true
poi_502094_0878,"{""hostiles_nearby"":{""Desc_HogCliff_C"":1},""nearest_hostile_cm"":801.1}",SatisfactoryMCP inferred hazard context,true
poi_502094_0884,"{""hostiles_nearby"":{""Char_CrabHatcher_C"":1},""spawns_here"":[""Char_CrabHatcher_C""],""nearest_hostile_cm"":1528.0}",SatisfactoryMCP inferred hazard context,true
poi_502094_0885,"{""hostiles_nearby"":{""Desc_SpitterDesert_Small_C"":1},""nearest_hostile_cm"":2379.5}",SatisfactoryMCP inferred hazard context,true
poi_502094_0886,"{""hostiles_nearby"":{""Desc_HogBasic_C"":2},""spawns_here"":[""Desc_HogBasic_C""],""nearest_hostile_cm"":985.0}",SatisfactoryMCP inferred hazard context,true
poi_502094_0887,"{""hostiles_nearby"":{""Desc_StingerSmall_C"":1},""nearest_hostile_cm"":2391.4}",SatisfactoryMCP inferred hazard context,true
poi_502094_0888,"{""hostiles_nearby"":{""Desc_HogBasic_C"":2},""nearest_hostile_cm"":1299.6}",SatisfactoryMCP inferred hazard context,true
poi_502094_0890,"{""hostiles_nearby"":{""Desc_SpitterForest_Small_C"":1},""nearest_hostile_cm"":2361.4}",SatisfactoryMCP inferred hazard context,true
poi_502094_0891,"{""hostiles_nearby"":{""Desc_HogAlpha_C"":1,""Desc_SpitterForest_Small_C"":2},""spawns_here"":[""Desc_SpitterForest_Small_C""],""nearest_hostile_cm"":1263.5}",SatisfactoryMCP inferred hazard context,true
poi_502094_0892,"{""hostiles_nearby"":{""Desc_StingerElite_C"":1,""Desc_StingerSmall_C"":3},""nearest_hostile_cm"":860.7}",SatisfactoryMCP inferred hazard context,true
poi_502094_0893,"{""hostiles_nearby"":{""Desc_StingerElite_C"":1},""nearest_hostile_cm"":1839.4}",SatisfactoryMCP inferred hazard context,true
poi_502094_0894,"{""nearest_gas_cm"":798.1,""nearest_gas_class"":""BP_GasPillar_03_C""}",SatisfactoryMCP inferred hazard context,true
poi_502094_0895,"{""hostiles_nearby"":{""Desc_HogCliff_C"":1,""Desc_SpitterForest_Small_C"":3},""nearest_hostile_cm"":3225.5,""nearest_gas_cm"":785.7,""nearest_gas_class"":""BP_SporeFlower_C"",""inside_spore_flower_damage_sphere"":true}",SatisfactoryMCP inferred hazard context,true
poi_502094_0898,"{""hostiles_nearby"":{""Desc_SpitterAquatic_Alpha_C"":1},""nearest_hostile_cm"":1027.5}",SatisfactoryMCP inferred hazard context,true
poi_502094_0900,"{""hostiles_nearby"":{""Desc_HogBasic_C"":1},""nearest_hostile_cm"":2343.0}",SatisfactoryMCP inferred hazard context,true
poi_502094_0902,"{""nearest_gas_cm"":3397.9,""nearest_gas_class"":""BP_SporeFlower_C""}",SatisfactoryMCP inferred hazard context,true
poi_502094_0904,"{""nearest_gas_cm"":729.6,""nearest_gas_class"":""BP_VolumeGas_01_C""}",SatisfactoryMCP inferred hazard context,true
poi_502094_0906,"{""hostiles_nearby"":{""Char_CrabHatcher_C"":2},""spawns_here"":[""Char_CrabHatcher_C""],""nearest_hostile_cm"":1727.4}",SatisfactoryMCP inferred hazard context,true
poi_502094_0907,"{""hostiles_nearby"":{""Desc_SpitterAquatic_Alpha_C"":1},""nearest_hostile_cm"":4963.1}",SatisfactoryMCP inferred hazard context,true
poi_502094_0908,"{""hostiles_nearby"":{""Desc_StingerAlpha_C"":1,""Desc_StingerSmall_C"":1},""nearest_hostile_cm"":671.6,""nearest_gas_cm"":3288.6,""nearest_gas_class"":""BP_GasPillar_02_C""}",SatisfactoryMCP inferred hazard context,true
poi_502094_0909,"{""hostiles_nearby"":{""Char_CrabHatcher_C"":1},""spawns_here"":[""Char_CrabHatcher_C""],""nearest_hostile_cm"":1482.8}",SatisfactoryMCP inferred hazard context,true
poi_502094_0910,"{""hostiles_nearby"":{""Char_CrabHatcher_C"":1},""spawns_here"":[""Char_CrabHatcher_C""],""nearest_hostile_cm"":1150.6}",SatisfactoryMCP inferred hazard context,true
poi_502094_0911,"{""hostiles_nearby"":{""Desc_StingerSmall_C"":2},""nearest_hostile_cm"":2276.9}",SatisfactoryMCP inferred hazard context,true
poi_502094_0912,"{""hostiles_nearby"":{""Desc_StingerSmall_C"":6},""nearest_hostile_cm"":3916.7}",SatisfactoryMCP inferred hazard context,true
poi_502094_0913,"{""hostiles_nearby"":{""Desc_StingerSmall_C"":4},""nearest_hostile_cm"":1210.0}",SatisfactoryMCP inferred hazard context,true
poi_502094_0914,"{""hostiles_nearby"":{""Char_CrabHatcher_C"":1},""spawns_here"":[""Char_CrabHatcher_C""],""nearest_hostile_cm"":1206.5}",SatisfactoryMCP inferred hazard context,true
poi_502094_0915,"{""hostiles_nearby"":{""Desc_HogBasic_C"":1},""nearest_hostile_cm"":4969.2}",SatisfactoryMCP inferred hazard context,true
poi_502094_0916,"{""hostiles_nearby"":{""Desc_SpitterDesert_Small_C"":1},""nearest_hostile_cm"":4763.7}",SatisfactoryMCP inferred hazard context,true
poi_502094_0917,"{""hostiles_nearby"":{""Desc_HogBasic_C"":2},""nearest_hostile_cm"":3798.3}",SatisfactoryMCP inferred hazard context,true
poi_502094_0918,"{""hostiles_nearby"":{""Char_CrabHatcher_C"":2},""spawns_here"":[""Char_CrabHatcher_C""],""nearest_hostile_cm"":353.5}",SatisfactoryMCP inferred hazard context,true
poi_502094_0920,"{""hostiles_nearby"":{""Desc_SpitterForest_Small_C"":1},""nearest_hostile_cm"":3709.0}",SatisfactoryMCP inferred hazard context,true
poi_502094_0921,"{""hostiles_nearby"":{""Desc_SpitterDesert_Small_C"":1},""nearest_hostile_cm"":1915.0,""nearest_uranium_cm"":3713.7}",SatisfactoryMCP inferred hazard context,true
poi_502094_0922,"{""nearest_uranium_cm"":1800.5}",SatisfactoryMCP inferred hazard context,true
poi_502094_0923,"{""hostiles_nearby"":{""Desc_SpitterDesert_Small_C"":1},""nearest_hostile_cm"":1313.9}",SatisfactoryMCP inferred hazard context,true
poi_502094_0924,"{""hostiles_nearby"":{""Desc_HogBasic_C"":1,""Desc_SpitterForest_Small_C"":1},""nearest_hostile_cm"":2842.6}",SatisfactoryMCP inferred hazard context,true
poi_502094_0926,"{""hostiles_nearby"":{""Desc_HogBasic_C"":1},""nearest_hostile_cm"":1750.4}",SatisfactoryMCP inferred hazard context,true
poi_502094_0928,"{""hostiles_nearby"":{""Char_BigCrabHatcher_C"":1,""Desc_SpitterAquatic_Alpha_C"":2},""nearest_hostile_cm"":4262.9}",SatisfactoryMCP inferred hazard context,true
poi_502094_0930,"{""hostiles_nearby"":{""Desc_SpitterAquatic_Alpha_C"":1},""nearest_hostile_cm"":3143.7}",SatisfactoryMCP inferred hazard context,true
poi_502094_0932,"{""hostiles_nearby"":{""Desc_StingerElite_C"":2},""nearest_hostile_cm"":3687.0,""nearest_gas_cm"":3139.9,""nearest_gas_class"":""BP_GasPillar_03_C""}",SatisfactoryMCP inferred hazard context,true
poi_502094_0935,"{""hostiles_nearby"":{""Char_BigCrabHatcher_C"":1},""nearest_hostile_cm"":2627.6}",SatisfactoryMCP inferred hazard context,true
poi_502094_0936,"{""nearest_gas_cm"":800.7,""nearest_gas_class"":""BP_GasPillar_01_C""}",SatisfactoryMCP inferred hazard context,true
poi_502094_0937,"{""nearest_uranium_cm"":1739.7}",SatisfactoryMCP inferred hazard context,true
poi_502094_0938,"{""hostiles_nearby"":{""Desc_HogBasic_C"":2},""nearest_hostile_cm"":1182.2}",SatisfactoryMCP inferred hazard context,true
poi_502094_0939,"{""hostiles_nearby"":{""Desc_HogBasic_C"":2},""nearest_hostile_cm"":1680.3}",SatisfactoryMCP inferred hazard context,true
poi_502094_0940,"{""hostiles_nearby"":{""Desc_SpitterForest_Small_C"":2},""nearest_hostile_cm"":3289.1}",SatisfactoryMCP inferred hazard context,true
poi_502094_0941,"{""hostiles_nearby"":{""Desc_SpitterDesert_Small_C"":1},""nearest_hostile_cm"":350.0}",SatisfactoryMCP inferred hazard context,true
poi_502094_0942,"{""spawns_here"":[""Desc_StingerAlpha_C"",""Desc_StingerSmall_C""],""nearest_gas_cm"":1687.8,""nearest_gas_class"":""BP_GasPillar_01_C""}",SatisfactoryMCP inferred hazard context,true
poi_502094_0944,"{""hostiles_nearby"":{""Desc_HogBasic_C"":2,""Desc_StingerSmall_C"":4},""spawns_here"":[""Desc_HogBasic_C""],""nearest_hostile_cm"":727.0}",SatisfactoryMCP inferred hazard context,true
poi_502094_0947,"{""hostiles_nearby"":{""Desc_StingerSmall_C"":1},""nearest_hostile_cm"":4213.9}",SatisfactoryMCP inferred hazard context,true
poi_502094_0948,"{""hostiles_nearby"":{""Desc_HogBasic_C"":2,""Desc_SpitterDesert_Small_C"":1},""nearest_hostile_cm"":2916.2}",SatisfactoryMCP inferred hazard context,true
poi_502094_0950,"{""hostiles_nearby"":{""Desc_StingerSmall_C"":5},""nearest_hostile_cm"":3917.8,""nearest_gas_cm"":832.3,""nearest_gas_class"":""BP_SporeFlower_C"",""inside_spore_flower_damage_sphere"":true}",SatisfactoryMCP inferred hazard context,true
poi_502094_0951,"{""spawns_here"":[""Desc_StingerAlpha_C"",""Desc_StingerSmall_C""],""nearest_gas_cm"":3905.7,""nearest_gas_class"":""BP_GasPillar_03_C""}",SatisfactoryMCP inferred hazard context,true
poi_502094_0952,"{""hostiles_nearby"":{""Desc_StingerSmall_C"":1},""nearest_hostile_cm"":2174.5}",SatisfactoryMCP inferred hazard context,true
poi_502094_0954,"{""hostiles_nearby"":{""Desc_StingerSmall_C"":1},""nearest_hostile_cm"":872.6}",SatisfactoryMCP inferred hazard context,true
poi_502094_0955,"{""hostiles_nearby"":{""Desc_StingerSmall_C"":1},""nearest_hostile_cm"":1836.8}",SatisfactoryMCP inferred hazard context,true
poi_502094_0956,"{""hostiles_nearby"":{""Desc_SpitterForest_Small_C"":1},""nearest_hostile_cm"":1363.1}",SatisfactoryMCP inferred hazard context,true
poi_502094_0957,"{""hostiles_nearby"":{""Char_CrabHatcher_C"":1,""Desc_HogBasic_C"":1},""spawns_here"":[""Char_CrabHatcher_C""],""nearest_hostile_cm"":1108.2}",SatisfactoryMCP inferred hazard context,true
poi_502094_0958,"{""hostiles_nearby"":{""Desc_SpitterAquatic_Alpha_C"":2},""nearest_hostile_cm"":4233.6}",SatisfactoryMCP inferred hazard context,true
poi_502094_0959,"{""hostiles_nearby"":{""Desc_StingerAlpha_C"":1},""nearest_hostile_cm"":847.9}",SatisfactoryMCP inferred hazard context,true
poi_502094_0962,"{""nearest_gas_cm"":3539.8,""nearest_gas_class"":""BP_GasPillar_03_C""}",SatisfactoryMCP inferred hazard context,true
poi_502094_0963,"{""hostiles_nearby"":{""Desc_StingerAlpha_C"":1},""nearest_hostile_cm"":4469.1}",SatisfactoryMCP inferred hazard context,true
poi_502094_0964,"{""hostiles_nearby"":{""Desc_SpitterDesert_Small_C"":1},""nearest_hostile_cm"":1553.8}",SatisfactoryMCP inferred hazard context,true
poi_502094_0966,"{""nearest_gas_cm"":1427.5,""nearest_gas_class"":""BP_SporeFlower_C""}",SatisfactoryMCP inferred hazard context,true
poi_502094_0967,"{""hostiles_nearby"":{""Desc_HogBasic_C"":1},""nearest_hostile_cm"":1304.7}",SatisfactoryMCP inferred hazard context,true
poi_502094_0969,"{""nearest_gas_cm"":1031.2,""nearest_gas_class"":""BP_GasPillar_01_C""}",SatisfactoryMCP inferred hazard context,true
poi_502094_0970,"{""nearest_gas_cm"":1004.8,""nearest_gas_class"":""BP_SporeFlower_C"",""inside_spore_flower_damage_sphere"":true}",SatisfactoryMCP inferred hazard context,true
poi_502094_0971,"{""hostiles_nearby"":{""Desc_StingerSmall_C"":4},""nearest_hostile_cm"":4676.7,""nearest_gas_cm"":2990.3,""nearest_gas_class"":""BP_GasPillar_03_C""}",SatisfactoryMCP inferred hazard context,true
poi_502094_0972,"{""hostiles_nearby"":{""Desc_HogBasic_C"":2},""nearest_hostile_cm"":2441.8}",SatisfactoryMCP inferred hazard context,true
poi_502094_0973,"{""hostiles_nearby"":{""Desc_SpitterDesert_Small_C"":1},""nearest_hostile_cm"":3303.7}",SatisfactoryMCP inferred hazard context,true
poi_502094_0975,"{""nearest_gas_cm"":1088.6,""nearest_gas_class"":""BP_SporeFlower_C"",""inside_spore_flower_damage_sphere"":true}",SatisfactoryMCP inferred hazard context,true
poi_502094_0976,"{""hostiles_nearby"":{""Char_BigCrabHatcher_C"":1,""Desc_SpitterAquatic_Alpha_C"":1},""nearest_hostile_cm"":3720.7,""nearest_uranium_cm"":3343.9}",SatisfactoryMCP inferred hazard context,true
poi_502094_0978,"{""nearest_gas_cm"":392.2,""nearest_gas_class"":""BP_VolumeGas_01_C""}",SatisfactoryMCP inferred hazard context,true
poi_502094_0979,"{""hostiles_nearby"":{""Char_CrabHatcher_C"":1,""Desc_SpitterDesert_Small_C"":1},""spawns_here"":[""Char_CrabHatcher_C""],""nearest_hostile_cm"":864.9}",SatisfactoryMCP inferred hazard context,true
poi_502094_0980,"{""hostiles_nearby"":{""Char_CrabHatcher_C"":1},""spawns_here"":[""Char_CrabHatcher_C""],""nearest_hostile_cm"":843.8}",SatisfactoryMCP inferred hazard context,true
poi_502094_0983,"{""nearest_gas_cm"":1736.5,""nearest_gas_class"":""BP_VolumeGas_01_C""}",SatisfactoryMCP inferred hazard context,true
poi_502094_0984,"{""hostiles_nearby"":{""Desc_HogBasic_C"":2},""nearest_hostile_cm"":1547.2}",SatisfactoryMCP inferred hazard context,true
poi_502094_0985,"{""hostiles_nearby"":{""Desc_SpitterDesert_Alpha_C"":1},""nearest_hostile_cm"":4509.4}",SatisfactoryMCP inferred hazard context,true
poi_502094_0986,"{""hostiles_nearby"":{""Desc_HogBasic_C"":1},""nearest_hostile_cm"":2649.9}",SatisfactoryMCP inferred hazard context,true
poi_502094_0987,"{""hostiles_nearby"":{""Char_BigCrabHatcher_C"":1,""Desc_SpitterAquatic_Alpha_C"":1},""nearest_hostile_cm"":4425.2,""nearest_gas_cm"":970.4,""nearest_gas_class"":""BP_SporeFlower_C"",""inside_spore_flower_damage_sphere"":true}",SatisfactoryMCP inferred hazard context,true
poi_502094_0988,"{""hostiles_nearby"":{""Desc_StingerSmall_C"":4},""spawns_here"":[""Desc_StingerSmall_C""],""nearest_hostile_cm"":355.8}",SatisfactoryMCP inferred hazard context,true
poi_502094_0989,"{""hostiles_nearby"":{""Desc_StingerSmall_C"":1},""nearest_hostile_cm"":1249.9,""nearest_gas_cm"":3407.4,""nearest_gas_class"":""BP_GasPillar_01_C""}",SatisfactoryMCP inferred hazard context,true
poi_502094_0991,"{""hostiles_nearby"":{""Desc_SpitterDesert_Small_C"":1},""nearest_hostile_cm"":616.5}",SatisfactoryMCP inferred hazard context,true
poi_502094_0994,"{""nearest_gas_cm"":1401.7,""nearest_gas_class"":""BP_SporeFlower_C""}",SatisfactoryMCP inferred hazard context,true
poi_502094_0996,"{""hostiles_nearby"":{""Char_BigCrabHatcher_C"":1},""nearest_hostile_cm"":4688.6}",SatisfactoryMCP inferred hazard context,true
poi_502094_0997,"{""hostiles_nearby"":{""Desc_SpitterDesert_Alpha_C"":1,""Desc_SpitterDesert_Small_C"":1},""nearest_hostile_cm"":4319.0}",SatisfactoryMCP inferred hazard context,true
poi_502094_0998,"{""hostiles_nearby"":{""Char_BigCrabHatcher_C"":1},""nearest_hostile_cm"":4716.9}",SatisfactoryMCP inferred hazard context,true
poi_502094_1001,"{""hostiles_nearby"":{""Desc_StingerAlpha_C"":2},""nearest_hostile_cm"":3903.5,""nearest_gas_cm"":2652.7,""nearest_gas_class"":""BP_GasPillar_03_C""}",SatisfactoryMCP inferred hazard context,true
poi_502094_1009,"{""hostiles_nearby"":{""Desc_HogBasic_C"":2},""nearest_hostile_cm"":2434.7}",SatisfactoryMCP inferred hazard context,true
poi_502094_1011,"{""nearest_gas_cm"":1222.5,""nearest_gas_class"":""BP_SporeFlower_C"",""inside_spore_flower_damage_sphere"":true}",SatisfactoryMCP inferred hazard context,true
poi_502094_1013,"{""hostiles_nearby"":{""Char_BigCrabHatcher_C"":1,""Char_CrabHatcher_C"":1},""nearest_hostile_cm"":2230.1,""nearest_gas_cm"":3400.0,""nearest_gas_class"":""BP_SporeFlower_C""}",SatisfactoryMCP inferred hazard context,true
poi_502094_1014,"{""hostiles_nearby"":{""Desc_StingerAlpha_C"":1,""Desc_StingerSmall_C"":4},""nearest_hostile_cm"":3131.0,""nearest_gas_cm"":2919.1,""nearest_gas_class"":""BP_VolumeGas_01_C""}",SatisfactoryMCP inferred hazard context,true
poi_502094_1015,"{""hostiles_nearby"":{""Desc_SpitterAquatic_Small_C"":1},""nearest_hostile_cm"":2125.8,""nearest_gas_cm"":1751.7,""nearest_gas_class"":""BP_GasPillar_01_C""}",SatisfactoryMCP inferred hazard context,true
poi_502094_1017,"{""hostiles_nearby"":{""Desc_SpitterForest_Red_Alpha_C"":2},""nearest_hostile_cm"":2436.6}",SatisfactoryMCP inferred hazard context,true
poi_502094_1018,"{""hostiles_nearby"":{""Desc_StingerAlpha_C"":2,""Desc_StingerSmall_C"":2},""nearest_hostile_cm"":415.4}",SatisfactoryMCP inferred hazard context,true
poi_502094_1019,"{""hostiles_nearby"":{""Desc_SpitterDesert_Alpha_C"":2},""nearest_hostile_cm"":2457.0}",SatisfactoryMCP inferred hazard context,true
poi_502094_1022,"{""hostiles_nearby"":{""Desc_SpitterForest_Small_C"":2},""spawns_here"":[""Desc_SpitterForest_Small_C""],""nearest_hostile_cm"":3328.3}",SatisfactoryMCP inferred hazard context,true
poi_502094_1024,"{""nearest_gas_cm"":1874.7,""nearest_gas_class"":""BP_GasPillar_02_C""}",SatisfactoryMCP inferred hazard context,true
poi_502094_1025,"{""nearest_gas_cm"":1585.4,""nearest_gas_class"":""BP_GasPillar_01_C""}",SatisfactoryMCP inferred hazard context,true
poi_502094_1027,"{""nearest_uranium_cm"":4467.1}",SatisfactoryMCP inferred hazard context,true
poi_502094_1028,"{""hostiles_nearby"":{""Desc_StingerElite_C"":1},""nearest_hostile_cm"":930.4,""nearest_gas_cm"":2391.1,""nearest_gas_class"":""BP_GasPillar_03_C""}",SatisfactoryMCP inferred hazard context,true
poi_502094_1029,"{""hostiles_nearby"":{""Desc_SpitterAquatic_Alpha_C"":2},""nearest_hostile_cm"":2208.3}",SatisfactoryMCP inferred hazard context,true
poi_502094_1030,"{""hostiles_nearby"":{""Desc_SpitterDesert_Alpha_C"":1},""nearest_hostile_cm"":2748.1}",SatisfactoryMCP inferred hazard context,true
poi_502094_1031,"{""hostiles_nearby"":{""Char_BigCrabHatcher_C"":5},""nearest_hostile_cm"":1918.4}",SatisfactoryMCP inferred hazard context,true
poi_502094_1032,"{""nearest_gas_cm"":2844.0,""nearest_gas_class"":""BP_SporeFlower_C""}",SatisfactoryMCP inferred hazard context,true
poi_502094_1033,"{""hostiles_nearby"":{""Desc_StingerAlpha_C"":1},""nearest_hostile_cm"":1429.5,""nearest_uranium_cm"":208.2}",SatisfactoryMCP inferred hazard context,true
poi_502094_1035,"{""hostiles_nearby"":{""Desc_StingerSmall_C"":5},""nearest_hostile_cm"":2819.1,""nearest_gas_cm"":2312.5,""nearest_gas_class"":""BP_GasPillar_01_C""}",SatisfactoryMCP inferred hazard context,true
poi_502094_1036,"{""hostiles_nearby"":{""Desc_StingerAlpha_C"":2},""nearest_hostile_cm"":2187.3}",SatisfactoryMCP inferred hazard context,true
poi_502094_1037,"{""nearest_gas_cm"":542.4,""nearest_gas_class"":""BP_SporeFlower_C"",""inside_spore_flower_damage_sphere"":true}",SatisfactoryMCP inferred hazard context,true
poi_502094_1039,"{""nearest_gas_cm"":599.3,""nearest_gas_class"":""BP_SporeFlower_C"",""inside_spore_flower_damage_sphere"":true}",SatisfactoryMCP inferred hazard context,true
poi_502094_1040,"{""hostiles_nearby"":{""Desc_SpitterForest_Small_C"":1,""Desc_StingerAlpha_C"":1,""Desc_StingerSmall_C"":3},""nearest_hostile_cm"":552.1,""nearest_gas_cm"":2806.0,""nearest_gas_class"":""BP_SporeFlower_C""}",SatisfactoryMCP inferred hazard context,true
poi_502094_1042,"{""hostiles_nearby"":{""Char_BigCrabHatcher_C"":1,""Char_CrabHatcher_C"":1},""spawns_here"":[""Char_CrabHatcher_C""],""nearest_hostile_cm"":776.9}",SatisfactoryMCP inferred hazard context,true
poi_502094_1043,"{""hostiles_nearby"":{""Desc_StingerAlpha_C"":1},""nearest_hostile_cm"":4724.0}",SatisfactoryMCP inferred hazard context,true
poi_502094_1044,"{""nearest_uranium_cm"":959.9}",SatisfactoryMCP inferred hazard context,true
poi_502094_1045,"{""nearest_gas_cm"":727.6,""nearest_gas_class"":""BP_SporeFlower_C"",""inside_spore_flower_damage_sphere"":true,""nearest_uranium_cm"":289.3}",SatisfactoryMCP inferred hazard context,true
poi_502094_1047,"{""hostiles_nearby"":{""Char_BigCrabHatcher_C"":1,""Desc_SpitterDesert_Alpha_C"":1},""nearest_hostile_cm"":1053.8}",SatisfactoryMCP inferred hazard context,true
poi_502094_1048,"{""hostiles_nearby"":{""Char_BigCrabHatcher_C"":1,""Char_CrabHatcher_C"":1},""spawns_here"":[""Char_CrabHatcher_C""],""nearest_hostile_cm"":1167.5}",SatisfactoryMCP inferred hazard context,true
poi_502094_1049,"{""hostiles_nearby"":{""Desc_StingerAlpha_C"":2},""nearest_hostile_cm"":3544.7}",SatisfactoryMCP inferred hazard context,true
poi_502094_1050,"{""hostiles_nearby"":{""Char_BigCrabHatcher_C"":1},""nearest_hostile_cm"":1397.7}",SatisfactoryMCP inferred hazard context,true
poi_502094_1051,"{""hostiles_nearby"":{""Desc_SpitterAquatic_Alpha_C"":1},""nearest_hostile_cm"":3541.6}",SatisfactoryMCP inferred hazard context,true
poi_502094_1052,"{""hostiles_nearby"":{""Char_CrabHatcher_C"":2},""spawns_here"":[""Char_CrabHatcher_C""],""nearest_hostile_cm"":1650.6}",SatisfactoryMCP inferred hazard context,true
poi_502094_1053,"{""nearest_gas_cm"":1333.7,""nearest_gas_class"":""BP_SporeFlower_C"",""inside_spore_flower_damage_sphere"":true}",SatisfactoryMCP inferred hazard context,true
poi_502094_1057,"{""hostiles_nearby"":{""Desc_HogNuclear_C"":1},""nearest_hostile_cm"":2841.6,""nearest_uranium_cm"":1365.0,""nearest_nuclear_hog_spawner_cm"":2841.6}",SatisfactoryMCP inferred hazard context,true
poi_502094_1058,"{""nearest_gas_cm"":1248.6,""nearest_gas_class"":""BP_VolumeGas_01_C""}",SatisfactoryMCP inferred hazard context,true
poi_502094_1061,"{""hostiles_nearby"":{""Desc_HogNuclear_C"":1},""nearest_hostile_cm"":4302.2,""nearest_nuclear_hog_spawner_cm"":4302.2}",SatisfactoryMCP inferred hazard context,true
poi_502094_1062,"{""hostiles_nearby"":{""Desc_StingerAlpha_C"":2},""nearest_hostile_cm"":1963.5,""nearest_gas_cm"":869.1,""nearest_gas_class"":""BP_VolumeGas_01_C""}",SatisfactoryMCP inferred hazard context,true
poi_502094_1063,"{""hostiles_nearby"":{""Desc_HogBasic_C"":2,""Desc_HogCliff_C"":2,""Desc_SpitterForest_Small_Red_C"":2},""spawns_here"":[""Desc_HogCliff_C""],""nearest_hostile_cm"":1505.9}",SatisfactoryMCP inferred hazard context,true
poi_502094_1067,"{""hostiles_nearby"":{""Desc_HogNuclear_C"":1},""nearest_hostile_cm"":1537.8,""nearest_uranium_cm"":245.3,""nearest_nuclear_hog_spawner_cm"":1537.8}",SatisfactoryMCP inferred hazard context,true
poi_502094_1068,"{""hostiles_nearby"":{""Char_BigCrabHatcher_C"":2,""Char_CrabHatcher_C"":2},""spawns_here"":[""Char_CrabHatcher_C""],""nearest_hostile_cm"":1856.4}",SatisfactoryMCP inferred hazard context,true
poi_502094_1069,"{""hostiles_nearby"":{""Char_BigCrabHatcher_C"":1},""nearest_hostile_cm"":895.4,""nearest_gas_cm"":2377.3,""nearest_gas_class"":""BP_GasPillar_02_C"",""nearest_uranium_cm"":4031.2}",SatisfactoryMCP inferred hazard context,true
poi_502094_1070,"{""hostiles_nearby"":{""Char_BigCrabHatcher_C"":1,""Char_CrabHatcher_C"":1},""nearest_hostile_cm"":2573.7}",SatisfactoryMCP inferred hazard context,true
poi_502094_1071,"{""hostiles_nearby"":{""Desc_HogNuclear_C"":1},""nearest_hostile_cm"":3016.7,""nearest_uranium_cm"":857.5,""nearest_nuclear_hog_spawner_cm"":3016.7}",SatisfactoryMCP inferred hazard context,true
poi_502094_1073,"{""hostiles_nearby"":{""Char_BigCrabHatcher_C"":2,""Desc_SpitterForest_Alpha_C"":1},""nearest_hostile_cm"":1069.1}",SatisfactoryMCP inferred hazard context,true
poi_502094_1074,"{""hostiles_nearby"":{""Desc_HogCliff_C"":1},""nearest_hostile_cm"":1841.8}",SatisfactoryMCP inferred hazard context,true
poi_502094_1075,"{""hostiles_nearby"":{""Desc_SpitterAquatic_Alpha_C"":1},""nearest_hostile_cm"":3722.5}",SatisfactoryMCP inferred hazard context,true
poi_502094_1076,"{""hostiles_nearby"":{""Char_BigCrabHatcher_C"":1,""Char_CrabHatcher_C"":1},""spawns_here"":[""Char_CrabHatcher_C""],""nearest_hostile_cm"":1076.9}",SatisfactoryMCP inferred hazard context,true
poi_502094_1079,"{""hostiles_nearby"":{""Char_CrabHatcher_C"":2},""spawns_here"":[""Char_CrabHatcher_C""],""nearest_hostile_cm"":1540.2}",SatisfactoryMCP inferred hazard context,true
poi_502094_1082,"{""hostiles_nearby"":{""Char_BigCrabHatcher_C"":1,""Desc_SpitterDesert_Alpha_C"":1},""nearest_hostile_cm"":580.7}",SatisfactoryMCP inferred hazard context,true
poi_502094_1083,"{""hostiles_nearby"":{""Char_BigCrabHatcher_C"":1,""Desc_SpitterDesert_Small_C"":2},""nearest_hostile_cm"":1182.4}",SatisfactoryMCP inferred hazard context,true
poi_502094_1084,"{""hostiles_nearby"":{""Desc_SpitterForest_Small_C"":2},""nearest_hostile_cm"":2919.4}",SatisfactoryMCP inferred hazard context,true
poi_502094_1085,"{""hostiles_nearby"":{""Char_CrabHatcher_C"":3},""spawns_here"":[""Char_CrabHatcher_C""],""nearest_hostile_cm"":1972.7}",SatisfactoryMCP inferred hazard context,true
poi_502094_1086,"{""hostiles_nearby"":{""Desc_SpitterForest_Alpha_C"":1},""nearest_hostile_cm"":715.0}",SatisfactoryMCP inferred hazard context,true
poi_502094_1087,"{""hostiles_nearby"":{""Desc_HogCliff_C"":2},""nearest_hostile_cm"":4790.4,""nearest_gas_cm"":965.5,""nearest_gas_class"":""BP_GasPillar_03_C""}",SatisfactoryMCP inferred hazard context,true
poi_502094_1089,"{""hostiles_nearby"":{""Desc_StingerSmall_C"":1},""nearest_hostile_cm"":3227.8}",SatisfactoryMCP inferred hazard context,true
poi_502094_1090,"{""nearest_gas_cm"":1319.6,""nearest_gas_class"":""BP_SporeFlower_C"",""inside_spore_flower_damage_sphere"":true}",SatisfactoryMCP inferred hazard context,true
poi_502094_1091,"{""hostiles_nearby"":{""Desc_SpitterForest_Alpha_C"":1},""nearest_hostile_cm"":605.8}",SatisfactoryMCP inferred hazard context,true
poi_502094_1092,"{""hostiles_nearby"":{""Desc_StingerSmall_C"":2},""nearest_hostile_cm"":1807.2,""nearest_gas_cm"":457.7,""nearest_gas_class"":""BP_SporeFlower_C"",""inside_spore_flower_damage_sphere"":true,""nearest_uranium_cm"":978.3}",SatisfactoryMCP inferred hazard context,true
poi_502094_1093,"{""hostiles_nearby"":{""Desc_StingerSmall_C"":2},""nearest_hostile_cm"":1510.3,""nearest_gas_cm"":466.3,""nearest_gas_class"":""BP_SporeFlower_C"",""inside_spore_flower_damage_sphere"":true}",SatisfactoryMCP inferred hazard context,true
poi_502094_1094,"{""hostiles_nearby"":{""Desc_StingerAlpha_C"":3,""Desc_StingerElite_C"":1,""Desc_StingerSmall_C"":1},""nearest_hostile_cm"":2987.1}",SatisfactoryMCP inferred hazard context,true
poi_502094_1095,"{""nearest_gas_cm"":770.8,""nearest_gas_class"":""BP_VolumeGas_01_C""}",SatisfactoryMCP inferred hazard context,true
poi_502094_1096,"{""nearest_gas_cm"":811.7,""nearest_gas_class"":""BP_SporeFlower_C"",""inside_spore_flower_damage_sphere"":true}",SatisfactoryMCP inferred hazard context,true
poi_502094_1097,"{""hostiles_nearby"":{""Desc_SpitterDesert_Alpha_C"":1,""Desc_SpitterDesert_Small_C"":1},""nearest_hostile_cm"":4326.6}",SatisfactoryMCP inferred hazard context,true
poi_502094_1098,"{""hostiles_nearby"":{""Desc_StingerAlpha_C"":1},""nearest_hostile_cm"":3150.1}",SatisfactoryMCP inferred hazard context,true
poi_502094_1099,"{""hostiles_nearby"":{""Desc_HogAlpha_C"":2},""nearest_hostile_cm"":2546.4}",SatisfactoryMCP inferred hazard context,true
poi_502094_1101,"{""hostiles_nearby"":{""Char_CrabHatcher_C"":1},""spawns_here"":[""Char_CrabHatcher_C""],""nearest_hostile_cm"":1288.7,""nearest_gas_cm"":3917.8,""nearest_gas_class"":""BP_GasPillar_03_C""}",SatisfactoryMCP inferred hazard context,true
poi_502094_1102,"{""hostiles_nearby"":{""Char_CrabHatcher_C"":2},""spawns_here"":[""Char_CrabHatcher_C""],""nearest_hostile_cm"":1231.0}",SatisfactoryMCP inferred hazard context,true
poi_502094_1103,"{""hostiles_nearby"":{""Char_CrabHatcher_C"":1},""spawns_here"":[""Char_CrabHatcher_C""],""nearest_hostile_cm"":1018.4}",SatisfactoryMCP inferred hazard context,true
poi_502094_1105,"{""hostiles_nearby"":{""Char_CrabHatcher_C"":2},""nearest_hostile_cm"":3314.7}",SatisfactoryMCP inferred hazard context,true
poi_502094_1106,"{""hostiles_nearby"":{""Desc_StingerSmall_C"":9},""nearest_hostile_cm"":1087.9}",SatisfactoryMCP inferred hazard context,true
poi_502094_1107,"{""hostiles_nearby"":{""Desc_StingerAlpha_C"":1},""nearest_hostile_cm"":1679.4,""nearest_gas_cm"":1658.3,""nearest_gas_class"":""BP_GasPillar_03_C""}",SatisfactoryMCP inferred hazard context,true
poi_502094_1108,"{""hostiles_nearby"":{""Desc_StingerSmall_C"":5},""spawns_here"":[""Desc_StingerSmall_C""],""nearest_hostile_cm"":860.7,""nearest_gas_cm"":573.4,""nearest_gas_class"":""BP_VolumeGas_01_C""}",SatisfactoryMCP inferred hazard context,true
poi_502094_1109,"{""hostiles_nearby"":{""Char_BigCrabHatcher_C"":1},""nearest_hostile_cm"":1281.0,""nearest_gas_cm"":3158.3,""nearest_gas_class"":""BP_SporeFlower_C""}",SatisfactoryMCP inferred hazard context,true
poi_502094_1110,"{""nearest_uranium_cm"":312.5}",SatisfactoryMCP inferred hazard context,true
poi_502094_1111,"{""hostiles_nearby"":{""Desc_StingerAlpha_C"":1},""nearest_hostile_cm"":2727.7}",SatisfactoryMCP inferred hazard context,true
poi_502094_1113,"{""hostiles_nearby"":{""Desc_HogCliff_C"":1},""nearest_hostile_cm"":4986.8}",SatisfactoryMCP inferred hazard context,true
poi_502094_1114,"{""hostiles_nearby"":{""Desc_HogBasic_C"":5,""Desc_HogCliff_C"":1},""nearest_hostile_cm"":3595.4,""nearest_gas_cm"":3706.4,""nearest_gas_class"":""BP_SporeFlower_C""}",SatisfactoryMCP inferred hazard context,true
poi_502094_1115,"{""hostiles_nearby"":{""Desc_StingerSmall_C"":1},""nearest_hostile_cm"":1397.7}",SatisfactoryMCP inferred hazard context,true
poi_502094_1117,"{""hostiles_nearby"":{""Desc_SpitterDesert_Alpha_C"":1,""Desc_SpitterDesert_Small_C"":2},""nearest_hostile_cm"":4720.6,""nearest_uranium_cm"":80.2}",SatisfactoryMCP inferred hazard context,true
poi_502094_1118,"{""hostiles_nearby"":{""Char_CrabHatcher_C"":2},""spawns_here"":[""Char_CrabHatcher_C""],""nearest_hostile_cm"":800.2}",SatisfactoryMCP inferred hazard context,true
poi_502094_1120,"{""nearest_gas_cm"":3965.5,""nearest_gas_class"":""BP_SporeFlower_C""}",SatisfactoryMCP inferred hazard context,true
poi_502094_1121,"{""hostiles_nearby"":{""Desc_SpitterForest_Alpha_C"":1,""Desc_SpitterForest_Small_C"":3},""spawns_here"":[""Desc_SpitterForest_Small_C""],""nearest_hostile_cm"":847.0}",SatisfactoryMCP inferred hazard context,true
poi_502094_1123,"{""hostiles_nearby"":{""Desc_HogCliff_C"":1},""nearest_hostile_cm"":3912.2}",SatisfactoryMCP inferred hazard context,true
poi_502094_1125,"{""hostiles_nearby"":{""Char_BigCrabHatcher_C"":1},""nearest_hostile_cm"":4129.3}",SatisfactoryMCP inferred hazard context,true
poi_502094_1126,"{""nearest_gas_cm"":1108.0,""nearest_gas_class"":""BP_VolumeGas_01_C""}",SatisfactoryMCP inferred hazard context,true
poi_502094_1127,"{""nearest_uranium_cm"":2252.6}",SatisfactoryMCP inferred hazard context,true
poi_502094_1128,"{""hostiles_nearby"":{""Desc_StingerAlpha_C"":1,""Desc_StingerSmall_C"":5},""spawns_here"":[""Desc_StingerSmall_C""],""nearest_hostile_cm"":693.0,""nearest_gas_cm"":1489.2,""nearest_gas_class"":""BP_SporeFlower_C""}",SatisfactoryMCP inferred hazard context,true
poi_502094_1129,"{""hostiles_nearby"":{""Desc_StingerSmall_C"":5},""nearest_hostile_cm"":4600.0}",SatisfactoryMCP inferred hazard context,true
poi_502094_1130,"{""hostiles_nearby"":{""Desc_StingerElite_C"":1,""Desc_StingerSmall_C"":6},""spawns_here"":[""Desc_StingerElite_C"",""Desc_StingerSmall_C""],""nearest_hostile_cm"":735.7,""nearest_uranium_cm"":281.2}",SatisfactoryMCP inferred hazard context,true
poi_502094_1131,"{""hostiles_nearby"":{""Desc_HogCliff_C"":2,""Desc_StingerAlpha_C"":2,""Desc_StingerSmall_C"":6},""nearest_hostile_cm"":3202.3,""nearest_gas_cm"":1139.4,""nearest_gas_class"":""BP_SporeFlower_C"",""inside_spore_flower_damage_sphere"":true}",SatisfactoryMCP inferred hazard context,true
poi_502094_1132,"{""hostiles_nearby"":{""Char_CrabHatcher_C"":2,""Desc_SpitterDesert_Alpha_C"":1,""Desc_SpitterDesert_Small_C"":2},""spawns_here"":[""Char_CrabHatcher_C""],""nearest_hostile_cm"":2325.0}",SatisfactoryMCP inferred hazard context,true
poi_502094_1134,"{""hostiles_nearby"":{""Desc_SpitterForest_Small_C"":1},""nearest_hostile_cm"":4162.5}",SatisfactoryMCP inferred hazard context,true
poi_502094_1135,"{""hostiles_nearby"":{""Desc_HogAlpha_C"":1,""Desc_HogBasic_C"":2},""nearest_hostile_cm"":1036.8}",SatisfactoryMCP inferred hazard context,true
poi_502094_1136,"{""hostiles_nearby"":{""Desc_HogCliff_C"":1,""Desc_SpitterDesert_Alpha_C"":1},""nearest_hostile_cm"":3448.9}",SatisfactoryMCP inferred hazard context,true
poi_502094_1137,"{""hostiles_nearby"":{""Char_CrabHatcher_C"":2,""Desc_StingerAlpha_C"":1},""spawns_here"":[""Char_CrabHatcher_C""],""nearest_hostile_cm"":2084.3}",SatisfactoryMCP inferred hazard context,true
poi_502094_1138,"{""hostiles_nearby"":{""Desc_HogNuclear_C"":1},""nearest_hostile_cm"":2388.0,""nearest_uranium_cm"":734.7,""nearest_nuclear_hog_spawner_cm"":2388.0}",SatisfactoryMCP inferred hazard context,true
poi_502094_1142,"{""hostiles_nearby"":{""Desc_SpitterForest_Red_Alpha_C"":1},""spawns_here"":[""Desc_SpitterForest_Red_Alpha_C""],""nearest_hostile_cm"":1503.3,""nearest_uranium_cm"":1039.0}",SatisfactoryMCP inferred hazard context,true
poi_502094_1143,"{""hostiles_nearby"":{""Char_BigCrabHatcher_C"":1,""Char_CrabHatcher_C"":1},""spawns_here"":[""Char_CrabHatcher_C""],""nearest_hostile_cm"":1118.8}",SatisfactoryMCP inferred hazard context,true
poi_502094_1144,"{""hostiles_nearby"":{""Char_BigCrabHatcher_C"":1,""Char_CrabHatcher_C"":1},""spawns_here"":[""Char_CrabHatcher_C""],""nearest_hostile_cm"":1140.0}",SatisfactoryMCP inferred hazard context,true
poi_502094_1146,"{""hostiles_nearby"":{""Desc_HogBasic_C"":2,""Desc_StingerElite_C"":4,""Desc_StingerSmall_C"":3},""spawns_here"":[""Desc_StingerElite_C""],""nearest_hostile_cm"":346.4,""nearest_gas_cm"":3923.7,""nearest_gas_class"":""BP_SporeFlower_C""}",SatisfactoryMCP inferred hazard context,true
poi_502094_1147,"{""hostiles_nearby"":{""Desc_StingerAlpha_C"":3},""nearest_hostile_cm"":1330.1,""nearest_gas_cm"":923.9,""nearest_gas_class"":""BP_SporeFlower_C"",""inside_spore_flower_damage_sphere"":true}",SatisfactoryMCP inferred hazard context,true
poi_502094_1148,"{""hostiles_nearby"":{""Desc_SpitterDesert_Alpha_C"":1},""nearest_hostile_cm"":2559.4}",SatisfactoryMCP inferred hazard context,true
poi_502094_1149,"{""hostiles_nearby"":{""Desc_HogAlpha_C"":1,""Desc_SpitterDesert_Small_C"":3},""nearest_hostile_cm"":4002.8}",SatisfactoryMCP inferred hazard context,true
poi_502094_1151,"{""hostiles_nearby"":{""Desc_SpitterForest_Small_Red_C"":5},""nearest_hostile_cm"":3444.2}",SatisfactoryMCP inferred hazard context,true
poi_502094_1152,"{""hostiles_nearby"":{""Desc_StingerAlpha_C"":1},""spawns_here"":[""Desc_StingerSmall_C""],""nearest_hostile_cm"":1784.1}",SatisfactoryMCP inferred hazard context,true
poi_502094_1153,"{""hostiles_nearby"":{""Desc_StingerSmall_C"":5},""nearest_hostile_cm"":3568.0}",SatisfactoryMCP inferred hazard context,true
poi_502094_1154,"{""hostiles_nearby"":{""Char_BigCrabHatcher_C"":1,""Desc_SpitterDesert_Alpha_C"":3},""nearest_hostile_cm"":851.8,""nearest_uranium_cm"":3922.5}",SatisfactoryMCP inferred hazard context,true
poi_502094_1155,"{""hostiles_nearby"":{""Char_CrabHatcher_C"":2},""spawns_here"":[""Char_CrabHatcher_C""],""nearest_hostile_cm"":1198.5}",SatisfactoryMCP inferred hazard context,true
poi_502094_1156,"{""hostiles_nearby"":{""Desc_SpitterDesert_Alpha_C"":1,""Desc_SpitterDesert_Small_C"":1},""nearest_hostile_cm"":1191.7}",SatisfactoryMCP inferred hazard context,true
poi_502094_1157,"{""hostiles_nearby"":{""Desc_StingerElite_C"":1},""nearest_hostile_cm"":3354.5}",SatisfactoryMCP inferred hazard context,true
poi_502094_1158,"{""hostiles_nearby"":{""Desc_SpitterForest_Red_Alpha_C"":1},""nearest_hostile_cm"":763.9}",SatisfactoryMCP inferred hazard context,true
poi_502094_1159,"{""hostiles_nearby"":{""Desc_SpitterAquatic_Alpha_C"":2},""nearest_hostile_cm"":1821.3}",SatisfactoryMCP inferred hazard context,true
poi_502094_1160,"{""hostiles_nearby"":{""Char_CrabHatcher_C"":4},""spawns_here"":[""Char_CrabHatcher_C""],""nearest_hostile_cm"":2121.9}",SatisfactoryMCP inferred hazard context,true
poi_502094_1161,"{""nearest_uranium_cm"":578.8}",SatisfactoryMCP inferred hazard context,true
poi_502094_1162,"{""hostiles_nearby"":{""Desc_StingerElite_C"":1,""Desc_StingerSmall_C"":1},""nearest_hostile_cm"":2270.8}",SatisfactoryMCP inferred hazard context,true
poi_502094_1163,"{""hostiles_nearby"":{""Desc_SpitterAquatic_Alpha_C"":2},""nearest_hostile_cm"":1809.6}",SatisfactoryMCP inferred hazard context,true
poi_502094_1167,"{""hostiles_nearby"":{""Desc_StingerAlpha_C"":2,""Desc_StingerSmall_C"":5},""spawns_here"":[""Desc_StingerAlpha_C"",""Desc_StingerSmall_C""],""nearest_hostile_cm"":478.7}",SatisfactoryMCP inferred hazard context,true
poi_502094_1169,"{""nearest_gas_cm"":1529.9,""nearest_gas_class"":""BP_SporeFlower_C""}",SatisfactoryMCP inferred hazard context,true
poi_502094_1172,"{""nearest_gas_cm"":990.2,""nearest_gas_class"":""BP_SporeFlower_C"",""inside_spore_flower_damage_sphere"":true}",SatisfactoryMCP inferred hazard context,true
poi_502094_1173,"{""hostiles_nearby"":{""Desc_StingerAlpha_C"":1,""Desc_StingerSmall_C"":4},""spawns_here"":[""Desc_StingerAlpha_C"",""Desc_StingerSmall_C""],""nearest_hostile_cm"":1283.9,""nearest_gas_cm"":1917.5,""nearest_gas_class"":""BP_GasPillar_03_C""}",SatisfactoryMCP inferred hazard context,true
poi_502094_1174,"{""hostiles_nearby"":{""Desc_SpitterDesert_Alpha_C"":1},""nearest_hostile_cm"":1679.9}",SatisfactoryMCP inferred hazard context,true
poi_502094_1175,"{""nearest_gas_cm"":1729.5,""nearest_gas_class"":""BP_SporeFlower_C""}",SatisfactoryMCP inferred hazard context,true
poi_502094_1176,"{""hostiles_nearby"":{""Char_CrabHatcher_C"":2,""Desc_StingerAlpha_C"":4,""Desc_StingerSmall_C"":2},""nearest_hostile_cm"":1614.3}",SatisfactoryMCP inferred hazard context,true
poi_502094_1178,"{""hostiles_nearby"":{""Desc_StingerSmall_C"":5},""nearest_hostile_cm"":3361.1}",SatisfactoryMCP inferred hazard context,true
poi_502094_1179,"{""hostiles_nearby"":{""Desc_HogNuclear_C"":1},""nearest_hostile_cm"":1715.3,""nearest_nuclear_hog_spawner_cm"":1715.3}",SatisfactoryMCP inferred hazard context,true
poi_502094_1180,"{""hostiles_nearby"":{""Desc_StingerAlpha_C"":1,""Desc_StingerSmall_C"":5},""nearest_hostile_cm"":1225.6}",SatisfactoryMCP inferred hazard context,true
poi_502094_1183,"{""hostiles_nearby"":{""Char_BigCrabHatcher_C"":1},""nearest_hostile_cm"":822.5}",SatisfactoryMCP inferred hazard context,true
poi_502094_1186,"{""hostiles_nearby"":{""Desc_SpitterAquatic_Alpha_C"":2},""nearest_hostile_cm"":3698.9}",SatisfactoryMCP inferred hazard context,true
poi_502094_1187,"{""nearest_gas_cm"":1100.2,""nearest_gas_class"":""BP_GasPillar_02_C"",""nearest_uranium_cm"":143.5}",SatisfactoryMCP inferred hazard context,true
poi_502094_1188,"{""nearest_gas_cm"":317.7,""nearest_gas_class"":""BP_SporeFlower_C"",""inside_spore_flower_damage_sphere"":true}",SatisfactoryMCP inferred hazard context,true
poi_502094_1189,"{""hostiles_nearby"":{""Desc_StingerElite_C"":1,""Desc_StingerSmall_C"":5},""nearest_hostile_cm"":1283.1,""nearest_gas_cm"":4825.9,""nearest_gas_class"":""BP_GasPillar_03_C""}",SatisfactoryMCP inferred hazard context,true
poi_502094_1190,"{""nearest_gas_cm"":794.4,""nearest_gas_class"":""BP_GasPillar_02_C""}",SatisfactoryMCP inferred hazard context,true
poi_502094_1193,"{""hostiles_nearby"":{""Char_BigCrabHatcher_C"":2},""nearest_hostile_cm"":4393.5}",SatisfactoryMCP inferred hazard context,true
poi_502094_1194,"{""hostiles_nearby"":{""Char_BigCrabHatcher_C"":2},""nearest_hostile_cm"":1708.8}",SatisfactoryMCP inferred hazard context,true
poi_502094_1195,"{""hostiles_nearby"":{""Desc_HogCliff_C"":1},""nearest_hostile_cm"":4846.3,""nearest_gas_cm"":1365.9,""nearest_gas_class"":""BP_SporeFlower_C"",""inside_spore_flower_damage_sphere"":true,""nearest_uranium_cm"":781.8}",SatisfactoryMCP inferred hazard context,true
poi_502094_1196,"{""hostiles_nearby"":{""Desc_HogNuclear_C"":1},""nearest_hostile_cm"":1731.9,""nearest_nuclear_hog_spawner_cm"":1731.9}",SatisfactoryMCP inferred hazard context,true
poi_502094_1198,"{""hostiles_nearby"":{""Char_BigCrabHatcher_C"":1,""Desc_SpitterAquatic_Alpha_C"":1},""nearest_hostile_cm"":1079.5}",SatisfactoryMCP inferred hazard context,true
poi_502094_1199,"{""hostiles_nearby"":{""Char_BigCrabHatcher_C"":2,""Char_CrabHatcher_C"":1},""nearest_hostile_cm"":1875.5}",SatisfactoryMCP inferred hazard context,true
poi_502094_1200,"{""hostiles_nearby"":{""Char_BigCrabHatcher_C"":1,""Char_CrabHatcher_C"":1},""spawns_here"":[""Char_CrabHatcher_C""],""nearest_hostile_cm"":2116.2,""nearest_gas_cm"":4081.8,""nearest_gas_class"":""BP_GasPillar_04_C""}",SatisfactoryMCP inferred hazard context,true
poi_502094_1202,"{""hostiles_nearby"":{""Desc_StingerAlpha_C"":2},""nearest_hostile_cm"":3982.2,""nearest_gas_cm"":3385.8,""nearest_gas_class"":""BP_GasPillar_01_C""}",SatisfactoryMCP inferred hazard context,true
poi_502094_1205,"{""hostiles_nearby"":{""Char_CrabHatcher_C"":3,""Desc_HogAlpha_C"":2,""Desc_HogCliff_C"":1},""spawns_here"":[""Char_CrabHatcher_C"",""Desc_HogAlpha_C""],""nearest_hostile_cm"":257.3}",SatisfactoryMCP inferred hazard context,true
poi_502094_1206,"{""nearest_gas_cm"":522.1,""nearest_gas_class"":""BP_GasPillar_02_C""}",SatisfactoryMCP inferred hazard context,true
poi_502094_1207,"{""hostiles_nearby"":{""Desc_HogAlpha_C"":1},""nearest_hostile_cm"":758.4,""nearest_gas_cm"":4274.9,""nearest_gas_class"":""BP_SporeFlower_C""}",SatisfactoryMCP inferred hazard context,true
poi_502094_1208,"{""hostiles_nearby"":{""Char_BigCrabHatcher_C"":1},""nearest_hostile_cm"":507.1}",SatisfactoryMCP inferred hazard context,true
poi_502094_1209,"{""nearest_gas_cm"":1581.0,""nearest_gas_class"":""BP_GasPillar_02_C""}",SatisfactoryMCP inferred hazard context,true
poi_502094_1211,"{""hostiles_nearby"":{""Char_BigCrabHatcher_C"":1},""nearest_hostile_cm"":641.5}",SatisfactoryMCP inferred hazard context,true
poi_502094_1213,"{""hostiles_nearby"":{""Desc_HogCliff_C"":1},""nearest_hostile_cm"":4758.3,""nearest_gas_cm"":1173.2,""nearest_gas_class"":""BP_GasPillar_01_C""}",SatisfactoryMCP inferred hazard context,true
poi_502094_1214,"{""hostiles_nearby"":{""Char_BigCrabHatcher_C"":1,""Desc_SpitterAquatic_Alpha_C"":1,""Desc_SpitterAquatic_Small_C"":1},""nearest_hostile_cm"":1515.7}",SatisfactoryMCP inferred hazard context,true
poi_502094_1215,"{""hostiles_nearby"":{""Desc_SpitterAquatic_Alpha_C"":2},""spawns_here"":[""Desc_SpitterAquatic_Alpha_C""],""nearest_hostile_cm"":713.8}",SatisfactoryMCP inferred hazard context,true
poi_502094_1216,"{""hostiles_nearby"":{""Char_BigCrabHatcher_C"":1},""nearest_hostile_cm"":826.9}",SatisfactoryMCP inferred hazard context,true
poi_502094_1217,"{""hostiles_nearby"":{""Desc_StingerAlpha_C"":4},""spawns_here"":[""Desc_StingerAlpha_C""],""nearest_hostile_cm"":1892.8,""nearest_uranium_cm"":1492.2}",SatisfactoryMCP inferred hazard context,true
poi_502094_1218,"{""hostiles_nearby"":{""Desc_StingerAlpha_C"":1,""Desc_StingerSmall_C"":2},""nearest_hostile_cm"":2556.1,""nearest_gas_cm"":1179.5,""nearest_gas_class"":""BP_GasPillar_02_C""}",SatisfactoryMCP inferred hazard context,true
poi_502094_1220,"{""hostiles_nearby"":{""Desc_HogCliff_C"":2,""Desc_SpitterForest_Small_Red_C"":2},""nearest_hostile_cm"":3444.7}",SatisfactoryMCP inferred hazard context,true
poi_502094_1221,"{""nearest_gas_cm"":827.8,""nearest_gas_class"":""BP_SporeFlower_C"",""inside_spore_flower_damage_sphere"":true}",SatisfactoryMCP inferred hazard context,true
poi_502094_1222,"{""hostiles_nearby"":{""Desc_StingerElite_C"":1},""nearest_hostile_cm"":3069.1,""nearest_uranium_cm"":1444.7}",SatisfactoryMCP inferred hazard context,true
poi_502094_1223,"{""hostiles_nearby"":{""Char_BigCrabHatcher_C"":3},""nearest_hostile_cm"":1374.9}",SatisfactoryMCP inferred hazard context,true
poi_502094_1224,"{""hostiles_nearby"":{""Desc_HogNuclear_C"":1},""nearest_hostile_cm"":3532.4,""nearest_nuclear_hog_spawner_cm"":3532.4}",SatisfactoryMCP inferred hazard context,true
poi_502094_1225,"{""nearest_gas_cm"":1058.7,""nearest_gas_class"":""BP_VolumeGas_01_C""}",SatisfactoryMCP inferred hazard context,true
poi_502094_1226,"{""hostiles_nearby"":{""Desc_SpitterForest_Red_Alpha_C"":1},""nearest_hostile_cm"":905.1}",SatisfactoryMCP inferred hazard context,true
poi_502094_1227,"{""hostiles_nearby"":{""Desc_HogNuclear_C"":1},""spawns_here"":[""Desc_HogNuclear_C""],""nearest_hostile_cm"":1145.4,""nearest_nuclear_hog_spawner_cm"":1145.4}",SatisfactoryMCP inferred hazard context,true
poi_502094_1229,"{""hostiles_nearby"":{""Desc_SpitterForest_Small_C"":2},""nearest_hostile_cm"":3814.2}",SatisfactoryMCP inferred hazard context,true
poi_502094_1230,"{""hostiles_nearby"":{""Desc_StingerAlpha_C"":2,""Desc_StingerElite_C"":2},""nearest_hostile_cm"":1485.1}",SatisfactoryMCP inferred hazard context,true
poi_502094_1231,"{""hostiles_nearby"":{""Desc_StingerAlpha_C"":2},""nearest_hostile_cm"":2148.3,""nearest_gas_cm"":1339.4,""nearest_gas_class"":""BP_SporeFlower_C"",""inside_spore_flower_damage_sphere"":true}",SatisfactoryMCP inferred hazard context,true
poi_502094_1232,"{""nearest_uranium_cm"":520.9}",SatisfactoryMCP inferred hazard context,true
poi_502094_1233,"{""nearest_gas_cm"":1023.4,""nearest_gas_class"":""BP_SporeFlower_C"",""inside_spore_flower_damage_sphere"":true}",SatisfactoryMCP inferred hazard context,true
poi_502094_1234,"{""hostiles_nearby"":{""Char_BigCrabHatcher_C"":1,""Char_CrabHatcher_C"":1},""spawns_here"":[""Char_CrabHatcher_C""],""nearest_hostile_cm"":663.8}",SatisfactoryMCP inferred hazard context,true
poi_502094_1237,"{""hostiles_nearby"":{""Char_BigCrabHatcher_C"":1},""nearest_hostile_cm"":441.9}",SatisfactoryMCP inferred hazard context,true
poi_502094_1238,"{""hostiles_nearby"":{""Desc_SpitterAquatic_Alpha_C"":2},""nearest_hostile_cm"":1541.9}",SatisfactoryMCP inferred hazard context,true
poi_502094_1239,"{""hostiles_nearby"":{""Desc_StingerAlpha_C"":1},""nearest_hostile_cm"":1110.7}",SatisfactoryMCP inferred hazard context,true
poi_502094_1240,"{""nearest_gas_cm"":808.5,""nearest_gas_class"":""BP_SporeFlower_C"",""inside_spore_flower_damage_sphere"":true}",SatisfactoryMCP inferred hazard context,true
poi_502094_1241,"{""hostiles_nearby"":{""Char_BigCrabHatcher_C"":2},""nearest_hostile_cm"":1283.8}",SatisfactoryMCP inferred hazard context,true
poi_502094_1244,"{""hostiles_nearby"":{""Desc_HogBasic_C"":2,""Desc_StingerSmall_C"":4},""nearest_hostile_cm"":1336.9}",SatisfactoryMCP inferred hazard context,true
poi_502094_1245,"{""hostiles_nearby"":{""Desc_StingerAlpha_C"":1,""Desc_StingerSmall_C"":1},""nearest_hostile_cm"":3429.3,""nearest_uranium_cm"":721.0}",SatisfactoryMCP inferred hazard context,true
poi_502094_1246,"{""hostiles_nearby"":{""Char_CrabHatcher_C"":2},""spawns_here"":[""Char_CrabHatcher_C""],""nearest_hostile_cm"":1199.5}",SatisfactoryMCP inferred hazard context,true
poi_502094_1247,"{""hostiles_nearby"":{""Char_CrabHatcher_C"":2},""spawns_here"":[""Char_CrabHatcher_C""],""nearest_hostile_cm"":676.3}",SatisfactoryMCP inferred hazard context,true
poi_502094_1248,"{""hostiles_nearby"":{""Desc_StingerSmall_C"":7},""nearest_hostile_cm"":1436.3}",SatisfactoryMCP inferred hazard context,true
poi_502094_1249,"{""nearest_gas_cm"":548.5,""nearest_gas_class"":""BP_GasPillar_03_C""}",SatisfactoryMCP inferred hazard context,true
poi_502094_1250,"{""hostiles_nearby"":{""Desc_HogCliff_C"":3},""nearest_hostile_cm"":4195.2}",SatisfactoryMCP inferred hazard context,true
poi_502094_1252,"{""hostiles_nearby"":{""Desc_StingerSmall_C"":3},""nearest_hostile_cm"":2131.9}",SatisfactoryMCP inferred hazard context,true
poi_502094_1253,"{""hostiles_nearby"":{""Char_CrabHatcher_C"":1},""spawns_here"":[""Char_CrabHatcher_C""],""nearest_hostile_cm"":1922.7}",SatisfactoryMCP inferred hazard context,true
poi_502094_1254,"{""hostiles_nearby"":{""Char_BigCrabHatcher_C"":1,""Char_CrabHatcher_C"":1,""Desc_SpitterAquatic_Alpha_C"":1},""spawns_here"":[""Char_CrabHatcher_C""],""nearest_hostile_cm"":872.5}",SatisfactoryMCP inferred hazard context,true
poi_502094_1255,"{""hostiles_nearby"":{""Char_BigCrabHatcher_C"":1},""nearest_hostile_cm"":1758.4}",SatisfactoryMCP inferred hazard context,true
poi_502094_1256,"{""hostiles_nearby"":{""Desc_SpitterForest_Red_Alpha_C"":1},""nearest_hostile_cm"":4325.9,""nearest_uranium_cm"":1005.5}",SatisfactoryMCP inferred hazard context,true
poi_502094_1257,"{""hostiles_nearby"":{""Desc_SpitterAquatic_Small_C"":4},""nearest_hostile_cm"":1239.1}",SatisfactoryMCP inferred hazard context,true
poi_502094_1258,"{""nearest_gas_cm"":4819.9,""nearest_gas_class"":""BP_GasPillar_02_C""}",SatisfactoryMCP inferred hazard context,true
poi_502094_1259,"{""hostiles_nearby"":{""Desc_SpitterDesert_Alpha_C"":2,""Desc_SpitterDesert_Small_C"":1},""nearest_hostile_cm"":2310.5}",SatisfactoryMCP inferred hazard context,true
poi_502094_1261,"{""hostiles_nearby"":{""Desc_SpitterForest_Alpha_C"":1},""nearest_hostile_cm"":2382.7}",SatisfactoryMCP inferred hazard context,true
poi_502094_1262,"{""hostiles_nearby"":{""Char_BigCrabHatcher_C"":2},""nearest_hostile_cm"":882.0}",SatisfactoryMCP inferred hazard context,true
poi_502094_1263,"{""hostiles_nearby"":{""Desc_StingerAlpha_C"":1},""nearest_hostile_cm"":1118.7}",SatisfactoryMCP inferred hazard context,true
poi_502094_1265,"{""hostiles_nearby"":{""Char_BigCrabHatcher_C"":1,""Char_CrabHatcher_C"":1,""Desc_SpitterAquatic_Alpha_C"":1},""spawns_here"":[""Char_CrabHatcher_C""],""nearest_hostile_cm"":851.0}",SatisfactoryMCP inferred hazard context,true
poi_502094_1266,"{""hostiles_nearby"":{""Char_BigCrabHatcher_C"":3,""Desc_SpitterAquatic_Alpha_C"":1},""nearest_hostile_cm"":1959.0}",SatisfactoryMCP inferred hazard context,true
poi_502094_1267,"{""hostiles_nearby"":{""Char_CrabHatcher_C"":2},""spawns_here"":[""Char_CrabHatcher_C""],""nearest_hostile_cm"":641.0,""nearest_gas_cm"":3975.3,""nearest_gas_class"":""BP_VolumeGas_01_C""}",SatisfactoryMCP inferred hazard context,true
poi_502094_1268,"{""hostiles_nearby"":{""Desc_HogNuclear_C"":1},""nearest_hostile_cm"":2595.3,""nearest_nuclear_hog_spawner_cm"":2595.3}",SatisfactoryMCP inferred hazard context,true
poi_502094_1269,"{""hostiles_nearby"":{""Desc_HogNuclear_C"":1},""nearest_hostile_cm"":1414.0,""nearest_uranium_cm"":556.8,""nearest_nuclear_hog_spawner_cm"":1414.0}",SatisfactoryMCP inferred hazard context,true
poi_502094_1270,"{""hostiles_nearby"":{""Desc_HogBasic_C"":1},""nearest_hostile_cm"":3946.7}",SatisfactoryMCP inferred hazard context,true
poi_502094_1271,"{""hostiles_nearby"":{""Desc_HogAlpha_C"":1,""Desc_HogBasic_C"":2},""nearest_hostile_cm"":1584.2}",SatisfactoryMCP inferred hazard context,true
poi_502094_1272,"{""hostiles_nearby"":{""Char_CrabHatcher_C"":1,""Desc_SpitterAquatic_Small_C"":1},""spawns_here"":[""Char_CrabHatcher_C""],""nearest_hostile_cm"":921.8}",SatisfactoryMCP inferred hazard context,true
poi_502094_1273,"{""hostiles_nearby"":{""Char_CrabHatcher_C"":1,""Desc_SpitterAquatic_Small_C"":1},""spawns_here"":[""Char_CrabHatcher_C""],""nearest_hostile_cm"":975.9}",SatisfactoryMCP inferred hazard context,true
poi_502094_1274,"{""hostiles_nearby"":{""Desc_HogAlpha_C"":1},""nearest_hostile_cm"":4697.0}",SatisfactoryMCP inferred hazard context,true
poi_502094_1275,"{""hostiles_nearby"":{""Char_BigCrabHatcher_C"":1,""Char_CrabHatcher_C"":1},""spawns_here"":[""Char_CrabHatcher_C""],""nearest_hostile_cm"":788.8}",SatisfactoryMCP inferred hazard context,true
poi_502094_1276,"{""hostiles_nearby"":{""Desc_SpitterDesert_Small_C"":1},""nearest_hostile_cm"":2151.2}",SatisfactoryMCP inferred hazard context,true
poi_502094_1278,"{""nearest_uranium_cm"":263.0}",SatisfactoryMCP inferred hazard context,true
poi_502094_1279,"{""hostiles_nearby"":{""Char_BigCrabHatcher_C"":1},""nearest_hostile_cm"":3076.0}",SatisfactoryMCP inferred hazard context,true
poi_502094_1280,"{""hostiles_nearby"":{""Desc_SpitterAquatic_Small_C"":2},""nearest_hostile_cm"":1124.4,""nearest_gas_cm"":4472.0,""nearest_gas_class"":""BP_VolumeGas_01_C""}",SatisfactoryMCP inferred hazard context,true
poi_502094_1281,"{""hostiles_nearby"":{""Desc_SpitterAquatic_Alpha_C"":1},""nearest_hostile_cm"":4192.7}",SatisfactoryMCP inferred hazard context,true
poi_502094_1282,"{""hostiles_nearby"":{""Desc_SpitterAquatic_Alpha_C"":1},""nearest_hostile_cm"":2317.1}",SatisfactoryMCP inferred hazard context,true
poi_502094_1283,"{""hostiles_nearby"":{""Char_CrabHatcher_C"":1,""Desc_SpitterDesert_Small_C"":1},""spawns_here"":[""Char_CrabHatcher_C""],""nearest_hostile_cm"":980.8}",SatisfactoryMCP inferred hazard context,true
poi_502094_1284,"{""hostiles_nearby"":{""Desc_SpitterAquatic_Small_C"":1},""nearest_hostile_cm"":1360.1}",SatisfactoryMCP inferred hazard context,true
poi_502094_1285,"{""hostiles_nearby"":{""Char_CrabHatcher_C"":1},""spawns_here"":[""Char_CrabHatcher_C""],""nearest_hostile_cm"":1968.8}",SatisfactoryMCP inferred hazard context,true
poi_502094_1286,"{""hostiles_nearby"":{""Desc_SpitterForest_Small_C"":2},""nearest_hostile_cm"":4543.8,""nearest_gas_cm"":888.3,""nearest_gas_class"":""BP_VolumeGas_01_C""}",SatisfactoryMCP inferred hazard context,true
poi_502094_1287,"{""hostiles_nearby"":{""Desc_SpitterForest_Alpha_C"":1,""Desc_SpitterForest_Small_C"":2,""Desc_StingerAlpha_C"":1},""nearest_hostile_cm"":2003.7}",SatisfactoryMCP inferred hazard context,true
poi_502094_1289,"{""hostiles_nearby"":{""Desc_SpitterForest_Small_C"":2},""nearest_hostile_cm"":2336.6}",SatisfactoryMCP inferred hazard context,true
poi_502094_1290,"{""nearest_gas_cm"":1279.6,""nearest_gas_class"":""BP_GasPillar_03_C""}",SatisfactoryMCP inferred hazard context,true
poi_502094_1291,"{""hostiles_nearby"":{""Desc_HogCliff_C"":2,""Desc_SpitterForest_Alpha_C"":1},""nearest_hostile_cm"":2500.9}",SatisfactoryMCP inferred hazard context,true
poi_502094_1292,"{""hostiles_nearby"":{""Desc_HogAlpha_C"":1,""Desc_HogCliff_C"":1,""Desc_SpitterForest_Small_Red_C"":1},""nearest_hostile_cm"":389.6}",SatisfactoryMCP inferred hazard context,true
poi_502094_1293,"{""nearest_gas_cm"":1123.5,""nearest_gas_class"":""BP_GasPillar_03_C""}",SatisfactoryMCP inferred hazard context,true
poi_502094_1294,"{""hostiles_nearby"":{""Desc_StingerSmall_C"":3},""nearest_hostile_cm"":647.1,""nearest_gas_cm"":1138.7,""nearest_gas_class"":""BP_GasPillar_02_C""}",SatisfactoryMCP inferred hazard context,true
poi_502094_1295,"{""hostiles_nearby"":{""Char_CrabHatcher_C"":4},""spawns_here"":[""Char_CrabHatcher_C""],""nearest_hostile_cm"":924.2}",SatisfactoryMCP inferred hazard context,true
poi_502094_1297,"{""hostiles_nearby"":{""Desc_HogAlpha_C"":1},""nearest_hostile_cm"":4804.0}",SatisfactoryMCP inferred hazard context,true
poi_502094_1298,"{""hostiles_nearby"":{""Char_BigCrabHatcher_C"":1,""Desc_SpitterAquatic_Alpha_C"":1},""nearest_hostile_cm"":1531.5}",SatisfactoryMCP inferred hazard context,true
poi_502094_1299,"{""nearest_gas_cm"":3915.9,""nearest_gas_class"":""BP_GasPillar_02_C""}",SatisfactoryMCP inferred hazard context,true
poi_502094_1302,"{""hostiles_nearby"":{""Char_CrabHatcher_C"":2,""Desc_HogBasic_C"":2},""spawns_here"":[""Char_CrabHatcher_C""],""nearest_hostile_cm"":467.6,""nearest_gas_cm"":2336.5,""nearest_gas_class"":""BP_SporeFlower_C""}",SatisfactoryMCP inferred hazard context,true
poi_502094_1304,"{""hostiles_nearby"":{""Desc_SpitterForest_Small_C"":2},""nearest_hostile_cm"":3591.8,""nearest_gas_cm"":1042.7,""nearest_gas_class"":""BP_SporeFlower_C"",""inside_spore_flower_damage_sphere"":true}",SatisfactoryMCP inferred hazard context,true
poi_502094_1305,"{""hostiles_nearby"":{""Desc_HogBasic_C"":2},""nearest_hostile_cm"":1545.2}",SatisfactoryMCP inferred hazard context,true
poi_502094_1307,"{""hostiles_nearby"":{""Desc_SpitterDesert_Small_C"":1},""nearest_hostile_cm"":2501.5,""nearest_gas_cm"":665.5,""nearest_gas_class"":""BP_SporeFlower_C"",""inside_spore_flower_damage_sphere"":true}",SatisfactoryMCP inferred hazard context,true
poi_502094_1309,"{""nearest_gas_cm"":745.3,""nearest_gas_class"":""BP_SporeFlower_C"",""inside_spore_flower_damage_sphere"":true}",SatisfactoryMCP inferred hazard context,true
poi_502094_1312,"{""hostiles_nearby"":{""Desc_StingerAlpha_C"":2},""nearest_hostile_cm"":3187.7}",SatisfactoryMCP inferred hazard context,true
poi_502094_1313,"{""hostiles_nearby"":{""Desc_SpitterAquatic_Alpha_C"":1},""nearest_hostile_cm"":4935.6}",SatisfactoryMCP inferred hazard context,true
poi_502094_1314,"{""hostiles_nearby"":{""Desc_SpitterAquatic_Alpha_C"":1},""nearest_hostile_cm"":1655.4}",SatisfactoryMCP inferred hazard context,true
poi_502094_1316,"{""nearest_gas_cm"":3545.1,""nearest_gas_class"":""BP_GasPillar_01_C""}",SatisfactoryMCP inferred hazard context,true
poi_502094_1319,"{""hostiles_nearby"":{""Desc_SpitterDesert_Small_C"":1},""nearest_hostile_cm"":1635.8}",SatisfactoryMCP inferred hazard context,true
poi_502094_1320,"{""hostiles_nearby"":{""Desc_SpitterForest_Red_Alpha_C"":1},""nearest_hostile_cm"":1463.3}",SatisfactoryMCP inferred hazard context,true
poi_502094_1321,"{""hostiles_nearby"":{""Char_CrabHatcher_C"":1},""nearest_hostile_cm"":2514.9}",SatisfactoryMCP inferred hazard context,true
poi_502094_1324,"{""nearest_gas_cm"":710.9,""nearest_gas_class"":""BP_GasPillar_03_C""}",SatisfactoryMCP inferred hazard context,true
poi_502094_1327,"{""hostiles_nearby"":{""Desc_SpitterAquatic_Small_C"":1},""nearest_hostile_cm"":3202.1}",SatisfactoryMCP inferred hazard context,true
poi_502094_1328,"{""hostiles_nearby"":{""Desc_SpitterAquatic_Small_C"":3},""nearest_hostile_cm"":4892.3}",SatisfactoryMCP inferred hazard context,true
poi_502094_1329,"{""hostiles_nearby"":{""Desc_SpitterDesert_Small_C"":2},""nearest_hostile_cm"":500.6}",SatisfactoryMCP inferred hazard context,true
poi_502094_1330,"{""hostiles_nearby"":{""Desc_SpitterAquatic_Small_C"":2},""nearest_hostile_cm"":2212.7}",SatisfactoryMCP inferred hazard context,true
poi_502094_1331,"{""hostiles_nearby"":{""Char_CrabHatcher_C"":1,""Desc_SpitterDesert_Small_C"":1},""spawns_here"":[""Char_CrabHatcher_C""],""nearest_hostile_cm"":1502.2}",SatisfactoryMCP inferred hazard context,true
poi_502094_1335,"{""hostiles_nearby"":{""Desc_HogBasic_C"":2},""nearest_hostile_cm"":2051.9,""nearest_uranium_cm"":4074.5}",SatisfactoryMCP inferred hazard context,true
poi_502094_1336,"{""nearest_gas_cm"":1088.4,""nearest_gas_class"":""BP_GasPillar_03_C""}",SatisfactoryMCP inferred hazard context,true
poi_502094_1337,"{""hostiles_nearby"":{""Desc_HogBasic_C"":2},""nearest_hostile_cm"":1381.3,""nearest_gas_cm"":2186.3,""nearest_gas_class"":""BP_SporeFlower_C""}",SatisfactoryMCP inferred hazard context,true
poi_502094_1338,"{""hostiles_nearby"":{""Desc_HogCliff_C"":2},""nearest_hostile_cm"":2528.1}",SatisfactoryMCP inferred hazard context,true
poi_502094_1339,"{""hostiles_nearby"":{""Char_CrabHatcher_C"":3,""Desc_StingerSmall_C"":5},""spawns_here"":[""Char_CrabHatcher_C""],""nearest_hostile_cm"":1442.7}",SatisfactoryMCP inferred hazard context,true
poi_502094_1341,"{""hostiles_nearby"":{""Char_BigCrabHatcher_C"":1,""Desc_SpitterForest_Alpha_C"":1},""nearest_hostile_cm"":2155.3,""nearest_uranium_cm"":479.7}",SatisfactoryMCP inferred hazard context,true
poi_502094_1342,"{""nearest_gas_cm"":3793.5,""nearest_gas_class"":""BP_GasPillar_01_C""}",SatisfactoryMCP inferred hazard context,true
poi_502094_1343,"{""nearest_gas_cm"":1199.0,""nearest_gas_class"":""BP_SporeFlower_C"",""inside_spore_flower_damage_sphere"":true}",SatisfactoryMCP inferred hazard context,true
poi_502094_1344,"{""hostiles_nearby"":{""Desc_HogCliff_C"":1},""spawns_here"":[""Desc_HogCliff_C""],""nearest_hostile_cm"":481.1,""nearest_gas_cm"":2699.6,""nearest_gas_class"":""BP_SporeFlower_C""}",SatisfactoryMCP inferred hazard context,true
poi_502094_1346,"{""hostiles_nearby"":{""Char_CrabHatcher_C"":2,""Desc_SpitterDesert_Small_C"":1},""spawns_here"":[""Char_CrabHatcher_C""],""nearest_hostile_cm"":1205.7}",SatisfactoryMCP inferred hazard context,true
poi_502094_1348,"{""hostiles_nearby"":{""Char_BigCrabHatcher_C"":1,""Desc_SpitterDesert_Alpha_C"":1},""nearest_hostile_cm"":2052.7}",SatisfactoryMCP inferred hazard context,true
poi_502094_1349,"{""nearest_gas_cm"":1225.5,""nearest_gas_class"":""BP_GasPillar_03_C""}",SatisfactoryMCP inferred hazard context,true
poi_502094_1350,"{""nearest_gas_cm"":1442.2,""nearest_gas_class"":""BP_GasPillar_02_C""}",SatisfactoryMCP inferred hazard context,true
poi_502094_1351,"{""hostiles_nearby"":{""Char_BigCrabHatcher_C"":1,""Desc_SpitterAquatic_Alpha_C"":1},""nearest_hostile_cm"":1667.9}",SatisfactoryMCP inferred hazard context,true
poi_502094_1352,"{""hostiles_nearby"":{""Char_BigCrabHatcher_C"":1,""Char_CrabHatcher_C"":1,""Desc_HogBasic_C"":3},""nearest_hostile_cm"":3357.1,""nearest_gas_cm"":1956.6,""nearest_gas_class"":""BP_GasPillar_03_C""}",SatisfactoryMCP inferred hazard context,true
poi_502094_1355,"{""hostiles_nearby"":{""Desc_HogCliff_C"":1,""Desc_SpitterForest_Small_Red_C"":2},""spawns_here"":[""Desc_SpitterForest_Small_Red_C""],""nearest_hostile_cm"":987.3}",SatisfactoryMCP inferred hazard context,true
poi_502094_1356,"{""nearest_gas_cm"":802.3,""nearest_gas_class"":""BP_GasPillar_01_C""}",SatisfactoryMCP inferred hazard context,true
poi_502094_1359,"{""hostiles_nearby"":{""Desc_SpitterForest_Alpha_C"":1},""nearest_hostile_cm"":4664.4}",SatisfactoryMCP inferred hazard context,true
poi_502094_1360,"{""hostiles_nearby"":{""Desc_SpitterForest_Alpha_C"":1},""nearest_hostile_cm"":3789.0,""nearest_gas_cm"":333.4,""nearest_gas_class"":""BP_GasPillar_03_C""}",SatisfactoryMCP inferred hazard context,true
poi_502094_1361,"{""hostiles_nearby"":{""Desc_HogCliff_C"":2},""nearest_hostile_cm"":3968.8}",SatisfactoryMCP inferred hazard context,true
poi_502094_1364,"{""hostiles_nearby"":{""Char_CrabHatcher_C"":2},""spawns_here"":[""Char_CrabHatcher_C""],""nearest_hostile_cm"":1498.9}",SatisfactoryMCP inferred hazard context,true
poi_502094_1365,"{""hostiles_nearby"":{""Desc_HogAlpha_C"":1},""spawns_here"":[""Desc_HogBasic_C""],""nearest_hostile_cm"":387.5}",SatisfactoryMCP inferred hazard context,true
poi_502094_1366,"{""hostiles_nearby"":{""Desc_SpitterForest_Small_C"":1},""nearest_hostile_cm"":1233.0}",SatisfactoryMCP inferred hazard context,true
poi_502094_1368,"{""nearest_gas_cm"":4961.6,""nearest_gas_class"":""BP_VolumeGas_01_C""}",SatisfactoryMCP inferred hazard context,true
poi_502094_1370,"{""nearest_gas_cm"":1004.4,""nearest_gas_class"":""BP_GasPillar_02_C""}",SatisfactoryMCP inferred hazard context,true
poi_502094_1371,"{""nearest_uranium_cm"":1017.1}",SatisfactoryMCP inferred hazard context,true
poi_502094_1372,"{""hostiles_nearby"":{""Desc_SpitterForest_Small_C"":2},""nearest_hostile_cm"":1689.7,""nearest_gas_cm"":1606.9,""nearest_gas_class"":""BP_GasPillar_02_C""}",SatisfactoryMCP inferred hazard context,true
poi_502094_1375,"{""hostiles_nearby"":{""Char_CrabHatcher_C"":1,""Desc_SpitterDesert_Alpha_C"":1},""spawns_here"":[""Char_CrabHatcher_C""],""nearest_hostile_cm"":1464.0}",SatisfactoryMCP inferred hazard context,true
poi_502094_1376,"{""hostiles_nearby"":{""Desc_HogBasic_C"":1,""Desc_SpitterDesert_Alpha_C"":1},""nearest_hostile_cm"":1330.6}",SatisfactoryMCP inferred hazard context,true
poi_502094_1378,"{""hostiles_nearby"":{""Desc_HogBasic_C"":1,""Desc_HogCliff_C"":2,""Desc_SpitterForest_Small_C"":2},""nearest_hostile_cm"":763.3}",SatisfactoryMCP inferred hazard context,true
poi_502094_1381,"{""nearest_gas_cm"":1711.4,""nearest_gas_class"":""BP_GasPillar_01_C""}",SatisfactoryMCP inferred hazard context,true
poi_502094_1382,"{""nearest_gas_cm"":2798.6,""nearest_gas_class"":""BP_GasPillar_03_C""}",SatisfactoryMCP inferred hazard context,true
poi_502094_1384,"{""hostiles_nearby"":{""Desc_HogAlpha_C"":1,""Desc_HogBasic_C"":4},""spawns_here"":[""Desc_HogBasic_C""],""nearest_hostile_cm"":1709.8}",SatisfactoryMCP inferred hazard context,true
poi_502094_1386,"{""hostiles_nearby"":{""Desc_SpitterForest_Small_C"":2},""nearest_hostile_cm"":2421.1}",SatisfactoryMCP inferred hazard context,true
poi_502094_1387,"{""hostiles_nearby"":{""Desc_SpitterForest_Small_C"":3},""nearest_hostile_cm"":2489.2,""nearest_gas_cm"":4259.6,""nearest_gas_class"":""BP_SporeFlower_C""}",SatisfactoryMCP inferred hazard context,true
poi_502094_1388,"{""hostiles_nearby"":{""Desc_HogAlpha_C"":1},""nearest_hostile_cm"":710.1}",SatisfactoryMCP inferred hazard context,true
poi_502094_1389,"{""hostiles_nearby"":{""Desc_SpitterForest_Alpha_C"":1},""nearest_hostile_cm"":2420.3}",SatisfactoryMCP inferred hazard context,true
poi_502094_1390,"{""hostiles_nearby"":{""Desc_SpitterForest_Alpha_C"":1},""nearest_hostile_cm"":818.7}",SatisfactoryMCP inferred hazard context,true
poi_502094_1392,"{""hostiles_nearby"":{""Desc_HogBasic_C"":1,""Desc_SpitterDesert_Small_C"":1},""nearest_hostile_cm"":4017.3}",SatisfactoryMCP inferred hazard context,true
poi_502094_1393,"{""hostiles_nearby"":{""Desc_StingerAlpha_C"":1},""nearest_hostile_cm"":2740.9,""nearest_gas_cm"":4067.0,""nearest_gas_class"":""BP_SporeFlower_C""}",SatisfactoryMCP inferred hazard context,true
poi_502094_1396,"{""hostiles_nearby"":{""Desc_StingerSmall_C"":1},""nearest_hostile_cm"":598.7}",SatisfactoryMCP inferred hazard context,true
poi_502094_1397,"{""hostiles_nearby"":{""Char_CrabHatcher_C"":3},""spawns_here"":[""Char_CrabHatcher_C""],""nearest_hostile_cm"":984.5}",SatisfactoryMCP inferred hazard context,true
poi_502094_1399,"{""nearest_gas_cm"":727.6,""nearest_gas_class"":""BP_GasPillar_01_C""}",SatisfactoryMCP inferred hazard context,true
poi_502094_1400,"{""hostiles_nearby"":{""Desc_SpitterForest_Small_Red_C"":3},""spawns_here"":[""Desc_SpitterForest_Small_Red_C""],""nearest_hostile_cm"":2156.1,""nearest_gas_cm"":4143.7,""nearest_gas_class"":""BP_SporeFlower_C""}",SatisfactoryMCP inferred hazard context,true
poi_502094_1402,"{""hostiles_nearby"":{""Desc_StingerSmall_C"":4},""nearest_hostile_cm"":1451.1,""nearest_gas_cm"":192.0,""nearest_gas_class"":""BP_VolumeGas_01_C""}",SatisfactoryMCP inferred hazard context,true
poi_502094_1403,"{""nearest_gas_cm"":1585.8,""nearest_gas_class"":""BP_GasPillar_03_C""}",SatisfactoryMCP inferred hazard context,true
poi_502094_1407,"{""hostiles_nearby"":{""Char_CrabHatcher_C"":1},""nearest_hostile_cm"":4851.7}",SatisfactoryMCP inferred hazard context,true
poi_502094_1409,"{""hostiles_nearby"":{""Char_BigCrabHatcher_C"":2,""Desc_SpitterAquatic_Alpha_C"":1},""nearest_hostile_cm"":4055.8,""nearest_gas_cm"":1736.6,""nearest_gas_class"":""BP_GasPillar_01_C""}",SatisfactoryMCP inferred hazard context,true
poi_502094_1410,"{""hostiles_nearby"":{""Char_CrabHatcher_C"":2},""spawns_here"":[""Char_CrabHatcher_C""],""nearest_hostile_cm"":352.3}",SatisfactoryMCP inferred hazard context,true
poi_502094_1411,"{""hostiles_nearby"":{""Desc_SpitterForest_Red_Alpha_C"":1},""nearest_hostile_cm"":833.3,""nearest_gas_cm"":3951.8,""nearest_gas_class"":""BP_SporeFlower_C""}",SatisfactoryMCP inferred hazard context,true
poi_502094_1415,"{""hostiles_nearby"":{""Char_CrabHatcher_C"":2},""spawns_here"":[""Char_CrabHatcher_C""],""nearest_hostile_cm"":2102.9}",SatisfactoryMCP inferred hazard context,true
poi_502094_1416,"{""hostiles_nearby"":{""Char_CrabHatcher_C"":4,""Desc_SpitterDesert_Small_C"":2},""spawns_here"":[""Char_CrabHatcher_C""],""nearest_hostile_cm"":315.2}",SatisfactoryMCP inferred hazard context,true
poi_502094_1417,"{""hostiles_nearby"":{""Char_CrabHatcher_C"":3,""Desc_SpitterDesert_Small_C"":2},""spawns_here"":[""Char_CrabHatcher_C""],""nearest_hostile_cm"":575.3}",SatisfactoryMCP inferred hazard context,true
poi_502094_1418,"{""hostiles_nearby"":{""Char_CrabHatcher_C"":1,""Desc_SpitterDesert_Small_C"":2},""spawns_here"":[""Char_CrabHatcher_C""],""nearest_hostile_cm"":1849.7}",SatisfactoryMCP inferred hazard context,true
poi_502094_1419,"{""hostiles_nearby"":{""Desc_SpitterForest_Alpha_C"":1},""nearest_hostile_cm"":3497.6}",SatisfactoryMCP inferred hazard context,true
poi_502094_1420,"{""nearest_gas_cm"":4189.3,""nearest_gas_class"":""BP_SporeFlower_C""}",SatisfactoryMCP inferred hazard context,true
poi_502094_1421,"{""hostiles_nearby"":{""Desc_StingerSmall_C"":6},""nearest_hostile_cm"":1723.6,""nearest_gas_cm"":1620.3,""nearest_gas_class"":""BP_VolumeGas_01_C""}",SatisfactoryMCP inferred hazard context,true
poi_502094_1422,"{""hostiles_nearby"":{""Desc_SpitterDesert_Alpha_C"":2},""nearest_hostile_cm"":4386.8}",SatisfactoryMCP inferred hazard context,true
poi_502094_1423,"{""hostiles_nearby"":{""Char_CrabHatcher_C"":3},""spawns_here"":[""Char_CrabHatcher_C""],""nearest_hostile_cm"":1248.6}",SatisfactoryMCP inferred hazard context,true
poi_502094_1425,"{""hostiles_nearby"":{""Desc_SpitterAquatic_Small_C"":2},""nearest_hostile_cm"":3360.7}",SatisfactoryMCP inferred hazard context,true
poi_502094_1426,"{""nearest_gas_cm"":1455.0,""nearest_gas_class"":""BP_SporeFlower_C""}",SatisfactoryMCP inferred hazard context,true
poi_502094_1427,"{""hostiles_nearby"":{""Char_BigCrabHatcher_C"":1,""Desc_HogAlpha_C"":1},""nearest_hostile_cm"":1370.9}",SatisfactoryMCP inferred hazard context,true
poi_502094_1430,"{""hostiles_nearby"":{""Desc_HogBasic_C"":2},""nearest_hostile_cm"":4167.5}",SatisfactoryMCP inferred hazard context,true
poi_502094_1431,"{""nearest_gas_cm"":1027.6,""nearest_gas_class"":""BP_SporeFlower_C"",""inside_spore_flower_damage_sphere"":true}",SatisfactoryMCP inferred hazard context,true
poi_502094_1432,"{""hostiles_nearby"":{""Desc_SpitterAquatic_Alpha_C"":1},""nearest_hostile_cm"":3635.9}",SatisfactoryMCP inferred hazard context,true
poi_502094_1434,"{""hostiles_nearby"":{""Desc_StingerElite_C"":1,""Desc_StingerSmall_C"":4},""nearest_hostile_cm"":2149.1}",SatisfactoryMCP inferred hazard context,true
poi_502094_1435,"{""hostiles_nearby"":{""Desc_StingerAlpha_C"":2},""nearest_hostile_cm"":3373.3,""nearest_gas_cm"":863.0,""nearest_gas_class"":""BP_SporeFlower_C"",""inside_spore_flower_damage_sphere"":true,""nearest_uranium_cm"":461.7}",SatisfactoryMCP inferred hazard context,true
poi_502094_1436,"{""hostiles_nearby"":{""Desc_StingerAlpha_C"":2,""Desc_StingerSmall_C"":3},""nearest_hostile_cm"":356.6,""nearest_gas_cm"":4754.7,""nearest_gas_class"":""BP_SporeFlower_C""}",SatisfactoryMCP inferred hazard context,true
poi_502094_1437,"{""hostiles_nearby"":{""Desc_SpitterAquatic_Small_C"":2},""nearest_hostile_cm"":3074.1}",SatisfactoryMCP inferred hazard context,true
poi_502094_1438,"{""hostiles_nearby"":{""Char_BigCrabHatcher_C"":1},""nearest_hostile_cm"":1105.3}",SatisfactoryMCP inferred hazard context,true
poi_502094_1439,"{""hostiles_nearby"":{""Char_BigCrabHatcher_C"":1,""Char_CrabHatcher_C"":1},""nearest_hostile_cm"":2504.8}",SatisfactoryMCP inferred hazard context,true
poi_502094_1440,"{""hostiles_nearby"":{""Char_CrabHatcher_C"":4},""spawns_here"":[""Char_CrabHatcher_C""],""nearest_hostile_cm"":1440.3}",SatisfactoryMCP inferred hazard context,true
poi_502094_1441,"{""hostiles_nearby"":{""Desc_SpitterDesert_Alpha_C"":1},""nearest_hostile_cm"":1165.4}",SatisfactoryMCP inferred hazard context,true
poi_502094_1442,"{""hostiles_nearby"":{""Desc_StingerSmall_C"":4},""nearest_hostile_cm"":1629.7,""nearest_gas_cm"":1151.8,""nearest_gas_class"":""BP_SporeFlower_C"",""inside_spore_flower_damage_sphere"":true}",SatisfactoryMCP inferred hazard context,true
poi_502094_1443,"{""hostiles_nearby"":{""Desc_StingerSmall_C"":1},""nearest_hostile_cm"":1808.4}",SatisfactoryMCP inferred hazard context,true
poi_502094_1444,"{""hostiles_nearby"":{""Desc_SpitterDesert_Alpha_C"":1},""nearest_hostile_cm"":3058.8}",SatisfactoryMCP inferred hazard context,true
poi_502094_1445,"{""hostiles_nearby"":{""Desc_SpitterDesert_Small_C"":1},""nearest_hostile_cm"":2274.6}",SatisfactoryMCP inferred hazard context,true
poi_502094_1446,"{""hostiles_nearby"":{""Char_CrabHatcher_C"":1},""spawns_here"":[""Char_CrabHatcher_C""],""nearest_hostile_cm"":1280.4}",SatisfactoryMCP inferred hazard context,true
poi_502094_1447,"{""spawns_here"":[""Desc_StingerAlpha_C"",""Desc_StingerSmall_C""],""nearest_gas_cm"":334.0,""nearest_gas_class"":""BP_GasPillar_03_C""}",SatisfactoryMCP inferred hazard context,true
poi_502094_1450,"{""nearest_gas_cm"":623.8,""nearest_gas_class"":""BP_SporeFlower_C"",""inside_spore_flower_damage_sphere"":true}",SatisfactoryMCP inferred hazard context,true
poi_502094_1451,"{""hostiles_nearby"":{""Char_CrabHatcher_C"":2,""Desc_StingerAlpha_C"":2},""spawns_here"":[""Char_CrabHatcher_C""],""nearest_hostile_cm"":614.9}",SatisfactoryMCP inferred hazard context,true
poi_502094_1455,"{""hostiles_nearby"":{""Desc_SpitterAquatic_Alpha_C"":2},""nearest_hostile_cm"":4259.2}",SatisfactoryMCP inferred hazard context,true
poi_502094_1456,"{""nearest_gas_cm"":1287.1,""nearest_gas_class"":""BP_SporeFlower_C"",""inside_spore_flower_damage_sphere"":true}",SatisfactoryMCP inferred hazard context,true
poi_502094_1457,"{""hostiles_nearby"":{""Char_CrabHatcher_C"":2},""spawns_here"":[""Char_CrabHatcher_C""],""nearest_hostile_cm"":2016.3,""nearest_uranium_cm"":3700.6}",SatisfactoryMCP inferred hazard context,true
poi_502094_1458,"{""hostiles_nearby"":{""Desc_HogBasic_C"":2,""Desc_StingerSmall_C"":2},""nearest_hostile_cm"":756.1}",SatisfactoryMCP inferred hazard context,true
poi_502094_1460,"{""hostiles_nearby"":{""Char_BigCrabHatcher_C"":1,""Char_CrabHatcher_C"":1},""nearest_hostile_cm"":1791.3}",SatisfactoryMCP inferred hazard context,true
poi_502094_1461,"{""hostiles_nearby"":{""Desc_HogAlpha_C"":1,""Desc_HogBasic_C"":2},""spawns_here"":[""Desc_HogBasic_C""],""nearest_hostile_cm"":1435.0}",SatisfactoryMCP inferred hazard context,true
poi_502094_1463,"{""nearest_uranium_cm"":1499.4}",SatisfactoryMCP inferred hazard context,true
poi_502094_1465,"{""hostiles_nearby"":{""Desc_HogCliff_C"":1},""nearest_hostile_cm"":1332.1}",SatisfactoryMCP inferred hazard context,true
poi_502094_1466,"{""hostiles_nearby"":{""Desc_StingerAlpha_C"":1},""nearest_hostile_cm"":1191.9}",SatisfactoryMCP inferred hazard context,true
poi_502094_1468,"{""hostiles_nearby"":{""Desc_HogNuclear_C"":1},""nearest_hostile_cm"":4917.0,""nearest_gas_cm"":3529.9,""nearest_gas_class"":""BP_SporeFlower_C"",""nearest_uranium_cm"":2344.1,""nearest_nuclear_hog_spawner_cm"":4917.0}",SatisfactoryMCP inferred hazard context,true
poi_502094_1469,"{""hostiles_nearby"":{""Char_BigCrabHatcher_C"":1},""nearest_hostile_cm"":678.8}",SatisfactoryMCP inferred hazard context,true
poi_502094_1470,"{""hostiles_nearby"":{""Desc_StingerSmall_C"":4},""spawns_here"":[""Desc_StingerSmall_C""],""nearest_hostile_cm"":559.6}",SatisfactoryMCP inferred hazard context,true
poi_502094_1472,"{""hostiles_nearby"":{""Desc_SpitterDesert_Small_C"":2},""nearest_hostile_cm"":628.4}",SatisfactoryMCP inferred hazard context,true
poi_502094_1473,"{""hostiles_nearby"":{""Char_CrabHatcher_C"":3},""spawns_here"":[""Char_CrabHatcher_C""],""nearest_hostile_cm"":844.4}",SatisfactoryMCP inferred hazard context,true
poi_502094_1474,"{""hostiles_nearby"":{""Desc_SpitterForest_Small_C"":2},""spawns_here"":[""Desc_SpitterForest_Small_C""],""nearest_hostile_cm"":432.4}",SatisfactoryMCP inferred hazard context,true
poi_502094_1475,"{""hostiles_nearby"":{""Desc_HogAlpha_C"":1},""nearest_hostile_cm"":750.2}",SatisfactoryMCP inferred hazard context,true
poi_502094_1476,"{""nearest_gas_cm"":810.6,""nearest_gas_class"":""BP_GasPillar_02_C""}",SatisfactoryMCP inferred hazard context,true
poi_502094_1477,"{""hostiles_nearby"":{""Char_CrabHatcher_C"":1},""spawns_here"":[""Char_CrabHatcher_C""],""nearest_hostile_cm"":1405.8}",SatisfactoryMCP inferred hazard context,true
poi_502094_1478,"{""hostiles_nearby"":{""Desc_SpitterDesert_Small_C"":1},""nearest_hostile_cm"":785.0,""nearest_gas_cm"":4283.2,""nearest_gas_class"":""BP_SporeFlower_C""}",SatisfactoryMCP inferred hazard context,true
poi_502094_1479,"{""hostiles_nearby"":{""Desc_HogBasic_C"":1},""nearest_hostile_cm"":630.4}",SatisfactoryMCP inferred hazard context,true
poi_502094_1480,"{""hostiles_nearby"":{""Char_BigCrabHatcher_C"":4},""nearest_hostile_cm"":554.7}",SatisfactoryMCP inferred hazard context,true
poi_502094_1481,"{""hostiles_nearby"":{""Char_BigCrabHatcher_C"":4},""nearest_hostile_cm"":1903.1}",SatisfactoryMCP inferred hazard context,true
poi_502094_1482,"{""hostiles_nearby"":{""Char_CrabHatcher_C"":3},""spawns_here"":[""Char_CrabHatcher_C""],""nearest_hostile_cm"":1270.5}",SatisfactoryMCP inferred hazard context,true
poi_502094_1483,"{""hostiles_nearby"":{""Char_BigCrabHatcher_C"":1,""Char_CrabHatcher_C"":1},""spawns_here"":[""Char_CrabHatcher_C""],""nearest_hostile_cm"":1768.7}",SatisfactoryMCP inferred hazard context,true
poi_502094_1486,"{""hostiles_nearby"":{""Char_CrabHatcher_C"":2,""Desc_HogAlpha_C"":1},""spawns_here"":[""Char_CrabHatcher_C""],""nearest_hostile_cm"":906.0}",SatisfactoryMCP inferred hazard context,true
poi_502094_1487,"{""nearest_gas_cm"":1504.4,""nearest_gas_class"":""BP_SporeFlower_C""}",SatisfactoryMCP inferred hazard context,true
poi_502094_1488,"{""hostiles_nearby"":{""Desc_StingerElite_C"":1},""nearest_hostile_cm"":4755.6,""nearest_gas_cm"":838.7,""nearest_gas_class"":""BP_GasPillar_04_C""}",SatisfactoryMCP inferred hazard context,true
poi_502094_1489,"{""hostiles_nearby"":{""Char_BigCrabHatcher_C"":1,""Char_CrabHatcher_C"":1},""spawns_here"":[""Char_CrabHatcher_C""],""nearest_hostile_cm"":456.3,""nearest_gas_cm"":659.7,""nearest_gas_class"":""BP_VolumeGas_01_C""}",SatisfactoryMCP inferred hazard context,true
poi_502094_1490,"{""hostiles_nearby"":{""Desc_HogAlpha_C"":1},""nearest_hostile_cm"":4182.7,""nearest_gas_cm"":722.9,""nearest_gas_class"":""BP_VolumeGas_01_C""}",SatisfactoryMCP inferred hazard context,true
poi_502094_1491,"{""hostiles_nearby"":{""Desc_SpitterAquatic_Small_C"":2},""nearest_hostile_cm"":2341.2}",SatisfactoryMCP inferred hazard context,true
poi_502094_1493,"{""hostiles_nearby"":{""Desc_HogCliff_C"":1},""nearest_hostile_cm"":4213.9}",SatisfactoryMCP inferred hazard context,true
poi_502094_1494,"{""hostiles_nearby"":{""Desc_SpitterAquatic_Small_C"":2},""nearest_hostile_cm"":3279.1,""nearest_gas_cm"":839.8,""nearest_gas_class"":""BP_GasPillar_02_C""}",SatisfactoryMCP inferred hazard context,true
poi_502094_1495,"{""hostiles_nearby"":{""Desc_HogBasic_C"":2},""spawns_here"":[""Desc_StingerSmall_C""],""nearest_hostile_cm"":4393.4}",SatisfactoryMCP inferred hazard context,true
poi_502094_1496,"{""hostiles_nearby"":{""Char_CrabHatcher_C"":3},""spawns_here"":[""Char_CrabHatcher_C"",""Desc_StingerSmall_C""],""nearest_hostile_cm"":429.7}",SatisfactoryMCP inferred hazard context,true
poi_502094_1497,"{""hostiles_nearby"":{""Char_BigCrabHatcher_C"":1,""Char_CrabHatcher_C"":1,""Desc_StingerAlpha_C"":2},""spawns_here"":[""Char_CrabHatcher_C""],""nearest_hostile_cm"":1048.6}",SatisfactoryMCP inferred hazard context,true
poi_502094_1499,"{""nearest_uranium_cm"":2314.7}",SatisfactoryMCP inferred hazard context,true
poi_502094_1500,"{""hostiles_nearby"":{""Desc_SpitterAquatic_Alpha_C"":1},""nearest_hostile_cm"":1884.9}",SatisfactoryMCP inferred hazard context,true
poi_502094_1501,"{""hostiles_nearby"":{""Char_CrabHatcher_C"":1,""Desc_HogBasic_C"":1},""spawns_here"":[""Char_CrabHatcher_C""],""nearest_hostile_cm"":1907.1}",SatisfactoryMCP inferred hazard context,true
poi_502094_1502,"{""nearest_gas_cm"":1634.1,""nearest_gas_class"":""BP_GasPillar_01_C""}",SatisfactoryMCP inferred hazard context,true
poi_502094_1503,"{""nearest_gas_cm"":980.2,""nearest_gas_class"":""BP_VolumeGas_01_C""}",SatisfactoryMCP inferred hazard context,true
poi_502094_1504,"{""hostiles_nearby"":{""Desc_HogBasic_C"":2},""spawns_here"":[""Desc_HogBasic_C""],""nearest_hostile_cm"":966.3}",SatisfactoryMCP inferred hazard context,true
poi_502094_1505,"{""hostiles_nearby"":{""Char_BigCrabHatcher_C"":1,""Desc_HogCliff_C"":1,""Desc_SpitterForest_Small_Red_C"":1},""nearest_hostile_cm"":393.9}",SatisfactoryMCP inferred hazard context,true
poi_502094_1506,"{""hostiles_nearby"":{""Desc_HogNuclear_C"":1},""nearest_hostile_cm"":2428.0,""nearest_nuclear_hog_spawner_cm"":2428.0}",SatisfactoryMCP inferred hazard context,true
poi_502094_1507,"{""hostiles_nearby"":{""Desc_HogCliff_C"":1,""Desc_SpitterForest_Small_C"":3},""nearest_hostile_cm"":3749.7,""nearest_gas_cm"":1255.3,""nearest_gas_class"":""BP_SporeFlower_C"",""inside_spore_flower_damage_sphere"":true}",SatisfactoryMCP inferred hazard context,true
poi_502094_1508,"{""hostiles_nearby"":{""Desc_HogNuclear_C"":1},""nearest_hostile_cm"":3920.0,""nearest_nuclear_hog_spawner_cm"":3920.0}",SatisfactoryMCP inferred hazard context,true
poi_502094_1509,"{""hostiles_nearby"":{""Desc_SpitterDesert_Small_C"":2},""nearest_hostile_cm"":809.6}",SatisfactoryMCP inferred hazard context,true
poi_502094_1510,"{""hostiles_nearby"":{""Desc_StingerSmall_C"":6},""spawns_here"":[""Desc_StingerSmall_C""],""nearest_hostile_cm"":427.2}",SatisfactoryMCP inferred hazard context,true
poi_502094_1512,"{""hostiles_nearby"":{""Char_BigCrabHatcher_C"":1,""Desc_SpitterForest_Small_C"":2},""spawns_here"":[""Desc_SpitterForest_Small_C""],""nearest_hostile_cm"":400.4}",SatisfactoryMCP inferred hazard context,true
poi_502094_1513,"{""hostiles_nearby"":{""Desc_HogAlpha_C"":1,""Desc_HogBasic_C"":5,""Desc_HogCliff_C"":1,""Desc_SpitterForest_Alpha_C"":1},""nearest_hostile_cm"":2592.8}",SatisfactoryMCP inferred hazard context,true
poi_502094_1515,"{""hostiles_nearby"":{""Desc_StingerAlpha_C"":1},""nearest_hostile_cm"":2134.9}",SatisfactoryMCP inferred hazard context,true
poi_502094_1517,"{""hostiles_nearby"":{""Desc_HogAlpha_C"":1},""nearest_hostile_cm"":1264.6}",SatisfactoryMCP inferred hazard context,true
poi_502094_1519,"{""hostiles_nearby"":{""Desc_HogCliff_C"":1},""nearest_hostile_cm"":1609.1}",SatisfactoryMCP inferred hazard context,true
poi_502094_1520,"{""nearest_gas_cm"":1727.9,""nearest_gas_class"":""BP_SporeFlower_C""}",SatisfactoryMCP inferred hazard context,true
poi_502094_1521,"{""hostiles_nearby"":{""Desc_HogBasic_C"":1},""nearest_hostile_cm"":4290.3}",SatisfactoryMCP inferred hazard context,true
poi_502094_1523,"{""hostiles_nearby"":{""Char_CrabHatcher_C"":1,""Desc_SpitterDesert_Alpha_C"":1},""spawns_here"":[""Char_CrabHatcher_C""],""nearest_hostile_cm"":739.3}",SatisfactoryMCP inferred hazard context,true
poi_502094_1524,"{""hostiles_nearby"":{""Desc_SpitterDesert_Alpha_C"":1,""Desc_SpitterDesert_Small_C"":2},""nearest_hostile_cm"":903.2}",SatisfactoryMCP inferred hazard context,true
poi_502094_1526,"{""hostiles_nearby"":{""Desc_SpitterAquatic_Alpha_C"":1},""nearest_hostile_cm"":2051.2}",SatisfactoryMCP inferred hazard context,true
poi_502094_1528,"{""hostiles_nearby"":{""Desc_SpitterForest_Small_C"":1},""nearest_hostile_cm"":653.6,""nearest_gas_cm"":2757.7,""nearest_gas_class"":""BP_SporeFlower_C""}",SatisfactoryMCP inferred hazard context,true
poi_502094_1529,"{""hostiles_nearby"":{""Char_BigCrabHatcher_C"":2},""nearest_hostile_cm"":898.1}",SatisfactoryMCP inferred hazard context,true
poi_502094_1530,"{""nearest_gas_cm"":1496.1,""nearest_gas_class"":""BP_GasPillar_01_C""}",SatisfactoryMCP inferred hazard context,true
poi_502094_1531,"{""nearest_uranium_cm"":242.0}",SatisfactoryMCP inferred hazard context,true
poi_502094_1532,"{""hostiles_nearby"":{""Desc_StingerAlpha_C"":1},""nearest_hostile_cm"":4390.8,""nearest_gas_cm"":1679.5,""nearest_gas_class"":""BP_SporeFlower_C"",""nearest_uranium_cm"":3604.4}",SatisfactoryMCP inferred hazard context,true
poi_502094_1533,"{""hostiles_nearby"":{""Desc_HogAlpha_C"":1,""Desc_HogCliff_C"":1,""Desc_SpitterForest_Small_Red_C"":2},""nearest_hostile_cm"":1913.1,""nearest_uranium_cm"":694.6}",SatisfactoryMCP inferred hazard context,true
poi_502094_1534,"{""hostiles_nearby"":{""Desc_StingerAlpha_C"":1},""nearest_hostile_cm"":3475.2}",SatisfactoryMCP inferred hazard context,true
poi_502094_1535,"{""nearest_gas_cm"":700.5,""nearest_gas_class"":""BP_SporeFlower_C"",""inside_spore_flower_damage_sphere"":true}",SatisfactoryMCP inferred hazard context,true
poi_502094_1536,"{""hostiles_nearby"":{""Desc_HogCliff_C"":1},""nearest_hostile_cm"":2355.8}",SatisfactoryMCP inferred hazard context,true
poi_502094_1538,"{""hostiles_nearby"":{""Char_BigCrabHatcher_C"":1,""Char_CrabHatcher_C"":1},""nearest_hostile_cm"":1314.2}",SatisfactoryMCP inferred hazard context,true
poi_502094_1539,"{""hostiles_nearby"":{""Desc_StingerAlpha_C"":1},""nearest_hostile_cm"":693.2,""nearest_gas_cm"":2754.7,""nearest_gas_class"":""BP_SporeFlower_C""}",SatisfactoryMCP inferred hazard context,true
poi_502094_1541,"{""hostiles_nearby"":{""Char_BigCrabHatcher_C"":1,""Char_CrabHatcher_C"":1,""Desc_SpitterAquatic_Alpha_C"":1,""Desc_StingerElite_C"":1},""nearest_hostile_cm"":2633.9}",SatisfactoryMCP inferred hazard context,true
poi_502094_1542,"{""hostiles_nearby"":{""Desc_SpitterForest_Small_C"":2},""spawns_here"":[""Desc_SpitterForest_Small_C""],""nearest_hostile_cm"":1112.5}",SatisfactoryMCP inferred hazard context,true
poi_502094_1543,"{""hostiles_nearby"":{""Desc_SpitterDesert_Alpha_C"":1},""nearest_hostile_cm"":2275.6,""nearest_gas_cm"":4630.1,""nearest_gas_class"":""BP_GasPillar_03_C""}",SatisfactoryMCP inferred hazard context,true
poi_502094_1544,"{""nearest_gas_cm"":1034.0,""nearest_gas_class"":""BP_SporeFlower_C"",""inside_spore_flower_damage_sphere"":true}",SatisfactoryMCP inferred hazard context,true
poi_502094_1545,"{""hostiles_nearby"":{""Desc_HogBasic_C"":1,""Desc_SpitterForest_Small_C"":2},""spawns_here"":[""Desc_SpitterForest_Small_C""],""nearest_hostile_cm"":883.3}",SatisfactoryMCP inferred hazard context,true
poi_502094_1546,"{""nearest_uranium_cm"":341.1}",SatisfactoryMCP inferred hazard context,true
poi_502094_1547,"{""hostiles_nearby"":{""Desc_SpitterForest_Alpha_C"":1,""Desc_StingerElite_C"":1},""nearest_hostile_cm"":4098.4,""nearest_gas_cm"":1761.0,""nearest_gas_class"":""BP_GasPillar_03_C""}",SatisfactoryMCP inferred hazard context,true
poi_502094_1549,"{""hostiles_nearby"":{""Desc_SpitterForest_Small_C"":2},""nearest_hostile_cm"":3535.5}",SatisfactoryMCP inferred hazard context,true
poi_502094_1550,"{""hostiles_nearby"":{""Desc_HogBasic_C"":2,""Desc_SpitterDesert_Alpha_C"":1},""spawns_here"":[""Desc_HogBasic_C""],""nearest_hostile_cm"":858.5}",SatisfactoryMCP inferred hazard context,true
poi_502094_1551,"{""hostiles_nearby"":{""Char_BigCrabHatcher_C"":1},""nearest_hostile_cm"":672.5}",SatisfactoryMCP inferred hazard context,true
poi_502094_1552,"{""hostiles_nearby"":{""Desc_SpitterDesert_Alpha_C"":1,""Desc_SpitterDesert_Small_C"":2},""nearest_hostile_cm"":4050.0}",SatisfactoryMCP inferred hazard context,true
poi_502094_1553,"{""hostiles_nearby"":{""Desc_HogBasic_C"":1,""Desc_StingerSmall_C"":7},""nearest_hostile_cm"":2560.5}",SatisfactoryMCP inferred hazard context,true
poi_502094_1554,"{""nearest_gas_cm"":678.5,""nearest_gas_class"":""BP_SporeFlower_C"",""inside_spore_flower_damage_sphere"":true}",SatisfactoryMCP inferred hazard context,true
poi_502094_1555,"{""nearest_gas_cm"":796.4,""nearest_gas_class"":""BP_SporeFlower_C"",""inside_spore_flower_damage_sphere"":true}",SatisfactoryMCP inferred hazard context,true
poi_502094_1558,"{""hostiles_nearby"":{""Char_BigCrabHatcher_C"":1},""nearest_hostile_cm"":944.1}",SatisfactoryMCP inferred hazard context,true
poi_502094_1559,"{""hostiles_nearby"":{""Desc_SpitterAquatic_Alpha_C"":1},""nearest_hostile_cm"":3764.1}",SatisfactoryMCP inferred hazard context,true
poi_502094_1560,"{""nearest_gas_cm"":1090.9,""nearest_gas_class"":""BP_SporeFlower_C"",""inside_spore_flower_damage_sphere"":true}",SatisfactoryMCP inferred hazard context,true
poi_502094_1561,"{""hostiles_nearby"":{""Char_CrabHatcher_C"":4},""spawns_here"":[""Char_CrabHatcher_C""],""nearest_hostile_cm"":1357.9}",SatisfactoryMCP inferred hazard context,true
poi_502094_1562,"{""nearest_gas_cm"":1433.7,""nearest_gas_class"":""BP_GasPillar_03_C""}",SatisfactoryMCP inferred hazard context,true
poi_502094_1563,"{""nearest_gas_cm"":2489.0,""nearest_gas_class"":""BP_GasPillar_02_C""}",SatisfactoryMCP inferred hazard context,true
poi_502094_1564,"{""hostiles_nearby"":{""Desc_HogCliff_C"":2},""spawns_here"":[""Desc_HogCliff_C""],""nearest_hostile_cm"":2190.5}",SatisfactoryMCP inferred hazard context,true
poi_502094_1565,"{""hostiles_nearby"":{""Desc_SpitterForest_Alpha_C"":1},""nearest_hostile_cm"":1657.6}",SatisfactoryMCP inferred hazard context,true
poi_502094_1566,"{""hostiles_nearby"":{""Desc_HogBasic_C"":2},""nearest_hostile_cm"":4454.3,""nearest_gas_cm"":750.3,""nearest_gas_class"":""BP_GasPillar_02_C""}",SatisfactoryMCP inferred hazard context,true
poi_502094_1567,"{""hostiles_nearby"":{""Char_CrabHatcher_C"":3},""spawns_here"":[""Char_CrabHatcher_C""],""nearest_hostile_cm"":1600.3,""nearest_gas_cm"":2522.1,""nearest_gas_class"":""BP_GasPillar_01_C""}",SatisfactoryMCP inferred hazard context,true
poi_502094_1569,"{""hostiles_nearby"":{""Desc_StingerAlpha_C"":1},""nearest_hostile_cm"":3940.8}",SatisfactoryMCP inferred hazard context,true
poi_502094_1570,"{""hostiles_nearby"":{""Desc_HogBasic_C"":1,""Desc_SpitterDesert_Small_C"":1},""spawns_here"":[""Desc_HogBasic_C""],""nearest_hostile_cm"":436.6}",SatisfactoryMCP inferred hazard context,true
poi_502094_1571,"{""nearest_gas_cm"":663.1,""nearest_gas_class"":""BP_GasPillar_02_C""}",SatisfactoryMCP inferred hazard context,true
poi_502094_1572,"{""hostiles_nearby"":{""Desc_HogBasic_C"":1,""Desc_HogCliff_C"":1},""nearest_hostile_cm"":1205.0}",SatisfactoryMCP inferred hazard context,true
poi_502094_1573,"{""hostiles_nearby"":{""Desc_HogAlpha_C"":1},""nearest_hostile_cm"":3437.3}",SatisfactoryMCP inferred hazard context,true
poi_502094_1574,"{""hostiles_nearby"":{""Desc_SpitterForest_Red_Alpha_C"":1},""nearest_hostile_cm"":2124.0,""nearest_gas_cm"":1389.0,""nearest_gas_class"":""BP_SporeFlower_C"",""inside_spore_flower_damage_sphere"":true}",SatisfactoryMCP inferred hazard context,true
poi_502094_1576,"{""hostiles_nearby"":{""Desc_StingerAlpha_C"":1,""Desc_StingerElite_C"":1,""Desc_StingerSmall_C"":2},""nearest_hostile_cm"":2884.4,""nearest_gas_cm"":3424.8,""nearest_gas_class"":""BP_SporeFlower_C""}",SatisfactoryMCP inferred hazard context,true
poi_502094_1578,"{""hostiles_nearby"":{""Desc_SpitterForest_Alpha_C"":1},""nearest_hostile_cm"":3763.3}",SatisfactoryMCP inferred hazard context,true
poi_502094_1581,"{""hostiles_nearby"":{""Char_BigCrabHatcher_C"":1},""nearest_hostile_cm"":4394.3}",SatisfactoryMCP inferred hazard context,true
poi_502094_1582,"{""hostiles_nearby"":{""Desc_HogNuclear_C"":1},""nearest_hostile_cm"":2386.1,""nearest_nuclear_hog_spawner_cm"":2386.1}",SatisfactoryMCP inferred hazard context,true
poi_502094_1583,"{""hostiles_nearby"":{""Char_CrabHatcher_C"":2},""spawns_here"":[""Char_CrabHatcher_C""],""nearest_hostile_cm"":1257.0}",SatisfactoryMCP inferred hazard context,true
poi_502094_1584,"{""nearest_gas_cm"":3848.2,""nearest_gas_class"":""BP_GasPillar_04_C""}",SatisfactoryMCP inferred hazard context,true
poi_502094_1585,"{""hostiles_nearby"":{""Char_CrabHatcher_C"":2},""spawns_here"":[""Char_CrabHatcher_C""],""nearest_hostile_cm"":1349.1}",SatisfactoryMCP inferred hazard context,true
poi_502094_1586,"{""hostiles_nearby"":{""Desc_HogAlpha_C"":1,""Desc_HogCliff_C"":1,""Desc_StingerAlpha_C"":1},""nearest_hostile_cm"":1232.0}",SatisfactoryMCP inferred hazard context,true
poi_502094_1587,"{""hostiles_nearby"":{""Char_BigCrabHatcher_C"":1},""nearest_hostile_cm"":2997.0}",SatisfactoryMCP inferred hazard context,true
poi_502094_1588,"{""hostiles_nearby"":{""Desc_SpitterAquatic_Alpha_C"":1},""nearest_hostile_cm"":3568.8}",SatisfactoryMCP inferred hazard context,true
poi_502094_1591,"{""hostiles_nearby"":{""Desc_SpitterAquatic_Small_C"":1},""nearest_hostile_cm"":1278.4}",SatisfactoryMCP inferred hazard context,true
poi_502094_1592,"{""hostiles_nearby"":{""Desc_StingerSmall_C"":5},""nearest_hostile_cm"":336.9,""nearest_gas_cm"":1858.9,""nearest_gas_class"":""BP_GasPillar_01_C""}",SatisfactoryMCP inferred hazard context,true
poi_502094_1593,"{""hostiles_nearby"":{""Desc_HogBasic_C"":2},""nearest_hostile_cm"":4960.9}",SatisfactoryMCP inferred hazard context,true
poi_502094_1596,"{""hostiles_nearby"":{""Char_CrabHatcher_C"":2},""spawns_here"":[""Char_CrabHatcher_C""],""nearest_hostile_cm"":911.9}",SatisfactoryMCP inferred hazard context,true
poi_502094_1597,"{""hostiles_nearby"":{""Desc_StingerAlpha_C"":1},""nearest_hostile_cm"":1133.8}",SatisfactoryMCP inferred hazard context,true
poi_502094_1599,"{""hostiles_nearby"":{""Desc_StingerAlpha_C"":1},""nearest_hostile_cm"":4785.8,""nearest_gas_cm"":359.1,""nearest_gas_class"":""BP_VolumeGas_01_C""}",SatisfactoryMCP inferred hazard context,true
poi_502094_1600,"{""nearest_gas_cm"":531.8,""nearest_gas_class"":""BP_GasPillar_02_C""}",SatisfactoryMCP inferred hazard context,true
poi_502094_1601,"{""nearest_gas_cm"":518.7,""nearest_gas_class"":""BP_GasPillar_01_C""}",SatisfactoryMCP inferred hazard context,true
poi_502094_1602,"{""hostiles_nearby"":{""Char_BigCrabHatcher_C"":2,""Desc_HogCliff_C"":1},""nearest_hostile_cm"":721.1}",SatisfactoryMCP inferred hazard context,true
poi_502094_1603,"{""nearest_gas_cm"":692.9,""nearest_gas_class"":""BP_SporeFlower_C"",""inside_spore_flower_damage_sphere"":true}",SatisfactoryMCP inferred hazard context,true
poi_502094_1604,"{""nearest_gas_cm"":1112.2,""nearest_gas_class"":""BP_GasPillar_01_C""}",SatisfactoryMCP inferred hazard context,true
poi_502094_1606,"{""nearest_gas_cm"":1355.9,""nearest_gas_class"":""BP_GasPillar_03_C""}",SatisfactoryMCP inferred hazard context,true
poi_502094_1610,"{""nearest_uranium_cm"":256.3}",SatisfactoryMCP inferred hazard context,true
poi_502094_1611,"{""nearest_gas_cm"":2309.8,""nearest_gas_class"":""BP_GasPillar_01_C""}",SatisfactoryMCP inferred hazard context,true
poi_502094_1614,"{""hostiles_nearby"":{""Char_CrabHatcher_C"":2,""Desc_SpitterDesert_Small_C"":3},""spawns_here"":[""Char_CrabHatcher_C""],""nearest_hostile_cm"":1342.1}",SatisfactoryMCP inferred hazard context,true
poi_502094_1615,"{""hostiles_nearby"":{""Desc_SpitterAquatic_Alpha_C"":1},""nearest_hostile_cm"":2101.4}",SatisfactoryMCP inferred hazard context,true
poi_502094_1616,"{""hostiles_nearby"":{""Desc_SpitterAquatic_Alpha_C"":1},""nearest_hostile_cm"":3504.5}",SatisfactoryMCP inferred hazard context,true
poi_502094_1617,"{""hostiles_nearby"":{""Desc_StingerAlpha_C"":2},""nearest_hostile_cm"":2872.8,""nearest_gas_cm"":1647.2,""nearest_gas_class"":""BP_GasPillar_02_C"",""nearest_uranium_cm"":841.0}",SatisfactoryMCP inferred hazard context,true
poi_502094_1618,"{""hostiles_nearby"":{""Desc_HogCliff_C"":3},""nearest_hostile_cm"":4150.0}",SatisfactoryMCP inferred hazard context,true
poi_502094_1621,"{""hostiles_nearby"":{""Desc_SpitterForest_Alpha_C"":1},""nearest_hostile_cm"":2271.6}",SatisfactoryMCP inferred hazard context,true
poi_502094_1622,"{""hostiles_nearby"":{""Desc_StingerAlpha_C"":2},""spawns_here"":[""Desc_StingerAlpha_C""],""nearest_hostile_cm"":580.0,""nearest_gas_cm"":2319.1,""nearest_gas_class"":""BP_GasPillar_03_C""}",SatisfactoryMCP inferred hazard context,true
poi_502094_1623,"{""spawns_here"":[""Desc_StingerAlpha_C""],""nearest_gas_cm"":759.7,""nearest_gas_class"":""BP_GasPillar_01_C""}",SatisfactoryMCP inferred hazard context,true
poi_502094_1624,"{""hostiles_nearby"":{""Desc_HogAlpha_C"":1},""nearest_hostile_cm"":2624.8}",SatisfactoryMCP inferred hazard context,true
poi_502094_1627,"{""hostiles_nearby"":{""Char_BigCrabHatcher_C"":1,""Desc_HogCliff_C"":1,""Desc_SpitterForest_Small_C"":1},""nearest_hostile_cm"":850.0}",SatisfactoryMCP inferred hazard context,true
poi_502094_1628,"{""hostiles_nearby"":{""Char_CrabHatcher_C"":1,""Desc_HogAlpha_C"":1},""spawns_here"":[""Char_CrabHatcher_C""],""nearest_hostile_cm"":1035.7}",SatisfactoryMCP inferred hazard context,true
poi_502094_1629,"{""nearest_gas_cm"":1561.3,""nearest_gas_class"":""BP_GasPillar_01_C""}",SatisfactoryMCP inferred hazard context,true
poi_502094_1631,"{""hostiles_nearby"":{""Desc_HogBasic_C"":1,""Desc_SpitterDesert_Alpha_C"":1},""nearest_hostile_cm"":2339.3}",SatisfactoryMCP inferred hazard context,true
poi_502094_1632,"{""nearest_uranium_cm"":270.9}",SatisfactoryMCP inferred hazard context,true
poi_502094_1633,"{""hostiles_nearby"":{""Char_CrabHatcher_C"":3},""spawns_here"":[""Char_CrabHatcher_C""],""nearest_hostile_cm"":1246.4}",SatisfactoryMCP inferred hazard context,true
poi_502094_1634,"{""hostiles_nearby"":{""Desc_SpitterAquatic_Alpha_C"":1},""nearest_hostile_cm"":2101.0}",SatisfactoryMCP inferred hazard context,true
poi_502094_1635,"{""hostiles_nearby"":{""Desc_SpitterAquatic_Small_C"":1},""nearest_hostile_cm"":2975.3}",SatisfactoryMCP inferred hazard context,true
poi_502094_1638,"{""hostiles_nearby"":{""Desc_HogAlpha_C"":1,""Desc_HogCliff_C"":1,""Desc_SpitterForest_Alpha_C"":1},""nearest_hostile_cm"":735.2}",SatisfactoryMCP inferred hazard context,true
poi_502094_1639,"{""hostiles_nearby"":{""Desc_StingerSmall_C"":3},""spawns_here"":[""Desc_StingerSmall_C""],""nearest_hostile_cm"":442.0,""nearest_gas_cm"":1985.2,""nearest_gas_class"":""BP_GasPillar_01_C""}",SatisfactoryMCP inferred hazard context,true
poi_502094_1640,"{""hostiles_nearby"":{""Desc_SpitterAquatic_Small_C"":2},""spawns_here"":[""Desc_SpitterAquatic_Small_C""],""nearest_hostile_cm"":1648.8,""nearest_gas_cm"":4750.1,""nearest_gas_class"":""BP_GasPillar_02_C""}",SatisfactoryMCP inferred hazard context,true
poi_502094_1643,"{""hostiles_nearby"":{""Char_CrabHatcher_C"":1},""nearest_hostile_cm"":3521.4}",SatisfactoryMCP inferred hazard context,true
poi_502094_1645,"{""hostiles_nearby"":{""Char_CrabHatcher_C"":4,""Desc_HogCliff_C"":1},""spawns_here"":[""Char_CrabHatcher_C""],""nearest_hostile_cm"":1944.4}",SatisfactoryMCP inferred hazard context,true
poi_502094_1646,"{""nearest_gas_cm"":1176.6,""nearest_gas_class"":""BP_SporeFlower_C"",""inside_spore_flower_damage_sphere"":true}",SatisfactoryMCP inferred hazard context,true
poi_502094_1649,"{""nearest_gas_cm"":1867.4,""nearest_gas_class"":""BP_SporeFlower_C""}",SatisfactoryMCP inferred hazard context,true
poi_502094_1650,"{""hostiles_nearby"":{""Char_BigCrabHatcher_C"":1},""nearest_hostile_cm"":1096.8}",SatisfactoryMCP inferred hazard context,true
poi_502094_1652,"{""hostiles_nearby"":{""Desc_HogAlpha_C"":2,""Desc_HogBasic_C"":1},""nearest_hostile_cm"":4280.0}",SatisfactoryMCP inferred hazard context,true
poi_502094_1654,"{""hostiles_nearby"":{""Desc_SpitterForest_Small_Red_C"":2},""nearest_hostile_cm"":1365.7}",SatisfactoryMCP inferred hazard context,true
poi_502094_1655,"{""nearest_gas_cm"":1852.2,""nearest_gas_class"":""BP_GasPillar_03_C""}",SatisfactoryMCP inferred hazard context,true
poi_502094_1656,"{""hostiles_nearby"":{""Desc_HogAlpha_C"":1},""nearest_hostile_cm"":1069.6}",SatisfactoryMCP inferred hazard context,true
poi_502094_1659,"{""nearest_gas_cm"":1183.7,""nearest_gas_class"":""BP_SporeFlower_C"",""inside_spore_flower_damage_sphere"":true}",SatisfactoryMCP inferred hazard context,true
poi_502094_1660,"{""hostiles_nearby"":{""Desc_StingerElite_C"":1},""nearest_hostile_cm"":2638.1}",SatisfactoryMCP inferred hazard context,true
poi_502094_1661,"{""hostiles_nearby"":{""Desc_SpitterForest_Red_Alpha_C"":1},""nearest_hostile_cm"":322.8,""nearest_gas_cm"":1614.2,""nearest_gas_class"":""BP_SporeFlower_C""}",SatisfactoryMCP inferred hazard context,true
poi_502094_1662,"{""hostiles_nearby"":{""Desc_SpitterForest_Small_C"":1},""nearest_hostile_cm"":3444.0}",SatisfactoryMCP inferred hazard context,true
poi_502094_1664,"{""hostiles_nearby"":{""Desc_HogBasic_C"":2,""Desc_StingerSmall_C"":3},""spawns_here"":[""Desc_StingerSmall_C""],""nearest_hostile_cm"":288.9}",SatisfactoryMCP inferred hazard context,true
poi_502094_1665,"{""hostiles_nearby"":{""Desc_SpitterForest_Small_C"":1},""nearest_hostile_cm"":1392.3}",SatisfactoryMCP inferred hazard context,true
poi_502094_1668,"{""hostiles_nearby"":{""Desc_StingerSmall_C"":5},""nearest_hostile_cm"":841.9,""nearest_gas_cm"":2216.2,""nearest_gas_class"":""BP_GasPillar_03_C""}",SatisfactoryMCP inferred hazard context,true
poi_502094_1669,"{""hostiles_nearby"":{""Desc_HogAlpha_C"":1,""Desc_HogBasic_C"":2},""nearest_hostile_cm"":1604.0}",SatisfactoryMCP inferred hazard context,true
poi_502094_1671,"{""hostiles_nearby"":{""Desc_HogNuclear_C"":2},""nearest_hostile_cm"":736.4,""nearest_nuclear_hog_spawner_cm"":736.4}",SatisfactoryMCP inferred hazard context,true
poi_502094_1672,"{""hostiles_nearby"":{""Desc_StingerAlpha_C"":1},""nearest_hostile_cm"":4980.5}",SatisfactoryMCP inferred hazard context,true
poi_502094_1673,"{""nearest_gas_cm"":2825.9,""nearest_gas_class"":""BP_SporeFlower_C""}",SatisfactoryMCP inferred hazard context,true
poi_502094_1674,"{""nearest_gas_cm"":551.1,""nearest_gas_class"":""BP_SporeFlower_C"",""inside_spore_flower_damage_sphere"":true}",SatisfactoryMCP inferred hazard context,true
poi_502094_1676,"{""hostiles_nearby"":{""Desc_SpitterAquatic_Alpha_C"":1,""Desc_SpitterAquatic_Small_C"":2},""nearest_hostile_cm"":2546.2}",SatisfactoryMCP inferred hazard context,true
poi_502094_1677,"{""hostiles_nearby"":{""Desc_StingerElite_C"":1},""nearest_hostile_cm"":289.4,""nearest_uranium_cm"":550.9}",SatisfactoryMCP inferred hazard context,true
poi_502094_1678,"{""hostiles_nearby"":{""Desc_SpitterDesert_Alpha_C"":1},""nearest_hostile_cm"":1276.0,""nearest_uranium_cm"":178.0}",SatisfactoryMCP inferred hazard context,true
poi_502094_1679,"{""hostiles_nearby"":{""Desc_HogCliff_C"":1,""Desc_SpitterDesert_Small_C"":1},""nearest_hostile_cm"":506.6,""nearest_gas_cm"":2808.3,""nearest_gas_class"":""BP_SporeFlower_C""}",SatisfactoryMCP inferred hazard context,true
poi_502094_1680,"{""nearest_uranium_cm"":501.2}",SatisfactoryMCP inferred hazard context,true
poi_502094_1681,"{""hostiles_nearby"":{""Desc_StingerElite_C"":1},""nearest_hostile_cm"":4757.5,""nearest_gas_cm"":631.0,""nearest_gas_class"":""BP_SporeFlower_C"",""inside_spore_flower_damage_sphere"":true}",SatisfactoryMCP inferred hazard context,true
poi_502094_1682,"{""hostiles_nearby"":{""Char_CrabHatcher_C"":1},""nearest_hostile_cm"":4622.7}",SatisfactoryMCP inferred hazard context,true
poi_502094_1683,"{""nearest_gas_cm"":1234.0,""nearest_gas_class"":""BP_SporeFlower_C"",""inside_spore_flower_damage_sphere"":true}",SatisfactoryMCP inferred hazard context,true
poi_502094_1684,"{""hostiles_nearby"":{""Desc_HogAlpha_C"":1,""Desc_HogBasic_C"":1},""nearest_hostile_cm"":1427.7}",SatisfactoryMCP inferred hazard context,true
poi_502094_1685,"{""hostiles_nearby"":{""Desc_StingerAlpha_C"":2,""Desc_StingerSmall_C"":5},""nearest_hostile_cm"":1755.4}",SatisfactoryMCP inferred hazard context,true
poi_502094_1686,"{""hostiles_nearby"":{""Desc_SpitterDesert_Alpha_C"":1,""Desc_SpitterDesert_Small_C"":1},""nearest_hostile_cm"":523.6}",SatisfactoryMCP inferred hazard context,true
poi_502094_1687,"{""hostiles_nearby"":{""Desc_SpitterForest_Red_Alpha_C"":1},""nearest_hostile_cm"":414.6}",SatisfactoryMCP inferred hazard context,true
poi_502094_1688,"{""nearest_gas_cm"":701.4,""nearest_gas_class"":""BP_VolumeGas_01_C""}",SatisfactoryMCP inferred hazard context,true
poi_502094_1689,"{""nearest_gas_cm"":1527.9,""nearest_gas_class"":""BP_SporeFlower_C""}",SatisfactoryMCP inferred hazard context,true
poi_502094_1690,"{""hostiles_nearby"":{""Desc_StingerAlpha_C"":3,""Desc_StingerElite_C"":1},""spawns_here"":[""Desc_StingerElite_C""],""nearest_hostile_cm"":539.3}",SatisfactoryMCP inferred hazard context,true
poi_502094_1691,"{""hostiles_nearby"":{""Desc_SpitterForest_Alpha_C"":1},""nearest_hostile_cm"":2615.3}",SatisfactoryMCP inferred hazard context,true
poi_502094_1692,"{""nearest_gas_cm"":1073.6,""nearest_gas_class"":""BP_SporeFlower_C"",""inside_spore_flower_damage_sphere"":true}",SatisfactoryMCP inferred hazard context,true
poi_502094_1693,"{""hostiles_nearby"":{""Desc_HogAlpha_C"":1,""Desc_SpitterForest_Red_Alpha_C"":1},""nearest_hostile_cm"":503.5,""nearest_gas_cm"":241.1,""nearest_gas_class"":""BP_VolumeGas_01_C""}",SatisfactoryMCP inferred hazard context,true
poi_502094_1694,"{""hostiles_nearby"":{""Char_CrabHatcher_C"":1,""Desc_SpitterAquatic_Small_C"":2},""spawns_here"":[""Char_CrabHatcher_C""],""nearest_hostile_cm"":438.1}",SatisfactoryMCP inferred hazard context,true
poi_502094_1696,"{""hostiles_nearby"":{""Desc_StingerSmall_C"":7},""spawns_here"":[""Desc_StingerSmall_C""],""nearest_hostile_cm"":2183.6}",SatisfactoryMCP inferred hazard context,true
poi_502094_1697,"{""hostiles_nearby"":{""Char_BigCrabHatcher_C"":1,""Char_CrabHatcher_C"":2,""Desc_StingerAlpha_C"":1},""spawns_here"":[""Char_CrabHatcher_C""],""nearest_hostile_cm"":1977.6}",SatisfactoryMCP inferred hazard context,true
poi_502094_1698,"{""hostiles_nearby"":{""Desc_SpitterForest_Alpha_C"":2},""nearest_hostile_cm"":3224.7}",SatisfactoryMCP inferred hazard context,true
poi_502094_1699,"{""hostiles_nearby"":{""Desc_HogBasic_C"":2},""nearest_hostile_cm"":4627.6}",SatisfactoryMCP inferred hazard context,true
poi_502094_1700,"{""hostiles_nearby"":{""Desc_StingerAlpha_C"":1,""Desc_StingerSmall_C"":2},""nearest_hostile_cm"":2038.2}",SatisfactoryMCP inferred hazard context,true
poi_502094_1703,"{""hostiles_nearby"":{""Desc_SpitterDesert_Alpha_C"":1,""Desc_SpitterDesert_Small_C"":1},""nearest_hostile_cm"":955.9}",SatisfactoryMCP inferred hazard context,true
poi_502094_1704,"{""hostiles_nearby"":{""Desc_HogBasic_C"":2},""spawns_here"":[""Desc_HogBasic_C""],""nearest_hostile_cm"":919.8}",SatisfactoryMCP inferred hazard context,true
poi_502094_1706,"{""hostiles_nearby"":{""Desc_SpitterForest_Alpha_C"":1,""Desc_StingerAlpha_C"":1},""nearest_hostile_cm"":1706.6}",SatisfactoryMCP inferred hazard context,true
poi_502094_1707,"{""hostiles_nearby"":{""Desc_StingerSmall_C"":2},""nearest_hostile_cm"":3359.3}",SatisfactoryMCP inferred hazard context,true
poi_502094_1708,"{""hostiles_nearby"":{""Desc_StingerElite_C"":1},""nearest_hostile_cm"":4404.6,""nearest_gas_cm"":2465.6,""nearest_gas_class"":""BP_GasPillar_03_C""}",SatisfactoryMCP inferred hazard context,true
poi_502094_1709,"{""hostiles_nearby"":{""Desc_StingerElite_C"":2,""Desc_StingerSmall_C"":3},""spawns_here"":[""Desc_StingerSmall_C""],""nearest_hostile_cm"":1353.3,""nearest_gas_cm"":1224.9,""nearest_gas_class"":""BP_SporeFlower_C"",""inside_spore_flower_damage_sphere"":true}",SatisfactoryMCP inferred hazard context,true
poi_502094_1710,"{""hostiles_nearby"":{""Desc_SpitterDesert_Small_C"":2},""nearest_hostile_cm"":3790.7}",SatisfactoryMCP inferred hazard context,true
poi_502094_1711,"{""nearest_uranium_cm"":200.4}",SatisfactoryMCP inferred hazard context,true
poi_502094_1712,"{""hostiles_nearby"":{""Desc_HogAlpha_C"":1,""Desc_SpitterDesert_Small_C"":3},""nearest_hostile_cm"":3143.4}",SatisfactoryMCP inferred hazard context,true
poi_502094_1715,"{""hostiles_nearby"":{""Char_CrabHatcher_C"":1,""Desc_SpitterAquatic_Alpha_C"":1},""spawns_here"":[""Char_CrabHatcher_C""],""nearest_hostile_cm"":1960.3,""nearest_gas_cm"":4262.0,""nearest_gas_class"":""BP_GasPillar_02_C""}",SatisfactoryMCP inferred hazard context,true
poi_502094_1718,"{""hostiles_nearby"":{""Desc_HogCliff_C"":1},""nearest_hostile_cm"":3345.3}",SatisfactoryMCP inferred hazard context,true
poi_502094_1719,"{""hostiles_nearby"":{""Desc_StingerElite_C"":1},""nearest_hostile_cm"":1159.4}",SatisfactoryMCP inferred hazard context,true
poi_502094_1722,"{""hostiles_nearby"":{""Desc_HogAlpha_C"":1},""nearest_hostile_cm"":1279.2}",SatisfactoryMCP inferred hazard context,true
poi_502094_1723,"{""hostiles_nearby"":{""Desc_SpitterAquatic_Alpha_C"":1},""nearest_hostile_cm"":1364.2}",SatisfactoryMCP inferred hazard context,true
poi_502094_1724,"{""hostiles_nearby"":{""Desc_StingerElite_C"":1},""nearest_hostile_cm"":3431.6}",SatisfactoryMCP inferred hazard context,true
poi_502094_1725,"{""hostiles_nearby"":{""Desc_HogAlpha_C"":2},""nearest_hostile_cm"":3603.6}",SatisfactoryMCP inferred hazard context,true
poi_502094_1726,"{""hostiles_nearby"":{""Desc_StingerAlpha_C"":2},""nearest_hostile_cm"":750.6,""nearest_uranium_cm"":847.0}",SatisfactoryMCP inferred hazard context,true
poi_502094_1727,"{""hostiles_nearby"":{""Char_CrabHatcher_C"":2,""Desc_SpitterDesert_Alpha_C"":1},""spawns_here"":[""Char_CrabHatcher_C""],""nearest_hostile_cm"":1455.7}",SatisfactoryMCP inferred hazard context,true
poi_502094_1728,"{""nearest_gas_cm"":742.2,""nearest_gas_class"":""BP_SporeFlower_C"",""inside_spore_flower_damage_sphere"":true}",SatisfactoryMCP inferred hazard context,true
poi_502094_1729,"{""nearest_gas_cm"":2803.5,""nearest_gas_class"":""BP_SporeFlower_C""}",SatisfactoryMCP inferred hazard context,true
poi_502094_1730,"{""hostiles_nearby"":{""Desc_HogCliff_C"":1},""nearest_hostile_cm"":870.9}",SatisfactoryMCP inferred hazard context,true
poi_502094_1731,"{""hostiles_nearby"":{""Desc_SpitterForest_Red_Alpha_C"":1},""nearest_hostile_cm"":4555.9,""nearest_gas_cm"":1384.6,""nearest_gas_class"":""BP_SporeFlower_C"",""inside_spore_flower_damage_sphere"":true}",SatisfactoryMCP inferred hazard context,true
poi_502094_1732,"{""nearest_uranium_cm"":490.6}",SatisfactoryMCP inferred hazard context,true
poi_502094_1734,"{""hostiles_nearby"":{""Desc_StingerSmall_C"":5},""spawns_here"":[""Desc_StingerSmall_C""],""nearest_hostile_cm"":216.7,""nearest_gas_cm"":4217.7,""nearest_gas_class"":""BP_GasPillar_02_C""}",SatisfactoryMCP inferred hazard context,true
poi_502094_1735,"{""hostiles_nearby"":{""Desc_StingerAlpha_C"":1},""nearest_hostile_cm"":1622.3,""nearest_gas_cm"":1201.8,""nearest_gas_class"":""BP_GasPillar_01_C""}",SatisfactoryMCP inferred hazard context,true
poi_502094_1736,"{""hostiles_nearby"":{""Desc_SpitterForest_Small_C"":1,""Desc_StingerSmall_C"":2},""nearest_hostile_cm"":189.3}",SatisfactoryMCP inferred hazard context,true
poi_502094_1737,"{""hostiles_nearby"":{""Desc_HogBasic_C"":3,""Desc_HogCliff_C"":1},""nearest_hostile_cm"":1006.2}",SatisfactoryMCP inferred hazard context,true
poi_502094_1738,"{""hostiles_nearby"":{""Desc_StingerAlpha_C"":1,""Desc_StingerSmall_C"":5},""spawns_here"":[""Desc_StingerSmall_C""],""nearest_hostile_cm"":352.0,""nearest_uranium_cm"":140.4}",SatisfactoryMCP inferred hazard context,true
poi_502094_1739,"{""hostiles_nearby"":{""Desc_StingerAlpha_C"":1},""nearest_hostile_cm"":2886.6,""nearest_gas_cm"":2058.5,""nearest_gas_class"":""BP_SporeFlower_C""}",SatisfactoryMCP inferred hazard context,true
poi_502094_1740,"{""hostiles_nearby"":{""Desc_SpitterForest_Small_C"":1},""nearest_hostile_cm"":3455.5}",SatisfactoryMCP inferred hazard context,true
poi_502094_1741,"{""hostiles_nearby"":{""Char_BigCrabHatcher_C"":1,""Desc_SpitterAquatic_Alpha_C"":1,""Desc_StingerElite_C"":1,""Desc_StingerSmall_C"":2},""spawns_here"":[""Desc_StingerSmall_C""],""nearest_hostile_cm"":487.4}",SatisfactoryMCP inferred hazard context,true
poi_502094_1742,"{""hostiles_nearby"":{""Char_CrabHatcher_C"":2},""spawns_here"":[""Char_CrabHatcher_C""],""nearest_hostile_cm"":1627.5}",SatisfactoryMCP inferred hazard context,true
poi_502094_1743,"{""hostiles_nearby"":{""Desc_SpitterDesert_Small_C"":3},""nearest_hostile_cm"":1307.8}",SatisfactoryMCP inferred hazard context,true
poi_502094_1744,"{""hostiles_nearby"":{""Char_BigCrabHatcher_C"":1},""nearest_hostile_cm"":2914.0}",SatisfactoryMCP inferred hazard context,true
poi_502094_1745,"{""nearest_uranium_cm"":4135.7}",SatisfactoryMCP inferred hazard context,true
poi_502094_1746,"{""nearest_uranium_cm"":1087.6}",SatisfactoryMCP inferred hazard context,true
poi_502094_1747,"{""hostiles_nearby"":{""Desc_StingerAlpha_C"":1},""nearest_hostile_cm"":3613.7}",SatisfactoryMCP inferred hazard context,true
poi_502094_1748,"{""nearest_gas_cm"":1062.1,""nearest_gas_class"":""BP_SporeFlower_C"",""inside_spore_flower_damage_sphere"":true}",SatisfactoryMCP inferred hazard context,true
poi_502094_1749,"{""nearest_gas_cm"":1007.5,""nearest_gas_class"":""BP_SporeFlower_C"",""inside_spore_flower_damage_sphere"":true}",SatisfactoryMCP inferred hazard context,true
poi_502094_1750,"{""hostiles_nearby"":{""Desc_HogBasic_C"":2,""Desc_SpitterDesert_Alpha_C"":1},""nearest_hostile_cm"":1509.6}",SatisfactoryMCP inferred hazard context,true
poi_502094_1751,"{""hostiles_nearby"":{""Desc_StingerAlpha_C"":1},""spawns_here"":[""Desc_StingerAlpha_C""],""nearest_hostile_cm"":664.0,""nearest_gas_cm"":1834.6,""nearest_gas_class"":""BP_GasPillar_02_C""}",SatisfactoryMCP inferred hazard context,true
poi_502094_1752,"{""hostiles_nearby"":{""Desc_StingerElite_C"":1},""nearest_hostile_cm"":332.5}",SatisfactoryMCP inferred hazard context,true
poi_502094_1753,"{""hostiles_nearby"":{""Char_BigCrabHatcher_C"":1,""Desc_SpitterForest_Alpha_C"":1},""nearest_hostile_cm"":1371.1,""nearest_gas_cm"":1318.2,""nearest_gas_class"":""BP_VolumeGas_01_C""}",SatisfactoryMCP inferred hazard context,true
poi_502094_1754,"{""hostiles_nearby"":{""Desc_SpitterForest_Small_C"":2},""nearest_hostile_cm"":1124.9,""nearest_gas_cm"":2657.1,""nearest_gas_class"":""BP_SporeFlower_C""}",SatisfactoryMCP inferred hazard context,true
poi_502094_1755,"{""hostiles_nearby"":{""Desc_HogCliff_C"":1},""nearest_hostile_cm"":678.0}",SatisfactoryMCP inferred hazard context,true
poi_502094_1756,"{""hostiles_nearby"":{""Desc_SpitterForest_Small_C"":2},""nearest_hostile_cm"":1994.1}",SatisfactoryMCP inferred hazard context,true
poi_502094_1757,"{""hostiles_nearby"":{""Desc_StingerAlpha_C"":1,""Desc_StingerSmall_C"":3},""nearest_hostile_cm"":433.9,""nearest_uranium_cm"":108.8}",SatisfactoryMCP inferred hazard context,true
poi_502094_1758,"{""nearest_gas_cm"":1912.3,""nearest_gas_class"":""BP_GasPillar_03_C""}",SatisfactoryMCP inferred hazard context,true
poi_502094_1759,"{""hostiles_nearby"":{""Desc_SpitterAquatic_Alpha_C"":2},""nearest_hostile_cm"":1689.6}",SatisfactoryMCP inferred hazard context,true
poi_502094_1760,"{""hostiles_nearby"":{""Desc_StingerAlpha_C"":1,""Desc_StingerSmall_C"":5},""spawns_here"":[""Desc_StingerSmall_C""],""nearest_hostile_cm"":1151.0}",SatisfactoryMCP inferred hazard context,true
poi_502094_1761,"{""hostiles_nearby"":{""Desc_SpitterDesert_Small_C"":1},""nearest_hostile_cm"":1339.7}",SatisfactoryMCP inferred hazard context,true
poi_502094_1762,"{""hostiles_nearby"":{""Desc_StingerSmall_C"":6},""nearest_hostile_cm"":2845.6}",SatisfactoryMCP inferred hazard context,true
poi_502094_1763,"{""hostiles_nearby"":{""Char_BigCrabHatcher_C"":1,""Desc_SpitterAquatic_Alpha_C"":1},""nearest_hostile_cm"":614.6,""nearest_uranium_cm"":463.2}",SatisfactoryMCP inferred hazard context,true
poi_502094_1764,"{""hostiles_nearby"":{""Desc_SpitterDesert_Small_C"":1},""nearest_hostile_cm"":3422.4}",SatisfactoryMCP inferred hazard context,true
