schematic_id,display_name,schematic_type,tech_tier,time_to_complete_sec,dependencies_block_access,hidden_until_dependencies_met,include_in_builds,full_name,game_build_id,source_id
Schematic_StartingRecipes_C,Starting Blueprints,EST_Custom,0,0.000000,False,False,IIB_PublicBuilds,BlueprintGeneratedClass /Game/FactoryGame/Schematics/Schematic_StartingRecipes.Schematic_StartingRecipes_C,docs_a81d250e96aa,local_game_docs_en_us
Schematic_SaveCompatibility_C,Save Compatibility,EST_Custom,0,0.000000,False,False,IIB_PublicBuilds,BlueprintGeneratedClass /Game/FactoryGame/Schematics/Schematic_SaveCompatibility.Schematic_SaveCompatibility_C,docs_a81d250e96aa,local_game_docs_en_us
Schematic_Tutorial1_C,HUB Upgrade 1,EST_Tutorial,0,0.000000,False,False,IIB_PublicBuilds,BlueprintGeneratedClass /Game/FactoryGame/Schematics/Tutorial/Schematic_Tutorial1.Schematic_Tutorial1_C,docs_a81d250e96aa,local_game_docs_en_us
Schematic_Tutorial1_5_C,HUB Upgrade 2,EST_Tutorial,0,0.000000,False,False,IIB_PublicBuilds,BlueprintGeneratedClass /Game/FactoryGame/Schematics/Tutorial/Schematic_Tutorial1_5.Schematic_Tutorial1_5_C,docs_a81d250e96aa,local_game_docs_en_us
Schematic_Tutorial2_C,HUB Upgrade 3,EST_Tutorial,0,0.000000,False,False,IIB_PublicBuilds,BlueprintGeneratedClass /Game/FactoryGame/Schematics/Tutorial/Schematic_Tutorial2.Schematic_Tutorial2_C,docs_a81d250e96aa,local_game_docs_en_us
Schematic_Tutorial3_C,HUB Upgrade 4,EST_Tutorial,0,0.000000,False,False,IIB_PublicBuilds,BlueprintGeneratedClass /Game/FactoryGame/Schematics/Tutorial/Schematic_Tutorial3.Schematic_Tutorial3_C,docs_a81d250e96aa,local_game_docs_en_us
Schematic_Tutorial4_C,HUB Upgrade 5,EST_Tutorial,0,0.000000,False,False,IIB_PublicBuilds,BlueprintGeneratedClass /Game/FactoryGame/Schematics/Tutorial/Schematic_Tutorial4.Schematic_Tutorial4_C,docs_a81d250e96aa,local_game_docs_en_us
Schematic_Tutorial5_C,HUB Upgrade 6,EST_Tutorial,0,0.000000,False,False,IIB_PublicBuilds,BlueprintGeneratedClass /Game/FactoryGame/Schematics/Tutorial/Schematic_Tutorial5.Schematic_Tutorial5_C,docs_a81d250e96aa,local_game_docs_en_us
Schematic_SongsOfConquest_C,Songs of Conquest Boombox Tape,EST_Custom,0,600.000000,False,False,IIB_PublicBuilds,BlueprintGeneratedClass /Game/FactoryGame/Schematics/Tapes/Schematic_SongsOfConquest.Schematic_SongsOfConquest_C,docs_a81d250e96aa,local_game_docs_en_us
Schematic_Sanctum2_C,Sanctum 2 Boombox Tape,EST_ResourceSink,0,600.000000,False,False,IIB_PublicBuilds,BlueprintGeneratedClass /Game/FactoryGame/Schematics/Tapes/Schematic_Sanctum2.Schematic_Sanctum2_C,docs_a81d250e96aa,local_game_docs_en_us
Schematic_Sanctum_C,Sanctum Boombox Tape,EST_ResourceSink,0,600.000000,False,False,IIB_PublicBuilds,BlueprintGeneratedClass /Game/FactoryGame/Schematics/Tapes/Schematic_Sanctum.Schematic_Sanctum_C,docs_a81d250e96aa,local_game_docs_en_us
Schematic_LeMichael_C,Le Michael Boombox Tape,EST_ResourceSink,0,600.000000,False,False,IIB_PublicBuilds,BlueprintGeneratedClass /Game/FactoryGame/Schematics/Tapes/Schematic_LeMichael.Schematic_LeMichael_C,docs_a81d250e96aa,local_game_docs_en_us
Schematic_JoelSyntholm_C,Joel Syntholm Boombox Tape,EST_ResourceSink,0,600.000000,False,False,IIB_PublicBuilds,BlueprintGeneratedClass /Game/FactoryGame/Schematics/Tapes/Schematic_JoelSyntholm.Schematic_JoelSyntholm_C,docs_a81d250e96aa,local_game_docs_en_us
Schematic_Huntdown_C,Huntdown Boombox Tape,EST_Custom,0,600.000000,False,False,IIB_PublicBuilds,BlueprintGeneratedClass /Game/FactoryGame/Schematics/Tapes/Schematic_Huntdown.Schematic_Huntdown_C,docs_a81d250e96aa,local_game_docs_en_us
Schematic_Goat_C,Goat Music Boombox Tape,EST_ResourceSink,0,600.000000,False,False,IIB_PublicBuilds,BlueprintGeneratedClass /Game/FactoryGame/Schematics/Tapes/Schematic_Goat.Schematic_Goat_C,docs_a81d250e96aa,local_game_docs_en_us
Schematic_FicsmasHits_C,FICSMAS Greatest Hits,EST_Custom,0,600.000000,False,False,IIB_PublicBuilds,BlueprintGeneratedClass /Game/FactoryGame/Schematics/Tapes/Schematic_FicsmasHits.Schematic_FicsmasHits_C,docs_a81d250e96aa,local_game_docs_en_us
Schematic_Ficsday2025_C,FICSIT Anniversary Boombox Tape,EST_ResourceSink,0,600.000000,False,False,IIB_PublicBuilds,BlueprintGeneratedClass /Game/FactoryGame/Schematics/Tapes/Schematic_Ficsday2025.Schematic_Ficsday2025_C,docs_a81d250e96aa,local_game_docs_en_us
Schematic_DeepRockGalactic_C,Deep Rock Galactic Boombox Tape,EST_Custom,0,600.000000,False,False,IIB_PublicBuilds,BlueprintGeneratedClass /Game/FactoryGame/Schematics/Tapes/Schematic_DeepRockGalactic.Schematic_DeepRockGalactic_C,docs_a81d250e96aa,local_game_docs_en_us
Schematic_AbsoluteFicsit_C,Absolute FICSIT Boombox Tape,EST_ResourceSink,0,600.000000,False,False,IIB_PublicBuilds,BlueprintGeneratedClass /Game/FactoryGame/Schematics/Tapes/Schematic_AbsoluteFicsit.Schematic_AbsoluteFicsit_C,docs_a81d250e96aa,local_game_docs_en_us
CBG_Colour_ConcreteSwatch_C,Concrete Color Swatch background unlock,EST_Custom,1,0.000000,False,False,IIB_PublicBuilds,BlueprintGeneratedClass /Game/FactoryGame/Schematics/ResourceSink/Customizer_Background/CBG_Colour_ConcreteSwatch.CBG_Colour_ConcreteSwatch_C,docs_a81d250e96aa,local_game_docs_en_us
Research_Quartz_1_2_C,Silica,EST_MAM,3,3.000000,False,False,IIB_PublicBuilds,BlueprintGeneratedClass /Game/FactoryGame/Schematics/Research/Quartz_RS/Research_Quartz_1_2.Research_Quartz_1_2_C,docs_a81d250e96aa,local_game_docs_en_us
Schematic_3-4_C,Basic Steel Production,EST_Milestone,3,480.000000,False,False,IIB_PublicBuilds,BlueprintGeneratedClass /Game/FactoryGame/Schematics/Progression/Schematic_3-4.Schematic_3-4_C,docs_a81d250e96aa,local_game_docs_en_us
CBG_Steel_Walls_Basic_C,Basic Steel Walls,EST_Custom,1,0.000000,False,False,IIB_PublicBuilds,BlueprintGeneratedClass /Game/FactoryGame/Schematics/ResourceSink/Customizer_Background/CBG_Steel_Walls_Basic.CBG_Steel_Walls_Basic_C,docs_a81d250e96aa,local_game_docs_en_us
CBG_Concrete_Walls_Basic_C,Basic Concrete Walls,EST_Custom,1,0.000000,False,False,IIB_PublicBuilds,BlueprintGeneratedClass /Game/FactoryGame/Schematics/ResourceSink/Customizer_Background/CBG_Concrete_Walls_Basic.CBG_Concrete_Walls_Basic_C,docs_a81d250e96aa,local_game_docs_en_us
Schematic_1-1_C,Base Building,EST_Milestone,1,120.000000,False,False,IIB_PublicBuilds,BlueprintGeneratedClass /Game/FactoryGame/Schematics/Progression/Schematic_1-1.Schematic_1-1_C,docs_a81d250e96aa,local_game_docs_en_us
CBG_Foundations_Concrete_C,Concrete Foundations & Basic Ramps,EST_Custom,1,0.000000,False,False,IIB_PublicBuilds,BlueprintGeneratedClass /Game/FactoryGame/Schematics/ResourceSink/Customizer_Background/CBG_Foundations_Concrete.CBG_Foundations_Concrete_C,docs_a81d250e96aa,local_game_docs_en_us
CBG_Foundations_Metal_C,Metal Foundations & Basic Ramps,EST_Custom,1,0.000000,False,False,IIB_PublicBuilds,BlueprintGeneratedClass /Game/FactoryGame/Schematics/ResourceSink/Customizer_Background/CBG_Foundations_Metal.CBG_Foundations_Metal_C,docs_a81d250e96aa,local_game_docs_en_us
CBG_Foundations_Asphalt_C,Asphalt Foundations & Basic Ramps,EST_Custom,1,0.000000,False,False,IIB_PublicBuilds,BlueprintGeneratedClass /Game/FactoryGame/Schematics/ResourceSink/Customizer_Background/CBG_Foundations_Asphalt.CBG_Foundations_Asphalt_C,docs_a81d250e96aa,local_game_docs_en_us
ResourceSink_CyberWagon_Unlock_C,Cyber Wagon available in the AWESOME Shop,EST_Custom,1,0.000000,False,True,IIB_PublicBuilds,BlueprintGeneratedClass /Game/FactoryGame/Schematics/ResourceSink/ResourceSink_CyberWagon_Unlock.ResourceSink_CyberWagon_Unlock_C,docs_a81d250e96aa,local_game_docs_en_us
CBG_Foundations_Coated_C,Coated Concrete Foundations & Basic Ramps,EST_Custom,1,0.000000,False,False,IIB_PublicBuilds,BlueprintGeneratedClass /Game/FactoryGame/Schematics/ResourceSink/Customizer_Background/CBG_Foundations_Coated.CBG_Foundations_Coated_C,docs_a81d250e96aa,local_game_docs_en_us
Schematic_5-1-1_C,Oil Processing 2,EST_Custom,5,0.000000,False,False,IIB_PublicBuilds,BlueprintGeneratedClass /Game/FactoryGame/Schematics/Progression/Schematic_5-1-1.Schematic_5-1-1_C,docs_a81d250e96aa,local_game_docs_en_us
Schematic_5-1_C,Oil Processing,EST_Milestone,5,600.000000,False,False,IIB_PublicBuilds,BlueprintGeneratedClass /Game/FactoryGame/Schematics/Progression/Schematic_5-1.Schematic_5-1_C,docs_a81d250e96aa,local_game_docs_en_us
Schematic_4-4_C,Hypertubes,EST_Milestone,4,600.000000,False,False,IIB_PublicBuilds,BlueprintGeneratedClass /Game/FactoryGame/Schematics/Progression/Schematic_4-4.Schematic_4-4_C,docs_a81d250e96aa,local_game_docs_en_us
CustomizerUnlock_ColourSwatches_C,Customizer Color Swatches,EST_Custom,0,0.000000,False,False,IIB_PublicBuilds,BlueprintGeneratedClass /Game/FactoryGame/Schematics/Progression/CustomizerUnlock_ColourSwatches.CustomizerUnlock_ColourSwatches_C,docs_a81d250e96aa,local_game_docs_en_us
Research_Caterium_4_2_C,Power Poles Mk.2,EST_MAM,3,3.000000,False,False,IIB_PublicBuilds,BlueprintGeneratedClass /Game/FactoryGame/Schematics/Research/Caterium_RS/Research_Caterium_4_2.Research_Caterium_4_2_C,docs_a81d250e96aa,local_game_docs_en_us
Research_Caterium_6_2_C,Power Poles Mk.3,EST_MAM,3,3.000000,False,False,IIB_PublicBuilds,BlueprintGeneratedClass /Game/FactoryGame/Schematics/Research/Caterium_RS/Research_Caterium_6_2.Research_Caterium_6_2_C,docs_a81d250e96aa,local_game_docs_en_us
Schematic_2-5_C,Resource Sink Bonus Program,EST_Milestone,2,300.000000,False,False,IIB_PublicBuilds,BlueprintGeneratedClass /Game/FactoryGame/Schematics/Progression/Schematic_2-5.Schematic_2-5_C,docs_a81d250e96aa,local_game_docs_en_us
CustomizerUnlock_PipelineSwatch_C,Pipeline Swatch,EST_Custom,0,0.000000,True,False,IIB_PublicBuilds,BlueprintGeneratedClass /Game/FactoryGame/Schematics/Progression/CustomizerUnlock_PipelineSwatch.CustomizerUnlock_PipelineSwatch_C,docs_a81d250e96aa,local_game_docs_en_us
Schematic_3-1_C,Coal Power,EST_Milestone,3,480.000000,False,False,IIB_PublicBuilds,BlueprintGeneratedClass /Game/FactoryGame/Schematics/Progression/Schematic_3-1.Schematic_3-1_C,docs_a81d250e96aa,local_game_docs_en_us
Research_PowerSlugs_3_C,Slug Scanning,EST_MAM,3,3.000000,False,False,IIB_PublicBuilds,BlueprintGeneratedClass /Game/FactoryGame/Schematics/Research/PowerSlugs_RS/Research_PowerSlugs_3.Research_PowerSlugs_3_C,docs_a81d250e96aa,local_game_docs_en_us
CBG_Ramps_Inverted_Asphalt_C,Asphalt Inverted Ramps,EST_Custom,1,0.000000,True,False,IIB_PublicBuilds,BlueprintGeneratedClass /Game/FactoryGame/Schematics/ResourceSink/Customizer_Background/CBG_Ramps_Inverted_Asphalt.CBG_Ramps_Inverted_Asphalt_C,docs_a81d250e96aa,local_game_docs_en_us
ResourceSink_Customizer_Asphalt_FoundationMaterial_C,Asphalt Foundation Material,EST_ResourceSink,1,0.000000,False,False,IIB_PublicBuilds,BlueprintGeneratedClass /Game/FactoryGame/Schematics/ResourceSink/Customizer/ResourceSink_Customizer_Asphalt_FoundationMaterial.ResourceSink_Customizer_Asphalt_FoundationMaterial_C,docs_a81d250e96aa,local_game_docs_en_us
CBG_ExtensionQuarterPipes_Asphalt_C,Asphalt Quarter PIpe Extensions,EST_Custom,0,0.000000,True,False,IIB_PublicBuilds,BlueprintGeneratedClass /Game/FactoryGame/Schematics/ResourceSink/Customizer_Background/CBG_ExtensionQuarterPipes_Asphalt.CBG_ExtensionQuarterPipes_Asphalt_C,docs_a81d250e96aa,local_game_docs_en_us
ResourceSink_QuarterPipeExtensions_C,Quarter Pipe Extensions Pack,EST_ResourceSink,1,0.000000,False,False,IIB_PublicBuilds,BlueprintGeneratedClass /Game/FactoryGame/Schematics/ResourceSink/ResourceSink_QuarterPipeExtensions.ResourceSink_QuarterPipeExtensions_C,docs_a81d250e96aa,local_game_docs_en_us
CBG_ExtensionQuarterPipes_Concrete_C,Concrete Quarter PIpe Extensions,EST_Custom,0,0.000000,True,False,IIB_PublicBuilds,BlueprintGeneratedClass /Game/FactoryGame/Schematics/ResourceSink/Customizer_Background/CBG_ExtensionQuarterPipes_Concrete.CBG_ExtensionQuarterPipes_Concrete_C,docs_a81d250e96aa,local_game_docs_en_us
ResourceSink_Customizer_Concrete_FoundationMaterial_C,Concrete Foundation Material,EST_ResourceSink,1,0.000000,False,False,IIB_PublicBuilds,BlueprintGeneratedClass /Game/FactoryGame/Schematics/ResourceSink/Customizer/ResourceSink_Customizer_Concrete_FoundationMaterial.ResourceSink_Customizer_Concrete_FoundationMaterial_C,docs_a81d250e96aa,local_game_docs_en_us
CBG_Half_Foundations_Concrete_C,Concrete Half Foundations,EST_Custom,1,0.000000,True,False,IIB_PublicBuilds,BlueprintGeneratedClass /Game/FactoryGame/Schematics/ResourceSink/Customizer_Background/CBG_Half_Foundations_Concrete.CBG_Half_Foundations_Concrete_C,docs_a81d250e96aa,local_game_docs_en_us
ResourceSink_HalfFoundations_C,Half Foundation Set,EST_ResourceSink,1,0.000000,False,False,IIB_PublicBuilds,BlueprintGeneratedClass /Game/FactoryGame/Schematics/ResourceSink/ResourceSink_HalfFoundations.ResourceSink_HalfFoundations_C,docs_a81d250e96aa,local_game_docs_en_us
CBG_Half_Foundations_Asphalt_C,Asphalt Half Foundations,EST_Custom,1,0.000000,True,False,IIB_PublicBuilds,BlueprintGeneratedClass /Game/FactoryGame/Schematics/ResourceSink/Customizer_Background/CBG_Half_Foundations_Asphalt.CBG_Half_Foundations_Asphalt_C,docs_a81d250e96aa,local_game_docs_en_us
CBG_Half_Foundations_Metal_C,Grip Metal Half Foundations,EST_Custom,1,0.000000,True,False,IIB_PublicBuilds,BlueprintGeneratedClass /Game/FactoryGame/Schematics/ResourceSink/Customizer_Background/CBG_Half_Foundations_Metal.CBG_Half_Foundations_Metal_C,docs_a81d250e96aa,local_game_docs_en_us
ResourceSink_Customizer_GripMetal_FoundationMaterial_C,Grip Metal Foundation Material,EST_ResourceSink,1,0.000000,False,False,IIB_PublicBuilds,BlueprintGeneratedClass /Game/FactoryGame/Schematics/ResourceSink/Customizer/ResourceSink_Customizer_GripMetal_FoundationMaterial.ResourceSink_Customizer_GripMetal_FoundationMaterial_C,docs_a81d250e96aa,local_game_docs_en_us
CBG_ExtensionQuarterPipes_GripMetal_C,Grip Metal Quarter PIpe Extensions,EST_Custom,0,0.000000,True,False,IIB_PublicBuilds,BlueprintGeneratedClass /Game/FactoryGame/Schematics/ResourceSink/Customizer_Background/CBG_ExtensionQuarterPipes_GripMetal.CBG_ExtensionQuarterPipes_GripMetal_C,docs_a81d250e96aa,local_game_docs_en_us
CBG_QuarterPipes_GripMetal_C,Grip Metal Quarter PIpes,EST_Custom,0,0.000000,True,False,IIB_PublicBuilds,BlueprintGeneratedClass /Game/FactoryGame/Schematics/ResourceSink/Customizer_Background/CBG_QuarterPipes_GripMetal.CBG_QuarterPipes_GripMetal_C,docs_a81d250e96aa,local_game_docs_en_us
ResourceSink_CurvedFoundationPack_C,Quarter Pipes Pack,EST_ResourceSink,1,0.000000,False,False,IIB_PublicBuilds,BlueprintGeneratedClass /Game/FactoryGame/Schematics/ResourceSink/ResourceSink_CurvedFoundationPack.ResourceSink_CurvedFoundationPack_C,docs_a81d250e96aa,local_game_docs_en_us
CBG_QuarterPipes_Asphalt_C,Asphalt Quarter PIpes,EST_Custom,0,0.000000,True,False,IIB_PublicBuilds,BlueprintGeneratedClass /Game/FactoryGame/Schematics/ResourceSink/Customizer_Background/CBG_QuarterPipes_Asphalt.CBG_QuarterPipes_Asphalt_C,docs_a81d250e96aa,local_game_docs_en_us
CBG_QuarterPipes_Coated_C,Polished Concrete Quarter PIpes,EST_Custom,0,0.000000,True,False,IIB_PublicBuilds,BlueprintGeneratedClass /Game/FactoryGame/Schematics/ResourceSink/Customizer_Background/CBG_QuarterPipes_Coated.CBG_QuarterPipes_Coated_C,docs_a81d250e96aa,local_game_docs_en_us
ResourceSink_Customizer_PolishedConcrete_FoundationMaterial_C,Coated Concrete Foundation Material,EST_ResourceSink,1,0.000000,False,False,IIB_PublicBuilds,BlueprintGeneratedClass /Game/FactoryGame/Schematics/ResourceSink/Customizer/ResourceSink_Customizer_PolishedConcrete_FoundationMaterial.ResourceSink_Customizer_PolishedConcrete_FoundationMaterial_C,docs_a81d250e96aa,local_game_docs_en_us
CBG_ExtensionQuarterPipes_Polished_C,Polished Concrete Quarter PIpe Extensions,EST_Custom,0,0.000000,True,False,IIB_PublicBuilds,BlueprintGeneratedClass /Game/FactoryGame/Schematics/ResourceSink/Customizer_Background/CBG_ExtensionQuarterPipes_Polished.CBG_ExtensionQuarterPipes_Polished_C,docs_a81d250e96aa,local_game_docs_en_us
CBG_Half_Foundations_Polished_C,Polished Concrete Half Foundations,EST_Custom,1,0.000000,True,False,IIB_PublicBuilds,BlueprintGeneratedClass /Game/FactoryGame/Schematics/ResourceSink/Customizer_Background/CBG_Half_Foundations_Polished.CBG_Half_Foundations_Polished_C,docs_a81d250e96aa,local_game_docs_en_us
CBG_Ramps_Corners_Coated_C,Coated Concrete Corner Ramps,EST_Custom,1,0.000000,True,False,IIB_PublicBuilds,BlueprintGeneratedClass /Game/FactoryGame/Schematics/ResourceSink/Customizer_Background/CBG_Ramps_Corners_Coated.CBG_Ramps_Corners_Coated_C,docs_a81d250e96aa,local_game_docs_en_us
ResourceSink_DiagonalRamps_C,Corner Ramp Pack,EST_ResourceSink,1,0.000000,False,False,IIB_PublicBuilds,BlueprintGeneratedClass /Game/FactoryGame/Schematics/ResourceSink/ResourceSink_DiagonalRamps.ResourceSink_DiagonalRamps_C,docs_a81d250e96aa,local_game_docs_en_us
CBG_Ramps_Corners_Asphalt_C,Asphalt Corner Ramps,EST_Custom,1,0.000000,True,False,IIB_PublicBuilds,BlueprintGeneratedClass /Game/FactoryGame/Schematics/ResourceSink/Customizer_Background/CBG_Ramps_Corners_Asphalt.CBG_Ramps_Corners_Asphalt_C,docs_a81d250e96aa,local_game_docs_en_us
CBG_Ramps_Corners_Concrete_C,Concrete Corner Ramps,EST_Custom,1,0.000000,True,False,IIB_PublicBuilds,BlueprintGeneratedClass /Game/FactoryGame/Schematics/ResourceSink/Customizer_Background/CBG_Ramps_Corners_Concrete.CBG_Ramps_Corners_Concrete_C,docs_a81d250e96aa,local_game_docs_en_us
CBG_Ramps_Corners_Metal_C,Metal Corner Ramps,EST_Custom,1,0.000000,True,False,IIB_PublicBuilds,BlueprintGeneratedClass /Game/FactoryGame/Schematics/ResourceSink/Customizer_Background/CBG_Ramps_Corners_Metal.CBG_Ramps_Corners_Metal_C,docs_a81d250e96aa,local_game_docs_en_us
ResourceSink_FoundationExpansionPack_C,Double Ramp Set,EST_ResourceSink,1,0.000000,False,False,IIB_PublicBuilds,BlueprintGeneratedClass /Game/FactoryGame/Schematics/ResourceSink/ResourceSink_FoundationExpansionPack.ResourceSink_FoundationExpansionPack_C,docs_a81d250e96aa,local_game_docs_en_us
CBG_Ramps_Double_Asphalt_C,Asphalt Double Ramps,EST_Custom,1,0.000000,True,False,IIB_PublicBuilds,BlueprintGeneratedClass /Game/FactoryGame/Schematics/ResourceSink/Customizer_Background/CBG_Ramps_Double_Asphalt.CBG_Ramps_Double_Asphalt_C,docs_a81d250e96aa,local_game_docs_en_us
CBG_Ramps_Double_Coated_C,Coated Concrete Double Ramps,EST_Custom,1,0.000000,True,False,IIB_PublicBuilds,BlueprintGeneratedClass /Game/FactoryGame/Schematics/ResourceSink/Customizer_Background/CBG_Ramps_Double_Coated.CBG_Ramps_Double_Coated_C,docs_a81d250e96aa,local_game_docs_en_us
CBG_Ramps_Double_Concrete_C,Concrete Double Ramps,EST_Custom,1,0.000000,True,False,IIB_PublicBuilds,BlueprintGeneratedClass /Game/FactoryGame/Schematics/ResourceSink/Customizer_Background/CBG_Ramps_Double_Concrete.CBG_Ramps_Double_Concrete_C,docs_a81d250e96aa,local_game_docs_en_us
CBG_Ramps_Double_Metal_C,Metal Double Ramps,EST_Custom,1,0.000000,True,False,IIB_PublicBuilds,BlueprintGeneratedClass /Game/FactoryGame/Schematics/ResourceSink/Customizer_Background/CBG_Ramps_Double_Metal.CBG_Ramps_Double_Metal_C,docs_a81d250e96aa,local_game_docs_en_us
ResourceSink_InvertedCornerRamps_C,Inverted Corner Ramp Pack,EST_ResourceSink,1,0.000000,False,False,IIB_PublicBuilds,BlueprintGeneratedClass /Game/FactoryGame/Schematics/ResourceSink/ResourceSink_InvertedCornerRamps.ResourceSink_InvertedCornerRamps_C,docs_a81d250e96aa,local_game_docs_en_us
CBG_Ramps_InvCorners_Asphalt_C,Asphalt Inverted corner Ramps,EST_Custom,1,0.000000,True,False,IIB_PublicBuilds,BlueprintGeneratedClass /Game/FactoryGame/Schematics/ResourceSink/Customizer_Background/CBG_Ramps_InvCorners_Asphalt.CBG_Ramps_InvCorners_Asphalt_C,docs_a81d250e96aa,local_game_docs_en_us
CBG_Ramps_InvCorners_Coated_C,Coated Concrete Inverted Corner Ramps,EST_Custom,1,0.000000,True,False,IIB_PublicBuilds,BlueprintGeneratedClass /Game/FactoryGame/Schematics/ResourceSink/Customizer_Background/CBG_Ramps_InvCorners_Coated.CBG_Ramps_InvCorners_Coated_C,docs_a81d250e96aa,local_game_docs_en_us
CBG_Ramps_InvCorners_Concrete_C,Concrete Inverted corner Ramps,EST_Custom,1,0.000000,True,False,IIB_PublicBuilds,BlueprintGeneratedClass /Game/FactoryGame/Schematics/ResourceSink/Customizer_Background/CBG_Ramps_InvCorners_Concrete.CBG_Ramps_InvCorners_Concrete_C,docs_a81d250e96aa,local_game_docs_en_us
CBG_Ramps_InvCorners_Metal_C,Metal Inverted Corner Ramps,EST_Custom,1,0.000000,True,False,IIB_PublicBuilds,BlueprintGeneratedClass /Game/FactoryGame/Schematics/ResourceSink/Customizer_Background/CBG_Ramps_InvCorners_Metal.CBG_Ramps_InvCorners_Metal_C,docs_a81d250e96aa,local_game_docs_en_us
ResourceSink_InvertedRampPack_C,Inverted Ramp Set,EST_ResourceSink,1,0.000000,False,False,IIB_PublicBuilds,BlueprintGeneratedClass /Game/FactoryGame/Schematics/ResourceSink/ResourceSink_InvertedRampPack.ResourceSink_InvertedRampPack_C,docs_a81d250e96aa,local_game_docs_en_us
CBG_Ramps_Inverted_Coated_C,Coated Concrete Inverted Ramps,EST_Custom,1,0.000000,True,False,IIB_PublicBuilds,BlueprintGeneratedClass /Game/FactoryGame/Schematics/ResourceSink/Customizer_Background/CBG_Ramps_Inverted_Coated.CBG_Ramps_Inverted_Coated_C,docs_a81d250e96aa,local_game_docs_en_us
CBG_Ramps_Inverted_Concrete_C,Concrete Inverted Ramps,EST_Custom,1,0.000000,True,False,IIB_PublicBuilds,BlueprintGeneratedClass /Game/FactoryGame/Schematics/ResourceSink/Customizer_Background/CBG_Ramps_Inverted_Concrete.CBG_Ramps_Inverted_Concrete_C,docs_a81d250e96aa,local_game_docs_en_us
CBG_Ramps_Inverted_Metal_C,Metal Inverted Ramps,EST_Custom,1,0.000000,True,False,IIB_PublicBuilds,BlueprintGeneratedClass /Game/FactoryGame/Schematics/ResourceSink/Customizer_Background/CBG_Ramps_Inverted_Metal.CBG_Ramps_Inverted_Metal_C,docs_a81d250e96aa,local_game_docs_en_us
ResourceSink_Ladders_C,Factory Ladder,EST_ResourceSink,1,0.000000,False,False,IIB_PublicBuilds,BlueprintGeneratedClass /Game/FactoryGame/Schematics/ResourceSink/ResourceSink_Ladders.ResourceSink_Ladders_C,docs_a81d250e96aa,local_game_docs_en_us
ResourceSink_FrameworkFoundations_C,Structural Frame Set,EST_ResourceSink,1,0.000000,False,False,IIB_PublicBuilds,BlueprintGeneratedClass /Game/FactoryGame/Schematics/ResourceSink/ResourceSink_FrameworkFoundations.ResourceSink_FrameworkFoundations_C,docs_a81d250e96aa,local_game_docs_en_us
ResourceSink_FactoryRailing_C,Industrial Railing,EST_ResourceSink,1,0.000000,False,False,IIB_PublicBuilds,BlueprintGeneratedClass /Game/FactoryGame/Schematics/ResourceSink/ResourceSink_FactoryRailing.ResourceSink_FactoryRailing_C,docs_a81d250e96aa,local_game_docs_en_us
ResourceSink_FactoryFence_C,Modern Railing,EST_ResourceSink,1,0.000000,False,False,IIB_PublicBuilds,BlueprintGeneratedClass /Game/FactoryGame/Schematics/ResourceSink/ResourceSink_FactoryFence.ResourceSink_FactoryFence_C,docs_a81d250e96aa,local_game_docs_en_us
ResourceSink_Walkways_C,Industrial Walkways,EST_ResourceSink,1,0.000000,False,False,IIB_PublicBuilds,BlueprintGeneratedClass /Game/FactoryGame/Schematics/ResourceSink/ResourceSink_Walkways.ResourceSink_Walkways_C,docs_a81d250e96aa,local_game_docs_en_us
ResourceSink_FoudationPillar_C,Metal Pillar Set,EST_ResourceSink,1,0.000000,False,False,IIB_PublicBuilds,BlueprintGeneratedClass /Game/FactoryGame/Schematics/ResourceSink/ResourceSink_FoudationPillar.ResourceSink_FoudationPillar_C,docs_a81d250e96aa,local_game_docs_en_us
CBG_Stairs_Coated_C,Polished Concrete Stairs,EST_Custom,1,0.000000,True,False,IIB_PublicBuilds,BlueprintGeneratedClass /Game/FactoryGame/Schematics/ResourceSink/Customizer_Background/CBG_Stairs_Coated.CBG_Stairs_Coated_C,docs_a81d250e96aa,local_game_docs_en_us
ResourceSink_FoundationStairs_C,Foundation Stairs Set,EST_ResourceSink,1,0.000000,False,False,IIB_PublicBuilds,BlueprintGeneratedClass /Game/FactoryGame/Schematics/ResourceSink/ResourceSink_FoundationStairs.ResourceSink_FoundationStairs_C,docs_a81d250e96aa,local_game_docs_en_us
CBG_Stairs_Asphalt_C,Asphalt Stairs,EST_Custom,0,0.000000,True,False,IIB_PublicBuilds,BlueprintGeneratedClass /Game/FactoryGame/Schematics/ResourceSink/Customizer_Background/CBG_Stairs_Asphalt.CBG_Stairs_Asphalt_C,docs_a81d250e96aa,local_game_docs_en_us
CBG_Stairs_Concrete_C,Concrete Stairs,EST_Custom,1,0.000000,True,False,IIB_PublicBuilds,BlueprintGeneratedClass /Game/FactoryGame/Schematics/ResourceSink/Customizer_Background/CBG_Stairs_Concrete.CBG_Stairs_Concrete_C,docs_a81d250e96aa,local_game_docs_en_us
CBG_Stairs_Metal_C,Grip Metal Stairs,EST_Custom,1,0.000000,True,False,IIB_PublicBuilds,BlueprintGeneratedClass /Game/FactoryGame/Schematics/ResourceSink/Customizer_Background/CBG_Stairs_Metal.CBG_Stairs_Metal_C,docs_a81d250e96aa,local_game_docs_en_us
CBG_QuarterPipes_Concrete_C,Concrete Quarter PIpes,EST_Custom,0,0.000000,True,False,IIB_PublicBuilds,BlueprintGeneratedClass /Game/FactoryGame/Schematics/ResourceSink/Customizer_Background/CBG_QuarterPipes_Concrete.CBG_QuarterPipes_Concrete_C,docs_a81d250e96aa,local_game_docs_en_us
ResourceSink_FactoryCart_C,FICSIT Factory Cart™,EST_ResourceSink,1,0.000000,False,False,IIB_PublicBuilds,BlueprintGeneratedClass /Game/FactoryGame/Schematics/ResourceSink/ResourceSink_FactoryCart.ResourceSink_FactoryCart_C,docs_a81d250e96aa,local_game_docs_en_us
ResourceSink_CyberWagon_C,Cyber Wagon,EST_ResourceSink,1,0.000000,False,True,IIB_PublicBuilds,BlueprintGeneratedClass /Game/FactoryGame/Schematics/ResourceSink/ResourceSink_CyberWagon.ResourceSink_CyberWagon_C,docs_a81d250e96aa,local_game_docs_en_us
ResourceSink_WallPowerPolesMK3_C,Wall Power Outlets Mk.3,EST_ResourceSink,1,0.000000,False,False,IIB_PublicBuilds,BlueprintGeneratedClass /Game/FactoryGame/Schematics/ResourceSink/ResourceSink_WallPowerPolesMK3.ResourceSink_WallPowerPolesMK3_C,docs_a81d250e96aa,local_game_docs_en_us
ResourceSink_ConveyorWallMount_C,Conveyor Wall Mount,EST_ResourceSink,1,0.000000,False,False,IIB_PublicBuilds,BlueprintGeneratedClass /Game/FactoryGame/Schematics/ResourceSink/ResourceSink_ConveyorWallMount.ResourceSink_ConveyorWallMount_C,docs_a81d250e96aa,local_game_docs_en_us
ResourceSink_ConveryWalls_Normal_C,Conveyor Walls,EST_ResourceSink,1,0.000000,False,False,IIB_PublicBuilds,BlueprintGeneratedClass /Game/FactoryGame/Schematics/ResourceSink/ResourceSink_ConveryWalls_Normal.ResourceSink_ConveryWalls_Normal_C,docs_a81d250e96aa,local_game_docs_en_us
CBG_Concrete_Walls_Conveyor_C,Conveyor Concrete Walls,EST_Custom,1,0.000000,True,False,IIB_PublicBuilds,BlueprintGeneratedClass /Game/FactoryGame/Schematics/ResourceSink/Customizer_Background/CBG_Concrete_Walls_Conveyor.CBG_Concrete_Walls_Conveyor_C,docs_a81d250e96aa,local_game_docs_en_us
ResourceSink_Customizer_ConcreteWallMaterial_C,Concrete Wall Material,EST_ResourceSink,1,0.000000,False,False,IIB_PublicBuilds,BlueprintGeneratedClass /Game/FactoryGame/Schematics/ResourceSink/Customizer/ResourceSink_Customizer_ConcreteWallMaterial.ResourceSink_Customizer_ConcreteWallMaterial_C,docs_a81d250e96aa,local_game_docs_en_us
CBG_Concrete_Walls_DiagonalDown_C,Down Diagonal Concrete Walls,EST_Custom,1,0.000000,True,False,IIB_PublicBuilds,BlueprintGeneratedClass /Game/FactoryGame/Schematics/ResourceSink/Customizer_Background/CBG_Concrete_Walls_DiagonalDown.CBG_Concrete_Walls_DiagonalDown_C,docs_a81d250e96aa,local_game_docs_en_us
ResourceSink_Diagonal_Down_Wallset_C,Inverted Ramp Wall Bundle,EST_ResourceSink,1,0.000000,False,False,IIB_PublicBuilds,BlueprintGeneratedClass /Game/FactoryGame/Schematics/ResourceSink/ResourceSink_Diagonal_Down_Wallset.ResourceSink_Diagonal_Down_Wallset_C,docs_a81d250e96aa,local_game_docs_en_us
CBG_Steel_Walls_DiagonalDown_C,Down Diagonal Steel Walls,EST_Custom,1,0.000000,True,False,IIB_PublicBuilds,BlueprintGeneratedClass /Game/FactoryGame/Schematics/ResourceSink/Customizer_Background/CBG_Steel_Walls_DiagonalDown.CBG_Steel_Walls_DiagonalDown_C,docs_a81d250e96aa,local_game_docs_en_us
ResourceSink_Customizer_SteelWallMaterial_C,Steel Wall Material,EST_ResourceSink,1,0.000000,False,False,IIB_PublicBuilds,BlueprintGeneratedClass /Game/FactoryGame/Schematics/ResourceSink/Customizer/ResourceSink_Customizer_SteelWallMaterial.ResourceSink_Customizer_SteelWallMaterial_C,docs_a81d250e96aa,local_game_docs_en_us
CBG_Steel_Walls_Conveyor_C,Conveyor Steel Walls,EST_Custom,1,0.000000,True,False,IIB_PublicBuilds,BlueprintGeneratedClass /Game/FactoryGame/Schematics/ResourceSink/Customizer_Background/CBG_Steel_Walls_Conveyor.CBG_Steel_Walls_Conveyor_C,docs_a81d250e96aa,local_game_docs_en_us
CBG_Steel_Walls_DiagonalUp_C,Up Diagonal Steel Walls,EST_Custom,1,0.000000,True,False,IIB_PublicBuilds,BlueprintGeneratedClass /Game/FactoryGame/Schematics/ResourceSink/Customizer_Background/CBG_Steel_Walls_DiagonalUp.CBG_Steel_Walls_DiagonalUp_C,docs_a81d250e96aa,local_game_docs_en_us
ResourceSink_Diagonal_Up_WallSet_C,Ramp Wall Bundle,EST_ResourceSink,1,0.000000,False,False,IIB_PublicBuilds,BlueprintGeneratedClass /Game/FactoryGame/Schematics/ResourceSink/ResourceSink_Diagonal_Up_WallSet.ResourceSink_Diagonal_Up_WallSet_C,docs_a81d250e96aa,local_game_docs_en_us
CBG_Concrete_Walls_DiagonalUp_C,Up Diagonal Concrete Walls,EST_Custom,1,0.000000,True,False,IIB_PublicBuilds,BlueprintGeneratedClass /Game/FactoryGame/Schematics/ResourceSink/Customizer_Background/CBG_Concrete_Walls_DiagonalUp.CBG_Concrete_Walls_DiagonalUp_C,docs_a81d250e96aa,local_game_docs_en_us
ResourceSink_DoorWalls_Normal_C,Door Walls,EST_ResourceSink,1,0.000000,False,False,IIB_PublicBuilds,BlueprintGeneratedClass /Game/FactoryGame/Schematics/ResourceSink/ResourceSink_DoorWalls_Normal.ResourceSink_DoorWalls_Normal_C,docs_a81d250e96aa,local_game_docs_en_us
CBG_Concrete_Walls_Doors_C,Doors Concrete Walls,EST_Custom,1,0.000000,True,False,IIB_PublicBuilds,BlueprintGeneratedClass /Game/FactoryGame/Schematics/ResourceSink/Customizer_Background/CBG_Concrete_Walls_Doors.CBG_Concrete_Walls_Doors_C,docs_a81d250e96aa,local_game_docs_en_us
CBG_Steel_Walls_Doors_C,Doors Steel Walls,EST_Custom,1,0.000000,True,False,IIB_PublicBuilds,BlueprintGeneratedClass /Game/FactoryGame/Schematics/ResourceSink/Customizer_Background/CBG_Steel_Walls_Doors.CBG_Steel_Walls_Doors_C,docs_a81d250e96aa,local_game_docs_en_us
ResourceSink_WindowedWalls_C,Windowed Walls,EST_ResourceSink,1,0.000000,False,False,IIB_PublicBuilds,BlueprintGeneratedClass /Game/FactoryGame/Schematics/ResourceSink/ResourceSink_WindowedWalls.ResourceSink_WindowedWalls_C,docs_a81d250e96aa,local_game_docs_en_us
CBG_Concrete_Walls_Windows_C,Windows Concrete Walls,EST_Custom,1,0.000000,True,False,IIB_PublicBuilds,BlueprintGeneratedClass /Game/FactoryGame/Schematics/ResourceSink/Customizer_Background/CBG_Concrete_Walls_Windows.CBG_Concrete_Walls_Windows_C,docs_a81d250e96aa,local_game_docs_en_us
CBG_Steel_Walls_WIndows_C,Windows Steel Walls,EST_Custom,1,0.000000,True,False,IIB_PublicBuilds,BlueprintGeneratedClass /Game/FactoryGame/Schematics/ResourceSink/Customizer_Background/CBG_Steel_Walls_WIndows.CBG_Steel_Walls_WIndows_C,docs_a81d250e96aa,local_game_docs_en_us
CBG_Steel_Walls_Gates_C,Gates Steel Walls,EST_Custom,1,0.000000,True,False,IIB_PublicBuilds,BlueprintGeneratedClass /Game/FactoryGame/Schematics/ResourceSink/Customizer_Background/CBG_Steel_Walls_Gates.CBG_Steel_Walls_Gates_C,docs_a81d250e96aa,local_game_docs_en_us
ResourceSink_GateWalls_C,Gates,EST_ResourceSink,1,0.000000,False,False,IIB_PublicBuilds,BlueprintGeneratedClass /Game/FactoryGame/Schematics/ResourceSink/ResourceSink_GateWalls.ResourceSink_GateWalls_C,docs_a81d250e96aa,local_game_docs_en_us
CBG_Concrete_Walls_Gates_C,Gates Concrete Walls,EST_Custom,1,0.000000,True,False,IIB_PublicBuilds,BlueprintGeneratedClass /Game/FactoryGame/Schematics/ResourceSink/Customizer_Background/CBG_Concrete_Walls_Gates.CBG_Concrete_Walls_Gates_C,docs_a81d250e96aa,local_game_docs_en_us
CBG_Steel_Walls_Tilted_C,Steel Tilted Walls,EST_Custom,1,0.000000,True,False,IIB_PublicBuilds,BlueprintGeneratedClass /Game/FactoryGame/Schematics/ResourceSink/Customizer_Background/CBG_Steel_Walls_Tilted.CBG_Steel_Walls_Tilted_C,docs_a81d250e96aa,local_game_docs_en_us
ResourceSink_Tilted_Walls_C,Tilted Walls,EST_ResourceSink,1,0.000000,False,False,IIB_PublicBuilds,BlueprintGeneratedClass /Game/FactoryGame/Schematics/ResourceSink/ResourceSink_Tilted_Walls.ResourceSink_Tilted_Walls_C,docs_a81d250e96aa,local_game_docs_en_us
CBG_Concrete_Walls_Tilted_C,Concrete Tilted Walls,EST_Custom,1,0.000000,True,False,IIB_PublicBuilds,BlueprintGeneratedClass /Game/FactoryGame/Schematics/ResourceSink/Customizer_Background/CBG_Concrete_Walls_Tilted.CBG_Concrete_Walls_Tilted_C,docs_a81d250e96aa,local_game_docs_en_us
ResourceSink_ConveyorCeilingMount_C,Conveyor Ceiling Mount,EST_ResourceSink,1,0.000000,False,False,IIB_PublicBuilds,BlueprintGeneratedClass /Game/FactoryGame/Schematics/ResourceSink/ResourceSink_ConveyorCeilingMount.ResourceSink_ConveyorCeilingMount_C,docs_a81d250e96aa,local_game_docs_en_us
ResourceSink_HyperTubeWallAttachements_C,Hypertube Wall Attachments,EST_ResourceSink,1,0.000000,False,True,IIB_PublicBuilds,BlueprintGeneratedClass /Game/FactoryGame/Schematics/ResourceSink/ResourceSink_HyperTubeWallAttachements.ResourceSink_HyperTubeWallAttachements_C,docs_a81d250e96aa,local_game_docs_en_us
ResourceSink_PipelineWallAttachments_C,Pipeline Wall Attachments,EST_ResourceSink,1,0.000000,False,True,IIB_PublicBuilds,BlueprintGeneratedClass /Game/FactoryGame/Schematics/ResourceSink/ResourceSink_PipelineWallAttachments.ResourceSink_PipelineWallAttachments_C,docs_a81d250e96aa,local_game_docs_en_us
ResourceSink_PipelineFloorHole_C,Pipeline Floor Hole,EST_ResourceSink,1,0.000000,False,True,IIB_PublicBuilds,BlueprintGeneratedClass /Game/FactoryGame/Schematics/ResourceSink/ResourceSink_PipelineFloorHole.ResourceSink_PipelineFloorHole_C,docs_a81d250e96aa,local_game_docs_en_us
ResourceSink_WallPowerPoles_C,Wall Power Outlets Mk.1,EST_ResourceSink,1,0.000000,False,False,IIB_PublicBuilds,BlueprintGeneratedClass /Game/FactoryGame/Schematics/ResourceSink/ResourceSink_WallPowerPoles.ResourceSink_WallPowerPoles_C,docs_a81d250e96aa,local_game_docs_en_us
ResourceSink_WallPowerPolesMK2_C,Wall Power Outlets Mk.2,EST_ResourceSink,1,0.000000,False,False,IIB_PublicBuilds,BlueprintGeneratedClass /Game/FactoryGame/Schematics/ResourceSink/ResourceSink_WallPowerPolesMK2.ResourceSink_WallPowerPolesMK2_C,docs_a81d250e96aa,local_game_docs_en_us
ResourceSink_VentilationBundle_C,Ventilation Bundle,EST_ResourceSink,1,0.000000,False,False,IIB_PublicBuilds,BlueprintGeneratedClass /Game/FactoryGame/Schematics/ResourceSink/ResourceSink_VentilationBundle.ResourceSink_VentilationBundle_C,docs_a81d250e96aa,local_game_docs_en_us
Research_Caterium_2_C,Quickwire,EST_MAM,3,3.000000,False,False,IIB_PublicBuilds,BlueprintGeneratedClass /Game/FactoryGame/Schematics/Research/Caterium_RS/Research_Caterium_2.Research_Caterium_2_C,docs_a81d250e96aa,local_game_docs_en_us
Schematic_4-1_C,Advanced Steel Production,EST_Milestone,4,600.000000,False,False,IIB_PublicBuilds,BlueprintGeneratedClass /Game/FactoryGame/Schematics/Progression/Schematic_4-1.Schematic_4-1_C,docs_a81d250e96aa,local_game_docs_en_us
ResourceSink_StreetLight_C,Street Light,EST_ResourceSink,1,0.000000,False,False,IIB_PublicBuilds,BlueprintGeneratedClass /Game/FactoryGame/Schematics/ResourceSink/ResourceSink_StreetLight.ResourceSink_StreetLight_C,docs_a81d250e96aa,local_game_docs_en_us
ResourceSink_CeilingLight_C,Indoor Lighting,EST_ResourceSink,1,0.000000,False,False,IIB_PublicBuilds,BlueprintGeneratedClass /Game/FactoryGame/Schematics/ResourceSink/ResourceSink_CeilingLight.ResourceSink_CeilingLight_C,docs_a81d250e96aa,local_game_docs_en_us
ResourceSink_LightTower_C,Flood Lights,EST_ResourceSink,1,0.000000,False,False,IIB_PublicBuilds,BlueprintGeneratedClass /Game/FactoryGame/Schematics/ResourceSink/ResourceSink_LightTower.ResourceSink_LightTower_C,docs_a81d250e96aa,local_game_docs_en_us
ResourceSink_StatueLizardDoggo_C,Lizard Doggo,EST_ResourceSink,1,0.000000,False,False,IIB_PublicBuilds,BlueprintGeneratedClass /Game/FactoryGame/Schematics/ResourceSink/ResourceSink_StatueLizardDoggo.ResourceSink_StatueLizardDoggo_C,docs_a81d250e96aa,local_game_docs_en_us
ResourceSink_Statue_Hoggo_C,Silver Hog,EST_ResourceSink,1,0.000000,False,False,IIB_PublicBuilds,BlueprintGeneratedClass /Game/FactoryGame/Schematics/ResourceSink/ResourceSink_Statue_Hoggo.ResourceSink_Statue_Hoggo_C,docs_a81d250e96aa,local_game_docs_en_us
ResourceSink_StatueSpaceGiraffe_C,Confusing Creature,EST_ResourceSink,1,0.000000,False,False,IIB_PublicBuilds,BlueprintGeneratedClass /Game/FactoryGame/Schematics/ResourceSink/ResourceSink_StatueSpaceGiraffe.ResourceSink_StatueSpaceGiraffe_C,docs_a81d250e96aa,local_game_docs_en_us
ResourceSink_StatueSilverPioneer_C,Pretty Good Pioneering,EST_ResourceSink,1,0.000000,False,False,IIB_PublicBuilds,BlueprintGeneratedClass /Game/FactoryGame/Schematics/ResourceSink/ResourceSink_StatueSilverPioneer.ResourceSink_StatueSilverPioneer_C,docs_a81d250e96aa,local_game_docs_en_us
ResourceSink_StatueBronzePioneer_C,Adequate Pioneering,EST_ResourceSink,1,0.000000,False,False,IIB_PublicBuilds,BlueprintGeneratedClass /Game/FactoryGame/Schematics/ResourceSink/ResourceSink_StatueBronzePioneer.ResourceSink_StatueBronzePioneer_C,docs_a81d250e96aa,local_game_docs_en_us
ResourceSink_StatueGoldPioneer_C,Satisfactory Pioneering,EST_ResourceSink,1,0.000000,False,False,IIB_PublicBuilds,BlueprintGeneratedClass /Game/FactoryGame/Schematics/ResourceSink/ResourceSink_StatueGoldPioneer.ResourceSink_StatueGoldPioneer_C,docs_a81d250e96aa,local_game_docs_en_us
ResourceSink_StatueGoldenNut_C,Golden Nut,EST_ResourceSink,1,0.000000,False,False,IIB_PublicBuilds,BlueprintGeneratedClass /Game/FactoryGame/Schematics/ResourceSink/ResourceSink_StatueGoldenNut.ResourceSink_StatueGoldenNut_C,docs_a81d250e96aa,local_game_docs_en_us
ResourceSink_StackableShelf_C,Basic Shelf Unit,EST_ResourceSink,1,1.000000,False,False,IIB_PublicBuilds,BlueprintGeneratedClass /Game/FactoryGame/Schematics/ResourceSink/ResourceSink_StackableShelf.ResourceSink_StackableShelf_C,docs_a81d250e96aa,local_game_docs_en_us
ResourceSink_Roofs_Basic_C,FICSIT Roofs,EST_ResourceSink,1,0.000000,False,False,IIB_PublicBuilds,BlueprintGeneratedClass /Game/FactoryGame/Schematics/ResourceSink/ResourceSink_Roofs_Basic.ResourceSink_Roofs_Basic_C,docs_a81d250e96aa,local_game_docs_en_us
CBG_Roofs_Basic_Steel_C,Metal Roofs Basic,EST_Custom,1,0.000000,True,False,IIB_PublicBuilds,BlueprintGeneratedClass /Game/FactoryGame/Schematics/ResourceSink/Customizer_Background/CBG_Roofs_Basic_Steel.CBG_Roofs_Basic_Steel_C,docs_a81d250e96aa,local_game_docs_en_us
ResourceSink_Customizer_SteelRoofMaterial_C,Metal Roof Material,EST_ResourceSink,1,0.000000,False,False,IIB_PublicBuilds,BlueprintGeneratedClass /Game/FactoryGame/Schematics/ResourceSink/Customizer/ResourceSink_Customizer_SteelRoofMaterial.ResourceSink_Customizer_SteelRoofMaterial_C,docs_a81d250e96aa,local_game_docs_en_us
CBG_Roofs_Corners_Steel_C,Metal Roof Corners,EST_Custom,1,0.000000,True,False,IIB_PublicBuilds,BlueprintGeneratedClass /Game/FactoryGame/Schematics/ResourceSink/Customizer_Background/CBG_Roofs_Corners_Steel.CBG_Roofs_Corners_Steel_C,docs_a81d250e96aa,local_game_docs_en_us
ResourceSink_Roofs_Corners_C,FICSIT Roof Corners,EST_ResourceSink,1,0.000000,False,False,IIB_PublicBuilds,BlueprintGeneratedClass /Game/FactoryGame/Schematics/ResourceSink/ResourceSink_Roofs_Corners.ResourceSink_Roofs_Corners_C,docs_a81d250e96aa,local_game_docs_en_us
CBG_Roofs_Corners_Glass_C,Glass Roof Corners,EST_Custom,1,0.000000,True,False,IIB_PublicBuilds,BlueprintGeneratedClass /Game/FactoryGame/Schematics/ResourceSink/Customizer_Background/CBG_Roofs_Corners_Glass.CBG_Roofs_Corners_Glass_C,docs_a81d250e96aa,local_game_docs_en_us
ResourceSink_Customizer_GlassRoofMaterial_C,Glass Roof Material,EST_ResourceSink,1,0.000000,False,False,IIB_PublicBuilds,BlueprintGeneratedClass /Game/FactoryGame/Schematics/ResourceSink/Customizer/ResourceSink_Customizer_GlassRoofMaterial.ResourceSink_Customizer_GlassRoofMaterial_C,docs_a81d250e96aa,local_game_docs_en_us
CBG_Roofs_Basic_Glass_C,Glass Roofs Basic,EST_Custom,1,0.000000,True,False,IIB_PublicBuilds,BlueprintGeneratedClass /Game/FactoryGame/Schematics/ResourceSink/Customizer_Background/CBG_Roofs_Basic_Glass.CBG_Roofs_Basic_Glass_C,docs_a81d250e96aa,local_game_docs_en_us
CBG_Roofs_Corners_Tar_C,Tar Roof Corners,EST_Custom,1,0.000000,True,False,IIB_PublicBuilds,BlueprintGeneratedClass /Game/FactoryGame/Schematics/ResourceSink/Customizer_Background/CBG_Roofs_Corners_Tar.CBG_Roofs_Corners_Tar_C,docs_a81d250e96aa,local_game_docs_en_us
ResourceSink_Customizer_TarRoofMaterial_C,Tar Roof Material,EST_ResourceSink,1,0.000000,False,False,IIB_PublicBuilds,BlueprintGeneratedClass /Game/FactoryGame/Schematics/ResourceSink/Customizer/ResourceSink_Customizer_TarRoofMaterial.ResourceSink_Customizer_TarRoofMaterial_C,docs_a81d250e96aa,local_game_docs_en_us
CBG_Roofs_Basic_Tar_C,Tar Roofs Basic,EST_Custom,1,0.000000,True,False,IIB_PublicBuilds,BlueprintGeneratedClass /Game/FactoryGame/Schematics/ResourceSink/Customizer_Background/CBG_Roofs_Basic_Tar.CBG_Roofs_Basic_Tar_C,docs_a81d250e96aa,local_game_docs_en_us
ResourceSink_PersonnelElevator_C,Personnel Elevator,EST_ResourceSink,1,0.000000,False,False,IIB_PublicBuilds,BlueprintGeneratedClass /Game/FactoryGame/Schematics/ResourceSink/ResourceSink_PersonnelElevator.ResourceSink_PersonnelElevator_C,docs_a81d250e96aa,local_game_docs_en_us
Schematic_6-5_C,Pipeline Engineering Mk.2,EST_Milestone,6,300.000000,False,False,IIB_PublicBuilds,BlueprintGeneratedClass /Game/FactoryGame/Schematics/Progression/Schematic_6-5.Schematic_6-5_C,docs_a81d250e96aa,local_game_docs_en_us
ResourceSink_NoIndicator_PipelineMK2_C,Clean Pipeline Mk.2,EST_ResourceSink,1,0.000000,False,True,IIB_PublicBuilds,BlueprintGeneratedClass /Game/FactoryGame/Schematics/ResourceSink/ResourceSink_NoIndicator_PipelineMK2.ResourceSink_NoIndicator_PipelineMK2_C,docs_a81d250e96aa,local_game_docs_en_us
ResourceSink_NoIndicator_PipelineMK1_C,Clean Pipeline Mk.1,EST_ResourceSink,1,0.000000,False,True,IIB_PublicBuilds,BlueprintGeneratedClass /Game/FactoryGame/Schematics/ResourceSink/ResourceSink_NoIndicator_PipelineMK1.ResourceSink_NoIndicator_PipelineMK1_C,docs_a81d250e96aa,local_game_docs_en_us
ResourceSink_MedicalBoxSkin_C,Medical Box - Personal Storage Skin,EST_ResourceSink,1,0.000000,False,False,IIB_PublicBuilds,BlueprintGeneratedClass /Game/FactoryGame/Schematics/ResourceSink/ResourceSink_MedicalBoxSkin.ResourceSink_MedicalBoxSkin_C,docs_a81d250e96aa,local_game_docs_en_us
ResourceSink_LightControlPanel_C,Light Control Panel,EST_ResourceSink,1,0.000000,False,False,IIB_PublicBuilds,BlueprintGeneratedClass /Game/FactoryGame/Schematics/ResourceSink/ResourceSink_LightControlPanel.ResourceSink_LightControlPanel_C,docs_a81d250e96aa,local_game_docs_en_us
Research_Quartz_1_1_C,Quartz Crystals,EST_MAM,3,3.000000,False,False,IIB_PublicBuilds,BlueprintGeneratedClass /Game/FactoryGame/Schematics/Research/Quartz_RS/Research_Quartz_1_1.Research_Quartz_1_1_C,docs_a81d250e96aa,local_game_docs_en_us
ResourceSink_LabelSigns_C,Label Sign Bundle,EST_ResourceSink,1,0.000000,False,False,IIB_PublicBuilds,BlueprintGeneratedClass /Game/FactoryGame/Schematics/ResourceSink/ResourceSink_LabelSigns.ResourceSink_LabelSigns_C,docs_a81d250e96aa,local_game_docs_en_us
ResourceSink_HyperTubeFloorHole_C,Hypertube Floor Hole,EST_ResourceSink,1,0.000000,False,True,IIB_PublicBuilds,BlueprintGeneratedClass /Game/FactoryGame/Schematics/ResourceSink/ResourceSink_HyperTubeFloorHole.ResourceSink_HyperTubeFloorHole_C,docs_a81d250e96aa,local_game_docs_en_us
ResourceSink_HazardBoxSkin_C,Hazard Box - Personal Storage Skin,EST_ResourceSink,1,0.000000,False,False,IIB_PublicBuilds,BlueprintGeneratedClass /Game/FactoryGame/Schematics/ResourceSink/ResourceSink_HazardBoxSkin.ResourceSink_HazardBoxSkin_C,docs_a81d250e96aa,local_game_docs_en_us
ResourceSink_GoldenCup_C,'Employee of the Planet' Cup,EST_ResourceSink,1,0.000000,True,True,IIB_PublicBuilds,BlueprintGeneratedClass /Game/FactoryGame/Schematics/ResourceSink/ResourceSink_GoldenCup.ResourceSink_GoldenCup_C,docs_a81d250e96aa,local_game_docs_en_us
ResourceSink_GoldenCart_Unlock_C,Golden Cart available in the AWESOME Shop,EST_Custom,1,0.000000,False,True,IIB_PublicBuilds,BlueprintGeneratedClass /Game/FactoryGame/Schematics/ResourceSink/ResourceSink_GoldenCart_Unlock.ResourceSink_GoldenCart_Unlock_C,docs_a81d250e96aa,local_game_docs_en_us
ResourceSink_GoldenCart_C,Golden FICSIT Factory Cart™,EST_ResourceSink,1,0.000000,False,True,IIB_PublicBuilds,BlueprintGeneratedClass /Game/FactoryGame/Schematics/ResourceSink/ResourceSink_GoldenCart.ResourceSink_GoldenCart_C,docs_a81d250e96aa,local_game_docs_en_us
ResourceSink_FrameWindows_C,Steel-Framed Windows,EST_ResourceSink,1,0.000000,False,False,IIB_PublicBuilds,BlueprintGeneratedClass /Game/FactoryGame/Schematics/ResourceSink/ResourceSink_FrameWindows.ResourceSink_FrameWindows_C,docs_a81d250e96aa,local_game_docs_en_us
ResourceSink_FramePillarSet_C,Frame Pillar Set,EST_ResourceSink,1,0.000000,False,False,IIB_PublicBuilds,BlueprintGeneratedClass /Game/FactoryGame/Schematics/ResourceSink/ResourceSink_FramePillarSet.ResourceSink_FramePillarSet_C,docs_a81d250e96aa,local_game_docs_en_us
ResourceSink_Fences_C,Construction Fences,EST_ResourceSink,1,0.000000,False,False,IIB_PublicBuilds,BlueprintGeneratedClass /Game/FactoryGame/Schematics/ResourceSink/ResourceSink_Fences.ResourceSink_Fences_C,docs_a81d250e96aa,local_game_docs_en_us
ResourceSink_FactoryBarrier2_C,Metal Barriers,EST_ResourceSink,1,0.000000,False,False,IIB_PublicBuilds,BlueprintGeneratedClass /Game/FactoryGame/Schematics/ResourceSink/ResourceSink_FactoryBarrier2.ResourceSink_FactoryBarrier2_C,docs_a81d250e96aa,local_game_docs_en_us
ResourceSink_FactoryBarrier_C,Road Barriers,EST_ResourceSink,1,0.000000,False,False,IIB_PublicBuilds,BlueprintGeneratedClass /Game/FactoryGame/Schematics/ResourceSink/ResourceSink_FactoryBarrier.ResourceSink_FactoryBarrier_C,docs_a81d250e96aa,local_game_docs_en_us
ResourceSink_DisplaySigns_C,Display Sign Bundle,EST_ResourceSink,1,0.000000,False,False,IIB_PublicBuilds,BlueprintGeneratedClass /Game/FactoryGame/Schematics/ResourceSink/ResourceSink_DisplaySigns.ResourceSink_DisplaySigns_C,docs_a81d250e96aa,local_game_docs_en_us
ResourceSink_ConveyorWallHole_C,Conveyor Wall Hole,EST_ResourceSink,1,0.000000,False,False,IIB_PublicBuilds,BlueprintGeneratedClass /Game/FactoryGame/Schematics/ResourceSink/ResourceSink_ConveyorWallHole.ResourceSink_ConveyorWallHole_C,docs_a81d250e96aa,local_game_docs_en_us
Research_Quartz_2_C,Crystal Oscillator,EST_MAM,3,3.000000,False,False,IIB_PublicBuilds,BlueprintGeneratedClass /Game/FactoryGame/Schematics/Research/Quartz_RS/Research_Quartz_2.Research_Quartz_2_C,docs_a81d250e96aa,local_game_docs_en_us
ResourceSink_ConveyorMonitor_C,Conveyor Throughput Monitor,EST_ResourceSink,1,0.000000,False,False,IIB_PublicBuilds,BlueprintGeneratedClass /Game/FactoryGame/Schematics/ResourceSink/ResourceSink_ConveyorMonitor.ResourceSink_ConveyorMonitor_C,docs_a81d250e96aa,local_game_docs_en_us
ResourceSink_ConveyorLiftHole_C,Conveyor Lift Floor Hole,EST_ResourceSink,1,0.000000,False,False,IIB_PublicBuilds,BlueprintGeneratedClass /Game/FactoryGame/Schematics/ResourceSink/ResourceSink_ConveyorLiftHole.ResourceSink_ConveyorLiftHole_C,docs_a81d250e96aa,local_game_docs_en_us
ResourceSink_ConcretePillarSet_C,Concrete Pillar Set,EST_ResourceSink,1,0.000000,False,False,IIB_PublicBuilds,BlueprintGeneratedClass /Game/FactoryGame/Schematics/ResourceSink/ResourceSink_ConcretePillarSet.ResourceSink_ConcretePillarSet_C,docs_a81d250e96aa,local_game_docs_en_us
ResourceSink_Checkmark_C,FICSIT Checkmark™,EST_ResourceSink,0,0.000000,False,True,IIB_PublicBuilds,BlueprintGeneratedClass /Game/FactoryGame/Schematics/ResourceSink/ResourceSink_Checkmark.ResourceSink_Checkmark_C,docs_a81d250e96aa,local_game_docs_en_us
ResourceSink_Catwalks_C,Modern Catwalks,EST_ResourceSink,1,0.000000,False,False,IIB_PublicBuilds,BlueprintGeneratedClass /Game/FactoryGame/Schematics/ResourceSink/ResourceSink_Catwalks.ResourceSink_Catwalks_C,docs_a81d250e96aa,local_game_docs_en_us
Research_ACarapace_2_1_C,Discontinued - Spiked Rebars,EST_MAM,3,3.000000,False,False,IIB_PublicBuilds,BlueprintGeneratedClass /Game/FactoryGame/Schematics/Research/AlienOrganisms_RS/Research_ACarapace_2_1.Research_ACarapace_2_1_C,docs_a81d250e96aa,local_game_docs_en_us
ResourceSink_Boombox_C,Boombox,EST_ResourceSink,1,0.000000,False,False,IIB_PublicBuilds,BlueprintGeneratedClass /Game/FactoryGame/Schematics/ResourceSink/ResourceSink_Boombox.ResourceSink_Boombox_C,docs_a81d250e96aa,local_game_docs_en_us
ResourceSink_BillboardSigns_C,Billboard Set,EST_ResourceSink,1,0.000000,False,False,IIB_PublicBuilds,BlueprintGeneratedClass /Game/FactoryGame/Schematics/ResourceSink/ResourceSink_BillboardSigns.ResourceSink_BillboardSigns_C,docs_a81d250e96aa,local_game_docs_en_us
ResourceSink_BeamSet_Cables_C,Structural Cable Pack,EST_ResourceSink,1,0.000000,False,False,IIB_PublicBuilds,BlueprintGeneratedClass /Game/FactoryGame/Schematics/ResourceSink/ResourceSink_BeamSet_Cables.ResourceSink_BeamSet_Cables_C,docs_a81d250e96aa,local_game_docs_en_us
ResourceSink_BeamSet2_C,Beam Expansion Pack,EST_ResourceSink,1,0.000000,False,False,IIB_PublicBuilds,BlueprintGeneratedClass /Game/FactoryGame/Schematics/ResourceSink/ResourceSink_BeamSet2.ResourceSink_BeamSet2_C,docs_a81d250e96aa,local_game_docs_en_us
ResourceSink_BeamSet_C,Structural Beam Pack,EST_ResourceSink,1,0.000000,False,False,IIB_PublicBuilds,BlueprintGeneratedClass /Game/FactoryGame/Schematics/ResourceSink/ResourceSink_BeamSet.ResourceSink_BeamSet_C,docs_a81d250e96aa,local_game_docs_en_us
ResourceSink_Zones_FoundationPatterns_C,Factory Zone Patterns,EST_ResourceSink,1,0.000000,False,False,IIB_PublicBuilds,BlueprintGeneratedClass /Game/FactoryGame/Schematics/ResourceSink/Patterns/ResourceSink_Zones_FoundationPatterns.ResourceSink_Zones_FoundationPatterns_C,docs_a81d250e96aa,local_game_docs_en_us
ResourceSink_UnPainted_PaintFinish_C,Unpainted Finish,EST_ResourceSink,1,0.000000,False,False,IIB_PublicBuilds,BlueprintGeneratedClass /Game/FactoryGame/Schematics/ResourceSink/Patterns/ResourceSink_UnPainted_PaintFinish.ResourceSink_UnPainted_PaintFinish_C,docs_a81d250e96aa,local_game_docs_en_us
ResourceSink_Pathways_FoundationPatterns_C,Pathway Patterns,EST_ResourceSink,1,0.000000,False,False,IIB_PublicBuilds,BlueprintGeneratedClass /Game/FactoryGame/Schematics/ResourceSink/Patterns/ResourceSink_Pathways_FoundationPatterns.ResourceSink_Pathways_FoundationPatterns_C,docs_a81d250e96aa,local_game_docs_en_us
ResourceSink_Number_FoundationPatterns_C,Number Patterns,EST_ResourceSink,1,0.000000,False,False,IIB_PublicBuilds,BlueprintGeneratedClass /Game/FactoryGame/Schematics/ResourceSink/Patterns/ResourceSink_Number_FoundationPatterns.ResourceSink_Number_FoundationPatterns_C,docs_a81d250e96aa,local_game_docs_en_us
ResourceSink_IconsTransport_FoundationPatterns_C,Transportation Icon Patterns,EST_ResourceSink,1,0.000000,False,False,IIB_PublicBuilds,BlueprintGeneratedClass /Game/FactoryGame/Schematics/ResourceSink/Patterns/ResourceSink_IconsTransport_FoundationPatterns.ResourceSink_IconsTransport_FoundationPatterns_C,docs_a81d250e96aa,local_game_docs_en_us
ResourceSink_IconsFactory_FoundationPatterns_C,Factory Icon Patterns,EST_ResourceSink,1,0.000000,False,False,IIB_PublicBuilds,BlueprintGeneratedClass /Game/FactoryGame/Schematics/ResourceSink/Patterns/ResourceSink_IconsFactory_FoundationPatterns.ResourceSink_IconsFactory_FoundationPatterns_C,docs_a81d250e96aa,local_game_docs_en_us
ResourceSink_FullLines_FoundationPatterns_C,Solid Line Patterns,EST_ResourceSink,1,0.000000,False,False,IIB_PublicBuilds,BlueprintGeneratedClass /Game/FactoryGame/Schematics/ResourceSink/Patterns/ResourceSink_FullLines_FoundationPatterns.ResourceSink_FullLines_FoundationPatterns_C,docs_a81d250e96aa,local_game_docs_en_us
ResourceSink_DotLines_FoundationPatterns_C,Dotted Line Patterns,EST_ResourceSink,1,0.000000,False,False,IIB_PublicBuilds,BlueprintGeneratedClass /Game/FactoryGame/Schematics/ResourceSink/Patterns/ResourceSink_DotLines_FoundationPatterns.ResourceSink_DotLines_FoundationPatterns_C,docs_a81d250e96aa,local_game_docs_en_us
ResourceSink_Copper_PaintFinish_C,Copper Paint Finish,EST_ResourceSink,1,0.000000,False,False,IIB_PublicBuilds,BlueprintGeneratedClass /Game/FactoryGame/Schematics/ResourceSink/Patterns/ResourceSink_Copper_PaintFinish.ResourceSink_Copper_PaintFinish_C,docs_a81d250e96aa,local_game_docs_en_us
ResourceSink_Chrome_PaintFinish_C,Chrome Paint Finish,EST_ResourceSink,1,0.000000,False,False,IIB_PublicBuilds,BlueprintGeneratedClass /Game/FactoryGame/Schematics/ResourceSink/Patterns/ResourceSink_Chrome_PaintFinish.ResourceSink_Chrome_PaintFinish_C,docs_a81d250e96aa,local_game_docs_en_us
ResourceSink_Caterium_PaintFinish_C,Caterium Paint Finish,EST_ResourceSink,1,0.000000,False,False,IIB_PublicBuilds,BlueprintGeneratedClass /Game/FactoryGame/Schematics/ResourceSink/Patterns/ResourceSink_Caterium_PaintFinish.ResourceSink_Caterium_PaintFinish_C,docs_a81d250e96aa,local_game_docs_en_us
ResourceSink_CarbonSteel_PaintFinish_C,Carbon Steel Finish,EST_ResourceSink,1,0.000000,False,False,IIB_PublicBuilds,BlueprintGeneratedClass /Game/FactoryGame/Schematics/ResourceSink/Patterns/ResourceSink_CarbonSteel_PaintFinish.ResourceSink_CarbonSteel_PaintFinish_C,docs_a81d250e96aa,local_game_docs_en_us
ResourceSink_Arrows_FoundationPatterns_C,Arrow Patterns,EST_ResourceSink,1,0.000000,False,False,IIB_PublicBuilds,BlueprintGeneratedClass /Game/FactoryGame/Schematics/ResourceSink/Patterns/ResourceSink_Arrows_FoundationPatterns.ResourceSink_Arrows_FoundationPatterns_C,docs_a81d250e96aa,local_game_docs_en_us
CBG_PatternRemoval_C,Pattern Removal,EST_Custom,1,0.000000,False,False,IIB_PublicBuilds,BlueprintGeneratedClass /Game/FactoryGame/Schematics/ResourceSink/Patterns/CBG_PatternRemoval.CBG_PatternRemoval_C,docs_a81d250e96aa,local_game_docs_en_us
Research_Quartz_4_1_C,Radio Signal Scanning,EST_MAM,3,3.000000,False,False,IIB_PublicBuilds,BlueprintGeneratedClass /Game/FactoryGame/Schematics/Research/Quartz_RS/Research_Quartz_4_1.Research_Quartz_4_1_C,docs_a81d250e96aa,local_game_docs_en_us
Research_Sulfur_3_2_1_C,Discontinued - Nobelisk Explosives,EST_MAM,3,3.000000,False,False,IIB_PublicBuilds,BlueprintGeneratedClass /Game/FactoryGame/Schematics/Research/Sulfur_RS/Research_Sulfur_3_2_1.Research_Sulfur_3_2_1_C,docs_a81d250e96aa,local_game_docs_en_us
Schematic_8-5-1_C,Particle Enrichment 2,EST_Custom,8,0.000000,False,False,IIB_PublicBuilds,BlueprintGeneratedClass /Game/FactoryGame/Schematics/Progression/Schematic_8-5-1.Schematic_8-5-1_C,docs_a81d250e96aa,local_game_docs_en_us
Schematic_8-5_C,Particle Enrichment,EST_Milestone,8,1200.000000,False,False,IIB_PublicBuilds,BlueprintGeneratedClass /Game/FactoryGame/Schematics/Progression/Schematic_8-5.Schematic_8-5_C,docs_a81d250e96aa,local_game_docs_en_us
ResourceSink_Purchasable_HardDrive_C,Hard Drive,EST_ResourceSink,1,0.000000,False,True,IIB_PublicBuilds,BlueprintGeneratedClass /Game/FactoryGame/Schematics/ResourceSink/Parts/ResourceSink_Purchasable_HardDrive.ResourceSink_Purchasable_HardDrive_C,docs_a81d250e96aa,local_game_docs_en_us
Schematic_7-2_C,Logistics Mk.5,EST_Milestone,7,300.000000,False,False,IIB_PublicBuilds,BlueprintGeneratedClass /Game/FactoryGame/Schematics/Progression/Schematic_7-2.Schematic_7-2_C,docs_a81d250e96aa,local_game_docs_en_us
Schematic_9-1-1_C,Matter Conversion - Background Unlocks,EST_Custom,9,0.000000,False,False,IIB_PublicBuilds,BlueprintGeneratedClass /Game/FactoryGame/Schematics/Progression/Schematic_9-1-1.Schematic_9-1-1_C,docs_a81d250e96aa,local_game_docs_en_us
Schematic_9-1_C,Matter Conversion,EST_Milestone,9,900.000000,False,False,IIB_PublicBuilds,BlueprintGeneratedClass /Game/FactoryGame/Schematics/Progression/Schematic_9-1.Schematic_9-1_C,docs_a81d250e96aa,local_game_docs_en_us
ResourceSink_TimeCrystal_C,Time Crystal,EST_ResourceSink,1,0.000000,False,True,IIB_PublicBuilds,BlueprintGeneratedClass /Game/FactoryGame/Schematics/ResourceSink/Parts/Tier9/ResourceSink_TimeCrystal.ResourceSink_TimeCrystal_C,docs_a81d250e96aa,local_game_docs_en_us
Research_PowerSlugs_6_C,Synthetic Power Shards,EST_MAM,3,3.000000,False,False,IIB_PublicBuilds,BlueprintGeneratedClass /Game/FactoryGame/Schematics/Research/PowerSlugs_RS/Research_PowerSlugs_6.Research_PowerSlugs_6_C,docs_a81d250e96aa,local_game_docs_en_us
ResourceSink_SyntheticPowerShard_C,Synthetic Power Shard,EST_ResourceSink,1,0.000000,False,True,IIB_PublicBuilds,BlueprintGeneratedClass /Game/FactoryGame/Schematics/ResourceSink/Parts/Tier9/ResourceSink_SyntheticPowerShard.ResourceSink_SyntheticPowerShard_C,docs_a81d250e96aa,local_game_docs_en_us
Schematic_9-2_C,Quantum Encoding,EST_Milestone,9,1200.000000,False,False,IIB_PublicBuilds,BlueprintGeneratedClass /Game/FactoryGame/Schematics/Progression/Schematic_9-2.Schematic_9-2_C,docs_a81d250e96aa,local_game_docs_en_us
ResourceSink_SuperPositionOscillator_C,Superposition Oscillator,EST_ResourceSink,1,0.000000,False,True,IIB_PublicBuilds,BlueprintGeneratedClass /Game/FactoryGame/Schematics/ResourceSink/Parts/Tier9/ResourceSink_SuperPositionOscillator.ResourceSink_SuperPositionOscillator_C,docs_a81d250e96aa,local_game_docs_en_us
Research_Sulfur_RocketFuel_C,Rocket Fuel,EST_MAM,3,3.000000,False,False,IIB_PublicBuilds,BlueprintGeneratedClass /Game/FactoryGame/Schematics/Research/Sulfur_RS/Research_Sulfur_RocketFuel.Research_Sulfur_RocketFuel_C,docs_a81d250e96aa,local_game_docs_en_us
ResourceSink_RocketFuel_C,Packaged Rocket Fuel,EST_ResourceSink,1,0.000000,False,True,IIB_PublicBuilds,BlueprintGeneratedClass /Game/FactoryGame/Schematics/ResourceSink/Parts/Tier9/ResourceSink_RocketFuel.ResourceSink_RocketFuel_C,docs_a81d250e96aa,local_game_docs_en_us
ResourceSink_NeuralQuantumProcessor_C,Neural-Quantum Processor,EST_ResourceSink,1,0.000000,False,True,IIB_PublicBuilds,BlueprintGeneratedClass /Game/FactoryGame/Schematics/ResourceSink/Parts/Tier9/ResourceSink_NeuralQuantumProcessor.ResourceSink_NeuralQuantumProcessor_C,docs_a81d250e96aa,local_game_docs_en_us
Research_Sulfur_IonizedFuel_C,Ionized Fuel,EST_MAM,3,3.000000,False,False,IIB_PublicBuilds,BlueprintGeneratedClass /Game/FactoryGame/Schematics/Research/Sulfur_RS/Research_Sulfur_IonizedFuel.Research_Sulfur_IonizedFuel_C,docs_a81d250e96aa,local_game_docs_en_us
ResourceSink_IonizedFuel_C,Packaged Ionized Fuel,EST_ResourceSink,1,0.000000,False,True,IIB_PublicBuilds,BlueprintGeneratedClass /Game/FactoryGame/Schematics/ResourceSink/Parts/Tier9/ResourceSink_IonizedFuel.ResourceSink_IonizedFuel_C,docs_a81d250e96aa,local_game_docs_en_us
ResourceSink_FicsiteTrigon_C,Ficsite Trigon,EST_ResourceSink,1,0.000000,False,True,IIB_PublicBuilds,BlueprintGeneratedClass /Game/FactoryGame/Schematics/ResourceSink/Parts/Tier9/ResourceSink_FicsiteTrigon.ResourceSink_FicsiteTrigon_C,docs_a81d250e96aa,local_game_docs_en_us
ResourceSink_PressureConversionCube_C,Pressure Conversion Cube,EST_ResourceSink,1,0.000000,False,True,IIB_PublicBuilds,BlueprintGeneratedClass /Game/FactoryGame/Schematics/ResourceSink/Parts/Tier8/ResourceSink_PressureConversionCube.ResourceSink_PressureConversionCube_C,docs_a81d250e96aa,local_game_docs_en_us
Schematic_8-2-1_C,Advanced Aluminum Production 2,EST_Custom,8,0.000000,False,False,IIB_PublicBuilds,BlueprintGeneratedClass /Game/FactoryGame/Schematics/Progression/Schematic_8-2-1.Schematic_8-2-1_C,docs_a81d250e96aa,local_game_docs_en_us
Schematic_8-2_C,Advanced Aluminum Production,EST_Milestone,8,900.000000,False,False,IIB_PublicBuilds,BlueprintGeneratedClass /Game/FactoryGame/Schematics/Progression/Schematic_8-2.Schematic_8-2_C,docs_a81d250e96aa,local_game_docs_en_us
ResourceSink_FusedModularFrame_C,Fused Modular Frame,EST_ResourceSink,1,0.000000,False,True,IIB_PublicBuilds,BlueprintGeneratedClass /Game/FactoryGame/Schematics/ResourceSink/Parts/Tier8/ResourceSink_FusedModularFrame.ResourceSink_FusedModularFrame_C,docs_a81d250e96aa,local_game_docs_en_us
ResourceSink_EmptyFluidTank_C,Empty Fluid Tank,EST_ResourceSink,1,0.000000,False,True,IIB_PublicBuilds,BlueprintGeneratedClass /Game/FactoryGame/Schematics/ResourceSink/Parts/Tier8/ResourceSink_EmptyFluidTank.ResourceSink_EmptyFluidTank_C,docs_a81d250e96aa,local_game_docs_en_us
Schematic_8-1_C,Nuclear Power,EST_Milestone,8,900.000000,False,False,IIB_PublicBuilds,BlueprintGeneratedClass /Game/FactoryGame/Schematics/Progression/Schematic_8-1.Schematic_8-1_C,docs_a81d250e96aa,local_game_docs_en_us
ResourceSink_ElectromagneticControlRod_C,Electromagnetic Control Rod,EST_ResourceSink,1,0.000000,False,True,IIB_PublicBuilds,BlueprintGeneratedClass /Game/FactoryGame/Schematics/ResourceSink/Parts/Tier8/ResourceSink_ElectromagneticControlRod.ResourceSink_ElectromagneticControlRod_C,docs_a81d250e96aa,local_game_docs_en_us
ResourceSink_CopperPowder_C,Copper Powder,EST_ResourceSink,1,0.000000,False,True,IIB_PublicBuilds,BlueprintGeneratedClass /Game/FactoryGame/Schematics/ResourceSink/Parts/Tier8/ResourceSink_CopperPowder.ResourceSink_CopperPowder_C,docs_a81d250e96aa,local_game_docs_en_us
ResourceSink_CoolingSystem_C,Cooling System,EST_ResourceSink,1,0.000000,False,True,IIB_PublicBuilds,BlueprintGeneratedClass /Game/FactoryGame/Schematics/ResourceSink/Parts/Tier8/ResourceSink_CoolingSystem.ResourceSink_CoolingSystem_C,docs_a81d250e96aa,local_game_docs_en_us
Schematic_8-4_C,Leading-Edge Production,EST_Milestone,8,300.000000,False,False,IIB_PublicBuilds,BlueprintGeneratedClass /Game/FactoryGame/Schematics/Progression/Schematic_8-4.Schematic_8-4_C,docs_a81d250e96aa,local_game_docs_en_us
ResourceSink_TurboMotor_C,Turbo Motor,EST_ResourceSink,1,0.000000,False,True,IIB_PublicBuilds,BlueprintGeneratedClass /Game/FactoryGame/Schematics/ResourceSink/Parts/Tier7/ResourceSink_TurboMotor.ResourceSink_TurboMotor_C,docs_a81d250e96aa,local_game_docs_en_us
Schematic_7-4_C,Aeronautical Engineering,EST_Milestone,8,600.000000,False,False,IIB_PublicBuilds,BlueprintGeneratedClass /Game/FactoryGame/Schematics/Progression/Schematic_7-4.Schematic_7-4_C,docs_a81d250e96aa,local_game_docs_en_us
ResourceSink_SuperComputer_C,Supercomputer,EST_ResourceSink,1,0.000000,False,True,IIB_PublicBuilds,BlueprintGeneratedClass /Game/FactoryGame/Schematics/ResourceSink/Parts/Tier7/ResourceSink_SuperComputer.ResourceSink_SuperComputer_C,docs_a81d250e96aa,local_game_docs_en_us
Schematic_7-1-1_C,Bauxite Refinement 2,EST_Custom,7,0.000000,False,False,IIB_PublicBuilds,BlueprintGeneratedClass /Game/FactoryGame/Schematics/Progression/Schematic_7-1-1.Schematic_7-1-1_C,docs_a81d250e96aa,local_game_docs_en_us
Schematic_7-1_C,Bauxite Refinement,EST_Milestone,7,600.000000,False,False,IIB_PublicBuilds,BlueprintGeneratedClass /Game/FactoryGame/Schematics/Progression/Schematic_7-1.Schematic_7-1_C,docs_a81d250e96aa,local_game_docs_en_us
ResourceSink_Silica_C,Silica,EST_ResourceSink,1,0.000000,False,True,IIB_PublicBuilds,BlueprintGeneratedClass /Game/FactoryGame/Schematics/ResourceSink/Parts/Tier7/ResourceSink_Silica.ResourceSink_Silica_C,docs_a81d250e96aa,local_game_docs_en_us
Research_Quartz_3_3_C,Discontinued - Radio Control Unit,EST_MAM,3,3.000000,False,False,IIB_PublicBuilds,BlueprintGeneratedClass /Game/FactoryGame/Schematics/Research/Quartz_RS/Research_Quartz_3_3.Research_Quartz_3_3_C,docs_a81d250e96aa,local_game_docs_en_us
ResourceSink_RadioControlUnit_C,Radio Control Unit,EST_ResourceSink,1,0.000000,False,True,IIB_PublicBuilds,BlueprintGeneratedClass /Game/FactoryGame/Schematics/ResourceSink/Parts/Tier7/ResourceSink_RadioControlUnit.ResourceSink_RadioControlUnit_C,docs_a81d250e96aa,local_game_docs_en_us
ResourceSink_HeatSink_C,Heat Sink,EST_ResourceSink,1,0.000000,False,True,IIB_PublicBuilds,BlueprintGeneratedClass /Game/FactoryGame/Schematics/ResourceSink/Parts/Tier7/ResourceSink_HeatSink.ResourceSink_HeatSink_C,docs_a81d250e96aa,local_game_docs_en_us
ResourceSink_Battery_C,Battery,EST_ResourceSink,1,0.000000,False,True,IIB_PublicBuilds,BlueprintGeneratedClass /Game/FactoryGame/Schematics/ResourceSink/Parts/Tier7/ResourceSink_Battery.ResourceSink_Battery_C,docs_a81d250e96aa,local_game_docs_en_us
ResourceSink_AluminumCasing_C,Aluminum Casing,EST_ResourceSink,1,0.000000,False,True,IIB_PublicBuilds,BlueprintGeneratedClass /Game/FactoryGame/Schematics/ResourceSink/Parts/Tier7/ResourceSink_AluminumCasing.ResourceSink_AluminumCasing_C,docs_a81d250e96aa,local_game_docs_en_us
ResourceSink_AlcladSheet_C,Alclad Aluminum Sheet,EST_ResourceSink,1,0.000000,False,True,IIB_PublicBuilds,BlueprintGeneratedClass /Game/FactoryGame/Schematics/ResourceSink/Parts/Tier7/ResourceSink_AlcladSheet.ResourceSink_AlcladSheet_C,docs_a81d250e96aa,local_game_docs_en_us
ResourceSink_PolymerResin_C,Polymer Resin,EST_Custom,1,0.000000,False,True,IIB_PublicBuilds,BlueprintGeneratedClass /Game/FactoryGame/Schematics/ResourceSink/Parts/Tier6/ResourceSink_PolymerResin.ResourceSink_PolymerResin_C,docs_a81d250e96aa,local_game_docs_en_us
Schematic_5-4-1_C,Alternative Fluid Transport 2,EST_Custom,5,0.000000,False,False,IIB_PublicBuilds,BlueprintGeneratedClass /Game/FactoryGame/Schematics/Progression/Schematic_5-4-1.Schematic_5-4-1_C,docs_a81d250e96aa,local_game_docs_en_us
Research_Sulfur_0_C,Sulfur,EST_MAM,3,3.000000,False,False,IIB_PublicBuilds,BlueprintGeneratedClass /Game/FactoryGame/Schematics/Research/Sulfur_RS/Research_Sulfur_0.Research_Sulfur_0_C,docs_a81d250e96aa,local_game_docs_en_us
Schematic_Alternate_EnrichedCoal_C,Alternate: Compacted Coal,EST_Custom,4,0.000000,False,False,IIB_PublicBuilds,BlueprintGeneratedClass /Game/FactoryGame/Schematics/Alternate/Parts/Schematic_Alternate_EnrichedCoal.Schematic_Alternate_EnrichedCoal_C,docs_a81d250e96aa,local_game_docs_en_us
Schematic_Alternate_TurboFuel_C,Alternate: Turbofuel,EST_Custom,6,0.000000,False,False,IIB_PublicBuilds,BlueprintGeneratedClass /Game/FactoryGame/Schematics/Alternate/Parts/Schematic_Alternate_TurboFuel.Schematic_Alternate_TurboFuel_C,docs_a81d250e96aa,local_game_docs_en_us
Research_Sulfur_TurboFuel_C,Turbofuel,EST_MAM,3,3.000000,False,False,IIB_PublicBuilds,BlueprintGeneratedClass /Game/FactoryGame/Schematics/Research/Sulfur_RS/Research_Sulfur_TurboFuel.Research_Sulfur_TurboFuel_C,docs_a81d250e96aa,local_game_docs_en_us
Schematic_5-4_C,Fluid Packaging,EST_Milestone,5,300.000000,False,False,IIB_PublicBuilds,BlueprintGeneratedClass /Game/FactoryGame/Schematics/Progression/Schematic_5-4.Schematic_5-4_C,docs_a81d250e96aa,local_game_docs_en_us
ResourceSink_PackagedTurboFuel_C,Packaged Turbofuel,EST_ResourceSink,1,0.000000,False,True,IIB_PublicBuilds,BlueprintGeneratedClass /Game/FactoryGame/Schematics/ResourceSink/Parts/Tier6/ResourceSink_PackagedTurboFuel.ResourceSink_PackagedTurboFuel_C,docs_a81d250e96aa,local_game_docs_en_us
ResourceSink_PackagedFuel_C,Packaged Fuel,EST_ResourceSink,1,0.000000,False,True,IIB_PublicBuilds,BlueprintGeneratedClass /Game/FactoryGame/Schematics/ResourceSink/Parts/Tier6/ResourceSink_PackagedFuel.ResourceSink_PackagedFuel_C,docs_a81d250e96aa,local_game_docs_en_us
ResourceSink_PackagedBiofuel_C,Packaged Liquid Biofuel,EST_ResourceSink,1,0.000000,False,True,IIB_PublicBuilds,BlueprintGeneratedClass /Game/FactoryGame/Schematics/ResourceSink/Parts/Tier6/ResourceSink_PackagedBiofuel.ResourceSink_PackagedBiofuel_C,docs_a81d250e96aa,local_game_docs_en_us
Schematic_5-2_C,Industrial Manufacturing,EST_Milestone,6,900.000000,False,False,IIB_PublicBuilds,BlueprintGeneratedClass /Game/FactoryGame/Schematics/Progression/Schematic_5-2.Schematic_5-2_C,docs_a81d250e96aa,local_game_docs_en_us
ResourceSink_HeavyModularFrame_C,Heavy Modular Frame,EST_ResourceSink,1,0.000000,False,True,IIB_PublicBuilds,BlueprintGeneratedClass /Game/FactoryGame/Schematics/ResourceSink/Parts/Tier6/ResourceSink_HeavyModularFrame.ResourceSink_HeavyModularFrame_C,docs_a81d250e96aa,local_game_docs_en_us
ResourceSink_Computer_C,Computer,EST_ResourceSink,1,0.000000,False,True,IIB_PublicBuilds,BlueprintGeneratedClass /Game/FactoryGame/Schematics/ResourceSink/Parts/Tier6/ResourceSink_Computer.ResourceSink_Computer_C,docs_a81d250e96aa,local_game_docs_en_us
Research_Sulfur_3_C,Smokeless Powder,EST_MAM,3,3.000000,False,False,IIB_PublicBuilds,BlueprintGeneratedClass /Game/FactoryGame/Schematics/Research/Sulfur_RS/Research_Sulfur_3.Research_Sulfur_3_C,docs_a81d250e96aa,local_game_docs_en_us
ResourceSink_SmokelessPowder_C,Smokeless Powder,EST_ResourceSink,1,0.000000,False,True,IIB_PublicBuilds,BlueprintGeneratedClass /Game/FactoryGame/Schematics/ResourceSink/Parts/Tier5/ResourceSink_SmokelessPowder.ResourceSink_SmokelessPowder_C,docs_a81d250e96aa,local_game_docs_en_us
ResourceSink_Rubber_C,Rubber,EST_ResourceSink,1,0.000000,False,True,IIB_PublicBuilds,BlueprintGeneratedClass /Game/FactoryGame/Schematics/ResourceSink/Parts/Tier5/ResourceSink_Rubber.ResourceSink_Rubber_C,docs_a81d250e96aa,local_game_docs_en_us
ResourceSink_Plastic_C,Plastic,EST_ResourceSink,1,0.000000,False,True,IIB_PublicBuilds,BlueprintGeneratedClass /Game/FactoryGame/Schematics/ResourceSink/Parts/Tier5/ResourceSink_Plastic.ResourceSink_Plastic_C,docs_a81d250e96aa,local_game_docs_en_us
ResourceSink_PetroleumCoke_C,Petroleum Coke,EST_Custom,1,0.000000,False,True,IIB_PublicBuilds,BlueprintGeneratedClass /Game/FactoryGame/Schematics/ResourceSink/Parts/Tier5/ResourceSink_PetroleumCoke.ResourceSink_PetroleumCoke_C,docs_a81d250e96aa,local_game_docs_en_us
ResourceSink_Motor_C,Motor,EST_ResourceSink,1,0.000000,False,True,IIB_PublicBuilds,BlueprintGeneratedClass /Game/FactoryGame/Schematics/ResourceSink/Parts/Tier5/ResourceSink_Motor.ResourceSink_Motor_C,docs_a81d250e96aa,local_game_docs_en_us
Research_Caterium_5_C,High-Speed Connector,EST_MAM,3,3.000000,False,False,IIB_PublicBuilds,BlueprintGeneratedClass /Game/FactoryGame/Schematics/Research/Caterium_RS/Research_Caterium_5.Research_Caterium_5_C,docs_a81d250e96aa,local_game_docs_en_us
ResourceSink_HighSpeedConnector_C,High-Speed Connector,EST_ResourceSink,1,0.000000,False,True,IIB_PublicBuilds,BlueprintGeneratedClass /Game/FactoryGame/Schematics/ResourceSink/Parts/Tier5/ResourceSink_HighSpeedConnector.ResourceSink_HighSpeedConnector_C,docs_a81d250e96aa,local_game_docs_en_us
ResourceSink_EmptyCanister_C,Empty Canister,EST_ResourceSink,1,0.000000,False,True,IIB_PublicBuilds,BlueprintGeneratedClass /Game/FactoryGame/Schematics/ResourceSink/Parts/Tier5/ResourceSink_EmptyCanister.ResourceSink_EmptyCanister_C,docs_a81d250e96aa,local_game_docs_en_us
ResourceSink_CrystalOscillator_C,Crystal Oscillator,EST_ResourceSink,1,0.000000,False,True,IIB_PublicBuilds,BlueprintGeneratedClass /Game/FactoryGame/Schematics/ResourceSink/Parts/Tier5/ResourceSink_CrystalOscillator.ResourceSink_CrystalOscillator_C,docs_a81d250e96aa,local_game_docs_en_us
ResourceSink_CircuitBoard_C,Circuit Board,EST_ResourceSink,1,0.000000,False,True,IIB_PublicBuilds,BlueprintGeneratedClass /Game/FactoryGame/Schematics/ResourceSink/Parts/Tier5/ResourceSink_CircuitBoard.ResourceSink_CircuitBoard_C,docs_a81d250e96aa,local_game_docs_en_us
ResourceSink_Stator_C,Stator,EST_ResourceSink,1,0.000000,False,True,IIB_PublicBuilds,BlueprintGeneratedClass /Game/FactoryGame/Schematics/ResourceSink/Parts/Tier4/ResourceSink_Stator.ResourceSink_Stator_C,docs_a81d250e96aa,local_game_docs_en_us
ResourceSink_EncasedIndustrialBeam_C,Encased Industrial Beam,EST_ResourceSink,1,0.000000,False,True,IIB_PublicBuilds,BlueprintGeneratedClass /Game/FactoryGame/Schematics/ResourceSink/Parts/Tier4/ResourceSink_EncasedIndustrialBeam.ResourceSink_EncasedIndustrialBeam_C,docs_a81d250e96aa,local_game_docs_en_us
Research_Sulfur_CompactedCoal_C,Compacted Coal,EST_MAM,3,3.000000,False,False,IIB_PublicBuilds,BlueprintGeneratedClass /Game/FactoryGame/Schematics/Research/Sulfur_RS/Research_Sulfur_compactedCoal.Research_Sulfur_CompactedCoal_C,docs_a81d250e96aa,local_game_docs_en_us
ResourceSink_CompactedCoal_C,Compacted Coal,EST_ResourceSink,1,0.000000,False,True,IIB_PublicBuilds,BlueprintGeneratedClass /Game/FactoryGame/Schematics/ResourceSink/Parts/Tier4/ResourceSink_CompactedCoal.ResourceSink_CompactedCoal_C,docs_a81d250e96aa,local_game_docs_en_us
ResourceSink_SteelPipe_C,Steel Pipe,EST_ResourceSink,1,0.000000,False,True,IIB_PublicBuilds,BlueprintGeneratedClass /Game/FactoryGame/Schematics/ResourceSink/Parts/Tier3/ResourceSink_SteelPipe.ResourceSink_SteelPipe_C,docs_a81d250e96aa,local_game_docs_en_us
ResourceSink_SteelBeam_C,Steel Beam,EST_ResourceSink,1,0.000000,False,True,IIB_PublicBuilds,BlueprintGeneratedClass /Game/FactoryGame/Schematics/ResourceSink/Parts/Tier3/ResourceSink_SteelBeam.ResourceSink_SteelBeam_C,docs_a81d250e96aa,local_game_docs_en_us
Research_Sulfur_1_C,Black Powder,EST_MAM,3,3.000000,False,False,IIB_PublicBuilds,BlueprintGeneratedClass /Game/FactoryGame/Schematics/Research/Sulfur_RS/Research_Sulfur_1.Research_Sulfur_1_C,docs_a81d250e96aa,local_game_docs_en_us
ResourceSink_BlackPowder_C,Black Powder,EST_ResourceSink,1,0.000000,False,True,IIB_PublicBuilds,BlueprintGeneratedClass /Game/FactoryGame/Schematics/ResourceSink/Parts/Tier3/ResourceSink_BlackPowder.ResourceSink_BlackPowder_C,docs_a81d250e96aa,local_game_docs_en_us
Schematic_2-1_C,Part Assembly,EST_Milestone,2,360.000000,False,False,IIB_PublicBuilds,BlueprintGeneratedClass /Game/FactoryGame/Schematics/Progression/Schematic_2-1.Schematic_2-1_C,docs_a81d250e96aa,local_game_docs_en_us
ResourceSink_Rotor_C,Rotor,EST_ResourceSink,1,0.000000,False,True,IIB_PublicBuilds,BlueprintGeneratedClass /Game/FactoryGame/Schematics/ResourceSink/Parts/Tier2/ResourceSink_Rotor.ResourceSink_Rotor_C,docs_a81d250e96aa,local_game_docs_en_us
ResourceSink_ReinforcedIronPlate_C,Reinforced Iron Plate,EST_ResourceSink,1,0.000000,False,True,IIB_PublicBuilds,BlueprintGeneratedClass /Game/FactoryGame/Schematics/ResourceSink/Parts/Tier2/ResourceSink_ReinforcedIronPlate.ResourceSink_ReinforcedIronPlate_C,docs_a81d250e96aa,local_game_docs_en_us
ResourceSink_Quickwire_C,Quickwire,EST_ResourceSink,1,0.000000,False,True,IIB_PublicBuilds,BlueprintGeneratedClass /Game/FactoryGame/Schematics/ResourceSink/Parts/Tier2/ResourceSink_Quickwire.ResourceSink_Quickwire_C,docs_a81d250e96aa,local_game_docs_en_us
ResourceSink_ModularFrame_C,Modular Frame,EST_ResourceSink,1,0.000000,False,True,IIB_PublicBuilds,BlueprintGeneratedClass /Game/FactoryGame/Schematics/ResourceSink/Parts/Tier2/ResourceSink_ModularFrame.ResourceSink_ModularFrame_C,docs_a81d250e96aa,local_game_docs_en_us
Research_Mycelia_2_C,Fabric,EST_MAM,3,3.000000,False,False,IIB_PublicBuilds,BlueprintGeneratedClass /Game/FactoryGame/Schematics/Research/Mycelia_RS/Research_Mycelia_2.Research_Mycelia_2_C,docs_a81d250e96aa,local_game_docs_en_us
ResourceSink_Fabric_C,Fabric,EST_ResourceSink,1,0.000000,False,True,IIB_PublicBuilds,BlueprintGeneratedClass /Game/FactoryGame/Schematics/ResourceSink/Parts/Tier2/ResourceSink_Fabric.ResourceSink_Fabric_C,docs_a81d250e96aa,local_game_docs_en_us
ResourceSink_CopperSheet_C,Copper Sheet,EST_ResourceSink,1,0.000000,False,True,IIB_PublicBuilds,BlueprintGeneratedClass /Game/FactoryGame/Schematics/ResourceSink/Parts/Tier2/ResourceSink_CopperSheet.ResourceSink_CopperSheet_C,docs_a81d250e96aa,local_game_docs_en_us
Schematic_2-2_C,Obstacle Clearing,EST_Milestone,2,180.000000,False,False,IIB_PublicBuilds,BlueprintGeneratedClass /Game/FactoryGame/Schematics/Progression/Schematic_2-2.Schematic_2-2_C,docs_a81d250e96aa,local_game_docs_en_us
ResourceSink_Biofuel_C,Biofuel,EST_ResourceSink,1,0.000000,False,True,IIB_PublicBuilds,BlueprintGeneratedClass /Game/FactoryGame/Schematics/ResourceSink/Parts/Tier2/ResourceSink_Biofuel.ResourceSink_Biofuel_C,docs_a81d250e96aa,local_game_docs_en_us
Research_Caterium_4_1_C,AI Limiter,EST_MAM,3,3.000000,False,False,IIB_PublicBuilds,BlueprintGeneratedClass /Game/FactoryGame/Schematics/Research/Caterium_RS/Research_Caterium_4_1.Research_Caterium_4_1_C,docs_a81d250e96aa,local_game_docs_en_us
ResourceSink_AILimiter_C,AI Limiter,EST_ResourceSink,1,0.000000,False,True,IIB_PublicBuilds,BlueprintGeneratedClass /Game/FactoryGame/Schematics/ResourceSink/Parts/Tier2/ResourceSink_AILimiter.ResourceSink_AILimiter_C,docs_a81d250e96aa,local_game_docs_en_us
ResourceSink_Wire_C,Wire,EST_ResourceSink,1,0.000000,False,True,IIB_PublicBuilds,BlueprintGeneratedClass /Game/FactoryGame/Schematics/ResourceSink/Parts/Tier1/ResourceSink_Wire.ResourceSink_Wire_C,docs_a81d250e96aa,local_game_docs_en_us
ResourceSink_Screw_C,Screws,EST_ResourceSink,1,0.000000,False,True,IIB_PublicBuilds,BlueprintGeneratedClass /Game/FactoryGame/Schematics/ResourceSink/Parts/Tier1/ResourceSink_Screw.ResourceSink_Screw_C,docs_a81d250e96aa,local_game_docs_en_us
ResourceSink_Rod_C,Iron Rod,EST_ResourceSink,1,0.000000,False,True,IIB_PublicBuilds,BlueprintGeneratedClass /Game/FactoryGame/Schematics/ResourceSink/Parts/Tier1/ResourceSink_Rod.ResourceSink_Rod_C,docs_a81d250e96aa,local_game_docs_en_us
ResourceSink_QuartzCrystal_C,Quartz Crystal,EST_ResourceSink,1,0.000000,False,True,IIB_PublicBuilds,BlueprintGeneratedClass /Game/FactoryGame/Schematics/ResourceSink/Parts/Tier1/ResourceSink_QuartzCrystal.ResourceSink_QuartzCrystal_C,docs_a81d250e96aa,local_game_docs_en_us
ResourceSink_Plate_C,Iron Plate,EST_ResourceSink,1,0.000000,False,True,IIB_PublicBuilds,BlueprintGeneratedClass /Game/FactoryGame/Schematics/ResourceSink/Parts/Tier1/ResourceSink_Plate.ResourceSink_Plate_C,docs_a81d250e96aa,local_game_docs_en_us
ResourceSink_Concrete_C,Concrete,EST_ResourceSink,1,0.000000,False,True,IIB_PublicBuilds,BlueprintGeneratedClass /Game/FactoryGame/Schematics/ResourceSink/Parts/Tier1/ResourceSink_Concrete.ResourceSink_Concrete_C,docs_a81d250e96aa,local_game_docs_en_us
ResourceSink_Cable_C,Cable,EST_ResourceSink,1,0.000000,False,True,IIB_PublicBuilds,BlueprintGeneratedClass /Game/FactoryGame/Schematics/ResourceSink/Parts/Tier1/ResourceSink_Cable.ResourceSink_Cable_C,docs_a81d250e96aa,local_game_docs_en_us
ResourceSink_Biomass_C,Biomass,EST_ResourceSink,1,0.000000,False,True,IIB_PublicBuilds,BlueprintGeneratedClass /Game/FactoryGame/Schematics/ResourceSink/Parts/Tier1/ResourceSink_Biomass.ResourceSink_Biomass_C,docs_a81d250e96aa,local_game_docs_en_us
Research_Sulfur_5_2_Hidden_C,Packaged Turbo Rifle Ammo,EST_Custom,3,0.000000,False,False,IIB_PublicBuilds,BlueprintGeneratedClass /Game/FactoryGame/Schematics/Research/Sulfur_RS/Research_Sulfur_5_2_Hidden.Research_Sulfur_5_2_Hidden_C,docs_a81d250e96aa,local_game_docs_en_us
Research_Sulfur_5_2_C,Turbo Rifle Ammo,EST_MAM,3,3.000000,False,False,IIB_PublicBuilds,BlueprintGeneratedClass /Game/FactoryGame/Schematics/Research/Sulfur_RS/Research_Sulfur_5_2.Research_Sulfur_5_2_C,docs_a81d250e96aa,local_game_docs_en_us
ResourceSink_RifleAmmoTurbo_C,Turbo Rifle Ammo Pack,EST_ResourceSink,1,0.000000,False,True,IIB_PublicBuilds,BlueprintGeneratedClass /Game/FactoryGame/Schematics/ResourceSink/Parts/Equipment/ResourceSink_RifleAmmoTurbo.ResourceSink_RifleAmmoTurbo_C,docs_a81d250e96aa,local_game_docs_en_us
Research_Caterium_6_3_C,Bullet Guidance System,EST_MAM,3,3.000000,False,False,IIB_PublicBuilds,BlueprintGeneratedClass /Game/FactoryGame/Schematics/Research/Caterium_RS/Research_Caterium_6_3.Research_Caterium_6_3_C,docs_a81d250e96aa,local_game_docs_en_us
ResourceSink_RifleAmmoHoming_C,Homing Rifle Ammo Pack,EST_ResourceSink,1,0.000000,False,True,IIB_PublicBuilds,BlueprintGeneratedClass /Game/FactoryGame/Schematics/ResourceSink/Parts/Equipment/ResourceSink_RifleAmmoHoming.ResourceSink_RifleAmmoHoming_C,docs_a81d250e96aa,local_game_docs_en_us
Research_Caterium_3_2_C,Stun Rebar,EST_MAM,3,3.000000,False,False,IIB_PublicBuilds,BlueprintGeneratedClass /Game/FactoryGame/Schematics/Research/Caterium_RS/Research_Caterium_3_2.Research_Caterium_3_2_C,docs_a81d250e96aa,local_game_docs_en_us
ResourceSink_RebarStun_C,Stun Rebar Pack,EST_ResourceSink,1,0.000000,False,True,IIB_PublicBuilds,BlueprintGeneratedClass /Game/FactoryGame/Schematics/ResourceSink/Parts/Equipment/ResourceSink_RebarStun.ResourceSink_RebarStun_C,docs_a81d250e96aa,local_game_docs_en_us
Research_Quartz_2_1_C,Shatter Rebar,EST_MAM,3,3.000000,False,False,IIB_PublicBuilds,BlueprintGeneratedClass /Game/FactoryGame/Schematics/Research/Quartz_RS/Research_Quartz_2_1.Research_Quartz_2_1_C,docs_a81d250e96aa,local_game_docs_en_us
ResourceSink_RebarShatter_C,Shatter Rebar Pack,EST_ResourceSink,1,0.000000,False,True,IIB_PublicBuilds,BlueprintGeneratedClass /Game/FactoryGame/Schematics/ResourceSink/Parts/Equipment/ResourceSink_RebarShatter.ResourceSink_RebarShatter_C,docs_a81d250e96aa,local_game_docs_en_us
Research_Sulfur_4_2_C,Explosive Rebar,EST_MAM,3,3.000000,False,False,IIB_PublicBuilds,BlueprintGeneratedClass /Game/FactoryGame/Schematics/Research/Sulfur_RS/Research_Sulfur_4_2.Research_Sulfur_4_2_C,docs_a81d250e96aa,local_game_docs_en_us
ResourceSink_RebarExplosive_C,Explosive Rebar Pack,EST_ResourceSink,1,0.000000,False,True,IIB_PublicBuilds,BlueprintGeneratedClass /Game/FactoryGame/Schematics/ResourceSink/Parts/Equipment/ResourceSink_RebarExplosive.ResourceSink_RebarExplosive_C,docs_a81d250e96aa,local_game_docs_en_us
Schematic_7-3_C,Hazmat Suit,EST_Milestone,7,300.000000,False,False,IIB_PublicBuilds,BlueprintGeneratedClass /Game/FactoryGame/Schematics/Progression/Schematic_7-3.Schematic_7-3_C,docs_a81d250e96aa,local_game_docs_en_us
ResourceSink_RadiationFilters_C,Radiation Filters,EST_ResourceSink,1,0.000000,False,True,IIB_PublicBuilds,BlueprintGeneratedClass /Game/FactoryGame/Schematics/ResourceSink/Parts/Equipment/ResourceSink_RadiationFilters.ResourceSink_RadiationFilters_C,docs_a81d250e96aa,local_game_docs_en_us
Research_Quartz_3_4_C,Explosive Resonance Application,EST_MAM,3,3.000000,False,False,IIB_PublicBuilds,BlueprintGeneratedClass /Game/FactoryGame/Schematics/Research/Quartz_RS/Research_Quartz_3_4.Research_Quartz_3_4_C,docs_a81d250e96aa,local_game_docs_en_us
ResourceSink_NobeliskPulse_C,Pulse Nobelisk Pack,EST_ResourceSink,1,0.000000,False,True,IIB_PublicBuilds,BlueprintGeneratedClass /Game/FactoryGame/Schematics/ResourceSink/Parts/Equipment/ResourceSink_NobeliskPulse.ResourceSink_NobeliskPulse_C,docs_a81d250e96aa,local_game_docs_en_us
Research_Mycelia_8_C,Toxic Cellular Modification,EST_MAM,3,3.000000,False,False,IIB_PublicBuilds,BlueprintGeneratedClass /Game/FactoryGame/Schematics/Research/Mycelia_RS/Research_Mycelia_8.Research_Mycelia_8_C,docs_a81d250e96aa,local_game_docs_en_us
ResourceSink_NobeliskGas_C,Gas Nobelisk Pack,EST_ResourceSink,1,0.000000,False,True,IIB_PublicBuilds,BlueprintGeneratedClass /Game/FactoryGame/Schematics/ResourceSink/Parts/Equipment/ResourceSink_NobeliskGas.ResourceSink_NobeliskGas_C,docs_a81d250e96aa,local_game_docs_en_us
Research_Sulfur_4_C,Cluster Nobelisk,EST_MAM,3,3.000000,False,False,IIB_PublicBuilds,BlueprintGeneratedClass /Game/FactoryGame/Schematics/Research/Sulfur_RS/Research_Sulfur_4.Research_Sulfur_4_C,docs_a81d250e96aa,local_game_docs_en_us
ResourceSink_NobeliskCluster_C,Cluster Nobelisk Pack,EST_ResourceSink,1,0.000000,False,True,IIB_PublicBuilds,BlueprintGeneratedClass /Game/FactoryGame/Schematics/ResourceSink/Parts/Equipment/ResourceSink_NobeliskCluster.ResourceSink_NobeliskCluster_C,docs_a81d250e96aa,local_game_docs_en_us
Research_Mycelia_5_C,Vitamin Inhaler,EST_MAM,3,3.000000,False,False,IIB_PublicBuilds,BlueprintGeneratedClass /Game/FactoryGame/Schematics/Research/Mycelia_RS/Research_Mycelia_5.Research_Mycelia_5_C,docs_a81d250e96aa,local_game_docs_en_us
Research_AOrgans_2_C,Protein Inhaler,EST_MAM,3,3.000000,False,False,IIB_PublicBuilds,BlueprintGeneratedClass /Game/FactoryGame/Schematics/Research/AlienOrganisms_RS/Research_AOrgans_2.Research_AOrgans_2_C,docs_a81d250e96aa,local_game_docs_en_us
Research_Nutrients_2_C,Bacon Agaric,EST_MAM,3,3.000000,False,False,IIB_PublicBuilds,BlueprintGeneratedClass /Game/FactoryGame/Schematics/Research/Nutrients_RS/Research_Nutrients_2.Research_Nutrients_2_C,docs_a81d250e96aa,local_game_docs_en_us
Research_Nutrients_4_C,Nutritional Inhaler,EST_MAM,3,3.000000,False,False,IIB_PublicBuilds,BlueprintGeneratedClass /Game/FactoryGame/Schematics/Research/Nutrients_RS/Research_Nutrients_4.Research_Nutrients_4_C,docs_a81d250e96aa,local_game_docs_en_us
ResourceSink_HealthPack_C,Health Pack,EST_ResourceSink,1,0.000000,False,True,IIB_PublicBuilds,BlueprintGeneratedClass /Game/FactoryGame/Schematics/ResourceSink/Parts/Equipment/ResourceSink_HealthPack.ResourceSink_HealthPack_C,docs_a81d250e96aa,local_game_docs_en_us
ResourceSink_GasFilters_C,Gas Filters,EST_ResourceSink,1,0.000000,False,True,IIB_PublicBuilds,BlueprintGeneratedClass /Game/FactoryGame/Schematics/ResourceSink/Parts/Equipment/ResourceSink_GasFilters.ResourceSink_GasFilters_C,docs_a81d250e96aa,local_game_docs_en_us
Research_Sulfur_3_1_C,The Nobelisk Detonator,EST_MAM,3,3.000000,False,False,IIB_PublicBuilds,BlueprintGeneratedClass /Game/FactoryGame/Schematics/Research/Sulfur_RS/Research_Sulfur_3_1.Research_Sulfur_3_1_C,docs_a81d250e96aa,local_game_docs_en_us
ResourceSink_Explosives_C,Nobelisk Pack,EST_ResourceSink,1,0.000000,False,True,IIB_PublicBuilds,BlueprintGeneratedClass /Game/FactoryGame/Schematics/ResourceSink/Parts/Equipment/ResourceSink_Explosives.ResourceSink_Explosives_C,docs_a81d250e96aa,local_game_docs_en_us
ResourceSink_CoffeeCup_C,FICSIT™ Coffee Cup,EST_ResourceSink,1,0.000000,False,True,IIB_PublicBuilds,BlueprintGeneratedClass /Game/FactoryGame/Schematics/ResourceSink/Parts/Equipment/ResourceSink_CoffeeCup.ResourceSink_CoffeeCup_C,docs_a81d250e96aa,local_game_docs_en_us
Research_ACarapace_2_C,The Rebar Gun,EST_MAM,3,3.000000,False,False,IIB_PublicBuilds,BlueprintGeneratedClass /Game/FactoryGame/Schematics/Research/AlienOrganisms_RS/Research_ACarapace_2.Research_ACarapace_2_C,docs_a81d250e96aa,local_game_docs_en_us
ResourceSink_AmmoPack_C,Iron Rebar Pack,EST_ResourceSink,1,0.000000,False,True,IIB_PublicBuilds,BlueprintGeneratedClass /Game/FactoryGame/Schematics/ResourceSink/Parts/Equipment/ResourceSink_AmmoPack.ResourceSink_AmmoPack_C,docs_a81d250e96aa,local_game_docs_en_us
Research_Sulfur_4_1_C,The Rifle,EST_MAM,3,3.000000,False,False,IIB_PublicBuilds,BlueprintGeneratedClass /Game/FactoryGame/Schematics/Research/Sulfur_RS/Research_Sulfur_4_1.Research_Sulfur_4_1_C,docs_a81d250e96aa,local_game_docs_en_us
Research_Sulfur_4_2_1_C,Discontinued - Rifle Cartridges,EST_MAM,3,3.000000,False,False,IIB_PublicBuilds,BlueprintGeneratedClass /Game/FactoryGame/Schematics/Research/Sulfur_RS/Research_Sulfur_4_2_1.Research_Sulfur_4_2_1_C,docs_a81d250e96aa,local_game_docs_en_us
ResourceSink_AdvancedAmmoPack_C,Rifle Ammo Pack,EST_ResourceSink,1,0.000000,False,True,IIB_PublicBuilds,BlueprintGeneratedClass /Game/FactoryGame/Schematics/ResourceSink/Parts/Equipment/ResourceSink_AdvancedAmmoPack.ResourceSink_AdvancedAmmoPack_C,docs_a81d250e96aa,local_game_docs_en_us
Schematic_XMassTree_T4_C,,EST_Custom,0,600.000000,False,False,IIB_PublicBuilds,BlueprintGeneratedClass /Game/FactoryGame/Events/Christmas/Buildings/TreeDecor/Schematic_XMassTree_T4.Schematic_XMassTree_T4_C,docs_a81d250e96aa,local_game_docs_en_us
Research_XMas_5_C,Giant FICSMAS Tree: Upgrade 4,EST_MAM,3,3.000000,False,False,IIB_PublicBuilds,BlueprintGeneratedClass /Game/FactoryGame/Schematics/Research/XMas_RS/Research_XMas_5.Research_XMas_5_C,docs_a81d250e96aa,local_game_docs_en_us
Schematic_XMassTree_T3_C,,EST_Custom,0,600.000000,False,False,IIB_PublicBuilds,BlueprintGeneratedClass /Game/FactoryGame/Events/Christmas/Buildings/TreeDecor/Schematic_XMassTree_T3.Schematic_XMassTree_T3_C,docs_a81d250e96aa,local_game_docs_en_us
Research_XMas_4_C,Giant FICSMAS Tree: Upgrade 3,EST_MAM,3,3.000000,False,False,IIB_PublicBuilds,BlueprintGeneratedClass /Game/FactoryGame/Schematics/Research/XMas_RS/Research_XMas_4.Research_XMas_4_C,docs_a81d250e96aa,local_game_docs_en_us
Research_XMas_4-2_C,Snowfight!,EST_MAM,3,3.000000,False,False,IIB_PublicBuilds,BlueprintGeneratedClass /Game/FactoryGame/Schematics/Research/XMas_RS/Research_XMas_4-2.Research_XMas_4-2_C,docs_a81d250e96aa,local_game_docs_en_us
Research_XMas_4-1_C,FICSMAS Decoration,EST_MAM,3,3.000000,False,False,IIB_PublicBuilds,BlueprintGeneratedClass /Game/FactoryGame/Schematics/Research/XMas_RS/Research_XMas_4-1.Research_XMas_4-1_C,docs_a81d250e96aa,local_game_docs_en_us
Schematic_XMassTree_T2_C,,EST_Custom,0,600.000000,False,False,IIB_PublicBuilds,BlueprintGeneratedClass /Game/FactoryGame/Events/Christmas/Buildings/TreeDecor/Schematic_XMassTree_T2.Schematic_XMassTree_T2_C,docs_a81d250e96aa,local_game_docs_en_us
Research_XMas_3_C,Giant FICSMAS Tree: Upgrade 2,EST_MAM,3,3.000000,False,False,IIB_PublicBuilds,BlueprintGeneratedClass /Game/FactoryGame/Schematics/Research/XMas_RS/Research_XMas_3.Research_XMas_3_C,docs_a81d250e96aa,local_game_docs_en_us
Research_XMas_3-2_C,It's Snowing!,EST_MAM,3,3.000000,False,False,IIB_PublicBuilds,BlueprintGeneratedClass /Game/FactoryGame/Schematics/Research/XMas_RS/Research_XMas_3-2.Research_XMas_3-2_C,docs_a81d250e96aa,local_game_docs_en_us
Research_XMas_3-1_C,FICSMAS Lights,EST_MAM,3,3.000000,False,False,IIB_PublicBuilds,BlueprintGeneratedClass /Game/FactoryGame/Schematics/Research/XMas_RS/Research_XMas_3-1.Research_XMas_3-1_C,docs_a81d250e96aa,local_game_docs_en_us
Schematic_XMassTree_T1_C,,EST_Custom,0,600.000000,False,False,IIB_PublicBuilds,BlueprintGeneratedClass /Game/FactoryGame/Events/Christmas/Buildings/TreeDecor/Schematic_XMassTree_T1.Schematic_XMassTree_T1_C,docs_a81d250e96aa,local_game_docs_en_us
Research_XMas_2_C,Giant FICSMAS Tree: Upgrade 1,EST_MAM,3,3.000000,False,False,IIB_PublicBuilds,BlueprintGeneratedClass /Game/FactoryGame/Schematics/Research/XMas_RS/Research_XMas_2.Research_XMas_2_C,docs_a81d250e96aa,local_game_docs_en_us
Research_XMas_2-2_C,FICSMAS Gift Tree,EST_MAM,3,3.000000,False,False,IIB_PublicBuilds,BlueprintGeneratedClass /Game/FactoryGame/Schematics/Research/XMas_RS/Research_XMas_2-2.Research_XMas_2-2_C,docs_a81d250e96aa,local_game_docs_en_us
Research_XMas_2-1_C,A Friend,EST_MAM,3,3.000000,False,False,IIB_PublicBuilds,BlueprintGeneratedClass /Game/FactoryGame/Schematics/Research/XMas_RS/Research_XMas_2-1.Research_XMas_2-1_C,docs_a81d250e96aa,local_game_docs_en_us
Research_XMas_1_C,FICSMAS Tree Base,EST_MAM,3,3.000000,False,False,IIB_PublicBuilds,BlueprintGeneratedClass /Game/FactoryGame/Schematics/Research/XMas_RS/Research_XMas_1.Research_XMas_1_C,docs_a81d250e96aa,local_game_docs_en_us
Research_XMas_1-2_C,Candy Cane Decor,EST_MAM,3,3.000000,False,False,IIB_PublicBuilds,BlueprintGeneratedClass /Game/FactoryGame/Schematics/Research/XMas_RS/Research_XMas_1-2.Research_XMas_1-2_C,docs_a81d250e96aa,local_game_docs_en_us
Research_XMas_1-1_C,Candy Cane Basher,EST_MAM,3,3.000000,False,False,IIB_PublicBuilds,BlueprintGeneratedClass /Game/FactoryGame/Schematics/Research/XMas_RS/Research_XMas_1-1.Research_XMas_1-1_C,docs_a81d250e96aa,local_game_docs_en_us
Research_Sulfur_ExperimentalPower_C,Experimental Power Generation,EST_MAM,3,3.000000,False,False,IIB_PublicBuilds,BlueprintGeneratedClass /Game/FactoryGame/Schematics/Research/Sulfur_RS/Research_Sulfur_ExperimentalPower.Research_Sulfur_ExperimentalPower_C,docs_a81d250e96aa,local_game_docs_en_us
Research_Sulfur_6_C,Inflated Pocket Dimension,EST_MAM,3,3.000000,False,False,IIB_PublicBuilds,BlueprintGeneratedClass /Game/FactoryGame/Schematics/Research/Sulfur_RS/Research_Sulfur_6.Research_Sulfur_6_C,docs_a81d250e96aa,local_game_docs_en_us
Research_Sulfur_5_1_C,Nuclear Deterrent Development,EST_MAM,3,3.000000,False,False,IIB_PublicBuilds,BlueprintGeneratedClass /Game/FactoryGame/Schematics/Research/Sulfur_RS/Research_Sulfur_5_1.Research_Sulfur_5_1_C,docs_a81d250e96aa,local_game_docs_en_us
Research_Sulfur_5_C,Expanded Toolbelt,EST_MAM,3,3.000000,False,False,IIB_PublicBuilds,BlueprintGeneratedClass /Game/FactoryGame/Schematics/Research/Sulfur_RS/Research_Sulfur_5.Research_Sulfur_5_C,docs_a81d250e96aa,local_game_docs_en_us
Research_Sulfur_3_2_C,,EST_MAM,3,3.000000,False,False,IIB_PublicBuilds,BlueprintGeneratedClass /Game/FactoryGame/Schematics/Research/Sulfur_RS/Research_Sulfur_3_2.Research_Sulfur_3_2_C,docs_a81d250e96aa,local_game_docs_en_us
Research_Sulfur_2_C,Volatile Applications,EST_MAM,3,3.000000,False,False,IIB_PublicBuilds,BlueprintGeneratedClass /Game/FactoryGame/Schematics/Research/Sulfur_RS/Research_Sulfur_2.Research_Sulfur_2_C,docs_a81d250e96aa,local_game_docs_en_us
Research_Quartz_PriorityMerger_C,Material Resonance Screening,EST_MAM,3,3.000000,False,False,IIB_PublicBuilds,BlueprintGeneratedClass /Game/FactoryGame/Schematics/Research/Quartz_RS/Research_Quartz_PriorityMerger.Research_Quartz_PriorityMerger_C,docs_a81d250e96aa,local_game_docs_en_us
Research_Nutrients_1_C,Beryl Nut,EST_MAM,3,3.000000,False,False,IIB_PublicBuilds,BlueprintGeneratedClass /Game/FactoryGame/Schematics/Research/Nutrients_RS/Research_Nutrients_1.Research_Nutrients_1_C,docs_a81d250e96aa,local_game_docs_en_us
Research_Nutrients_0_C,Paleberry,EST_MAM,3,3.000000,False,False,IIB_PublicBuilds,BlueprintGeneratedClass /Game/FactoryGame/Schematics/Research/Nutrients_RS/Research_Nutrients_0.Research_Nutrients_0_C,docs_a81d250e96aa,local_game_docs_en_us
Research_Quartz_4_C,Radar Technology,EST_MAM,3,3.000000,False,False,IIB_PublicBuilds,BlueprintGeneratedClass /Game/FactoryGame/Schematics/Research/Quartz_RS/Research_Quartz_4.Research_Quartz_4_C,docs_a81d250e96aa,local_game_docs_en_us
Research_Quartz_3_1_C,The Explorer,EST_MAM,3,3.000000,False,False,IIB_PublicBuilds,BlueprintGeneratedClass /Game/FactoryGame/Schematics/Research/Quartz_RS/Research_Quartz_3_1.Research_Quartz_3_1_C,docs_a81d250e96aa,local_game_docs_en_us
Research_Quartz_3_C,Signal Systems,EST_MAM,3,3.000000,False,False,IIB_PublicBuilds,BlueprintGeneratedClass /Game/FactoryGame/Schematics/Research/Quartz_RS/Research_Quartz_3.Research_Quartz_3_C,docs_a81d250e96aa,local_game_docs_en_us
Research_Quartz_0_C,Quartz,EST_MAM,3,3.000000,False,False,IIB_PublicBuilds,BlueprintGeneratedClass /Game/FactoryGame/Schematics/Research/Quartz_RS/Research_Quartz_0.Research_Quartz_0_C,docs_a81d250e96aa,local_game_docs_en_us
Research_PowerSlugs_5_C,Purple Power Slugs,EST_MAM,3,3.000000,False,False,IIB_PublicBuilds,BlueprintGeneratedClass /Game/FactoryGame/Schematics/Research/PowerSlugs_RS/Research_PowerSlugs_5.Research_PowerSlugs_5_C,docs_a81d250e96aa,local_game_docs_en_us
Research_PowerSlugs_4_C,Yellow Power Slugs,EST_MAM,3,3.000000,False,False,IIB_PublicBuilds,BlueprintGeneratedClass /Game/FactoryGame/Schematics/Research/PowerSlugs_RS/Research_PowerSlugs_4.Research_PowerSlugs_4_C,docs_a81d250e96aa,local_game_docs_en_us
Research_PowerSlugs_2_C,Overclock Production,EST_MAM,3,3.000000,False,False,IIB_PublicBuilds,BlueprintGeneratedClass /Game/FactoryGame/Schematics/Research/PowerSlugs_RS/Research_PowerSlugs_2.Research_PowerSlugs_2_C,docs_a81d250e96aa,local_game_docs_en_us
Research_PowerSlugs_1_C,Blue Power Slugs,EST_MAM,3,3.000000,False,False,IIB_PublicBuilds,BlueprintGeneratedClass /Game/FactoryGame/Schematics/Research/PowerSlugs_RS/Research_PowerSlugs_1.Research_PowerSlugs_1_C,docs_a81d250e96aa,local_game_docs_en_us
Research_Nutrients_3_C,Nutritional Processor,EST_MAM,3,3.000000,False,False,IIB_PublicBuilds,BlueprintGeneratedClass /Game/FactoryGame/Schematics/Research/Nutrients_RS/Research_Nutrients_3.Research_Nutrients_3_C,docs_a81d250e96aa,local_game_docs_en_us
Research_Mycelia_GasMask_C,Gas Mask,EST_MAM,3,3.000000,False,False,IIB_PublicBuilds,BlueprintGeneratedClass /Game/FactoryGame/Schematics/Research/Mycelia_RS/Research_Mycelia_GasMask.Research_Mycelia_GasMask_C,docs_a81d250e96aa,local_game_docs_en_us
Research_Mycelia_7_C,Expanded Toolbelt,EST_MAM,3,3.000000,False,False,IIB_PublicBuilds,BlueprintGeneratedClass /Game/FactoryGame/Schematics/Research/Mycelia_RS/Research_Mycelia_7.Research_Mycelia_7_C,docs_a81d250e96aa,local_game_docs_en_us
Research_Mycelia_6_C,Therapeutic Inhaler,EST_MAM,3,3.000000,False,False,IIB_PublicBuilds,BlueprintGeneratedClass /Game/FactoryGame/Schematics/Research/Mycelia_RS/Research_Mycelia_6.Research_Mycelia_6_C,docs_a81d250e96aa,local_game_docs_en_us
Research_Mycelia_4_C,Medical Properties,EST_MAM,3,3.000000,False,False,IIB_PublicBuilds,BlueprintGeneratedClass /Game/FactoryGame/Schematics/Research/Mycelia_RS/Research_Mycelia_4.Research_Mycelia_4_C,docs_a81d250e96aa,local_game_docs_en_us
Research_Mycelia_3_C,Parachute,EST_MAM,3,3.000000,False,False,IIB_PublicBuilds,BlueprintGeneratedClass /Game/FactoryGame/Schematics/Research/Mycelia_RS/Research_Mycelia_3.Research_Mycelia_3_C,docs_a81d250e96aa,local_game_docs_en_us
Research_Mycelia_2_1_C,Synthetic Polyester Fabric,EST_MAM,3,3.000000,False,False,IIB_PublicBuilds,BlueprintGeneratedClass /Game/FactoryGame/Schematics/Research/Mycelia_RS/Research_Mycelia_2_1.Research_Mycelia_2_1_C,docs_a81d250e96aa,local_game_docs_en_us
Research_Mycelia_1_C,Mycelia,EST_MAM,3,3.000000,False,False,IIB_PublicBuilds,BlueprintGeneratedClass /Game/FactoryGame/Schematics/Research/Mycelia_RS/Research_Mycelia_1.Research_Mycelia_1_C,docs_a81d250e96aa,local_game_docs_en_us
Research_HardDrive_0_C,Hard Drives,EST_HardDrive,0,600.000000,False,False,IIB_PublicBuilds,BlueprintGeneratedClass /Game/FactoryGame/Schematics/Research/HardDrive_RS/Research_HardDrive_0.Research_HardDrive_0_C,docs_a81d250e96aa,local_game_docs_en_us
Research_Caterium_7_2_C,Geothermal Generator,EST_MAM,3,3.000000,False,False,IIB_PublicBuilds,BlueprintGeneratedClass /Game/FactoryGame/Schematics/Research/Caterium_RS/Research_Caterium_7_2.Research_Caterium_7_2_C,docs_a81d250e96aa,local_game_docs_en_us
Research_Caterium_7_1_C,Programmable Splitter,EST_MAM,3,3.000000,False,False,IIB_PublicBuilds,BlueprintGeneratedClass /Game/FactoryGame/Schematics/Research/Caterium_RS/Research_Caterium_7_1.Research_Caterium_7_1_C,docs_a81d250e96aa,local_game_docs_en_us
Research_Caterium_5_2_C,Upgraded Power Connectors,EST_MAM,3,3.000000,False,False,IIB_PublicBuilds,BlueprintGeneratedClass /Game/FactoryGame/Schematics/Research/Caterium_RS/Research_Caterium_5_2.Research_Caterium_5_2_C,docs_a81d250e96aa,local_game_docs_en_us
Research_Caterium_5_1_C,Priority Power Switch,EST_MAM,3,3.000000,False,False,IIB_PublicBuilds,BlueprintGeneratedClass /Game/FactoryGame/Schematics/Research/Caterium_RS/Research_Caterium_5_1.Research_Caterium_5_1_C,docs_a81d250e96aa,local_game_docs_en_us
Research_Caterium_4_3_C,Blade Runners,EST_MAM,3,3.000000,False,False,IIB_PublicBuilds,BlueprintGeneratedClass /Game/FactoryGame/Schematics/Research/Caterium_RS/Research_Caterium_4_3.Research_Caterium_4_3_C,docs_a81d250e96aa,local_game_docs_en_us
Research_Caterium_4_1_2_C,Power Switch,EST_MAM,3,3.000000,False,False,IIB_PublicBuilds,BlueprintGeneratedClass /Game/FactoryGame/Schematics/Research/Caterium_RS/Research_Caterium_4_1_2.Research_Caterium_4_1_2_C,docs_a81d250e96aa,local_game_docs_en_us
Research_Caterium_4_1_1_C,Smart Splitter,EST_MAM,3,3.000000,False,False,IIB_PublicBuilds,BlueprintGeneratedClass /Game/FactoryGame/Schematics/Research/Caterium_RS/Research_Caterium_4_1_1.Research_Caterium_4_1_1_C,docs_a81d250e96aa,local_game_docs_en_us
Research_Caterium_3_1_C,Inflated Pocket Dimension,EST_MAM,3,3.000000,False,False,IIB_PublicBuilds,BlueprintGeneratedClass /Game/FactoryGame/Schematics/Research/Caterium_RS/Research_Caterium_3_1.Research_Caterium_3_1_C,docs_a81d250e96aa,local_game_docs_en_us
Research_Caterium_3_C,Caterium Electronics,EST_MAM,3,3.000000,False,False,IIB_PublicBuilds,BlueprintGeneratedClass /Game/FactoryGame/Schematics/Research/Caterium_RS/Research_Caterium_3.Research_Caterium_3_C,docs_a81d250e96aa,local_game_docs_en_us
Research_Caterium_2_1_C,Zipline,EST_MAM,3,3.000000,False,False,IIB_PublicBuilds,BlueprintGeneratedClass /Game/FactoryGame/Schematics/Research/Caterium_RS/Research_Caterium_2_1.Research_Caterium_2_1_C,docs_a81d250e96aa,local_game_docs_en_us
Research_Caterium_1_C,Caterium Ingots,EST_MAM,3,3.000000,False,False,IIB_PublicBuilds,BlueprintGeneratedClass /Game/FactoryGame/Schematics/Research/Caterium_RS/Research_Caterium_1.Research_Caterium_1_C,docs_a81d250e96aa,local_game_docs_en_us
Research_Caterium_0_C,Caterium,EST_MAM,3,3.000000,False,False,IIB_PublicBuilds,BlueprintGeneratedClass /Game/FactoryGame/Schematics/Research/Caterium_RS/Research_Caterium_0.Research_Caterium_0_C,docs_a81d250e96aa,local_game_docs_en_us
Research_Alien_Somersloop_C,Somersloop Analysis,EST_MAM,0,3.000000,False,False,IIB_PublicBuilds,BlueprintGeneratedClass /Game/FactoryGame/Schematics/Research/AlienTech_RS/Research_Alien_Somersloop.Research_Alien_Somersloop_C,docs_a81d250e96aa,local_game_docs_en_us
Research_Alien_SAMFluctuator_C,SAM Fluctuator,EST_MAM,0,3.000000,False,False,IIB_PublicBuilds,BlueprintGeneratedClass /Game/FactoryGame/Schematics/Research/AlienTech_RS/Research_Alien_SAMFluctuator.Research_Alien_SAMFluctuator_C,docs_a81d250e96aa,local_game_docs_en_us
Research_Alien_SAM_C,SAM Analysis,EST_MAM,0,3.000000,False,False,IIB_PublicBuilds,BlueprintGeneratedClass /Game/FactoryGame/Schematics/Research/AlienTech_RS/Research_Alien_SAM.Research_Alien_SAM_C,docs_a81d250e96aa,local_game_docs_en_us
Research_Alien_ProductionBooster_C,Production Amplifier,EST_MAM,0,3.000000,False,False,IIB_PublicBuilds,BlueprintGeneratedClass /Game/FactoryGame/Schematics/Research/AlienTech_RS/Research_Alien_ProductionBooster.Research_Alien_ProductionBooster_C,docs_a81d250e96aa,local_game_docs_en_us
Research_Alien_PowerBooster_C,Power Augmenter,EST_MAM,0,3.000000,False,False,IIB_PublicBuilds,BlueprintGeneratedClass /Game/FactoryGame/Schematics/Research/AlienTech_RS/Research_Alien_PowerBooster.Research_Alien_PowerBooster_C,docs_a81d250e96aa,local_game_docs_en_us
Research_Alien_PortalPotty_C,SPWN,EST_MAM,0,3.000000,False,False,IIB_PublicBuilds,BlueprintGeneratedClass /Game/FactoryGame/Schematics/Research/AlienTech_RS/Research_Alien_PortalPotty.Research_Alien_PortalPotty_C,docs_a81d250e96aa,local_game_docs_en_us
Research_Alien_MercerSphere_C,Mercer Sphere Analysis,EST_MAM,0,3.000000,False,False,IIB_PublicBuilds,BlueprintGeneratedClass /Game/FactoryGame/Schematics/Research/AlienTech_RS/Research_Alien_MercerSphere.Research_Alien_MercerSphere_C,docs_a81d250e96aa,local_game_docs_en_us
Research_Alien_CentralUploadBoost_04_C,Upload Upgrade: 240/min,EST_MAM,0,3.000000,False,False,IIB_PublicBuilds,BlueprintGeneratedClass /Game/FactoryGame/Schematics/Research/AlienTech_RS/Research_Alien_CentralUploadBoost_04.Research_Alien_CentralUploadBoost_04_C,docs_a81d250e96aa,local_game_docs_en_us
Research_Alien_CentralUploadBoost_03_C,Upload Upgrade: 120/min,EST_MAM,0,3.000000,False,False,IIB_PublicBuilds,BlueprintGeneratedClass /Game/FactoryGame/Schematics/Research/AlienTech_RS/Research_Alien_CentralUploadBoost_03.Research_Alien_CentralUploadBoost_03_C,docs_a81d250e96aa,local_game_docs_en_us
Research_Alien_CentralUploadBoost_02_C,Upload Upgrade: 60/min,EST_MAM,0,3.000000,False,False,IIB_PublicBuilds,BlueprintGeneratedClass /Game/FactoryGame/Schematics/Research/AlienTech_RS/Research_Alien_CentralUploadBoost_02.Research_Alien_CentralUploadBoost_02_C,docs_a81d250e96aa,local_game_docs_en_us
Research_Alien_CentralUploadBoost_01_C,Upload Upgrade: 30/min,EST_MAM,0,3.000000,False,False,IIB_PublicBuilds,BlueprintGeneratedClass /Game/FactoryGame/Schematics/Research/AlienTech_RS/Research_Alien_CentralUploadBoost_01.Research_Alien_CentralUploadBoost_01_C,docs_a81d250e96aa,local_game_docs_en_us
Research_Alien_CentralStorage_C,Dimensional Depot,EST_MAM,0,3.000000,False,False,IIB_PublicBuilds,BlueprintGeneratedClass /Game/FactoryGame/Schematics/Research/AlienTech_RS/Research_Alien_CentralStorage.Research_Alien_CentralStorage_C,docs_a81d250e96aa,local_game_docs_en_us
Research_Alien_CentralStackExpansion_04_C,Depot Expansion (500%),EST_MAM,0,3.000000,False,False,IIB_PublicBuilds,BlueprintGeneratedClass /Game/FactoryGame/Schematics/Research/AlienTech_RS/Research_Alien_CentralStackExpansion_04.Research_Alien_CentralStackExpansion_04_C,docs_a81d250e96aa,local_game_docs_en_us
Research_Alien_CentralStackExpansion_03_C,Depot Expansion (400%),EST_MAM,0,3.000000,False,False,IIB_PublicBuilds,BlueprintGeneratedClass /Game/FactoryGame/Schematics/Research/AlienTech_RS/Research_Alien_CentralStackExpansion_03.Research_Alien_CentralStackExpansion_03_C,docs_a81d250e96aa,local_game_docs_en_us
Research_Alien_CentralStackExpansion_02_C,Depot Expansion (300%),EST_MAM,0,3.000000,False,False,IIB_PublicBuilds,BlueprintGeneratedClass /Game/FactoryGame/Schematics/Research/AlienTech_RS/Research_Alien_CentralStackExpansion_02.Research_Alien_CentralStackExpansion_02_C,docs_a81d250e96aa,local_game_docs_en_us
Research_Alien_CentralStackExpansion_01_C,Depot Expansion (200%),EST_MAM,0,3.000000,False,False,IIB_PublicBuilds,BlueprintGeneratedClass /Game/FactoryGame/Schematics/Research/AlienTech_RS/Research_Alien_CentralStackExpansion_01.Research_Alien_CentralStackExpansion_01_C,docs_a81d250e96aa,local_game_docs_en_us
Research_Alien_CentralInventory_C,Manual Depot Uploader,EST_MAM,0,3.000000,False,False,IIB_PublicBuilds,BlueprintGeneratedClass /Game/FactoryGame/Schematics/Research/AlienTech_RS/Research_Alien_CentralInventory.Research_Alien_CentralInventory_C,docs_a81d250e96aa,local_game_docs_en_us
Research_Alien_BoosterFuel_C,Alien Power Matrix,EST_MAM,0,3.000000,False,False,IIB_PublicBuilds,BlueprintGeneratedClass /Game/FactoryGame/Schematics/Research/AlienTech_RS/Research_Alien_BoosterFuel.Research_Alien_BoosterFuel_C,docs_a81d250e96aa,local_game_docs_en_us
Research_Alien_BoosterBlocker_C,Alien Energy Harnessing,EST_MAM,0,3.000000,False,False,IIB_PublicBuilds,BlueprintGeneratedClass /Game/FactoryGame/Schematics/Research/AlienTech_RS/Research_Alien_BoosterBlocker.Research_Alien_BoosterBlocker_C,docs_a81d250e96aa,local_game_docs_en_us
Research_Alien_ActiveSAM_C,SAM Reanimation,EST_MAM,0,3.000000,False,False,IIB_PublicBuilds,BlueprintGeneratedClass /Game/FactoryGame/Schematics/Research/AlienTech_RS/Research_Alien_ActiveSAM.Research_Alien_ActiveSAM_C,docs_a81d250e96aa,local_game_docs_en_us
Research_AO_Stinger_C,Stinger Research,EST_MAM,3,3.000000,False,False,IIB_PublicBuilds,BlueprintGeneratedClass /Game/FactoryGame/Schematics/Research/AlienOrganisms_RS/Research_AO_Stinger.Research_AO_Stinger_C,docs_a81d250e96aa,local_game_docs_en_us
Research_AO_Pre_Rebar_C,Structural Analysis,EST_MAM,3,3.000000,False,False,IIB_PublicBuilds,BlueprintGeneratedClass /Game/FactoryGame/Schematics/Research/AlienOrganisms_RS/Research_AO_Pre_Rebar.Research_AO_Pre_Rebar_C,docs_a81d250e96aa,local_game_docs_en_us
Research_AO_Hatcher_C,Hatcher Research,EST_MAM,3,3.000000,False,False,IIB_PublicBuilds,BlueprintGeneratedClass /Game/FactoryGame/Schematics/Research/AlienOrganisms_RS/Research_AO_Hatcher.Research_AO_Hatcher_C,docs_a81d250e96aa,local_game_docs_en_us
Research_AO_DNACapsule_C,Bio-Organic Properties,EST_MAM,3,3.000000,False,False,IIB_PublicBuilds,BlueprintGeneratedClass /Game/FactoryGame/Schematics/Research/AlienOrganisms_RS/Research_AO_DNACapsule.Research_AO_DNACapsule_C,docs_a81d250e96aa,local_game_docs_en_us
Research_AOrgans_3_C,Inflated Pocket Dimension,EST_MAM,3,3.000000,False,False,IIB_PublicBuilds,BlueprintGeneratedClass /Game/FactoryGame/Schematics/Research/AlienOrganisms_RS/Research_AOrgans_3.Research_AOrgans_3_C,docs_a81d250e96aa,local_game_docs_en_us
Research_AOrgans_1_C,Discontinued - Organic Properties,EST_MAM,3,3.000000,False,False,IIB_PublicBuilds,BlueprintGeneratedClass /Game/FactoryGame/Schematics/Research/AlienOrganisms_RS/Research_AOrgans_1.Research_AOrgans_1_C,docs_a81d250e96aa,local_game_docs_en_us
Research_AOrgans_0_C,Spitter Research,EST_MAM,3,3.000000,False,False,IIB_PublicBuilds,BlueprintGeneratedClass /Game/FactoryGame/Schematics/Research/AlienOrganisms_RS/Research_AOrgans_0.Research_AOrgans_0_C,docs_a81d250e96aa,local_game_docs_en_us
Research_AOrganisms_2_C,Hostile Organism Detection,EST_MAM,3,3.000000,False,False,IIB_PublicBuilds,BlueprintGeneratedClass /Game/FactoryGame/Schematics/Research/AlienOrganisms_RS/Research_AOrganisms_2.Research_AOrganisms_2_C,docs_a81d250e96aa,local_game_docs_en_us
Research_AOrganisms_1_C,Discontinued - Object Scanner Improvements,EST_MAM,3,3.000000,False,False,IIB_PublicBuilds,BlueprintGeneratedClass /Game/FactoryGame/Schematics/Research/AlienOrganisms_RS/Research_AOrganisms_1.Research_AOrganisms_1_C,docs_a81d250e96aa,local_game_docs_en_us
Research_ACarapace_3_C,Expanded Toolbelt,EST_MAM,3,3.000000,False,False,IIB_PublicBuilds,BlueprintGeneratedClass /Game/FactoryGame/Schematics/Research/AlienOrganisms_RS/Research_ACarapace_3.Research_ACarapace_3_C,docs_a81d250e96aa,local_game_docs_en_us
Research_ACarapace_1_C,Discontinued - Structural Analysis,EST_MAM,3,3.000000,False,False,IIB_PublicBuilds,BlueprintGeneratedClass /Game/FactoryGame/Schematics/Research/AlienOrganisms_RS/Research_ACarapace_1.Research_ACarapace_1_C,docs_a81d250e96aa,local_game_docs_en_us
Research_ACarapace_0_C,Hog Research,EST_MAM,3,3.000000,False,False,IIB_PublicBuilds,BlueprintGeneratedClass /Game/FactoryGame/Schematics/Research/AlienOrganisms_RS/Research_ACarapace_0.Research_ACarapace_0_C,docs_a81d250e96aa,local_game_docs_en_us
Schematic_9-5_C,Peak Efficiency,EST_Milestone,9,600.000000,False,False,IIB_PublicBuilds,BlueprintGeneratedClass /Game/FactoryGame/Schematics/Progression/Schematic_9-5.Schematic_9-5_C,docs_a81d250e96aa,local_game_docs_en_us
Schematic_9-4_C,Spatial Energy Regulation,EST_Milestone,9,600.000000,False,False,IIB_PublicBuilds,BlueprintGeneratedClass /Game/FactoryGame/Schematics/Progression/Schematic_9-4.Schematic_9-4_C,docs_a81d250e96aa,local_game_docs_en_us
Schematic_9-3_C,FICSIT Blueprints Mk.3,EST_Milestone,9,900.000000,False,False,IIB_PublicBuilds,BlueprintGeneratedClass /Game/FactoryGame/Schematics/Progression/Schematic_9-3.Schematic_9-3_C,docs_a81d250e96aa,local_game_docs_en_us
Schematic_8-3_C,Hoverpack,EST_Milestone,7,300.000000,False,False,IIB_PublicBuilds,BlueprintGeneratedClass /Game/FactoryGame/Schematics/Progression/Schematic_8-3.Schematic_8-3_C,docs_a81d250e96aa,local_game_docs_en_us
Schematic_7-4-1_C,Control System Development 2,EST_Custom,7,0.000000,False,False,IIB_PublicBuilds,BlueprintGeneratedClass /Game/FactoryGame/Schematics/Progression/Schematic_7-4-1.Schematic_7-4-1_C,docs_a81d250e96aa,local_game_docs_en_us
Schematic_7-5_C,Control System Development,EST_Milestone,7,900.000000,False,False,IIB_PublicBuilds,BlueprintGeneratedClass /Game/FactoryGame/Schematics/Progression/Schematic_7-5.Schematic_7-5_C,docs_a81d250e96aa,local_game_docs_en_us
Schematic_6-7_C,Railway Signalling,EST_Milestone,6,300.000000,False,False,IIB_PublicBuilds,BlueprintGeneratedClass /Game/FactoryGame/Schematics/Progression/Schematic_6-7.Schematic_6-7_C,docs_a81d250e96aa,local_game_docs_en_us
Schematic_6-6_C,FICSIT Blueprints Mk.2,EST_Milestone,6,600.000000,False,False,IIB_PublicBuilds,BlueprintGeneratedClass /Game/FactoryGame/Schematics/Progression/Schematic_6-6.Schematic_6-6_C,docs_a81d250e96aa,local_game_docs_en_us
Schematic_6-3_C,Monorail Train Technology,EST_Milestone,6,600.000000,False,False,IIB_PublicBuilds,BlueprintGeneratedClass /Game/FactoryGame/Schematics/Progression/Schematic_6-3.Schematic_6-3_C,docs_a81d250e96aa,local_game_docs_en_us
Schematic_6-2_C,Jetpack,EST_Milestone,5,300.000000,False,False,IIB_PublicBuilds,BlueprintGeneratedClass /Game/FactoryGame/Schematics/Progression/Schematic_6-2.Schematic_6-2_C,docs_a81d250e96aa,local_game_docs_en_us
Schematic_5-5-1_C,Petroleum Power 2,EST_Custom,5,0.000000,False,False,IIB_PublicBuilds,BlueprintGeneratedClass /Game/FactoryGame/Schematics/Progression/Schematic_5-5-1.Schematic_5-5-1_C,docs_a81d250e96aa,local_game_docs_en_us
Schematic_5-5_C,Petroleum Power,EST_Milestone,5,600.000000,False,False,IIB_PublicBuilds,BlueprintGeneratedClass /Game/FactoryGame/Schematics/Progression/Schematic_5-5.Schematic_5-5_C,docs_a81d250e96aa,local_game_docs_en_us
Schematic_5-3_C,Logistics Mk.3,EST_Milestone,4,300.000000,False,False,IIB_PublicBuilds,BlueprintGeneratedClass /Game/FactoryGame/Schematics/Progression/Schematic_5-3.Schematic_5-3_C,docs_a81d250e96aa,local_game_docs_en_us
Schematic_4-5_C,FICSIT Blueprints,EST_Milestone,4,300.000000,False,False,IIB_PublicBuilds,BlueprintGeneratedClass /Game/FactoryGame/Schematics/Progression/Schematic_4-5.Schematic_4-5_C,docs_a81d250e96aa,local_game_docs_en_us
Schematic_4-3_C,Expanded Power Infrastructure,EST_Milestone,4,300.000000,False,False,IIB_PublicBuilds,BlueprintGeneratedClass /Game/FactoryGame/Schematics/Progression/Schematic_4-3.Schematic_4-3_C,docs_a81d250e96aa,local_game_docs_en_us
Schematic_4-2_C,Enhanced Asset Security,EST_Milestone,3,180.000000,False,False,IIB_PublicBuilds,BlueprintGeneratedClass /Game/FactoryGame/Schematics/Progression/Schematic_4-2.Schematic_4-2_C,docs_a81d250e96aa,local_game_docs_en_us
Schematic_3-3_C,Vehicular Transport,EST_Milestone,3,240.000000,False,False,IIB_PublicBuilds,BlueprintGeneratedClass /Game/FactoryGame/Schematics/Progression/Schematic_3-3.Schematic_3-3_C,docs_a81d250e96aa,local_game_docs_en_us
Schematic_3-2_C,Logistics Mk.2,EST_Milestone,2,360.000000,False,False,IIB_PublicBuilds,BlueprintGeneratedClass /Game/FactoryGame/Schematics/Progression/Schematic_3-2.Schematic_3-2_C,docs_a81d250e96aa,local_game_docs_en_us
Schematic_2-3_C,Jump Pads,EST_Milestone,2,240.000000,False,False,IIB_PublicBuilds,BlueprintGeneratedClass /Game/FactoryGame/Schematics/Progression/Schematic_2-3.Schematic_2-3_C,docs_a81d250e96aa,local_game_docs_en_us
Schematic_1-3_C,Field Research,EST_Milestone,1,180.000000,False,False,IIB_PublicBuilds,BlueprintGeneratedClass /Game/FactoryGame/Schematics/Progression/Schematic_1-3.Schematic_1-3_C,docs_a81d250e96aa,local_game_docs_en_us
Schematic_1-2_C,Logistics,EST_Milestone,1,240.000000,False,False,IIB_PublicBuilds,BlueprintGeneratedClass /Game/FactoryGame/Schematics/Progression/Schematic_1-2.Schematic_1-2_C,docs_a81d250e96aa,local_game_docs_en_us
Schematic_Trinket_Somersloop_C,Somersloop Trinket,EST_Customization,0,600.000000,False,False,IIB_PublicBuilds,BlueprintGeneratedClass /Game/FactoryGame/Schematics/Pioneercosmetics/Trinkets/Schematic_Trinket_Somersloop.Schematic_Trinket_Somersloop_C,docs_a81d250e96aa,local_game_docs_en_us
Schematic_Trinket_Nut_C,Golden Nut Trinket,EST_Customization,0,600.000000,False,False,IIB_PublicBuilds,BlueprintGeneratedClass /Game/FactoryGame/Schematics/Pioneercosmetics/Trinkets/Schematic_Trinket_Nut.Schematic_Trinket_Nut_C,docs_a81d250e96aa,local_game_docs_en_us
Schematic_Trinket_NuclearWaste_C,Nuclear Waste Trinket,EST_Customization,0,600.000000,False,False,IIB_PublicBuilds,BlueprintGeneratedClass /Game/FactoryGame/Schematics/Pioneercosmetics/Trinkets/Schematic_Trinket_NuclearWaste.Schematic_Trinket_NuclearWaste_C,docs_a81d250e96aa,local_game_docs_en_us
Schematic_Trinket_FicsmasStar_C,Wonder Star Trinket,EST_Customization,0,600.000000,False,False,IIB_PublicBuilds,BlueprintGeneratedClass /Game/FactoryGame/Schematics/Pioneercosmetics/Trinkets/Schematic_Trinket_FicsmasStar.Schematic_Trinket_FicsmasStar_C,docs_a81d250e96aa,local_game_docs_en_us
Schematic_Trinket_FicsmasBall_C,Red Ornament Trinket,EST_Customization,0,600.000000,False,False,IIB_PublicBuilds,BlueprintGeneratedClass /Game/FactoryGame/Schematics/Pioneercosmetics/Trinkets/Schematic_Trinket_FicsmasBall.Schematic_Trinket_FicsmasBall_C,docs_a81d250e96aa,local_game_docs_en_us
Schematic_Trinket_FicsitCoupon_C,Coupon Trinket,EST_Customization,0,600.000000,False,False,IIB_PublicBuilds,BlueprintGeneratedClass /Game/FactoryGame/Schematics/Pioneercosmetics/Trinkets/Schematic_Trinket_FicsitCoupon.Schematic_Trinket_FicsitCoupon_C,docs_a81d250e96aa,local_game_docs_en_us
Schematic_Trinket_Default_C,Wrench Trinket,EST_Customization,0,600.000000,False,False,IIB_PublicBuilds,BlueprintGeneratedClass /Game/FactoryGame/Schematics/Pioneercosmetics/Trinkets/Schematic_Trinket_Default.Schematic_Trinket_Default_C,docs_a81d250e96aa,local_game_docs_en_us
Schematic_Trinket_Checkit_C,Checkit Trinket,EST_Customization,0,600.000000,False,False,IIB_PublicBuilds,BlueprintGeneratedClass /Game/FactoryGame/Schematics/Pioneercosmetics/Trinkets/Schematic_Trinket_Checkit.Schematic_Trinket_Checkit_C,docs_a81d250e96aa,local_game_docs_en_us
Schematic_Trinket_Alpaca_C,Alpaca Trinket,EST_Customization,0,600.000000,False,False,IIB_PublicBuilds,BlueprintGeneratedClass /Game/FactoryGame/Schematics/Pioneercosmetics/Trinkets/Schematic_Trinket_Alpaca.Schematic_Trinket_Alpaca_C,docs_a81d250e96aa,local_game_docs_en_us
Schematic_Trinket_AirFreshener_C,Fresh Factory Trinket,EST_Customization,0,600.000000,False,False,IIB_PublicBuilds,BlueprintGeneratedClass /Game/FactoryGame/Schematics/Pioneercosmetics/Trinkets/Schematic_Trinket_AirFreshener.Schematic_Trinket_AirFreshener_C,docs_a81d250e96aa,local_game_docs_en_us
Schematic_Helmet_Welder_C,Welder Helmet,EST_Customization,0,600.000000,False,False,IIB_PublicBuilds,BlueprintGeneratedClass /Game/FactoryGame/Schematics/Pioneercosmetics/Helmets/Schematic_Helmet_Welder.Schematic_Helmet_Welder_C,docs_a81d250e96aa,local_game_docs_en_us
Schematic_Helmet_Scout_C,Scout Helmet,EST_Customization,0,600.000000,False,False,IIB_PublicBuilds,BlueprintGeneratedClass /Game/FactoryGame/Schematics/Pioneercosmetics/Helmets/Schematic_Helmet_Scout.Schematic_Helmet_Scout_C,docs_a81d250e96aa,local_game_docs_en_us
Schematic_Helmet_Scarf_C,Neko Helmet,EST_Customization,0,600.000000,False,False,IIB_PublicBuilds,BlueprintGeneratedClass /Game/FactoryGame/Schematics/Pioneercosmetics/Helmets/Schematic_Helmet_Scarf.Schematic_Helmet_Scarf_C,docs_a81d250e96aa,local_game_docs_en_us
Schematic_Helmet_Neon_C,Neon Helmet,EST_Customization,0,600.000000,False,False,IIB_PublicBuilds,BlueprintGeneratedClass /Game/FactoryGame/Schematics/Pioneercosmetics/Helmets/Schematic_Helmet_Neon.Schematic_Helmet_Neon_C,docs_a81d250e96aa,local_game_docs_en_us
Schematic_Helmet_Neko_C,Neko Helmet,EST_Customization,0,600.000000,False,False,IIB_PublicBuilds,BlueprintGeneratedClass /Game/FactoryGame/Schematics/Pioneercosmetics/Helmets/Schematic_Helmet_Neko.Schematic_Helmet_Neko_C,docs_a81d250e96aa,local_game_docs_en_us
Schematic_Helmet_Mecha_C,,EST_Customization,0,600.000000,False,False,IIB_PublicBuilds,BlueprintGeneratedClass /Game/FactoryGame/Schematics/Pioneercosmetics/Helmets/Schematic_Helmet_Mecha.Schematic_Helmet_Mecha_C,docs_a81d250e96aa,local_game_docs_en_us
Schematic_Helmet_Golden_C,Golden Helmet,EST_Customization,0,600.000000,False,False,IIB_PublicBuilds,BlueprintGeneratedClass /Game/FactoryGame/Schematics/Pioneercosmetics/Helmets/Schematic_Helmet_Golden.Schematic_Helmet_Golden_C,docs_a81d250e96aa,local_game_docs_en_us
Schematic_Helmet_Ficsmas_C,FICSMAS Hat,EST_Customization,0,600.000000,False,False,IIB_PublicBuilds,BlueprintGeneratedClass /Game/FactoryGame/Schematics/Pioneercosmetics/Helmets/Schematic_Helmet_Ficsmas.Schematic_Helmet_Ficsmas_C,docs_a81d250e96aa,local_game_docs_en_us
Schematic_Helmet_Doggo_C,,EST_Customization,0,600.000000,False,False,IIB_PublicBuilds,BlueprintGeneratedClass /Game/FactoryGame/Schematics/Pioneercosmetics/Helmets/Schematic_Helmet_Doggo.Schematic_Helmet_Doggo_C,docs_a81d250e96aa,local_game_docs_en_us
Schematic_Helmet_Default_C,Standard FICSIT Helmet,EST_Customization,0,600.000000,False,False,IIB_PublicBuilds,BlueprintGeneratedClass /Game/FactoryGame/Schematics/Pioneercosmetics/Helmets/Schematic_Helmet_Default.Schematic_Helmet_Default_C,docs_a81d250e96aa,local_game_docs_en_us
Schematic_Helmet_Coffee_C,,EST_Customization,0,600.000000,False,False,IIB_PublicBuilds,BlueprintGeneratedClass /Game/FactoryGame/Schematics/Pioneercosmetics/Helmets/Schematic_Helmet_Coffee.Schematic_Helmet_Coffee_C,docs_a81d250e96aa,local_game_docs_en_us
Schematic_Helmet_Bobble_C,Bobblehead Helmet,EST_Customization,0,600.000000,False,False,IIB_PublicBuilds,BlueprintGeneratedClass /Game/FactoryGame/Schematics/Pioneercosmetics/Helmets/Schematic_Helmet_Bobble.Schematic_Helmet_Bobble_C,docs_a81d250e96aa,local_game_docs_en_us
Schematic_Helmet_Beta_C,B-374 Helmet,EST_Customization,0,600.000000,False,True,IIB_PublicBuilds,BlueprintGeneratedClass /Game/FactoryGame/Schematics/Pioneercosmetics/Helmets/Schematic_Helmet_Beta.Schematic_Helmet_Beta_C,docs_a81d250e96aa,local_game_docs_en_us
Schematic_Skin_Buildgun_Striped_C,Striped Build Gun,EST_Customization,0,600.000000,False,False,IIB_PublicBuilds,BlueprintGeneratedClass /Game/FactoryGame/Schematics/Pioneercosmetics/BuildGunSkins/Schematic_Skin_Buildgun_Striped.Schematic_Skin_Buildgun_Striped_C,docs_a81d250e96aa,local_game_docs_en_us
Schematic_Skin_Buildgun_Neon_C,Neon Build Gun,EST_Customization,0,600.000000,False,False,IIB_PublicBuilds,BlueprintGeneratedClass /Game/FactoryGame/Schematics/Pioneercosmetics/BuildGunSkins/Schematic_Skin_Buildgun_Neon.Schematic_Skin_Buildgun_Neon_C,docs_a81d250e96aa,local_game_docs_en_us
Schematic_Skin_Buildgun_HalfNHalf_C,FICSIT Half 'n' Half Build Gun,EST_Customization,0,600.000000,False,False,IIB_PublicBuilds,BlueprintGeneratedClass /Game/FactoryGame/Schematics/Pioneercosmetics/BuildGunSkins/Schematic_Skin_Buildgun_HalfNHalf.Schematic_Skin_Buildgun_HalfNHalf_C,docs_a81d250e96aa,local_game_docs_en_us
Schematic_Skin_Buildgun_Golden_C,Golden Build Gun,EST_Customization,0,600.000000,False,False,IIB_PublicBuilds,BlueprintGeneratedClass /Game/FactoryGame/Schematics/Pioneercosmetics/BuildGunSkins/Schematic_Skin_Buildgun_Golden.Schematic_Skin_Buildgun_Golden_C,docs_a81d250e96aa,local_game_docs_en_us
Schematic_Skin_Buildgun_Default_C,Standard FICSIT Build Gun,EST_Customization,0,600.000000,False,False,IIB_PublicBuilds,BlueprintGeneratedClass /Game/FactoryGame/Schematics/Pioneercosmetics/BuildGunSkins/Schematic_Skin_Buildgun_Default.Schematic_Skin_Buildgun_Default_C,docs_a81d250e96aa,local_game_docs_en_us
Schematic_Skin_Buildgun_ColoredSides_C,Alternative FICSIT Build Gun,EST_Customization,0,600.000000,False,False,IIB_PublicBuilds,BlueprintGeneratedClass /Game/FactoryGame/Schematics/Pioneercosmetics/BuildGunSkins/Schematic_Skin_Buildgun_ColoredSides.Schematic_Skin_Buildgun_ColoredSides_C,docs_a81d250e96aa,local_game_docs_en_us
Schematic_Skin_Buildgun_Camo_C,Camo Build Gun,EST_Customization,0,600.000000,False,False,IIB_PublicBuilds,BlueprintGeneratedClass /Game/FactoryGame/Schematics/Pioneercosmetics/BuildGunSkins/Schematic_Skin_Buildgun_Camo.Schematic_Skin_Buildgun_Camo_C,docs_a81d250e96aa,local_game_docs_en_us
Schematic_Alternate_InventorySlots2_C,Inflated Pocket Dimension,EST_Alternate,5,0.000000,False,False,IIB_PublicBuilds,BlueprintGeneratedClass /Game/FactoryGame/Schematics/Alternate/Upgrades/Schematic_Alternate_InventorySlots2.Schematic_Alternate_InventorySlots2_C,docs_a81d250e96aa,local_game_docs_en_us
Schematic_Alternate_InventorySlots1_C,Inflated Pocket Dimension,EST_Alternate,2,0.000000,False,False,IIB_PublicBuilds,BlueprintGeneratedClass /Game/FactoryGame/Schematics/Alternate/Upgrades/Schematic_Alternate_InventorySlots1.Schematic_Alternate_InventorySlots1_C,docs_a81d250e96aa,local_game_docs_en_us
Schematic_Alternate_Wire2_C,Alternate: Caterium Wire,EST_Alternate,3,0.000000,False,False,IIB_PublicBuilds,BlueprintGeneratedClass /Game/FactoryGame/Schematics/Alternate/Parts/Schematic_Alternate_Wire2.Schematic_Alternate_Wire2_C,docs_a81d250e96aa,local_game_docs_en_us
Schematic_Alternate_Wire1_C,Alternate: Iron Wire,EST_Alternate,1,0.000000,False,False,IIB_PublicBuilds,BlueprintGeneratedClass /Game/FactoryGame/Schematics/Alternate/Parts/Schematic_Alternate_Wire1.Schematic_Alternate_Wire1_C,docs_a81d250e96aa,local_game_docs_en_us
Schematic_Alternate_UraniumCell1_C,Alternate: Infused Uranium Cell,EST_Alternate,7,0.000000,False,False,IIB_PublicBuilds,BlueprintGeneratedClass /Game/FactoryGame/Schematics/Alternate/Parts/Schematic_Alternate_UraniumCell1.Schematic_Alternate_UraniumCell1_C,docs_a81d250e96aa,local_game_docs_en_us
Schematic_Alternate_TurboMotor1_C,Alternate: Turbo Electric Motor,EST_Alternate,7,0.000000,False,False,IIB_PublicBuilds,BlueprintGeneratedClass /Game/FactoryGame/Schematics/Alternate/Parts/Schematic_Alternate_TurboMotor1.Schematic_Alternate_TurboMotor1_C,docs_a81d250e96aa,local_game_docs_en_us
Schematic_Alternate_Stator_C,Alternate: Quickwire Stator,EST_Alternate,4,0.000000,False,False,IIB_PublicBuilds,BlueprintGeneratedClass /Game/FactoryGame/Schematics/Alternate/Parts/Schematic_Alternate_Stator.Schematic_Alternate_Stator_C,docs_a81d250e96aa,local_game_docs_en_us
Schematic_Alternate_Silica_C,Alternate: Cheap Silica,EST_Alternate,4,0.000000,False,False,IIB_PublicBuilds,BlueprintGeneratedClass /Game/FactoryGame/Schematics/Alternate/Parts/Schematic_Alternate_Silica.Schematic_Alternate_Silica_C,docs_a81d250e96aa,local_game_docs_en_us
Schematic_Alternate_Screw2_C,Alternate: Steel Screws,EST_Alternate,4,0.000000,False,False,IIB_PublicBuilds,BlueprintGeneratedClass /Game/FactoryGame/Schematics/Alternate/Parts/Schematic_Alternate_Screw2.Schematic_Alternate_Screw2_C,docs_a81d250e96aa,local_game_docs_en_us
Schematic_Alternate_Screw_C,Alternate: Cast Screws,EST_Alternate,1,0.000000,False,False,IIB_PublicBuilds,BlueprintGeneratedClass /Game/FactoryGame/Schematics/Alternate/Parts/Schematic_Alternate_Screw.Schematic_Alternate_Screw_C,docs_a81d250e96aa,local_game_docs_en_us
Schematic_Alternate_Rotor_C,Alternate: Steel Rotor,EST_Alternate,4,0.000000,False,False,IIB_PublicBuilds,BlueprintGeneratedClass /Game/FactoryGame/Schematics/Alternate/Parts/Schematic_Alternate_Rotor.Schematic_Alternate_Rotor_C,docs_a81d250e96aa,local_game_docs_en_us
Schematic_Alternate_ReinforcedSteelPlate_C,Alternate: Encased Industrial Pipe,EST_Alternate,4,0.000000,False,False,IIB_PublicBuilds,BlueprintGeneratedClass /Game/FactoryGame/Schematics/Alternate/Parts/Schematic_Alternate_ReinforcedSteelPlate.Schematic_Alternate_ReinforcedSteelPlate_C,docs_a81d250e96aa,local_game_docs_en_us
Schematic_Alternate_ReinforcedIronPlate2_C,Alternate: Stitched Iron Plate,EST_Alternate,2,0.000000,False,False,IIB_PublicBuilds,BlueprintGeneratedClass /Game/FactoryGame/Schematics/Alternate/Parts/Schematic_Alternate_ReinforcedIronPlate2.Schematic_Alternate_ReinforcedIronPlate2_C,docs_a81d250e96aa,local_game_docs_en_us
Schematic_Alternate_ReinforcedIronPlate1_C,Alternate: Bolted Iron Plate,EST_Alternate,2,0.000000,False,False,IIB_PublicBuilds,BlueprintGeneratedClass /Game/FactoryGame/Schematics/Alternate/Parts/Schematic_Alternate_ReinforcedIronPlate1.Schematic_Alternate_ReinforcedIronPlate1_C,docs_a81d250e96aa,local_game_docs_en_us
Schematic_Alternate_RadioControlUnit1_C,Alternate: Radio Connection Unit,EST_Alternate,7,0.000000,False,False,IIB_PublicBuilds,BlueprintGeneratedClass /Game/FactoryGame/Schematics/Alternate/Parts/Schematic_Alternate_RadioControlUnit1.Schematic_Alternate_RadioControlUnit1_C,docs_a81d250e96aa,local_game_docs_en_us
Schematic_Alternate_Quickwire_C,Alternate: Fused Quickwire,EST_Alternate,3,0.000000,False,False,IIB_PublicBuilds,BlueprintGeneratedClass /Game/FactoryGame/Schematics/Alternate/Parts/Schematic_Alternate_Quickwire.Schematic_Alternate_Quickwire_C,docs_a81d250e96aa,local_game_docs_en_us
Schematic_Alternate_Plastic1_C,Alternate: Recycled Plastic,EST_Alternate,5,0.000000,False,False,IIB_PublicBuilds,BlueprintGeneratedClass /Game/FactoryGame/Schematics/Alternate/Parts/Schematic_Alternate_Plastic1.Schematic_Alternate_Plastic1_C,docs_a81d250e96aa,local_game_docs_en_us
Schematic_Alternate_NuclearFuelRod1_C,Alternate: Uranium Fuel Unit,EST_Alternate,7,0.000000,False,False,IIB_PublicBuilds,BlueprintGeneratedClass /Game/FactoryGame/Schematics/Alternate/Parts/Schematic_Alternate_NuclearFuelRod1.Schematic_Alternate_NuclearFuelRod1_C,docs_a81d250e96aa,local_game_docs_en_us
Schematic_Alternate_Motor1_C,Alternate: Rigor Motor,EST_Alternate,4,0.000000,False,False,IIB_PublicBuilds,BlueprintGeneratedClass /Game/FactoryGame/Schematics/Alternate/Parts/Schematic_Alternate_Motor1.Schematic_Alternate_Motor1_C,docs_a81d250e96aa,local_game_docs_en_us
Schematic_Alternate_ModularFrame_C,Alternate: Steeled Frame,EST_Alternate,4,0.000000,False,False,IIB_PublicBuilds,BlueprintGeneratedClass /Game/FactoryGame/Schematics/Alternate/Parts/Schematic_Alternate_ModularFrame.Schematic_Alternate_ModularFrame_C,docs_a81d250e96aa,local_game_docs_en_us
Schematic_Alternate_IngotSteel2_C,Alternate: Compacted Steel Ingot,EST_Alternate,4,0.000000,False,False,IIB_PublicBuilds,BlueprintGeneratedClass /Game/FactoryGame/Schematics/Alternate/Parts/Schematic_Alternate_IngotSteel2.Schematic_Alternate_IngotSteel2_C,docs_a81d250e96aa,local_game_docs_en_us
Schematic_Alternate_IngotSteel1_C,Alternate: Solid Steel Ingot,EST_Alternate,4,0.000000,False,False,IIB_PublicBuilds,BlueprintGeneratedClass /Game/FactoryGame/Schematics/Alternate/Parts/Schematic_Alternate_IngotSteel1.Schematic_Alternate_IngotSteel1_C,docs_a81d250e96aa,local_game_docs_en_us
Schematic_Alternate_IngotIron_C,Alternate: Iron Alloy Ingot,EST_Alternate,1,0.000000,False,False,IIB_PublicBuilds,BlueprintGeneratedClass /Game/FactoryGame/Schematics/Alternate/Parts/Schematic_Alternate_IngotIron.Schematic_Alternate_IngotIron_C,docs_a81d250e96aa,local_game_docs_en_us
Schematic_Alternate_HighSpeedConnector_C,Alternate: Silicon High-Speed Connector,EST_Alternate,5,0.000000,False,False,IIB_PublicBuilds,BlueprintGeneratedClass /Game/FactoryGame/Schematics/Alternate/Parts/Schematic_Alternate_HighSpeedConnector.Schematic_Alternate_HighSpeedConnector_C,docs_a81d250e96aa,local_game_docs_en_us
Schematic_Alternate_HeavyModularFrame_C,Alternate: Heavy Encased Frame,EST_Alternate,4,0.000000,False,False,IIB_PublicBuilds,BlueprintGeneratedClass /Game/FactoryGame/Schematics/Alternate/Parts/Schematic_Alternate_HeavyModularFrame.Schematic_Alternate_HeavyModularFrame_C,docs_a81d250e96aa,local_game_docs_en_us
Schematic_Alternate_HeatSink1_C,Alternate: Heat Exchanger,EST_Alternate,7,0.000000,False,False,IIB_PublicBuilds,BlueprintGeneratedClass /Game/FactoryGame/Schematics/Alternate/Parts/Schematic_Alternate_HeatSink1.Schematic_Alternate_HeatSink1_C,docs_a81d250e96aa,local_game_docs_en_us
Schematic_Alternate_Gunpowder1_C,Alternate: Fine Black Powder,EST_Alternate,4,0.000000,False,False,IIB_PublicBuilds,BlueprintGeneratedClass /Game/FactoryGame/Schematics/Alternate/Parts/Schematic_Alternate_Gunpowder1.Schematic_Alternate_Gunpowder1_C,docs_a81d250e96aa,local_game_docs_en_us
Schematic_Alternate_ElectromagneticControlRod1_C,Alternate: Electromagnetic Connection Rod,EST_Alternate,7,0.000000,False,False,IIB_PublicBuilds,BlueprintGeneratedClass /Game/FactoryGame/Schematics/Alternate/Parts/Schematic_Alternate_ElectromagneticControlRod1.Schematic_Alternate_ElectromagneticControlRod1_C,docs_a81d250e96aa,local_game_docs_en_us
Schematic_Alternate_CrystalOscillator_C,Alternate: Insulated Crystal Oscillator,EST_Alternate,5,0.000000,False,False,IIB_PublicBuilds,BlueprintGeneratedClass /Game/FactoryGame/Schematics/Alternate/Parts/Schematic_Alternate_CrystalOscillator.Schematic_Alternate_CrystalOscillator_C,docs_a81d250e96aa,local_game_docs_en_us
Schematic_Alternate_Concrete_C,Alternate: Fine Concrete,EST_Alternate,4,0.000000,False,False,IIB_PublicBuilds,BlueprintGeneratedClass /Game/FactoryGame/Schematics/Alternate/Parts/Schematic_Alternate_Concrete.Schematic_Alternate_Concrete_C,docs_a81d250e96aa,local_game_docs_en_us
Schematic_Alternate_Computer2_C,Alternate: Crystal Computer,EST_Alternate,5,0.000000,False,False,IIB_PublicBuilds,BlueprintGeneratedClass /Game/FactoryGame/Schematics/Alternate/Parts/Schematic_Alternate_Computer2.Schematic_Alternate_Computer2_C,docs_a81d250e96aa,local_game_docs_en_us
Schematic_Alternate_Computer1_C,Alternate: Caterium Computer,EST_Alternate,5,0.000000,False,False,IIB_PublicBuilds,BlueprintGeneratedClass /Game/FactoryGame/Schematics/Alternate/Parts/Schematic_Alternate_Computer1.Schematic_Alternate_Computer1_C,docs_a81d250e96aa,local_game_docs_en_us
Schematic_Alternate_Coal2_C,Alternate: Biocoal,EST_Alternate,3,0.000000,False,False,IIB_PublicBuilds,BlueprintGeneratedClass /Game/FactoryGame/Schematics/Alternate/Parts/Schematic_Alternate_Coal2.Schematic_Alternate_Coal2_C,docs_a81d250e96aa,local_game_docs_en_us
Schematic_Alternate_Coal1_C,Alternate: Charcoal,EST_Alternate,3,0.000000,False,False,IIB_PublicBuilds,BlueprintGeneratedClass /Game/FactoryGame/Schematics/Alternate/Parts/Schematic_Alternate_Coal1.Schematic_Alternate_Coal1_C,docs_a81d250e96aa,local_game_docs_en_us
Schematic_Alternate_CircuitBoard2_C,Alternate: Caterium Circuit Board,EST_Alternate,5,0.000000,False,False,IIB_PublicBuilds,BlueprintGeneratedClass /Game/FactoryGame/Schematics/Alternate/Parts/Schematic_Alternate_CircuitBoard2.Schematic_Alternate_CircuitBoard2_C,docs_a81d250e96aa,local_game_docs_en_us
Schematic_Alternate_CircuitBoard1_C,Alternate: Silicon Circuit Board,EST_Alternate,5,0.000000,False,False,IIB_PublicBuilds,BlueprintGeneratedClass /Game/FactoryGame/Schematics/Alternate/Parts/Schematic_Alternate_CircuitBoard1.Schematic_Alternate_CircuitBoard1_C,docs_a81d250e96aa,local_game_docs_en_us
Schematic_Alternate_Cable2_C,Alternate: Quickwire Cable,EST_Alternate,5,0.000000,False,False,IIB_PublicBuilds,BlueprintGeneratedClass /Game/FactoryGame/Schematics/Alternate/Parts/Schematic_Alternate_Cable2.Schematic_Alternate_Cable2_C,docs_a81d250e96aa,local_game_docs_en_us
Schematic_Alternate_Cable1_C,Alternate: Insulated Cable,EST_Alternate,5,0.000000,False,False,IIB_PublicBuilds,BlueprintGeneratedClass /Game/FactoryGame/Schematics/Alternate/Parts/Schematic_Alternate_Cable1.Schematic_Alternate_Cable1_C,docs_a81d250e96aa,local_game_docs_en_us
Schematic_Alternate_Silica_Distilled_C,Alternate: Distilled Silica,EST_Custom,0,0.000000,False,False,IIB_PublicBuilds,BlueprintGeneratedClass /Game/FactoryGame/Schematics/Alternate/New_Update9_Ingots/Schematic_Alternate_Silica_Distilled.Schematic_Alternate_Silica_Distilled_C,docs_a81d250e96aa,local_game_docs_en_us
Schematic_Alternate_Quartz_Purified_C,Alternate: Quartz Purification,EST_Alternate,0,0.000000,False,False,IIB_PublicBuilds,BlueprintGeneratedClass /Game/FactoryGame/Schematics/Alternate/New_Update9_Ingots/Schematic_Alternate_Quartz_Purified.Schematic_Alternate_Quartz_Purified_C,docs_a81d250e96aa,local_game_docs_en_us
Schematic_Alternate_Quartz_Fused_C,Alternate: Fused Quartz Crystal,EST_Alternate,0,0.000000,False,False,IIB_PublicBuilds,BlueprintGeneratedClass /Game/FactoryGame/Schematics/Alternate/New_Update9_Ingots/Schematic_Alternate_Quartz_Fused.Schematic_Alternate_Quartz_Fused_C,docs_a81d250e96aa,local_game_docs_en_us
Schematic_Alternate_IronIngot_Leached_C,Alternate: Leached Iron Ingot,EST_Alternate,0,0.000000,False,False,IIB_PublicBuilds,BlueprintGeneratedClass /Game/FactoryGame/Schematics/Alternate/New_Update9_Ingots/Schematic_Alternate_IronIngot_Leached.Schematic_Alternate_IronIngot_Leached_C,docs_a81d250e96aa,local_game_docs_en_us
Schematic_Alternate_IronIngot_Basic_C,Alternate: Basic Iron Ingot,EST_Alternate,0,0.000000,False,False,IIB_PublicBuilds,BlueprintGeneratedClass /Game/FactoryGame/Schematics/Alternate/New_Update9_Ingots/Schematic_Alternate_IronIngot_Basic.Schematic_Alternate_IronIngot_Basic_C,docs_a81d250e96aa,local_game_docs_en_us
Schematic_Alternate_CopperIngot_Tempered_C,Alternate: Tempered Copper Ingot,EST_Alternate,0,0.000000,False,False,IIB_PublicBuilds,BlueprintGeneratedClass /Game/FactoryGame/Schematics/Alternate/New_Update9_Ingots/Schematic_Alternate_CopperIngot_Tempered.Schematic_Alternate_CopperIngot_Tempered_C,docs_a81d250e96aa,local_game_docs_en_us
Schematic_Alternate_CopperIngot_Leached_C,Alternate: Leached Copper Ingot,EST_Alternate,0,0.000000,False,False,IIB_PublicBuilds,BlueprintGeneratedClass /Game/FactoryGame/Schematics/Alternate/New_Update9_Ingots/Schematic_Alternate_CopperIngot_Leached.Schematic_Alternate_CopperIngot_Leached_C,docs_a81d250e96aa,local_game_docs_en_us
Schematic_Alternate_CateriumIngot_Tempered_C,Alternate: Tempered Caterium Ingot,EST_Alternate,0,0.000000,False,False,IIB_PublicBuilds,BlueprintGeneratedClass /Game/FactoryGame/Schematics/Alternate/New_Update9_Ingots/Schematic_Alternate_CateriumIngot_Tempered.Schematic_Alternate_CateriumIngot_Tempered_C,docs_a81d250e96aa,local_game_docs_en_us
Schematic_Alternate_CateriumIngot_Leached_C,Alternate: Leached Caterium Ingot,EST_Alternate,0,0.000000,False,False,IIB_PublicBuilds,BlueprintGeneratedClass /Game/FactoryGame/Schematics/Alternate/New_Update9_Ingots/Schematic_Alternate_CateriumIngot_Leached.Schematic_Alternate_CateriumIngot_Leached_C,docs_a81d250e96aa,local_game_docs_en_us
Schematic_Alternate_SteelPipe_Molded_C,Alternate: Molded Steel Pipe,EST_Alternate,0,0.000000,False,False,IIB_PublicBuilds,BlueprintGeneratedClass /Game/FactoryGame/Schematics/Alternate/New_Update9/Schematic_Alternate_SteelPipe_Molded.Schematic_Alternate_SteelPipe_Molded_C,docs_a81d250e96aa,local_game_docs_en_us
Schematic_Alternate_SteelPipe_Iron_C,Alternate: Iron Pipe,EST_Alternate,0,0.000000,False,False,IIB_PublicBuilds,BlueprintGeneratedClass /Game/FactoryGame/Schematics/Alternate/New_Update9/Schematic_Alternate_SteelPipe_Iron.Schematic_Alternate_SteelPipe_Iron_C,docs_a81d250e96aa,local_game_docs_en_us
Schematic_Alternate_SteelCastedPlate_C,Alternate: Steel Cast Plate,EST_Alternate,0,0.000000,False,False,IIB_PublicBuilds,BlueprintGeneratedClass /Game/FactoryGame/Schematics/Alternate/New_Update9/Schematic_Alternate_SteelCastedPlate.Schematic_Alternate_SteelCastedPlate_C,docs_a81d250e96aa,local_game_docs_en_us
Schematic_Alternate_SteelBeam_Molded_C,Alternate: Molded Beam,EST_Alternate,0,0.000000,False,False,IIB_PublicBuilds,BlueprintGeneratedClass /Game/FactoryGame/Schematics/Alternate/New_Update9/Schematic_Alternate_SteelBeam_Molded.Schematic_Alternate_SteelBeam_Molded_C,docs_a81d250e96aa,local_game_docs_en_us
Schematic_Alternate_SteelBeam_Aluminum_C,Alternate: Aluminum Beam,EST_Alternate,0,0.000000,False,False,IIB_PublicBuilds,BlueprintGeneratedClass /Game/FactoryGame/Schematics/Alternate/New_Update9/Schematic_Alternate_SteelBeam_Aluminum.Schematic_Alternate_SteelBeam_Aluminum_C,docs_a81d250e96aa,local_game_docs_en_us
Schematic_Alternate_AluminumRod_C,Alternate: Aluminum Rod,EST_Alternate,0,0.000000,False,False,IIB_PublicBuilds,BlueprintGeneratedClass /Game/FactoryGame/Schematics/Alternate/New_Update9/Schematic_Alternate_AluminumRod.Schematic_Alternate_AluminumRod_C,docs_a81d250e96aa,local_game_docs_en_us
Schematic_Alternate_AILimiter_Plastic_C,Alternate: Plastic AI Limiter,EST_Alternate,0,0.000000,False,False,IIB_PublicBuilds,BlueprintGeneratedClass /Game/FactoryGame/Schematics/Alternate/New_Update9/Schematic_Alternate_AILimiter_Plastic.Schematic_Alternate_AILimiter_Plastic_C,docs_a81d250e96aa,local_game_docs_en_us
Schematic_Alternate_TurboPressureMotor_C,Alternate: Turbo Pressure Motor,EST_Alternate,0,0.000000,False,False,IIB_PublicBuilds,BlueprintGeneratedClass /Game/FactoryGame/Schematics/Alternate/New_Update4/Schematic_Alternate_TurboPressureMotor.Schematic_Alternate_TurboPressureMotor_C,docs_a81d250e96aa,local_game_docs_en_us
Schematic_Alternate_TurboBlendFuel_C,Alternate: Turbo Blend Fuel,EST_Alternate,0,0.000000,False,False,IIB_PublicBuilds,BlueprintGeneratedClass /Game/FactoryGame/Schematics/Alternate/New_Update4/Schematic_Alternate_TurboBlendFuel.Schematic_Alternate_TurboBlendFuel_C,docs_a81d250e96aa,local_game_docs_en_us
Schematic_Alternate_SuperStateComputer_C,Alternate: Super-State Computer,EST_Alternate,0,0.000000,False,False,IIB_PublicBuilds,BlueprintGeneratedClass /Game/FactoryGame/Schematics/Alternate/New_Update4/Schematic_Alternate_SuperStateComputer.Schematic_Alternate_SuperStateComputer_C,docs_a81d250e96aa,local_game_docs_en_us
Schematic_Alternate_SloppyAlumina_C,Alternate: Sloppy Alumina,EST_Alternate,0,0.000000,False,False,IIB_PublicBuilds,BlueprintGeneratedClass /Game/FactoryGame/Schematics/Alternate/New_Update4/Schematic_Alternate_SloppyAlumina.Schematic_Alternate_SloppyAlumina_C,docs_a81d250e96aa,local_game_docs_en_us
Schematic_Alternate_RadioControlSystem_C,Alternate: Radio Control System,EST_Alternate,0,0.000000,False,False,IIB_PublicBuilds,BlueprintGeneratedClass /Game/FactoryGame/Schematics/Alternate/New_Update4/Schematic_Alternate_RadioControlSystem.Schematic_Alternate_RadioControlSystem_C,docs_a81d250e96aa,local_game_docs_en_us
Schematic_Alternate_PlutoniumFuelUnit_C,Alternate: Plutonium Fuel Unit,EST_Alternate,0,0.000000,False,False,IIB_PublicBuilds,BlueprintGeneratedClass /Game/FactoryGame/Schematics/Alternate/New_Update4/Schematic_Alternate_PlutoniumFuelUnit.Schematic_Alternate_PlutoniumFuelUnit_C,docs_a81d250e96aa,local_game_docs_en_us
Schematic_Alternate_OCSupercomputer_C,Alternate: OC Supercomputer,EST_Alternate,0,0.000000,False,False,IIB_PublicBuilds,BlueprintGeneratedClass /Game/FactoryGame/Schematics/Alternate/New_Update4/Schematic_Alternate_OCSupercomputer.Schematic_Alternate_OCSupercomputer_C,docs_a81d250e96aa,local_game_docs_en_us
Schematic_Alternate_InstantScrap_C,Alternate: Instant Scrap,EST_Alternate,0,0.000000,False,False,IIB_PublicBuilds,BlueprintGeneratedClass /Game/FactoryGame/Schematics/Alternate/New_Update4/Schematic_Alternate_InstantScrap.Schematic_Alternate_InstantScrap_C,docs_a81d250e96aa,local_game_docs_en_us
Schematic_Alternate_InstantPlutoniumCell_C,Alternate: Instant Plutonium Cell,EST_Alternate,0,0.000000,False,False,IIB_PublicBuilds,BlueprintGeneratedClass /Game/FactoryGame/Schematics/Alternate/New_Update4/Schematic_Alternate_InstantPlutoniumCell.Schematic_Alternate_InstantPlutoniumCell_C,docs_a81d250e96aa,local_game_docs_en_us
Schematic_Alternate_HeatFusedFrame_C,Alternate: Heat-Fused Frame,EST_Alternate,0,0.000000,False,False,IIB_PublicBuilds,BlueprintGeneratedClass /Game/FactoryGame/Schematics/Alternate/New_Update4/Schematic_Alternate_HeatFusedFrame.Schematic_Alternate_HeatFusedFrame_C,docs_a81d250e96aa,local_game_docs_en_us
Schematic_Alternate_FertileUranium_C,Alternate: Fertile Uranium,EST_Alternate,0,0.000000,False,False,IIB_PublicBuilds,BlueprintGeneratedClass /Game/FactoryGame/Schematics/Alternate/New_Update4/Schematic_Alternate_FertileUranium.Schematic_Alternate_FertileUranium_C,docs_a81d250e96aa,local_game_docs_en_us
Schematic_Alternate_ElectricMotor_C,Alternate: Electric Motor,EST_Alternate,0,0.000000,False,False,IIB_PublicBuilds,BlueprintGeneratedClass /Game/FactoryGame/Schematics/Alternate/New_Update4/Schematic_Alternate_ElectricMotor.Schematic_Alternate_ElectricMotor_C,docs_a81d250e96aa,local_game_docs_en_us
Schematic_Alternate_DilutedFuel_C,Alternate: Diluted Fuel,EST_Alternate,0,0.000000,False,False,IIB_PublicBuilds,BlueprintGeneratedClass /Game/FactoryGame/Schematics/Alternate/New_Update4/Schematic_Alternate_DilutedFuel.Schematic_Alternate_DilutedFuel_C,docs_a81d250e96aa,local_game_docs_en_us
Schematic_Alternate_CoolingDevice_C,Alternate: Cooling Device,EST_Alternate,0,0.000000,False,False,IIB_PublicBuilds,BlueprintGeneratedClass /Game/FactoryGame/Schematics/Alternate/New_Update4/Schematic_Alternate_CoolingDevice.Schematic_Alternate_CoolingDevice_C,docs_a81d250e96aa,local_game_docs_en_us
Schematic_Alternate_ClassicBattery_C,Alternate: Classic Battery,EST_Alternate,0,0.000000,False,False,IIB_PublicBuilds,BlueprintGeneratedClass /Game/FactoryGame/Schematics/Alternate/New_Update4/Schematic_Alternate_ClassicBattery.Schematic_Alternate_ClassicBattery_C,docs_a81d250e96aa,local_game_docs_en_us
Schematic_Alternate_AutomatedMiner_C,Alternate: Automated Miner,EST_Alternate,0,0.000000,False,False,IIB_PublicBuilds,BlueprintGeneratedClass /Game/FactoryGame/Schematics/Alternate/New_Update4/Schematic_Alternate_AutomatedMiner.Schematic_Alternate_AutomatedMiner_C,docs_a81d250e96aa,local_game_docs_en_us
Schematic_Alternate_AlcladCasing_C,Alternate: Alclad Casing,EST_Alternate,0,0.000000,False,False,IIB_PublicBuilds,BlueprintGeneratedClass /Game/FactoryGame/Schematics/Alternate/New_Update4/Schematic_Alternate_AlcladCasing.Schematic_Alternate_AlcladCasing_C,docs_a81d250e96aa,local_game_docs_en_us
Schematic_Alternate_WetConcrete_C,Alternate: Wet Concrete,EST_Alternate,0,0.000000,False,False,IIB_PublicBuilds,BlueprintGeneratedClass /Game/FactoryGame/Schematics/Alternate/New_Update3/Schematic_Alternate_WetConcrete.Schematic_Alternate_WetConcrete_C,docs_a81d250e96aa,local_game_docs_en_us
Schematic_Alternate_TurboHeavyFuel_C,Alternate: Turbo Heavy Fuel,EST_Alternate,0,0.000000,False,False,IIB_PublicBuilds,BlueprintGeneratedClass /Game/FactoryGame/Schematics/Alternate/New_Update3/Schematic_Alternate_TurboHeavyFuel.Schematic_Alternate_TurboHeavyFuel_C,docs_a81d250e96aa,local_game_docs_en_us
Schematic_Alternate_SteelRod_C,Alternate: Steel Rod,EST_Alternate,0,0.000000,False,False,IIB_PublicBuilds,BlueprintGeneratedClass /Game/FactoryGame/Schematics/Alternate/New_Update3/Schematic_Alternate_SteelRod.Schematic_Alternate_SteelRod_C,docs_a81d250e96aa,local_game_docs_en_us
Schematic_Alternate_SteelCanister_C,Alternate: Steel Canister,EST_Alternate,0,0.000000,False,False,IIB_PublicBuilds,BlueprintGeneratedClass /Game/FactoryGame/Schematics/Alternate/New_Update3/Schematic_Alternate_SteelCanister.Schematic_Alternate_SteelCanister_C,docs_a81d250e96aa,local_game_docs_en_us
Schematic_Alternate_SteamedCopperSheet_C,Alternate: Steamed Copper Sheet,EST_Alternate,0,0.000000,False,False,IIB_PublicBuilds,BlueprintGeneratedClass /Game/FactoryGame/Schematics/Alternate/New_Update3/Schematic_Alternate_SteamedCopperSheet.Schematic_Alternate_SteamedCopperSheet_C,docs_a81d250e96aa,local_game_docs_en_us
Schematic_Alternate_RubberConcrete_C,Alternate: Rubber Concrete,EST_Alternate,0,0.000000,False,False,IIB_PublicBuilds,BlueprintGeneratedClass /Game/FactoryGame/Schematics/Alternate/New_Update3/Schematic_Alternate_RubberConcrete.Schematic_Alternate_RubberConcrete_C,docs_a81d250e96aa,local_game_docs_en_us
Schematic_Alternate_RecycledRubber_C,Alternate: Recycled Rubber,EST_Alternate,0,0.000000,False,False,IIB_PublicBuilds,BlueprintGeneratedClass /Game/FactoryGame/Schematics/Alternate/New_Update3/Schematic_Alternate_RecycledRubber.Schematic_Alternate_RecycledRubber_C,docs_a81d250e96aa,local_game_docs_en_us
Schematic_Alternate_PureQuartzCrystal_C,Alternate: Pure Quartz Crystal,EST_Alternate,0,0.000000,False,False,IIB_PublicBuilds,BlueprintGeneratedClass /Game/FactoryGame/Schematics/Alternate/New_Update3/Schematic_Alternate_PureQuartzCrystal.Schematic_Alternate_PureQuartzCrystal_C,docs_a81d250e96aa,local_game_docs_en_us
Schematic_Alternate_PureIronIngot_C,Alternate: Pure Iron Ingot,EST_Alternate,0,0.000000,False,False,IIB_PublicBuilds,BlueprintGeneratedClass /Game/FactoryGame/Schematics/Alternate/New_Update3/Schematic_Alternate_PureIronIngot.Schematic_Alternate_PureIronIngot_C,docs_a81d250e96aa,local_game_docs_en_us
Schematic_Alternate_PureCopperIngot_C,Alternate: Pure Copper Ingot,EST_Alternate,0,0.000000,False,False,IIB_PublicBuilds,BlueprintGeneratedClass /Game/FactoryGame/Schematics/Alternate/New_Update3/Schematic_Alternate_PureCopperIngot.Schematic_Alternate_PureCopperIngot_C,docs_a81d250e96aa,local_game_docs_en_us
Schematic_Alternate_PureCateriumIngot_C,Alternate: Pure Caterium Ingot,EST_Alternate,0,0.000000,False,False,IIB_PublicBuilds,BlueprintGeneratedClass /Game/FactoryGame/Schematics/Alternate/New_Update3/Schematic_Alternate_PureCateriumIngot.Schematic_Alternate_PureCateriumIngot_C,docs_a81d250e96aa,local_game_docs_en_us
Schematic_Alternate_PureAluminumIngot_C,Alternate: Pure Aluminum Ingot,EST_Alternate,0,0.000000,False,False,IIB_PublicBuilds,BlueprintGeneratedClass /Game/FactoryGame/Schematics/Alternate/New_Update3/Schematic_Alternate_PureAluminumIngot.Schematic_Alternate_PureAluminumIngot_C,docs_a81d250e96aa,local_game_docs_en_us
Schematic_Alternate_PolymerResin_C,Alternate: Polymer Resin,EST_Alternate,0,0.000000,False,False,IIB_PublicBuilds,BlueprintGeneratedClass /Game/FactoryGame/Schematics/Alternate/New_Update3/Schematic_Alternate_PolymerResin.Schematic_Alternate_PolymerResin_C,docs_a81d250e96aa,local_game_docs_en_us
Schematic_Alternate_PlasticSmartPlating_C,Alternate: Plastic Smart Plating,EST_Alternate,0,0.000000,False,False,IIB_PublicBuilds,BlueprintGeneratedClass /Game/FactoryGame/Schematics/Alternate/New_Update3/Schematic_Alternate_PlasticSmartPlating.Schematic_Alternate_PlasticSmartPlating_C,docs_a81d250e96aa,local_game_docs_en_us
Schematic_Alternate_HighSpeedWiring_C,Alternate: Automated Speed Wiring,EST_Alternate,0,0.000000,False,False,IIB_PublicBuilds,BlueprintGeneratedClass /Game/FactoryGame/Schematics/Alternate/New_Update3/Schematic_Alternate_HighSpeedWiring.Schematic_Alternate_HighSpeedWiring_C,docs_a81d250e96aa,local_game_docs_en_us
Schematic_Alternate_HeavyOilResidue_C,Alternate: Heavy Oil Residue,EST_Alternate,0,0.000000,False,False,IIB_PublicBuilds,BlueprintGeneratedClass /Game/FactoryGame/Schematics/Alternate/New_Update3/Schematic_Alternate_HeavyOilResidue.Schematic_Alternate_HeavyOilResidue_C,docs_a81d250e96aa,local_game_docs_en_us
Schematic_Alternate_HeavyFlexibleFrame_C,Alternate: Heavy Flexible Frame,EST_Alternate,0,0.000000,False,False,IIB_PublicBuilds,BlueprintGeneratedClass /Game/FactoryGame/Schematics/Alternate/New_Update3/Schematic_Alternate_HeavyFlexibleFrame.Schematic_Alternate_HeavyFlexibleFrame_C,docs_a81d250e96aa,local_game_docs_en_us
Schematic_Alternate_FusedWire_C,Alternate: Fused Wire,EST_Alternate,0,0.000000,False,False,IIB_PublicBuilds,BlueprintGeneratedClass /Game/FactoryGame/Schematics/Alternate/New_Update3/Schematic_Alternate_FusedWire.Schematic_Alternate_FusedWire_C,docs_a81d250e96aa,local_game_docs_en_us
Schematic_Alternate_FlexibleFramework_C,Alternate: Flexible Framework,EST_Alternate,0,0.000000,False,False,IIB_PublicBuilds,BlueprintGeneratedClass /Game/FactoryGame/Schematics/Alternate/New_Update3/Schematic_Alternate_FlexibleFramework.Schematic_Alternate_FlexibleFramework_C,docs_a81d250e96aa,local_game_docs_en_us
Schematic_Alternate_ElectrodeCircuitBoard_C,Alternate: Electrode Circuit Board,EST_Alternate,0,0.000000,False,False,IIB_PublicBuilds,BlueprintGeneratedClass /Game/FactoryGame/Schematics/Alternate/New_Update3/Schematic_Alternate_ElectrodeCircuitBoard.Schematic_Alternate_ElectrodeCircuitBoard_C,docs_a81d250e96aa,local_game_docs_en_us
Schematic_Alternate_ElectroAluminumScrap_C,Alternate: Electrode Aluminum Scrap,EST_Alternate,0,0.000000,False,False,IIB_PublicBuilds,BlueprintGeneratedClass /Game/FactoryGame/Schematics/Alternate/New_Update3/Schematic_Alternate_ElectroAluminumScrap.Schematic_Alternate_ElectroAluminumScrap_C,docs_a81d250e96aa,local_game_docs_en_us
Schematic_Alternate_DilutedPackagedFuel_C,Alternate: Diluted Packaged Fuel,EST_Alternate,0,0.000000,False,False,IIB_PublicBuilds,BlueprintGeneratedClass /Game/FactoryGame/Schematics/Alternate/New_Update3/Schematic_Alternate_DilutedPackagedFuel.Schematic_Alternate_DilutedPackagedFuel_C,docs_a81d250e96aa,local_game_docs_en_us
Schematic_Alternate_CopperRotor_C,Alternate: Copper Rotor,EST_Alternate,0,0.000000,False,False,IIB_PublicBuilds,BlueprintGeneratedClass /Game/FactoryGame/Schematics/Alternate/New_Update3/Schematic_Alternate_CopperRotor.Schematic_Alternate_CopperRotor_C,docs_a81d250e96aa,local_game_docs_en_us
Schematic_Alternate_CopperAlloyIngot_C,Alternate: Copper Alloy Ingot,EST_Alternate,0,0.000000,False,False,IIB_PublicBuilds,BlueprintGeneratedClass /Game/FactoryGame/Schematics/Alternate/New_Update3/Schematic_Alternate_CopperAlloyIngot.Schematic_Alternate_CopperAlloyIngot_C,docs_a81d250e96aa,local_game_docs_en_us
Schematic_Alternate_CokeSteelIngot_C,Alternate: Coke Steel Ingot,EST_Alternate,0,0.000000,False,False,IIB_PublicBuilds,BlueprintGeneratedClass /Game/FactoryGame/Schematics/Alternate/New_Update3/Schematic_Alternate_CokeSteelIngot.Schematic_Alternate_CokeSteelIngot_C,docs_a81d250e96aa,local_game_docs_en_us
Schematic_Alternate_CoatedIronPlate_C,Alternate: Coated Iron Plate,EST_Alternate,0,0.000000,False,False,IIB_PublicBuilds,BlueprintGeneratedClass /Game/FactoryGame/Schematics/Alternate/New_Update3/Schematic_Alternate_CoatedIronPlate.Schematic_Alternate_CoatedIronPlate_C,docs_a81d250e96aa,local_game_docs_en_us
Schematic_Alternate_CoatedIronCanister_C,Alternate: Coated Iron Canister,EST_Alternate,0,0.000000,False,False,IIB_PublicBuilds,BlueprintGeneratedClass /Game/FactoryGame/Schematics/Alternate/New_Update3/Schematic_Alternate_CoatedIronCanister.Schematic_Alternate_CoatedIronCanister_C,docs_a81d250e96aa,local_game_docs_en_us
Schematic_Alternate_CoatedCable_C,Alternate: Coated Cable,EST_Alternate,0,0.000000,False,False,IIB_PublicBuilds,BlueprintGeneratedClass /Game/FactoryGame/Schematics/Alternate/New_Update3/Schematic_Alternate_CoatedCable.Schematic_Alternate_CoatedCable_C,docs_a81d250e96aa,local_game_docs_en_us
Schematic_Alternate_BoltedFrame_C,Alternate: Bolted Frame,EST_Alternate,0,0.000000,False,False,IIB_PublicBuilds,BlueprintGeneratedClass /Game/FactoryGame/Schematics/Alternate/New_Update3/Schematic_Alternate_BoltedFrame.Schematic_Alternate_BoltedFrame_C,docs_a81d250e96aa,local_game_docs_en_us
Schematic_Alternate_AdheredIronPlate_C,Alternate: Adhered Iron Plate,EST_Alternate,0,0.000000,False,False,IIB_PublicBuilds,BlueprintGeneratedClass /Game/FactoryGame/Schematics/Alternate/New_Update3/Schematic_Alternate_AdheredIronPlate.Schematic_Alternate_AdheredIronPlate_C,docs_a81d250e96aa,local_game_docs_en_us
Schematic_Alternate_RocketFuel_Nitro_C,Alternate: Nitro Rocket Fuel,EST_Alternate,0,0.000000,False,False,IIB_PublicBuilds,BlueprintGeneratedClass /Game/FactoryGame/Schematics/Alternate/Alt_Tier9/Schematic_Alternate_RocketFuel_Nitro.Schematic_Alternate_RocketFuel_Nitro_C,docs_a81d250e96aa,local_game_docs_en_us
Schematic_Alternate_IonizedFuel_Dark_C,Alternate: Dark-Ion Fuel,EST_Alternate,0,0.000000,False,False,IIB_PublicBuilds,BlueprintGeneratedClass /Game/FactoryGame/Schematics/Alternate/Alt_Tier9/Schematic_Alternate_IonizedFuel_Dark.Schematic_Alternate_IonizedFuel_Dark_C,docs_a81d250e96aa,local_game_docs_en_us
Schematic_Alternate_Diamond_Turbo_C,Alternate: Turbo Diamonds,EST_Alternate,0,0.000000,False,False,IIB_PublicBuilds,BlueprintGeneratedClass /Game/FactoryGame/Schematics/Alternate/Alt_Tier9/Schematic_Alternate_Diamond_Turbo.Schematic_Alternate_Diamond_Turbo_C,docs_a81d250e96aa,local_game_docs_en_us
Schematic_Alternate_Diamond_Pink_C,Alternate: Pink Diamonds,EST_Alternate,0,0.000000,False,False,IIB_PublicBuilds,BlueprintGeneratedClass /Game/FactoryGame/Schematics/Alternate/Alt_Tier9/Schematic_Alternate_Diamond_Pink.Schematic_Alternate_Diamond_Pink_C,docs_a81d250e96aa,local_game_docs_en_us
Schematic_Alternate_Diamond_Petroleum_C,Alternate: Petroleum Diamonds,EST_Alternate,0,0.000000,False,False,IIB_PublicBuilds,BlueprintGeneratedClass /Game/FactoryGame/Schematics/Alternate/Alt_Tier9/Schematic_Alternate_Diamond_Petroleum.Schematic_Alternate_Diamond_Petroleum_C,docs_a81d250e96aa,local_game_docs_en_us
Schematic_Alternate_Diamond_OilBased_C,Alternate: Oil-Based Diamonds,EST_Alternate,0,0.000000,False,False,IIB_PublicBuilds,BlueprintGeneratedClass /Game/FactoryGame/Schematics/Alternate/Alt_Tier9/Schematic_Alternate_Diamond_OilBased.Schematic_Alternate_Diamond_OilBased_C,docs_a81d250e96aa,local_game_docs_en_us
Schematic_Alternate_Diamond_Cloudy_C,Alternate: Cloudy Diamonds,EST_Alternate,0,0.000000,False,False,IIB_PublicBuilds,BlueprintGeneratedClass /Game/FactoryGame/Schematics/Alternate/Alt_Tier9/Schematic_Alternate_Diamond_Cloudy.Schematic_Alternate_Diamond_Cloudy_C,docs_a81d250e96aa,local_game_docs_en_us
Schematic_Alternate_DarkMatter_Trap_C,Alternate: Dark Matter Trap,EST_Alternate,0,0.000000,False,False,IIB_PublicBuilds,BlueprintGeneratedClass /Game/FactoryGame/Schematics/Alternate/Alt_Tier9/Schematic_Alternate_DarkMatter_Trap.Schematic_Alternate_DarkMatter_Trap_C,docs_a81d250e96aa,local_game_docs_en_us
Schematic_Alternate_DarkMatter_Crystallization_C,Alternate: Dark Matter Crystallization,EST_Alternate,0,0.000000,False,False,IIB_PublicBuilds,BlueprintGeneratedClass /Game/FactoryGame/Schematics/Alternate/Alt_Tier9/Schematic_Alternate_DarkMatter_Crystallization.Schematic_Alternate_DarkMatter_Crystallization_C,docs_a81d250e96aa,local_game_docs_en_us
Ficsmas_Schematic_SkinBundle_2_C,Premium FICSMAS Skins,EST_Custom,1,0.000000,False,False,IIB_PublicBuilds,BlueprintGeneratedClass /Game/FactoryGame/Events/Christmas/Calendar_Schematics/Ficsmas_Schematic_SkinBundle_2.Ficsmas_Schematic_SkinBundle_2_C,docs_a81d250e96aa,local_game_docs_en_us
Ficsmas_Schematic_SkinBundle_1_C,Basic FICSMAS Skins,EST_Custom,1,0.000000,False,False,IIB_PublicBuilds,BlueprintGeneratedClass /Game/FactoryGame/Events/Christmas/Calendar_Schematics/Ficsmas_Schematic_SkinBundle_1.Ficsmas_Schematic_SkinBundle_1_C,docs_a81d250e96aa,local_game_docs_en_us
Ficsmas_Schematic_Fireworks_C,Equipment: Fireworks,EST_Custom,1,0.000000,False,False,IIB_PublicBuilds,BlueprintGeneratedClass /Game/FactoryGame/Events/Christmas/Calendar_Schematics/Ficsmas_Schematic_Fireworks.Ficsmas_Schematic_Fireworks_C,docs_a81d250e96aa,local_game_docs_en_us
Ficsmas_Schematic_FingerGun_Emote_C,Emote: Finger Guns!,EST_Custom,1,0.000000,False,False,IIB_PublicBuilds,BlueprintGeneratedClass /Game/FactoryGame/Events/Christmas/Calendar_Schematics/Ficsmas_Schematic_FingerGun_Emote.Ficsmas_Schematic_FingerGun_Emote_C,docs_a81d250e96aa,local_game_docs_en_us
Schematic_XMassTree_C,,EST_Custom,0,600.000000,False,False,IIB_PublicBuilds,BlueprintGeneratedClass /Game/FactoryGame/Events/Christmas/Buildings/TreeDecor/Schematic_XMassTree.Schematic_XMassTree_C,docs_a81d250e96aa,local_game_docs_en_us
Schematic_6-1_C,Logistics Mk.4,EST_Milestone,5,300.000000,False,False,IIB_PublicBuilds,BlueprintGeneratedClass /Game/FactoryGame/Schematics/Progression/Schematic_6-1.Schematic_6-1_C,docs_a81d250e96aa,local_game_docs_en_us
