poi_id,poi_type,source_object_id,source_cell,source_category,source_class,east_m,north_m,elevation_m,source_game_build,source_sha256
poi_502094_0001,crash_site,Persistent_Level:PersistentLevel.BP_DropPod2_10,08JGCX3NZ77YP1G4X0QBJ1GZ0,crashed_drop_pod,BP_DropPod_C,-782.364,-908.57,203.058,++FactoryGame+rel-main-anniversary-2026-CL-502094,2c1ba76bf6aeb7593d53fb8278c48df9a639f7002d1cc09eeb4024fb67406337
poi_502094_0002,crash_site,Persistent_Level:PersistentLevel.BP_DropPod_C_0,0HH0P11CB4KN8JME62HOE0I4Y,crashed_drop_pod,BP_DropPod_C,-1236.774,1671.075,297.107,++FactoryGame+rel-main-anniversary-2026-CL-502094,2c1ba76bf6aeb7593d53fb8278c48df9a639f7002d1cc09eeb4024fb67406337
poi_502094_0003,crash_site,Persistent_Level:PersistentLevel.BP_DropPod_C_3,0I32DKV9HOOXGL9ULFBPIW8IT,crashed_drop_pod,BP_DropPod_C,-1460.441,1370.475,23.578,++FactoryGame+rel-main-anniversary-2026-CL-502094,2c1ba76bf6aeb7593d53fb8278c48df9a639f7002d1cc09eeb4024fb67406337
poi_502094_0004,crash_site,Persistent_Level:PersistentLevel.BP_DropPod_C_UAID_04421A9713F0486401_1144991453,0K0ZTOH4UELEGIRIIYOENF4US,crashed_drop_pod,BP_DropPod_C,2415.32,-1313.43,171.57,++FactoryGame+rel-main-anniversary-2026-CL-502094,2c1ba76bf6aeb7593d53fb8278c48df9a639f7002d1cc09eeb4024fb67406337
poi_502094_0005,crash_site,Persistent_Level:PersistentLevel.BP_DropPod_C_6,0KYEUZ1LXKNL8QMY37BZBNLWM,crashed_drop_pod,BP_DropPod_C,1254.974,349.494,82.206,++FactoryGame+rel-main-anniversary-2026-CL-502094,2c1ba76bf6aeb7593d53fb8278c48df9a639f7002d1cc09eeb4024fb67406337
poi_502094_0006,crash_site,Persistent_Level:PersistentLevel.BP_DropPod3_11,0L3U6CJKG4MQPRI2EOOXU0CBK,crashed_drop_pod,BP_DropPod_C,-401.941,-629.566,262.617,++FactoryGame+rel-main-anniversary-2026-CL-502094,2c1ba76bf6aeb7593d53fb8278c48df9a639f7002d1cc09eeb4024fb67406337
poi_502094_0007,crash_site,Persistent_Level:PersistentLevel.BP_DropPod_C_UAID_04421A9713F03B7C01_1559404536,0PTNLAI4TEAYU9U0PPRODZVOZ,crashed_drop_pod,BP_DropPod_C,1159.78,-214.24,155.19,++FactoryGame+rel-main-anniversary-2026-CL-502094,2c1ba76bf6aeb7593d53fb8278c48df9a639f7002d1cc09eeb4024fb67406337
poi_502094_0008,crash_site,Persistent_Level:PersistentLevel.BP_DropPod12,118RVQAVO1O8L58KLOCF7U88C,crashed_drop_pod,BP_DropPod_C,-47.068,763.02,136.185,++FactoryGame+rel-main-anniversary-2026-CL-502094,2c1ba76bf6aeb7593d53fb8278c48df9a639f7002d1cc09eeb4024fb67406337
poi_502094_0009,crash_site,Persistent_Level:PersistentLevel.BP_DropPod34,12FREXY9ZM3BL66PD3JIM6MDZ,crashed_drop_pod,BP_DropPod_C,-1522.79,-2295.2,10.52,++FactoryGame+rel-main-anniversary-2026-CL-502094,2c1ba76bf6aeb7593d53fb8278c48df9a639f7002d1cc09eeb4024fb67406337
poi_502094_0010,crash_site,Persistent_Level:PersistentLevel.BP_DropPod10,16GEMFDCR18T1QGXOOA5T2NV5,crashed_drop_pod,BP_DropPod_C,2321.38,-271.91,-16.29,++FactoryGame+rel-main-anniversary-2026-CL-502094,2c1ba76bf6aeb7593d53fb8278c48df9a639f7002d1cc09eeb4024fb67406337
poi_502094_0011,crash_site,Persistent_Level:PersistentLevel.BP_DropPod4_8033,1ANJT85V0S3IAAUY88J6GS698,crashed_drop_pod,BP_DropPod_C,1444.565,-362.94,173.013,++FactoryGame+rel-main-anniversary-2026-CL-502094,2c1ba76bf6aeb7593d53fb8278c48df9a639f7002d1cc09eeb4024fb67406337
poi_502094_0012,crash_site,Persistent_Level:PersistentLevel.BP_DropPod29_27444,1GMCIX8T3J8XWW4Q8HOMZGGWU,crashed_drop_pod,BP_DropPod_C,942.67,-472.37,94.35,++FactoryGame+rel-main-anniversary-2026-CL-502094,2c1ba76bf6aeb7593d53fb8278c48df9a639f7002d1cc09eeb4024fb67406337
poi_502094_0013,crash_site,Persistent_Level:PersistentLevel.BP_DropPod_C_UAID_04421A9713F01FA401_2123550800,1H1JHAAINGGZXKPQTO0TGZSQ4,crashed_drop_pod,BP_DropPod_C,-1908.66,-669.21,237.51,++FactoryGame+rel-main-anniversary-2026-CL-502094,2c1ba76bf6aeb7593d53fb8278c48df9a639f7002d1cc09eeb4024fb67406337
poi_502094_0014,crash_site,Persistent_Level:PersistentLevel.BP_DropPod3_4,1KTQFD9Q9EJR3XATZG3BO1POH,crashed_drop_pod,BP_DropPod_C,949.4,-1054.83,98.6,++FactoryGame+rel-main-anniversary-2026-CL-502094,2c1ba76bf6aeb7593d53fb8278c48df9a639f7002d1cc09eeb4024fb67406337
poi_502094_0015,crash_site,Persistent_Level:PersistentLevel.BP_DropPod17_7892,1Q7RLRZUNPDBZYIAUGG6AKFIE,crashed_drop_pod,BP_DropPod_C,-1088.129,-2140.511,32.008,++FactoryGame+rel-main-anniversary-2026-CL-502094,2c1ba76bf6aeb7593d53fb8278c48df9a639f7002d1cc09eeb4024fb67406337
poi_502094_0016,crash_site,Persistent_Level:PersistentLevel.BP_DropPod6_27,1X2A8L5VBAU1WH5W8YI7585IL,crashed_drop_pod,BP_DropPod_C,-353.6,-1165.944,218.279,++FactoryGame+rel-main-anniversary-2026-CL-502094,2c1ba76bf6aeb7593d53fb8278c48df9a639f7002d1cc09eeb4024fb67406337
poi_502094_0017,crash_site,Persistent_Level:PersistentLevel.BP_DropPod3_12,27U1EWROJ3R69KNVM1DYRUYLL,crashed_drop_pod,BP_DropPod_C,1904.59,-1761.053,114.786,++FactoryGame+rel-main-anniversary-2026-CL-502094,2c1ba76bf6aeb7593d53fb8278c48df9a639f7002d1cc09eeb4024fb67406337
poi_502094_0018,crash_site,Persistent_Level:PersistentLevel.BP_DropPod4_25,29P0N2BTN9946QHMRTSBAWD74,crashed_drop_pod,BP_DropPod_C,-333.402,-51.763,235.191,++FactoryGame+rel-main-anniversary-2026-CL-502094,2c1ba76bf6aeb7593d53fb8278c48df9a639f7002d1cc09eeb4024fb67406337
poi_502094_0019,crash_site,Persistent_Level:PersistentLevel.BP_DropPod3_3,2IOAY27OEM8AMOD40TE15D5UU,crashed_drop_pod,BP_DropPod_C,2918.218,-747.821,-15.747,++FactoryGame+rel-main-anniversary-2026-CL-502094,2c1ba76bf6aeb7593d53fb8278c48df9a639f7002d1cc09eeb4024fb67406337
poi_502094_0020,crash_site,Persistent_Level:PersistentLevel.BP_DropPod26,3E3WBCALJL7Q8YLRZ9T8SNXPI,crashed_drop_pod,BP_DropPod_C,-551.111,2048.579,78.448,++FactoryGame+rel-main-anniversary-2026-CL-502094,2c1ba76bf6aeb7593d53fb8278c48df9a639f7002d1cc09eeb4024fb67406337
poi_502094_0021,crash_site,Persistent_Level:PersistentLevel.BP_DropPod30_6998,3I9B29HS75HSEFT7MLOIE89LF,crashed_drop_pod,BP_DropPod_C,1700.577,105.8,188.239,++FactoryGame+rel-main-anniversary-2026-CL-502094,2c1ba76bf6aeb7593d53fb8278c48df9a639f7002d1cc09eeb4024fb67406337
poi_502094_0022,crash_site,Persistent_Level:PersistentLevel.BP_DropPod2_5,3O0V8RX55BQN4AY1YL984IG7V,crashed_drop_pod,BP_DropPod_C,460.482,-1419.331,130.646,++FactoryGame+rel-main-anniversary-2026-CL-502094,2c1ba76bf6aeb7593d53fb8278c48df9a639f7002d1cc09eeb4024fb67406337
poi_502094_0023,crash_site,Persistent_Level:PersistentLevel.BP_DropPod45_6,3OUYFKUC3NVUEGBQ2D6PJDPYW,crashed_drop_pod,BP_DropPod_C,1908.65,1276.7,160.2,++FactoryGame+rel-main-anniversary-2026-CL-502094,2c1ba76bf6aeb7593d53fb8278c48df9a639f7002d1cc09eeb4024fb67406337
poi_502094_0024,crash_site,Persistent_Level:PersistentLevel.BP_DropPod5_740,3QI1FQTX3TIVUGSX0192S09MX,crashed_drop_pod,BP_DropPod_C,-1518.42,-724.68,99.45,++FactoryGame+rel-main-anniversary-2026-CL-502094,2c1ba76bf6aeb7593d53fb8278c48df9a639f7002d1cc09eeb4024fb67406337
poi_502094_0025,crash_site,Persistent_Level:PersistentLevel.BP_DropPod6_2102,3R6BPJKWFPHZXM4UGKCBKM9EW,crashed_drop_pod,BP_DropPod_C,-1087.74,-1078.11,101.54,++FactoryGame+rel-main-anniversary-2026-CL-502094,2c1ba76bf6aeb7593d53fb8278c48df9a639f7002d1cc09eeb4024fb67406337
poi_502094_0026,crash_site,Persistent_Level:PersistentLevel.BP_DropPod19,3RGVK3TXQZU2P9LPTSNKO083P,crashed_drop_pod,BP_DropPod_C,86.8,417.78,130.534,++FactoryGame+rel-main-anniversary-2026-CL-502094,2c1ba76bf6aeb7593d53fb8278c48df9a639f7002d1cc09eeb4024fb67406337
poi_502094_0027,crash_site,Persistent_Level:PersistentLevel.BP_DropPod22,42KMEJ5PAEFNOYWUSBCQM4JCS,crashed_drop_pod,BP_DropPod_C,3666.375,3035.488,-72.885,++FactoryGame+rel-main-anniversary-2026-CL-502094,2c1ba76bf6aeb7593d53fb8278c48df9a639f7002d1cc09eeb4024fb67406337
poi_502094_0028,crash_site,Persistent_Level:PersistentLevel.BP_DropPod39,44TG7V0SRK56WD6QVT0EYTLAW,crashed_drop_pod,BP_DropPod_C,1193.385,1657.106,-1.711,++FactoryGame+rel-main-anniversary-2026-CL-502094,2c1ba76bf6aeb7593d53fb8278c48df9a639f7002d1cc09eeb4024fb67406337
poi_502094_0029,crash_site,Persistent_Level:PersistentLevel.BP_DropPod_C_UAID_04421A9713F0FF6301_1123988602,4SB9TE4PJA5D3B0GHWPFUUULG,crashed_drop_pod,BP_DropPod_C,1828.25,-938.8,177.55,++FactoryGame+rel-main-anniversary-2026-CL-502094,2c1ba76bf6aeb7593d53fb8278c48df9a639f7002d1cc09eeb4024fb67406337
poi_502094_0030,crash_site,Persistent_Level:PersistentLevel.BP_DropPod_C_UAID_04421A9713F03B7C01_1712034537,52ZWOLE1UP2NJZ079OGE7M14M,crashed_drop_pod,BP_DropPod_C,1984.18,411.86,137.86,++FactoryGame+rel-main-anniversary-2026-CL-502094,2c1ba76bf6aeb7593d53fb8278c48df9a639f7002d1cc09eeb4024fb67406337
poi_502094_0031,crash_site,Persistent_Level:PersistentLevel.BP_DropPod8,54ZQ10VOB2550ROEMUQ34SK1Z,crashed_drop_pod,BP_DropPod_C,2617.975,-1246.168,-25.973,++FactoryGame+rel-main-anniversary-2026-CL-502094,2c1ba76bf6aeb7593d53fb8278c48df9a639f7002d1cc09eeb4024fb67406337
poi_502094_0032,crash_site,Persistent_Level:PersistentLevel.BP_DropPod21_2,5A40EPVHBKBKEVZIDQ5RQ3MY9,crashed_drop_pod,BP_DropPod_C,2951.665,1731.397,80.83,++FactoryGame+rel-main-anniversary-2026-CL-502094,2c1ba76bf6aeb7593d53fb8278c48df9a639f7002d1cc09eeb4024fb67406337
poi_502094_0033,crash_site,Persistent_Level:PersistentLevel.BP_DropPod_C_2,5A7MUYO3WUNXBYPQ6UAO1BL32,crashed_drop_pod,BP_DropPod_C,1506.339,-1466.988,77.275,++FactoryGame+rel-main-anniversary-2026-CL-502094,2c1ba76bf6aeb7593d53fb8278c48df9a639f7002d1cc09eeb4024fb67406337
poi_502094_0034,crash_site,Persistent_Level:PersistentLevel.BP_DropPod2_0,5A84AVZIKFF4KTKU9NBQL3HJ9,crashed_drop_pod,BP_DropPod_C,477.674,-1957.031,28.907,++FactoryGame+rel-main-anniversary-2026-CL-502094,2c1ba76bf6aeb7593d53fb8278c48df9a639f7002d1cc09eeb4024fb67406337
poi_502094_0035,crash_site,Persistent_Level:PersistentLevel.BP_DropPod2_11,5G9D4DJ8F77IXGGVQP9Y8A6KO,crashed_drop_pod,BP_DropPod_C,1870.564,-2236.567,-32.155,++FactoryGame+rel-main-anniversary-2026-CL-502094,2c1ba76bf6aeb7593d53fb8278c48df9a639f7002d1cc09eeb4024fb67406337
poi_502094_0036,crash_site,Persistent_Level:PersistentLevel.BP_DropPod31,5INXY9FV1PWMSD4PMJRZEQ425,crashed_drop_pod,BP_DropPod_C,2005.105,-1319.124,63.411,++FactoryGame+rel-main-anniversary-2026-CL-502094,2c1ba76bf6aeb7593d53fb8278c48df9a639f7002d1cc09eeb4024fb67406337
poi_502094_0037,crash_site,Persistent_Level:PersistentLevel.BP_DropPod1_8,5IUCQAHO2NCL6WUA5COXK9O78,crashed_drop_pod,BP_DropPod_C,1764.234,-2432.736,-97.802,++FactoryGame+rel-main-anniversary-2026-CL-502094,2c1ba76bf6aeb7593d53fb8278c48df9a639f7002d1cc09eeb4024fb67406337
poi_502094_0038,crash_site,Persistent_Level:PersistentLevel.BP_DropPod36_UAID_40B076DF2F79496001_1121515405,5JBTJXQALDR6VASX1TGMV21Z6,crashed_drop_pod,BP_DropPod_C,-506.557,2592.724,-16.677,++FactoryGame+rel-main-anniversary-2026-CL-502094,2c1ba76bf6aeb7593d53fb8278c48df9a639f7002d1cc09eeb4024fb67406337
poi_502094_0039,crash_site,Persistent_Level:PersistentLevel.BP_DropPod28_23787,5LMJPWURFAOHH1WBE4205W5FH,crashed_drop_pod,BP_DropPod_C,2325.158,205.193,89.8,++FactoryGame+rel-main-anniversary-2026-CL-502094,2c1ba76bf6aeb7593d53fb8278c48df9a639f7002d1cc09eeb4024fb67406337
poi_502094_0040,crash_site,Persistent_Level:PersistentLevel.BP_DropPod5,5PLZML58WG0KIOMKLMBUZQH5A,crashed_drop_pod,BP_DropPod_C,2264.182,-981.095,73.394,++FactoryGame+rel-main-anniversary-2026-CL-502094,2c1ba76bf6aeb7593d53fb8278c48df9a639f7002d1cc09eeb4024fb67406337
poi_502094_0041,crash_site,Persistent_Level:PersistentLevel.BP_DropPod13,5Q1QKFVJAMPMZYOJH3KDI45OY,crashed_drop_pod,BP_DropPod_C,552.48,513.163,143.633,++FactoryGame+rel-main-anniversary-2026-CL-502094,2c1ba76bf6aeb7593d53fb8278c48df9a639f7002d1cc09eeb4024fb67406337
poi_502094_0042,crash_site,Persistent_Level:PersistentLevel.BP_DropPod2_23,5RHOD41BCWFMAPOKYUFCR4IIU,crashed_drop_pod,BP_DropPod_C,122.498,-1141.772,267.217,++FactoryGame+rel-main-anniversary-2026-CL-502094,2c1ba76bf6aeb7593d53fb8278c48df9a639f7002d1cc09eeb4024fb67406337
poi_502094_0043,crash_site,Persistent_Level:PersistentLevel.BP_DropPod_C_10,5V38EQ595PC6PWD7R7ZC10VY7,crashed_drop_pod,BP_DropPod_C,-1420.0,-239.7,326.6,++FactoryGame+rel-main-anniversary-2026-CL-502094,2c1ba76bf6aeb7593d53fb8278c48df9a639f7002d1cc09eeb4024fb67406337
poi_502094_0044,crash_site,Persistent_Level:PersistentLevel.BP_DropPod42,5X2V7GGF2J0SQZDTX9EB18LSP,crashed_drop_pod,BP_DropPod_C,2210.7,-1859.15,115.6,++FactoryGame+rel-main-anniversary-2026-CL-502094,2c1ba76bf6aeb7593d53fb8278c48df9a639f7002d1cc09eeb4024fb67406337
poi_502094_0045,crash_site,Persistent_Level:PersistentLevel.BP_DropPod2_6,5X7S7OD7874AZKS4EV2ZNIHQ5,crashed_drop_pod,BP_DropPod_C,3601.147,1066.141,118.152,++FactoryGame+rel-main-anniversary-2026-CL-502094,2c1ba76bf6aeb7593d53fb8278c48df9a639f7002d1cc09eeb4024fb67406337
poi_502094_0046,crash_site,Persistent_Level:PersistentLevel.BP_DropPod37,64CGAQ0E33TFRWD4OSM9DFJ6D,crashed_drop_pod,BP_DropPod_C,445.795,2443.44,-8.745,++FactoryGame+rel-main-anniversary-2026-CL-502094,2c1ba76bf6aeb7593d53fb8278c48df9a639f7002d1cc09eeb4024fb67406337
poi_502094_0047,crash_site,Persistent_Level:PersistentLevel.BP_DropPod4_13058,65MKF1QGYVMRCO02QUXK01MUE,crashed_drop_pod,BP_DropPod_C,-2002.035,177.668,121.933,++FactoryGame+rel-main-anniversary-2026-CL-502094,2c1ba76bf6aeb7593d53fb8278c48df9a639f7002d1cc09eeb4024fb67406337
poi_502094_0048,crash_site,Persistent_Level:PersistentLevel.BP_DropPod36,6C395W5NYY9U5DB5RXYXRDFPN,crashed_drop_pod,BP_DropPod_C,-1.357,2372.574,-17.607,++FactoryGame+rel-main-anniversary-2026-CL-502094,2c1ba76bf6aeb7593d53fb8278c48df9a639f7002d1cc09eeb4024fb67406337
poi_502094_0049,crash_site,Persistent_Level:PersistentLevel.BP_DropPod2_1,6FB3587GHU02KV1IOLEGEI3WP,crashed_drop_pod,BP_DropPod_C,2092.721,669.169,140.11,++FactoryGame+rel-main-anniversary-2026-CL-502094,2c1ba76bf6aeb7593d53fb8278c48df9a639f7002d1cc09eeb4024fb67406337
poi_502094_0050,crash_site,Persistent_Level:PersistentLevel.BP_DropPod24_1,6HFUMMCJ4GTHKYOKHEF1ZJZ60,crashed_drop_pod,BP_DropPod_C,1749.483,2764.364,211.513,++FactoryGame+rel-main-anniversary-2026-CL-502094,2c1ba76bf6aeb7593d53fb8278c48df9a639f7002d1cc09eeb4024fb67406337
poi_502094_0051,crash_site,Persistent_Level:PersistentLevel.BP_DropPod4_12,6IFYXZK77J1182HVSKGFQLBUD,crashed_drop_pod,BP_DropPod_C,-1570.779,63.126,251.285,++FactoryGame+rel-main-anniversary-2026-CL-502094,2c1ba76bf6aeb7593d53fb8278c48df9a639f7002d1cc09eeb4024fb67406337
poi_502094_0052,crash_site,Persistent_Level:PersistentLevel.BP_DropPod1_4,6O54BQMQ6W9AB3E2UV4DBKND5,crashed_drop_pod,BP_DropPod_C,3031.694,2461.69,54.878,++FactoryGame+rel-main-anniversary-2026-CL-502094,2c1ba76bf6aeb7593d53fb8278c48df9a639f7002d1cc09eeb4024fb67406337
poi_502094_0053,crash_site,Persistent_Level:PersistentLevel.BP_DropPod3_5,6T513FUPX9OFNEQSO7GAJONY3,crashed_drop_pod,BP_DropPod_C,286.955,-1934.411,174.598,++FactoryGame+rel-main-anniversary-2026-CL-502094,2c1ba76bf6aeb7593d53fb8278c48df9a639f7002d1cc09eeb4024fb67406337
poi_502094_0054,crash_site,Persistent_Level:PersistentLevel.BP_DropPod42_5,7077GZERNI0VEY3FN1KQN50IQ,crashed_drop_pod,BP_DropPod_C,1907.85,2368.1,231.3,++FactoryGame+rel-main-anniversary-2026-CL-502094,2c1ba76bf6aeb7593d53fb8278c48df9a639f7002d1cc09eeb4024fb67406337
poi_502094_0055,crash_site,Persistent_Level:PersistentLevel.BP_DropPod_C_5,70DX749KZR2CVL8Q86VE4YIPU,crashed_drop_pod,BP_DropPod_C,1114.79,545.15,170.81,++FactoryGame+rel-main-anniversary-2026-CL-502094,2c1ba76bf6aeb7593d53fb8278c48df9a639f7002d1cc09eeb4024fb67406337
poi_502094_0056,crash_site,Persistent_Level:PersistentLevel.BP_DropPod1,71U3QY9JC6WRRZPQKC79EZB09,crashed_drop_pod,BP_DropPod_C,877.397,629.755,134.442,++FactoryGame+rel-main-anniversary-2026-CL-502094,2c1ba76bf6aeb7593d53fb8278c48df9a639f7002d1cc09eeb4024fb67406337
poi_502094_0057,crash_site,Persistent_Level:PersistentLevel.BP_DropPod3_8348,77KKYMWCG5X95OX3NG74LH3U6,crashed_drop_pod,BP_DropPod_C,-2324.98,514.32,-3.86,++FactoryGame+rel-main-anniversary-2026-CL-502094,2c1ba76bf6aeb7593d53fb8278c48df9a639f7002d1cc09eeb4024fb67406337
poi_502094_0058,crash_site,Persistent_Level:PersistentLevel.BP_DropPod3_24,85K5L1F77NVGN8OYET0M9D08H,crashed_drop_pod,BP_DropPod_C,-35.119,-623.148,221.094,++FactoryGame+rel-main-anniversary-2026-CL-502094,2c1ba76bf6aeb7593d53fb8278c48df9a639f7002d1cc09eeb4024fb67406337
poi_502094_0059,crash_site,Persistent_Level:PersistentLevel.BP_DropPod2_1325,8GCHP9KRLUL1Z9GXOIINKNY5X,crashed_drop_pod,BP_DropPod_C,-1957.56,592.104,-0.843,++FactoryGame+rel-main-anniversary-2026-CL-502094,2c1ba76bf6aeb7593d53fb8278c48df9a639f7002d1cc09eeb4024fb67406337
poi_502094_0060,crash_site,Persistent_Level:PersistentLevel.BP_DropPod35,8P1LLQC95QWAJWXXGVK7QDSW1,crashed_drop_pod,BP_DropPod_C,53.022,1870.906,-16.085,++FactoryGame+rel-main-anniversary-2026-CL-502094,2c1ba76bf6aeb7593d53fb8278c48df9a639f7002d1cc09eeb4024fb67406337
poi_502094_0061,crash_site,Persistent_Level:PersistentLevel.BP_DropPod33,8Q9U6JP0MU8U0J7VH8JZATBPJ,crashed_drop_pod,BP_DropPod_C,-788.84,-2926.4,-47.67,++FactoryGame+rel-main-anniversary-2026-CL-502094,2c1ba76bf6aeb7593d53fb8278c48df9a639f7002d1cc09eeb4024fb67406337
poi_502094_0062,crash_site,Persistent_Level:PersistentLevel.BP_DropPod43_2,8URZKFKKBTAUXSHV71JBMIWBD,crashed_drop_pod,BP_DropPod_C,1762.45,2439.85,71.65,++FactoryGame+rel-main-anniversary-2026-CL-502094,2c1ba76bf6aeb7593d53fb8278c48df9a639f7002d1cc09eeb4024fb67406337
poi_502094_0063,crash_site,Persistent_Level:PersistentLevel.BP_DropPod_C_11,9A0TTMX75OTZ286SXB1WZJOEC,crashed_drop_pod,BP_DropPod_C,2191.461,1998.802,65.036,++FactoryGame+rel-main-anniversary-2026-CL-502094,2c1ba76bf6aeb7593d53fb8278c48df9a639f7002d1cc09eeb4024fb67406337
poi_502094_0064,crash_site,Persistent_Level:PersistentLevel.BP_DropPod27_20823,9QS3W4H9WP6I6H4WFCNDVCVFM,crashed_drop_pod,BP_DropPod_C,1639.99,-613.33,214.81,++FactoryGame+rel-main-anniversary-2026-CL-502094,2c1ba76bf6aeb7593d53fb8278c48df9a639f7002d1cc09eeb4024fb67406337
poi_502094_0065,crash_site,Persistent_Level:PersistentLevel.BP_DropPod_C_UAID_04421A9713F020A401_1502230978,9T2ED4WSV2C7Q8JKGBTOFGUSB,crashed_drop_pod,BP_DropPod_C,-1421.73,-979.37,185.17,++FactoryGame+rel-main-anniversary-2026-CL-502094,2c1ba76bf6aeb7593d53fb8278c48df9a639f7002d1cc09eeb4024fb67406337
poi_502094_0066,crash_site,Persistent_Level:PersistentLevel.BP_DropPod3,9TBU6MFSN92XWAB7G6ZP7PIA4,crashed_drop_pod,BP_DropPod_C,-1744.949,1971.348,-15.381,++FactoryGame+rel-main-anniversary-2026-CL-502094,2c1ba76bf6aeb7593d53fb8278c48df9a639f7002d1cc09eeb4024fb67406337
poi_502094_0067,crash_site,Persistent_Level:PersistentLevel.BP_DropPod1_2,9WTANPYEXGNWQKRA59Z7MXFAM,crashed_drop_pod,BP_DropPod_C,1572.498,402.062,136.948,++FactoryGame+rel-main-anniversary-2026-CL-502094,2c1ba76bf6aeb7593d53fb8278c48df9a639f7002d1cc09eeb4024fb67406337
poi_502094_0068,crash_site,Persistent_Level:PersistentLevel.BP_DropPod25,A7OSHVNB6E835B4EERH93BM2K,crashed_drop_pod,BP_DropPod_C,1590.883,1451.164,231.649,++FactoryGame+rel-main-anniversary-2026-CL-502094,2c1ba76bf6aeb7593d53fb8278c48df9a639f7002d1cc09eeb4024fb67406337
poi_502094_0069,crash_site,Persistent_Level:PersistentLevel.BP_DropPod_C_4,AHK0ZGPUGTOLNP91J86A9B9U3,crashed_drop_pod,BP_DropPod_C,-290.686,226.404,173.842,++FactoryGame+rel-main-anniversary-2026-CL-502094,2c1ba76bf6aeb7593d53fb8278c48df9a639f7002d1cc09eeb4024fb67406337
poi_502094_0070,crash_site,Persistent_Level:PersistentLevel.BP_DropPod4_1,AKK7KQYEZWTFWVYKCJGCLA0SG,crashed_drop_pod,BP_DropPod_C,1436.716,-925.735,249.9,++FactoryGame+rel-main-anniversary-2026-CL-502094,2c1ba76bf6aeb7593d53fb8278c48df9a639f7002d1cc09eeb4024fb67406337
poi_502094_0071,crash_site,Persistent_Level:PersistentLevel.BP_DropPod9,ARH6JPFZJSTSBTFBRMFSUXJCA,crashed_drop_pod,BP_DropPod_C,2499.195,-595.342,24.303,++FactoryGame+rel-main-anniversary-2026-CL-502094,2c1ba76bf6aeb7593d53fb8278c48df9a639f7002d1cc09eeb4024fb67406337
poi_502094_0072,crash_site,Persistent_Level:PersistentLevel.BP_DropPod1_22,ATA1U205B15SRCXVJTOBJ3OUZ,crashed_drop_pod,BP_DropPod_C,-952.281,-69.707,251.429,++FactoryGame+rel-main-anniversary-2026-CL-502094,2c1ba76bf6aeb7593d53fb8278c48df9a639f7002d1cc09eeb4024fb67406337
poi_502094_0073,crash_site,Persistent_Level:PersistentLevel.BP_DropPod4_9,AZJI25GUPHFUK3IW9JMGS0YHY,crashed_drop_pod,BP_DropPod_C,1183.5,-2219.052,-70.63,++FactoryGame+rel-main-anniversary-2026-CL-502094,2c1ba76bf6aeb7593d53fb8278c48df9a639f7002d1cc09eeb4024fb67406337
poi_502094_0074,crash_site,Persistent_Level:PersistentLevel.BP_DropPod11_2,AZXDX9YZIAVF4NXQIJ9LZRRCC,crashed_drop_pod,BP_DropPod_C,-2383.34,-173.217,197.411,++FactoryGame+rel-main-anniversary-2026-CL-502094,2c1ba76bf6aeb7593d53fb8278c48df9a639f7002d1cc09eeb4024fb67406337
poi_502094_0075,crash_site,Persistent_Level:PersistentLevel.BP_DropPod2,BZG9DCNP1O24ZNRI1C3YMKQPW,crashed_drop_pod,BP_DropPod_C,-263.274,1290.475,77.809,++FactoryGame+rel-main-anniversary-2026-CL-502094,2c1ba76bf6aeb7593d53fb8278c48df9a639f7002d1cc09eeb4024fb67406337
poi_502094_0076,crash_site,Persistent_Level:PersistentLevel.BP_DropPod_C_12,CC1J83F9RJZCCEG1SNWQXF4TP,crashed_drop_pod,BP_DropPod_C,2365.083,3122.364,99.712,++FactoryGame+rel-main-anniversary-2026-CL-502094,2c1ba76bf6aeb7593d53fb8278c48df9a639f7002d1cc09eeb4024fb67406337
poi_502094_0077,crash_site,Persistent_Level:PersistentLevel.BP_DropPod16_4595,CI0BH8Q35CXW8GPKTYNYMBTF7,crashed_drop_pod,BP_DropPod_C,303.838,-2669.757,-9.874,++FactoryGame+rel-main-anniversary-2026-CL-502094,2c1ba76bf6aeb7593d53fb8278c48df9a639f7002d1cc09eeb4024fb67406337
poi_502094_0078,crash_site,Persistent_Level:PersistentLevel.BP_DropPod4_7,CL7X2F1PBLXKQNAXHSSMOUSLS,crashed_drop_pod,BP_DropPod_C,983.063,1497.818,25.525,++FactoryGame+rel-main-anniversary-2026-CL-502094,2c1ba76bf6aeb7593d53fb8278c48df9a639f7002d1cc09eeb4024fb67406337
poi_502094_0079,crash_site,Persistent_Level:PersistentLevel.BP_DropPod7,DCN24CJTCWUDCBZUKVB3XD54X,crashed_drop_pod,BP_DropPod_C,2160.967,2.684,-15.929,++FactoryGame+rel-main-anniversary-2026-CL-502094,2c1ba76bf6aeb7593d53fb8278c48df9a639f7002d1cc09eeb4024fb67406337
poi_502094_0080,crash_site,Persistent_Level:PersistentLevel.BP_DropPod_C_UAID_04421A9713F03C7C01_1131248715,DJQW1LZU5CE99MVZCG2RLHLF5,crashed_drop_pod,BP_DropPod_C,1883.04,-170.59,129.49,++FactoryGame+rel-main-anniversary-2026-CL-502094,2c1ba76bf6aeb7593d53fb8278c48df9a639f7002d1cc09eeb4024fb67406337
poi_502094_0081,crash_site,Persistent_Level:PersistentLevel.BP_DropPod38,DLE86DOPJAXQGGYIWUP49D5QK,crashed_drop_pod,BP_DropPod_C,842.561,1711.225,-2.907,++FactoryGame+rel-main-anniversary-2026-CL-502094,2c1ba76bf6aeb7593d53fb8278c48df9a639f7002d1cc09eeb4024fb67406337
poi_502094_0082,crash_site,Persistent_Level:PersistentLevel.BP_DropPod5_9,DOTOWZSS2Q85LQJN13NS73MEK,crashed_drop_pod,BP_DropPod_C,3492.953,388.32,-14.853,++FactoryGame+rel-main-anniversary-2026-CL-502094,2c1ba76bf6aeb7593d53fb8278c48df9a639f7002d1cc09eeb4024fb67406337
poi_502094_0083,crash_site,Persistent_Level:PersistentLevel.BP_DropPod3_2,DU5G5MM6ATHZG5C03HBSN73BY,crashed_drop_pod,BP_DropPod_C,-561.443,728.641,276.684,++FactoryGame+rel-main-anniversary-2026-CL-502094,2c1ba76bf6aeb7593d53fb8278c48df9a639f7002d1cc09eeb4024fb67406337
poi_502094_0084,crash_site,Persistent_Level:PersistentLevel.BP_DropPod39_UAID_40B076DF2F79F35F01_1355966267,E37VG0A7EIE3AG92KZ7EZN4K1,crashed_drop_pod,BP_DropPod_C,526.865,1636.046,154.139,++FactoryGame+rel-main-anniversary-2026-CL-502094,2c1ba76bf6aeb7593d53fb8278c48df9a639f7002d1cc09eeb4024fb67406337
poi_502094_0085,crash_site,Persistent_Level:PersistentLevel.BP_DropPod6,ECOHP6A2SCQQQEUIIEDYDWS9E,crashed_drop_pod,BP_DropPod_C,2727.151,-280.877,-15.861,++FactoryGame+rel-main-anniversary-2026-CL-502094,2c1ba76bf6aeb7593d53fb8278c48df9a639f7002d1cc09eeb4024fb67406337
poi_502094_0086,crash_site,Persistent_Level:PersistentLevel.BP_DropPod_C_UAID_04421A9713F020A401_1123860977,EIYYCRMGCGIJNU0VZENZO30S3,crashed_drop_pod,BP_DropPod_C,-1645.91,-1556.11,123.83,++FactoryGame+rel-main-anniversary-2026-CL-502094,2c1ba76bf6aeb7593d53fb8278c48df9a639f7002d1cc09eeb4024fb67406337
poi_502094_0087,crash_site,Persistent_Level:PersistentLevel.BP_DropPod32_1,EZ0QWW5SWJ1ARG34RYCZQTQWX,crashed_drop_pod,BP_DropPod_C,903.139,-1295.838,91.125,++FactoryGame+rel-main-anniversary-2026-CL-502094,2c1ba76bf6aeb7593d53fb8278c48df9a639f7002d1cc09eeb4024fb67406337
poi_502094_0088,crash_site,Persistent_Level:PersistentLevel.BP_DropPod_C_UAID_04421A9713F03B7C01_1807913538,EZAHXO91013LX1LBFIXQWR26W,crashed_drop_pod,BP_DropPod_C,1210.61,-453.24,173.73,++FactoryGame+rel-main-anniversary-2026-CL-502094,2c1ba76bf6aeb7593d53fb8278c48df9a639f7002d1cc09eeb4024fb67406337
poi_502094_0089,crash_site,Persistent_Level:PersistentLevel.BP_DropPod_C_9,F3DKOII5P8LBQS10KADCGXCX3,crashed_drop_pod,BP_DropPod_C,-947.089,-403.376,198.324,++FactoryGame+rel-main-anniversary-2026-CL-502094,2c1ba76bf6aeb7593d53fb8278c48df9a639f7002d1cc09eeb4024fb67406337
poi_502094_0090,crash_site,Persistent_Level:PersistentLevel.BP_DropPod14_389,Persistent_Level,crashed_drop_pod,BP_DropPod_C,-431.44,-1458.2,74.72,++FactoryGame+rel-main-anniversary-2026-CL-502094,2c1ba76bf6aeb7593d53fb8278c48df9a639f7002d1cc09eeb4024fb67406337
poi_502094_0091,crash_site,Persistent_Level:PersistentLevel.BP_DropPod15_821,Persistent_Level,crashed_drop_pod,BP_DropPod_C,-1892.581,-1163.31,-17.643,++FactoryGame+rel-main-anniversary-2026-CL-502094,2c1ba76bf6aeb7593d53fb8278c48df9a639f7002d1cc09eeb4024fb67406337
poi_502094_0092,crash_site,Persistent_Level:PersistentLevel.BP_DropPod18,Persistent_Level,crashed_drop_pod,BP_DropPod_C,-2595.771,-1050.488,-15.482,++FactoryGame+rel-main-anniversary-2026-CL-502094,2c1ba76bf6aeb7593d53fb8278c48df9a639f7002d1cc09eeb4024fb67406337
poi_502094_0093,crash_site,Persistent_Level:PersistentLevel.BP_DropPod1_0,Persistent_Level,crashed_drop_pod,BP_DropPod_C,-892.84,506.3,160.19,++FactoryGame+rel-main-anniversary-2026-CL-502094,2c1ba76bf6aeb7593d53fb8278c48df9a639f7002d1cc09eeb4024fb67406337
poi_502094_0094,crash_site,Persistent_Level:PersistentLevel.BP_DropPod1_1,Persistent_Level,crashed_drop_pod,BP_DropPod_C,2932.993,-0.518,5.229,++FactoryGame+rel-main-anniversary-2026-CL-502094,2c1ba76bf6aeb7593d53fb8278c48df9a639f7002d1cc09eeb4024fb67406337
poi_502094_0095,crash_site,Persistent_Level:PersistentLevel.BP_DropPod1_3,Persistent_Level,crashed_drop_pod,BP_DropPod_C,469.518,-2218.591,59.173,++FactoryGame+rel-main-anniversary-2026-CL-502094,2c1ba76bf6aeb7593d53fb8278c48df9a639f7002d1cc09eeb4024fb67406337
poi_502094_0096,crash_site,Persistent_Level:PersistentLevel.BP_DropPod1_9,Persistent_Level,crashed_drop_pod,BP_DropPod_C,-1184.808,-749.298,169.954,++FactoryGame+rel-main-anniversary-2026-CL-502094,2c1ba76bf6aeb7593d53fb8278c48df9a639f7002d1cc09eeb4024fb67406337
poi_502094_0097,crash_site,Persistent_Level:PersistentLevel.BP_DropPod20,Persistent_Level,crashed_drop_pod,BP_DropPod_C,666.524,136.421,134.209,++FactoryGame+rel-main-anniversary-2026-CL-502094,2c1ba76bf6aeb7593d53fb8278c48df9a639f7002d1cc09eeb4024fb67406337
poi_502094_0098,crash_site,Persistent_Level:PersistentLevel.BP_DropPod23,Persistent_Level,crashed_drop_pod,BP_DropPod_C,3602.85,2175.586,39.007,++FactoryGame+rel-main-anniversary-2026-CL-502094,2c1ba76bf6aeb7593d53fb8278c48df9a639f7002d1cc09eeb4024fb67406337
poi_502094_0099,crash_site,Persistent_Level:PersistentLevel.BP_DropPod2_2,Persistent_Level,crashed_drop_pod,BP_DropPod_C,2322.554,-799.256,-12.757,++FactoryGame+rel-main-anniversary-2026-CL-502094,2c1ba76bf6aeb7593d53fb8278c48df9a639f7002d1cc09eeb4024fb67406337
poi_502094_0100,crash_site,Persistent_Level:PersistentLevel.BP_DropPod3_1,Persistent_Level,crashed_drop_pod,BP_DropPod_C,178.077,1369.228,136.22,++FactoryGame+rel-main-anniversary-2026-CL-502094,2c1ba76bf6aeb7593d53fb8278c48df9a639f7002d1cc09eeb4024fb67406337
poi_502094_0101,crash_site,Persistent_Level:PersistentLevel.BP_DropPod3_7,Persistent_Level,crashed_drop_pod,BP_DropPod_C,2750.7,525.85,59.801,++FactoryGame+rel-main-anniversary-2026-CL-502094,2c1ba76bf6aeb7593d53fb8278c48df9a639f7002d1cc09eeb4024fb67406337
poi_502094_0102,crash_site,Persistent_Level:PersistentLevel.BP_DropPod3_8,Persistent_Level,crashed_drop_pod,BP_DropPod_C,-569.876,1449.276,22.024,++FactoryGame+rel-main-anniversary-2026-CL-502094,2c1ba76bf6aeb7593d53fb8278c48df9a639f7002d1cc09eeb4024fb67406337
poi_502094_0103,crash_site,Persistent_Level:PersistentLevel.BP_DropPod4,Persistent_Level,crashed_drop_pod,BP_DropPod_C,1112.129,1130.406,120.362,++FactoryGame+rel-main-anniversary-2026-CL-502094,2c1ba76bf6aeb7593d53fb8278c48df9a639f7002d1cc09eeb4024fb67406337
poi_502094_0104,crash_site,Persistent_Level:PersistentLevel.BP_DropPod40_1163,Persistent_Level,crashed_drop_pod,BP_DropPod_C,213.734,-1323.363,25.108,++FactoryGame+rel-main-anniversary-2026-CL-502094,2c1ba76bf6aeb7593d53fb8278c48df9a639f7002d1cc09eeb4024fb67406337
poi_502094_0105,crash_site,Persistent_Level:PersistentLevel.BP_DropPod41_8375,Persistent_Level,crashed_drop_pod,BP_DropPod_C,-99.884,-2276.255,-10.173,++FactoryGame+rel-main-anniversary-2026-CL-502094,2c1ba76bf6aeb7593d53fb8278c48df9a639f7002d1cc09eeb4024fb67406337
poi_502094_0106,crash_site,Persistent_Level:PersistentLevel.BP_DropPod44_10,Persistent_Level,crashed_drop_pod,BP_DropPod_C,1097.75,1627.3,155.7,++FactoryGame+rel-main-anniversary-2026-CL-502094,2c1ba76bf6aeb7593d53fb8278c48df9a639f7002d1cc09eeb4024fb67406337
poi_502094_0107,crash_site,Persistent_Level:PersistentLevel.BP_DropPod4_4,Persistent_Level,crashed_drop_pod,BP_DropPod_C,1913.662,-376.942,56.767,++FactoryGame+rel-main-anniversary-2026-CL-502094,2c1ba76bf6aeb7593d53fb8278c48df9a639f7002d1cc09eeb4024fb67406337
poi_502094_0108,crash_site,Persistent_Level:PersistentLevel.BP_DropPod4_6,Persistent_Level,crashed_drop_pod,BP_DropPod_C,883.237,-1889.136,14.201,++FactoryGame+rel-main-anniversary-2026-CL-502094,2c1ba76bf6aeb7593d53fb8278c48df9a639f7002d1cc09eeb4024fb67406337
poi_502094_0109,crash_site,Persistent_Level:PersistentLevel.BP_DropPod5_10,Persistent_Level,crashed_drop_pod,BP_DropPod_C,1565.697,-1917.678,-93.121,++FactoryGame+rel-main-anniversary-2026-CL-502094,2c1ba76bf6aeb7593d53fb8278c48df9a639f7002d1cc09eeb4024fb67406337
poi_502094_0110,crash_site,Persistent_Level:PersistentLevel.BP_DropPod5_13,Persistent_Level,crashed_drop_pod,BP_DropPod_C,-1526.766,-338.646,192.835,++FactoryGame+rel-main-anniversary-2026-CL-502094,2c1ba76bf6aeb7593d53fb8278c48df9a639f7002d1cc09eeb4024fb67406337
poi_502094_0111,crash_site,Persistent_Level:PersistentLevel.BP_DropPod5_26,Persistent_Level,crashed_drop_pod,BP_DropPod_C,350.961,-164.923,227.05,++FactoryGame+rel-main-anniversary-2026-CL-502094,2c1ba76bf6aeb7593d53fb8278c48df9a639f7002d1cc09eeb4024fb67406337
poi_502094_0112,crash_site,Persistent_Level:PersistentLevel.BP_DropPod5_6,Persistent_Level,crashed_drop_pod,BP_DropPod_C,1272.159,1168.67,-13.973,++FactoryGame+rel-main-anniversary-2026-CL-502094,2c1ba76bf6aeb7593d53fb8278c48df9a639f7002d1cc09eeb4024fb67406337
poi_502094_0113,crash_site,Persistent_Level:PersistentLevel.BP_DropPod7_5615,Persistent_Level,crashed_drop_pod,BP_DropPod_C,-1219.94,-1669.16,-0.49,++FactoryGame+rel-main-anniversary-2026-CL-502094,2c1ba76bf6aeb7593d53fb8278c48df9a639f7002d1cc09eeb4024fb67406337
poi_502094_0114,crash_site,Persistent_Level:PersistentLevel.BP_DropPod9_1568,Persistent_Level,crashed_drop_pod,BP_DropPod_C,-1291.15,-601.65,48.0,++FactoryGame+rel-main-anniversary-2026-CL-502094,2c1ba76bf6aeb7593d53fb8278c48df9a639f7002d1cc09eeb4024fb67406337
poi_502094_0115,crash_site,Persistent_Level:PersistentLevel.BP_DropPod_1145,Persistent_Level,crashed_drop_pod,BP_DropPod_C,-1570.8,670.282,117.665,++FactoryGame+rel-main-anniversary-2026-CL-502094,2c1ba76bf6aeb7593d53fb8278c48df9a639f7002d1cc09eeb4024fb67406337
poi_502094_0116,crash_site,Persistent_Level:PersistentLevel.BP_DropPod_C_1,Persistent_Level,crashed_drop_pod,BP_DropPod_C,809.8,441.0,83.03,++FactoryGame+rel-main-anniversary-2026-CL-502094,2c1ba76bf6aeb7593d53fb8278c48df9a639f7002d1cc09eeb4024fb67406337
poi_502094_0117,crash_site,Persistent_Level:PersistentLevel.BP_DropPod_C_7,Persistent_Level,crashed_drop_pod,BP_DropPod_C,-2473.036,1423.483,45.242,++FactoryGame+rel-main-anniversary-2026-CL-502094,2c1ba76bf6aeb7593d53fb8278c48df9a639f7002d1cc09eeb4024fb67406337
poi_502094_0118,crash_site,Persistent_Level:PersistentLevel.BP_DropPod_C_8,Persistent_Level,crashed_drop_pod,BP_DropPod_C,646.966,-1560.387,140.672,++FactoryGame+rel-main-anniversary-2026-CL-502094,2c1ba76bf6aeb7593d53fb8278c48df9a639f7002d1cc09eeb4024fb67406337
poi_502094_0119,mercer_sphere,Persistent_Level:PersistentLevel.BP_WAT29,015RYOHOFH7CVMMFME4056P54,mercer_sphere,BP_WAT2_C,228.783,-2853.109,-4.926,++FactoryGame+rel-main-anniversary-2026-CL-502094,2c1ba76bf6aeb7593d53fb8278c48df9a639f7002d1cc09eeb4024fb67406337
poi_502094_0120,mercer_sphere,Persistent_Level:PersistentLevel.BP_WAT29_11,02M8DS4U0NQ5C1G41ZN0B87KJ,mercer_sphere,BP_WAT2_C,1431.626,486.053,9.779,++FactoryGame+rel-main-anniversary-2026-CL-502094,2c1ba76bf6aeb7593d53fb8278c48df9a639f7002d1cc09eeb4024fb67406337
poi_502094_0121,mercer_sphere,Persistent_Level:PersistentLevel.BP_WAT2_C_18,03ZCPBHIVK00B2FFLHN6JMVAG,mercer_sphere,BP_WAT2_C,1889.5,1680.6,237.38,++FactoryGame+rel-main-anniversary-2026-CL-502094,2c1ba76bf6aeb7593d53fb8278c48df9a639f7002d1cc09eeb4024fb67406337
poi_502094_0122,mercer_sphere,Persistent_Level:PersistentLevel.BP_WAT2_C_UAID_04421A9713F03A7C01_1499181354,04HYN5W55FAATI40HRK7JCCK7,mercer_sphere,BP_WAT2_C,1379.71,-670.38,126.68,++FactoryGame+rel-main-anniversary-2026-CL-502094,2c1ba76bf6aeb7593d53fb8278c48df9a639f7002d1cc09eeb4024fb67406337
poi_502094_0123,mercer_sphere,Persistent_Level:PersistentLevel.BP_WAT112_14,05T77O664VCG76XIK7PCWON5H,mercer_sphere,BP_WAT2_C,1868.2,2041.85,256.48,++FactoryGame+rel-main-anniversary-2026-CL-502094,2c1ba76bf6aeb7593d53fb8278c48df9a639f7002d1cc09eeb4024fb67406337
poi_502094_0124,mercer_sphere,Persistent_Level:PersistentLevel.BP_WAT2_C_UAID_04421A9713F01D6201_1995497755,090RXBQSTNG5C1XD7EGH168JV,mercer_sphere,BP_WAT2_C,2337.08,2153.82,42.96,++FactoryGame+rel-main-anniversary-2026-CL-502094,2c1ba76bf6aeb7593d53fb8278c48df9a639f7002d1cc09eeb4024fb67406337
poi_502094_0125,mercer_sphere,Persistent_Level:PersistentLevel.BP_WAT51,090RXBQSTNG5C1XD7EGH168JV,mercer_sphere,BP_WAT2_C,2343.887,2240.031,136.228,++FactoryGame+rel-main-anniversary-2026-CL-502094,2c1ba76bf6aeb7593d53fb8278c48df9a639f7002d1cc09eeb4024fb67406337
poi_502094_0126,mercer_sphere,Persistent_Level:PersistentLevel.BP_WAT76,090RXBQSTNG5C1XD7EGH168JV,mercer_sphere,BP_WAT2_C,2250.437,2158.331,12.838,++FactoryGame+rel-main-anniversary-2026-CL-502094,2c1ba76bf6aeb7593d53fb8278c48df9a639f7002d1cc09eeb4024fb67406337
poi_502094_0127,mercer_sphere,Persistent_Level:PersistentLevel.BP_WAT2_C_11,091CKM3H3UI1DBT79RXLW2J33,mercer_sphere,BP_WAT2_C,1740.67,-1187.73,104.65,++FactoryGame+rel-main-anniversary-2026-CL-502094,2c1ba76bf6aeb7593d53fb8278c48df9a639f7002d1cc09eeb4024fb67406337
poi_502094_0128,mercer_sphere,Persistent_Level:PersistentLevel.BP_WAT2_C_6,0A2MGPVG4NN3PY8XM8661V6OF,mercer_sphere,BP_WAT2_C,362.81,1696.56,117.872,++FactoryGame+rel-main-anniversary-2026-CL-502094,2c1ba76bf6aeb7593d53fb8278c48df9a639f7002d1cc09eeb4024fb67406337
poi_502094_0129,mercer_sphere,Persistent_Level:PersistentLevel.BP_WAT26_7,0AFMHN0PYXRAZ32AHLUVLF9KG,mercer_sphere,BP_WAT2_C,1289.594,-2524.043,-17.735,++FactoryGame+rel-main-anniversary-2026-CL-502094,2c1ba76bf6aeb7593d53fb8278c48df9a639f7002d1cc09eeb4024fb67406337
poi_502094_0130,mercer_sphere,Persistent_Level:PersistentLevel.BP_WAT77,0HZHRXOVC1IB2TIL7442CSN33,mercer_sphere,BP_WAT2_C,-420.83,2107.671,26.494,++FactoryGame+rel-main-anniversary-2026-CL-502094,2c1ba76bf6aeb7593d53fb8278c48df9a639f7002d1cc09eeb4024fb67406337
poi_502094_0131,mercer_sphere,Persistent_Level:PersistentLevel.BP_WAT24_3,0JMESHD2WUF1ZM0KQ6ON3JKG9,mercer_sphere,BP_WAT2_C,-220.61,440.71,203.047,++FactoryGame+rel-main-anniversary-2026-CL-502094,2c1ba76bf6aeb7593d53fb8278c48df9a639f7002d1cc09eeb4024fb67406337
poi_502094_0132,mercer_sphere,Persistent_Level:PersistentLevel.BP_WAT1_9,0KRL3VQVHZQNVHGD96KREOOR8,mercer_sphere,BP_WAT2_C,490.635,945.679,176.926,++FactoryGame+rel-main-anniversary-2026-CL-502094,2c1ba76bf6aeb7593d53fb8278c48df9a639f7002d1cc09eeb4024fb67406337
poi_502094_0133,mercer_sphere,Persistent_Level:PersistentLevel.BP_WAT3_UAID_40B076DF2F795E7801_2071161425,0KRL3VQVHZQNVHGD96KREOOR8,mercer_sphere,BP_WAT2_C,402.865,964.685,93.427,++FactoryGame+rel-main-anniversary-2026-CL-502094,2c1ba76bf6aeb7593d53fb8278c48df9a639f7002d1cc09eeb4024fb67406337
poi_502094_0134,mercer_sphere,Persistent_Level:PersistentLevel.BP_WAT4,0KRL3VQVHZQNVHGD96KREOOR8,mercer_sphere,BP_WAT2_C,373.996,1125.623,107.814,++FactoryGame+rel-main-anniversary-2026-CL-502094,2c1ba76bf6aeb7593d53fb8278c48df9a639f7002d1cc09eeb4024fb67406337
poi_502094_0135,mercer_sphere,Persistent_Level:PersistentLevel.BP_WAT27,0KSRDJC6TCGZZ6RQYLKADRHHJ,mercer_sphere,BP_WAT2_C,-1761.405,1459.087,59.937,++FactoryGame+rel-main-anniversary-2026-CL-502094,2c1ba76bf6aeb7593d53fb8278c48df9a639f7002d1cc09eeb4024fb67406337
poi_502094_0136,mercer_sphere,Persistent_Level:PersistentLevel.BP_WAT2_C_UAID_04421A9713F03A7C01_1798728356,0L64YXAH3DC6JLHPN8J9EG37Y,mercer_sphere,BP_WAT2_C,1091.33,-341.92,103.79,++FactoryGame+rel-main-anniversary-2026-CL-502094,2c1ba76bf6aeb7593d53fb8278c48df9a639f7002d1cc09eeb4024fb67406337
poi_502094_0137,mercer_sphere,Persistent_Level:PersistentLevel.BP_WAT2_C_UAID_04421A9713F0B37301_1874710112,0L64YXAH3DC6JLHPN8J9EG37Y,mercer_sphere,BP_WAT2_C,1108.39,-489.53,216.02,++FactoryGame+rel-main-anniversary-2026-CL-502094,2c1ba76bf6aeb7593d53fb8278c48df9a639f7002d1cc09eeb4024fb67406337
poi_502094_0138,mercer_sphere,Persistent_Level:PersistentLevel.BP_WAT7,0OX6O83Q7SN4HUKQNYF26PUG1,mercer_sphere,BP_WAT2_C,774.178,1199.83,140.845,++FactoryGame+rel-main-anniversary-2026-CL-502094,2c1ba76bf6aeb7593d53fb8278c48df9a639f7002d1cc09eeb4024fb67406337
poi_502094_0139,mercer_sphere,Persistent_Level:PersistentLevel.BP_WAT2_C_UAID_04421A9713F0317C01_1516355747,0OZVJ6AU61E93AVTA1PSAVV6S,mercer_sphere,BP_WAT2_C,699.01,-545.45,97.47,++FactoryGame+rel-main-anniversary-2026-CL-502094,2c1ba76bf6aeb7593d53fb8278c48df9a639f7002d1cc09eeb4024fb67406337
poi_502094_0140,mercer_sphere,Persistent_Level:PersistentLevel.BP_WAT12_2,0RXCIC8GHQDYM2E52FZ8X831X,mercer_sphere,BP_WAT2_C,-1019.757,-2784.263,-16.205,++FactoryGame+rel-main-anniversary-2026-CL-502094,2c1ba76bf6aeb7593d53fb8278c48df9a639f7002d1cc09eeb4024fb67406337
poi_502094_0141,mercer_sphere,Persistent_Level:PersistentLevel.BP_WAT22_7,0SVIIM8X6VFVZFIZXFM5281KK,mercer_sphere,BP_WAT2_C,-2389.948,-562.393,-14.612,++FactoryGame+rel-main-anniversary-2026-CL-502094,2c1ba76bf6aeb7593d53fb8278c48df9a639f7002d1cc09eeb4024fb67406337
poi_502094_0142,mercer_sphere,Persistent_Level:PersistentLevel.BP_WAT87,0UT67HZZRI9QYMNAL604R9ZDH,mercer_sphere,BP_WAT2_C,1188.85,-417.88,98.46,++FactoryGame+rel-main-anniversary-2026-CL-502094,2c1ba76bf6aeb7593d53fb8278c48df9a639f7002d1cc09eeb4024fb67406337
poi_502094_0143,mercer_sphere,Persistent_Level:PersistentLevel.BP_WAT17,0V4R2YF23ZAZTMXD16HT5SAIH,mercer_sphere,BP_WAT2_C,-1689.02,1730.16,77.28,++FactoryGame+rel-main-anniversary-2026-CL-502094,2c1ba76bf6aeb7593d53fb8278c48df9a639f7002d1cc09eeb4024fb67406337
poi_502094_0144,mercer_sphere,Persistent_Level:PersistentLevel.BP_WAT104,0X2A31J4BRFODOBMWQR0PFKY8,mercer_sphere,BP_WAT2_C,677.77,1920.821,32.924,++FactoryGame+rel-main-anniversary-2026-CL-502094,2c1ba76bf6aeb7593d53fb8278c48df9a639f7002d1cc09eeb4024fb67406337
poi_502094_0145,mercer_sphere,Persistent_Level:PersistentLevel.BP_WAT7_UAID_40B076DF2F795F7801_1562250602,1021TK291WEHIZ3YBBZBUTZO5,mercer_sphere,BP_WAT2_C,1221.593,1033.09,174.668,++FactoryGame+rel-main-anniversary-2026-CL-502094,2c1ba76bf6aeb7593d53fb8278c48df9a639f7002d1cc09eeb4024fb67406337
poi_502094_0146,mercer_sphere,Persistent_Level:PersistentLevel.BP_WAT2_C_UAID_04421A9713F0FD6301_1747414245,10TH6LBPL45EHGDNWV7ITGN33,mercer_sphere,BP_WAT2_C,1887.55,-1371.35,120.0,++FactoryGame+rel-main-anniversary-2026-CL-502094,2c1ba76bf6aeb7593d53fb8278c48df9a639f7002d1cc09eeb4024fb67406337
poi_502094_0147,mercer_sphere,Persistent_Level:PersistentLevel.BP_WAT2_UAID_40B076DF2F796A7301_1664532256,111AK3DFL126G8VUBWQA3FG82,mercer_sphere,BP_WAT2_C,-69.844,1304.028,210.743,++FactoryGame+rel-main-anniversary-2026-CL-502094,2c1ba76bf6aeb7593d53fb8278c48df9a639f7002d1cc09eeb4024fb67406337
poi_502094_0148,mercer_sphere,Persistent_Level:PersistentLevel.BP_WAT126,136GIYGVORSSJ0WM2FJHWMSX7,mercer_sphere,BP_WAT2_C,-1388.253,382.376,7.997,++FactoryGame+rel-main-anniversary-2026-CL-502094,2c1ba76bf6aeb7593d53fb8278c48df9a639f7002d1cc09eeb4024fb67406337
poi_502094_0149,mercer_sphere,Persistent_Level:PersistentLevel.BP_WAT122_3,16TS5SGLAB5OGQMHLQT1K027S,mercer_sphere,BP_WAT2_C,2132.0,1935.2,245.67,++FactoryGame+rel-main-anniversary-2026-CL-502094,2c1ba76bf6aeb7593d53fb8278c48df9a639f7002d1cc09eeb4024fb67406337
poi_502094_0150,mercer_sphere,Persistent_Level:PersistentLevel.BP_WAT130,17R28KVDFQ7MNZJNP8NV5JXHX,mercer_sphere,BP_WAT2_C,-1990.173,416.177,7.637,++FactoryGame+rel-main-anniversary-2026-CL-502094,2c1ba76bf6aeb7593d53fb8278c48df9a639f7002d1cc09eeb4024fb67406337
poi_502094_0151,mercer_sphere,Persistent_Level:PersistentLevel.BP_WAT2_C_5,1CWS3JV6X8NQBUYGJ9L3IUUXB,mercer_sphere,BP_WAT2_C,508.244,325.218,133.893,++FactoryGame+rel-main-anniversary-2026-CL-502094,2c1ba76bf6aeb7593d53fb8278c48df9a639f7002d1cc09eeb4024fb67406337
poi_502094_0152,mercer_sphere,Persistent_Level:PersistentLevel.BP_WAT2_C_UAID_04421A9713F0226201_2044450637,1HRAUJQC1VCL44403AS93F4FC,mercer_sphere,BP_WAT2_C,2247.84,1579.18,45.18,++FactoryGame+rel-main-anniversary-2026-CL-502094,2c1ba76bf6aeb7593d53fb8278c48df9a639f7002d1cc09eeb4024fb67406337
poi_502094_0153,mercer_sphere,Persistent_Level:PersistentLevel.BP_WAT9,1HV28XR4NNA4Z5C08E7LC6S1M,mercer_sphere,BP_WAT2_C,1820.16,-930.31,66.73,++FactoryGame+rel-main-anniversary-2026-CL-502094,2c1ba76bf6aeb7593d53fb8278c48df9a639f7002d1cc09eeb4024fb67406337
poi_502094_0154,mercer_sphere,Persistent_Level:PersistentLevel.BP_WAT44,1MZ2DS1EE8D6Z85TCCZ9X54D4,mercer_sphere,BP_WAT2_C,3180.988,2832.29,-17.567,++FactoryGame+rel-main-anniversary-2026-CL-502094,2c1ba76bf6aeb7593d53fb8278c48df9a639f7002d1cc09eeb4024fb67406337
poi_502094_0155,mercer_sphere,Persistent_Level:PersistentLevel.BP_WAT106,1P769INAVF9EGI0MSYPHJE2QT,mercer_sphere,BP_WAT2_C,1520.32,2042.17,86.86,++FactoryGame+rel-main-anniversary-2026-CL-502094,2c1ba76bf6aeb7593d53fb8278c48df9a639f7002d1cc09eeb4024fb67406337
poi_502094_0156,mercer_sphere,Persistent_Level:PersistentLevel.BP_WAT113_2,1P769INAVF9EGI0MSYPHJE2QT,mercer_sphere,BP_WAT2_C,1408.2,2064.25,26.29,++FactoryGame+rel-main-anniversary-2026-CL-502094,2c1ba76bf6aeb7593d53fb8278c48df9a639f7002d1cc09eeb4024fb67406337
poi_502094_0157,mercer_sphere,Persistent_Level:PersistentLevel.BP_WAT2_C_UAID_40B076DF2F794FA001_1689147024,1PFD6KTXEBD26ONLZBYDGBNHX,mercer_sphere,BP_WAT2_C,2894.0,1500.62,35.08,++FactoryGame+rel-main-anniversary-2026-CL-502094,2c1ba76bf6aeb7593d53fb8278c48df9a639f7002d1cc09eeb4024fb67406337
poi_502094_0158,mercer_sphere,Persistent_Level:PersistentLevel.BP_WAT2_C_UAID_04421A9713F087BE01_1872685562,1PQ7FRCVAG4RLCU9QEB4PAQNB,mercer_sphere,BP_WAT2_C,-1658.54,-1102.02,111.82,++FactoryGame+rel-main-anniversary-2026-CL-502094,2c1ba76bf6aeb7593d53fb8278c48df9a639f7002d1cc09eeb4024fb67406337
poi_502094_0159,mercer_sphere,Persistent_Level:PersistentLevel.BP_WAT105,1PZDL73SVDH2253GGOKTIEQCS,mercer_sphere,BP_WAT2_C,791.987,1595.561,159.534,++FactoryGame+rel-main-anniversary-2026-CL-502094,2c1ba76bf6aeb7593d53fb8278c48df9a639f7002d1cc09eeb4024fb67406337
poi_502094_0160,mercer_sphere,Persistent_Level:PersistentLevel.BP_WAT20,1PZDL73SVDH2253GGOKTIEQCS,mercer_sphere,BP_WAT2_C,742.73,1557.74,215.425,++FactoryGame+rel-main-anniversary-2026-CL-502094,2c1ba76bf6aeb7593d53fb8278c48df9a639f7002d1cc09eeb4024fb67406337
poi_502094_0161,mercer_sphere,Persistent_Level:PersistentLevel.BP_WAT2_C_UAID_40B076DF2F793DA801_1139638307,1RDHUYU7FUM60GUGIOLC631WZ,mercer_sphere,BP_WAT2_C,2114.2,835.64,117.61,++FactoryGame+rel-main-anniversary-2026-CL-502094,2c1ba76bf6aeb7593d53fb8278c48df9a639f7002d1cc09eeb4024fb67406337
poi_502094_0162,mercer_sphere,Persistent_Level:PersistentLevel.BP_WAT38_2,1TWA5NPCXEP5YQC9DQNVAL8KJ,mercer_sphere,BP_WAT2_C,-1270.757,1486.175,39.979,++FactoryGame+rel-main-anniversary-2026-CL-502094,2c1ba76bf6aeb7593d53fb8278c48df9a639f7002d1cc09eeb4024fb67406337
poi_502094_0163,mercer_sphere,Persistent_Level:PersistentLevel.BP_WAT13_2,1URGPYHJ7GU831YVI4Z362BO8,mercer_sphere,BP_WAT2_C,-441.73,2590.581,11.416,++FactoryGame+rel-main-anniversary-2026-CL-502094,2c1ba76bf6aeb7593d53fb8278c48df9a639f7002d1cc09eeb4024fb67406337
poi_502094_0164,mercer_sphere,Persistent_Level:PersistentLevel.BP_WAT84,1VANSH8LBB1OHIHGOFVMYOS66,mercer_sphere,BP_WAT2_C,-47.5,2018.521,-9.559,++FactoryGame+rel-main-anniversary-2026-CL-502094,2c1ba76bf6aeb7593d53fb8278c48df9a639f7002d1cc09eeb4024fb67406337
poi_502094_0165,mercer_sphere,Persistent_Level:PersistentLevel.BP_WAT2_C_UAID_04421A9713F0327C01_1340668927,1Y776OX69M13V97JAIWB3CVTT,mercer_sphere,BP_WAT2_C,1254.65,2.88,137.51,++FactoryGame+rel-main-anniversary-2026-CL-502094,2c1ba76bf6aeb7593d53fb8278c48df9a639f7002d1cc09eeb4024fb67406337
poi_502094_0166,mercer_sphere,Persistent_Level:PersistentLevel.BP_WAT2_C_UAID_04421A9713F0337C01_1632970109,1ZLOTYTKX3AI7E0G8361TIGVA,mercer_sphere,BP_WAT2_C,1879.21,201.66,110.33,++FactoryGame+rel-main-anniversary-2026-CL-502094,2c1ba76bf6aeb7593d53fb8278c48df9a639f7002d1cc09eeb4024fb67406337
poi_502094_0167,mercer_sphere,Persistent_Level:PersistentLevel.BP_WAT2_C_UAID_04421A9713F0F47A01_2000362987,24GBDKQ2TMQLMVKBHQ6WOH0NO,mercer_sphere,BP_WAT2_C,1632.26,260.23,196.27,++FactoryGame+rel-main-anniversary-2026-CL-502094,2c1ba76bf6aeb7593d53fb8278c48df9a639f7002d1cc09eeb4024fb67406337
poi_502094_0168,mercer_sphere,Persistent_Level:PersistentLevel.BP_WAT16_10,2688BJGBFVRTCIER8HTG2UA0G,mercer_sphere,BP_WAT2_C,140.636,105.849,256.444,++FactoryGame+rel-main-anniversary-2026-CL-502094,2c1ba76bf6aeb7593d53fb8278c48df9a639f7002d1cc09eeb4024fb67406337
poi_502094_0169,mercer_sphere,Persistent_Level:PersistentLevel.BP_WAT2_C_4,2688BJGBFVRTCIER8HTG2UA0G,mercer_sphere,BP_WAT2_C,112.105,241.382,134.496,++FactoryGame+rel-main-anniversary-2026-CL-502094,2c1ba76bf6aeb7593d53fb8278c48df9a639f7002d1cc09eeb4024fb67406337
poi_502094_0170,mercer_sphere,Persistent_Level:PersistentLevel.BP_WAT11_21,28GAZXU4I5C5N0BOE9S71N9IF,mercer_sphere,BP_WAT2_C,-2738.928,1499.566,-15.105,++FactoryGame+rel-main-anniversary-2026-CL-502094,2c1ba76bf6aeb7593d53fb8278c48df9a639f7002d1cc09eeb4024fb67406337
poi_502094_0171,mercer_sphere,Persistent_Level:PersistentLevel.BP_WAT124,2DKA3NYZ4OONXKZ65VC83ZY4Q,mercer_sphere,BP_WAT2_C,-2218.439,881.936,-16.016,++FactoryGame+rel-main-anniversary-2026-CL-502094,2c1ba76bf6aeb7593d53fb8278c48df9a639f7002d1cc09eeb4024fb67406337
poi_502094_0172,mercer_sphere,Persistent_Level:PersistentLevel.BP_WAT1_C_19,2H6LCF0B2X9IS2TDL2WB57AWV,mercer_sphere,BP_WAT2_C,2702.761,376.106,53.064,++FactoryGame+rel-main-anniversary-2026-CL-502094,2c1ba76bf6aeb7593d53fb8278c48df9a639f7002d1cc09eeb4024fb67406337
poi_502094_0173,mercer_sphere,Persistent_Level:PersistentLevel.BP_WAT2_C_UAID_04421A9713F0A96F01_1627684122,2HB76YYKJJ4QS20T3EC3TKJ0Z,mercer_sphere,BP_WAT2_C,-1112.64,-519.97,239.91,++FactoryGame+rel-main-anniversary-2026-CL-502094,2c1ba76bf6aeb7593d53fb8278c48df9a639f7002d1cc09eeb4024fb67406337
poi_502094_0174,mercer_sphere,Persistent_Level:PersistentLevel.BP_WAT2_C_UAID_04421A9713F0C06801_1834655836,2HPOYRSF0ZIL92RDMOHZOFDEM,mercer_sphere,BP_WAT2_C,-2715.71,-1049.7,-16.02,++FactoryGame+rel-main-anniversary-2026-CL-502094,2c1ba76bf6aeb7593d53fb8278c48df9a639f7002d1cc09eeb4024fb67406337
poi_502094_0175,mercer_sphere,Persistent_Level:PersistentLevel.BP_WAT210_42,2J6VZPR2SB0VML54SDQWB1P5P,mercer_sphere,BP_WAT2_C,-320.334,-515.916,218.659,++FactoryGame+rel-main-anniversary-2026-CL-502094,2c1ba76bf6aeb7593d53fb8278c48df9a639f7002d1cc09eeb4024fb67406337
poi_502094_0176,mercer_sphere,Persistent_Level:PersistentLevel.BP_WAT28_34,2J6VZPR2SB0VML54SDQWB1P5P,mercer_sphere,BP_WAT2_C,-413.187,-697.766,211.001,++FactoryGame+rel-main-anniversary-2026-CL-502094,2c1ba76bf6aeb7593d53fb8278c48df9a639f7002d1cc09eeb4024fb67406337
poi_502094_0177,mercer_sphere,Persistent_Level:PersistentLevel.BP_WAT86_0,2KCXRX17LKEC1Q83K6VT8JZOV,mercer_sphere,BP_WAT2_C,2033.0,2213.65,246.26,++FactoryGame+rel-main-anniversary-2026-CL-502094,2c1ba76bf6aeb7593d53fb8278c48df9a639f7002d1cc09eeb4024fb67406337
poi_502094_0178,mercer_sphere,Persistent_Level:PersistentLevel.BP_WAT109_11,2LUY6P7VRDU9JLGK9YCCZDWGT,mercer_sphere,BP_WAT2_C,2006.44,2475.27,266.23,++FactoryGame+rel-main-anniversary-2026-CL-502094,2c1ba76bf6aeb7593d53fb8278c48df9a639f7002d1cc09eeb4024fb67406337
poi_502094_0179,mercer_sphere,Persistent_Level:PersistentLevel.BP_WAT2_C_UAID_04421A9713F01D6201_1939266754,2LUY6P7VRDU9JLGK9YCCZDWGT,mercer_sphere,BP_WAT2_C,2136.35,2395.05,128.31,++FactoryGame+rel-main-anniversary-2026-CL-502094,2c1ba76bf6aeb7593d53fb8278c48df9a639f7002d1cc09eeb4024fb67406337
poi_502094_0180,mercer_sphere,Persistent_Level:PersistentLevel.BP_WAT2_C_26,2OHPJP4RR3XUWTOVFSAL7QR8F,mercer_sphere,BP_WAT2_C,2636.504,-125.714,16.942,++FactoryGame+rel-main-anniversary-2026-CL-502094,2c1ba76bf6aeb7593d53fb8278c48df9a639f7002d1cc09eeb4024fb67406337
poi_502094_0181,mercer_sphere,Persistent_Level:PersistentLevel.BP_WAT96_3047,2OYRFTMP06S5SN0T3MR4EQ8ZW,mercer_sphere,BP_WAT2_C,358.868,-2395.117,-50.54,++FactoryGame+rel-main-anniversary-2026-CL-502094,2c1ba76bf6aeb7593d53fb8278c48df9a639f7002d1cc09eeb4024fb67406337
poi_502094_0182,mercer_sphere,Persistent_Level:PersistentLevel.BP_WAT28,2RDF5N5FEH88BUVPW7REIVTYI,mercer_sphere,BP_WAT2_C,-336.27,-1987.501,12.781,++FactoryGame+rel-main-anniversary-2026-CL-502094,2c1ba76bf6aeb7593d53fb8278c48df9a639f7002d1cc09eeb4024fb67406337
poi_502094_0183,mercer_sphere,Persistent_Level:PersistentLevel.BP_WAT54,2SHK4ENIN6BWDXHO0MAYNGRX6,mercer_sphere,BP_WAT2_C,3623.048,952.864,87.695,++FactoryGame+rel-main-anniversary-2026-CL-502094,2c1ba76bf6aeb7593d53fb8278c48df9a639f7002d1cc09eeb4024fb67406337
poi_502094_0184,mercer_sphere,Persistent_Level:PersistentLevel.BP_WAT32_20,2SZAZRPSH5MODBVZ67LMLEACX,mercer_sphere,BP_WAT2_C,1626.923,734.581,-0.228,++FactoryGame+rel-main-anniversary-2026-CL-502094,2c1ba76bf6aeb7593d53fb8278c48df9a639f7002d1cc09eeb4024fb67406337
poi_502094_0185,mercer_sphere,Persistent_Level:PersistentLevel.BP_WAT73_2,2T9OGPEYD5G0FJFNJD3AB74IS,mercer_sphere,BP_WAT2_C,1643.3,2227.45,89.07,++FactoryGame+rel-main-anniversary-2026-CL-502094,2c1ba76bf6aeb7593d53fb8278c48df9a639f7002d1cc09eeb4024fb67406337
poi_502094_0186,mercer_sphere,Persistent_Level:PersistentLevel.BP_WAT26_3,2U697QH7XF9W42SPFV8AOZJL8,mercer_sphere,BP_WAT2_C,-2119.021,1302.831,66.327,++FactoryGame+rel-main-anniversary-2026-CL-502094,2c1ba76bf6aeb7593d53fb8278c48df9a639f7002d1cc09eeb4024fb67406337
poi_502094_0187,mercer_sphere,Persistent_Level:PersistentLevel.BP_WAT95_2253,2UE2D90SCKJ26UGIA11CODO7X,mercer_sphere,BP_WAT2_C,482.687,-2166.306,-60.167,++FactoryGame+rel-main-anniversary-2026-CL-502094,2c1ba76bf6aeb7593d53fb8278c48df9a639f7002d1cc09eeb4024fb67406337
poi_502094_0188,mercer_sphere,Persistent_Level:PersistentLevel.BP_WAT85,2UGHAGZ61S0WA5I295WLMF529,mercer_sphere,BP_WAT2_C,-89.91,2463.901,-7.369,++FactoryGame+rel-main-anniversary-2026-CL-502094,2c1ba76bf6aeb7593d53fb8278c48df9a639f7002d1cc09eeb4024fb67406337
poi_502094_0189,mercer_sphere,Persistent_Level:PersistentLevel.BP_WAT22_277,2X5F7NUO7P3JNEMUEB7QTVJXL,mercer_sphere,BP_WAT2_C,-1592.884,-1327.46,38.327,++FactoryGame+rel-main-anniversary-2026-CL-502094,2c1ba76bf6aeb7593d53fb8278c48df9a639f7002d1cc09eeb4024fb67406337
poi_502094_0190,mercer_sphere,Persistent_Level:PersistentLevel.BP_WAT27_716,2X5F7NUO7P3JNEMUEB7QTVJXL,mercer_sphere,BP_WAT2_C,-1700.691,-1317.147,93.63,++FactoryGame+rel-main-anniversary-2026-CL-502094,2c1ba76bf6aeb7593d53fb8278c48df9a639f7002d1cc09eeb4024fb67406337
poi_502094_0191,mercer_sphere,Persistent_Level:PersistentLevel.BP_WAT2_C_UAID_04421A9713F02AA401_1741245750,2X5F7NUO7P3JNEMUEB7QTVJXL,mercer_sphere,BP_WAT2_C,-1735.54,-1136.86,195.67,++FactoryGame+rel-main-anniversary-2026-CL-502094,2c1ba76bf6aeb7593d53fb8278c48df9a639f7002d1cc09eeb4024fb67406337
poi_502094_0192,mercer_sphere,Persistent_Level:PersistentLevel.BP_WAT14_3,30U313RBXQ89JD12NUHDSVGLJ,mercer_sphere,BP_WAT2_C,2397.405,-402.684,-16.824,++FactoryGame+rel-main-anniversary-2026-CL-502094,2c1ba76bf6aeb7593d53fb8278c48df9a639f7002d1cc09eeb4024fb67406337
poi_502094_0193,mercer_sphere,Persistent_Level:PersistentLevel.BP_WAT31_UAID_40B076DF2F7932A801_1176269369,36HBHD55OBP62ZP7N5BJBWN8U,mercer_sphere,BP_WAT2_C,1937.78,1004.538,24.17,++FactoryGame+rel-main-anniversary-2026-CL-502094,2c1ba76bf6aeb7593d53fb8278c48df9a639f7002d1cc09eeb4024fb67406337
poi_502094_0194,mercer_sphere,Persistent_Level:PersistentLevel.BP_WAT2_C_UAID_04421A9713F0367C01_1997582645,3AIP3ZQWAIB10GWEBRSJ0BIH3,mercer_sphere,BP_WAT2_C,1487.21,-244.96,115.66,++FactoryGame+rel-main-anniversary-2026-CL-502094,2c1ba76bf6aeb7593d53fb8278c48df9a639f7002d1cc09eeb4024fb67406337
poi_502094_0195,mercer_sphere,Persistent_Level:PersistentLevel.BP_WAT2_C_UAID_04421A9713F0F17A01_1899547441,3AIP3ZQWAIB10GWEBRSJ0BIH3,mercer_sphere,BP_WAT2_C,1410.0,-185.83,109.29,++FactoryGame+rel-main-anniversary-2026-CL-502094,2c1ba76bf6aeb7593d53fb8278c48df9a639f7002d1cc09eeb4024fb67406337
poi_502094_0196,mercer_sphere,Persistent_Level:PersistentLevel.BP_WAT2_C_UAID_04421A9713F01E6201_1415384932,3B11I6EN5TWPRT9TGF7B5HI4T,mercer_sphere,BP_WAT2_C,2635.85,2327.61,11.02,++FactoryGame+rel-main-anniversary-2026-CL-502094,2c1ba76bf6aeb7593d53fb8278c48df9a639f7002d1cc09eeb4024fb67406337
poi_502094_0197,mercer_sphere,Persistent_Level:PersistentLevel.BP_WAT25_4,3BB631B9915ZH3AOQ4IJDGZ61,mercer_sphere,BP_WAT2_C,-405.932,596.414,144.723,++FactoryGame+rel-main-anniversary-2026-CL-502094,2c1ba76bf6aeb7593d53fb8278c48df9a639f7002d1cc09eeb4024fb67406337
poi_502094_0198,mercer_sphere,Persistent_Level:PersistentLevel.BP_WAT23_1410,3G8XGCQNXON2KL95S12Z63MYQ,mercer_sphere,BP_WAT2_C,-1542.305,-1910.863,16.195,++FactoryGame+rel-main-anniversary-2026-CL-502094,2c1ba76bf6aeb7593d53fb8278c48df9a639f7002d1cc09eeb4024fb67406337
poi_502094_0199,mercer_sphere,Persistent_Level:PersistentLevel.BP_WAT119,3YD2PNWN9OR7FWGQAMKI7ZFLV,mercer_sphere,BP_WAT2_C,1617.25,1704.75,172.02,++FactoryGame+rel-main-anniversary-2026-CL-502094,2c1ba76bf6aeb7593d53fb8278c48df9a639f7002d1cc09eeb4024fb67406337
poi_502094_0200,mercer_sphere,Persistent_Level:PersistentLevel.BP_WAT2_C_15,3YPSNWXKC7X17B3N9TD0DFGLJ,mercer_sphere,BP_WAT2_C,1094.041,366.37,88.602,++FactoryGame+rel-main-anniversary-2026-CL-502094,2c1ba76bf6aeb7593d53fb8278c48df9a639f7002d1cc09eeb4024fb67406337
poi_502094_0201,mercer_sphere,Persistent_Level:PersistentLevel.BP_WAT2_C_2,40YGIB7R85BEX98EDSWBCAB7P,mercer_sphere,BP_WAT2_C,771.355,46.47,134.801,++FactoryGame+rel-main-anniversary-2026-CL-502094,2c1ba76bf6aeb7593d53fb8278c48df9a639f7002d1cc09eeb4024fb67406337
poi_502094_0202,mercer_sphere,Persistent_Level:PersistentLevel.BP_WAT2_C_29,41NAZ2752JTFZGRHEIT1NUKML,mercer_sphere,BP_WAT2_C,2952.792,2936.957,67.215,++FactoryGame+rel-main-anniversary-2026-CL-502094,2c1ba76bf6aeb7593d53fb8278c48df9a639f7002d1cc09eeb4024fb67406337
poi_502094_0203,mercer_sphere,Persistent_Level:PersistentLevel.BP_WAT149,41NCJK1FYJDLMI6DGTW2TCM19,mercer_sphere,BP_WAT2_C,-2780.413,898.029,-8.63,++FactoryGame+rel-main-anniversary-2026-CL-502094,2c1ba76bf6aeb7593d53fb8278c48df9a639f7002d1cc09eeb4024fb67406337
poi_502094_0204,mercer_sphere,Persistent_Level:PersistentLevel.BP_WAT2_C_14,42I0D0IFNJKCZ8W35VPV4I41N,mercer_sphere,BP_WAT2_C,1122.166,734.759,126.623,++FactoryGame+rel-main-anniversary-2026-CL-502094,2c1ba76bf6aeb7593d53fb8278c48df9a639f7002d1cc09eeb4024fb67406337
poi_502094_0205,mercer_sphere,Persistent_Level:PersistentLevel.BP_WAT18_12,45UWPTO34PXL4KQTGRUE81XMI,mercer_sphere,BP_WAT2_C,462.446,-141.491,239.951,++FactoryGame+rel-main-anniversary-2026-CL-502094,2c1ba76bf6aeb7593d53fb8278c48df9a639f7002d1cc09eeb4024fb67406337
poi_502094_0206,mercer_sphere,Persistent_Level:PersistentLevel.BP_WAT2_C_UAID_04421A9713F0B36201_2026104153,45Z0CQJ0KIOFC9PMR3QXLM2ZA,mercer_sphere,BP_WAT2_C,3349.31,683.08,61.18,++FactoryGame+rel-main-anniversary-2026-CL-502094,2c1ba76bf6aeb7593d53fb8278c48df9a639f7002d1cc09eeb4024fb67406337
poi_502094_0207,mercer_sphere,Persistent_Level:PersistentLevel.BP_WAT16_2,46B9GAZHXZGF8DE5L562IFXO2,mercer_sphere,BP_WAT2_C,-581.6,1976.11,131.124,++FactoryGame+rel-main-anniversary-2026-CL-502094,2c1ba76bf6aeb7593d53fb8278c48df9a639f7002d1cc09eeb4024fb67406337
poi_502094_0208,mercer_sphere,Persistent_Level:PersistentLevel.BP_WAT140,48BTHXI65TZWN96E0U80XP13D,mercer_sphere,BP_WAT2_C,-1068.453,-1249.719,62.942,++FactoryGame+rel-main-anniversary-2026-CL-502094,2c1ba76bf6aeb7593d53fb8278c48df9a639f7002d1cc09eeb4024fb67406337
poi_502094_0209,mercer_sphere,Persistent_Level:PersistentLevel.BP_WAT78,4GEJG6PUKN0Q6HILMRAP8B17G,mercer_sphere,BP_WAT2_C,3724.168,1860.634,39.466,++FactoryGame+rel-main-anniversary-2026-CL-502094,2c1ba76bf6aeb7593d53fb8278c48df9a639f7002d1cc09eeb4024fb67406337
poi_502094_0210,mercer_sphere,Persistent_Level:PersistentLevel.BP_WAT125,4HNBHMMMO2D9RCCIGZH99P8LD,mercer_sphere,BP_WAT2_C,-2600.137,47.176,-1.266,++FactoryGame+rel-main-anniversary-2026-CL-502094,2c1ba76bf6aeb7593d53fb8278c48df9a639f7002d1cc09eeb4024fb67406337
poi_502094_0211,mercer_sphere,Persistent_Level:PersistentLevel.BP_WAT3_UAID_40B076DF2F795E7801_1675473424,4HNX7GQP4AU1BEHYTSNAWG8W6,mercer_sphere,BP_WAT2_C,670.569,776.3,79.988,++FactoryGame+rel-main-anniversary-2026-CL-502094,2c1ba76bf6aeb7593d53fb8278c48df9a639f7002d1cc09eeb4024fb67406337
poi_502094_0212,mercer_sphere,Persistent_Level:PersistentLevel.BP_WAT80,4NZU8W6GOXZABI9LN6HFVWQAY,mercer_sphere,BP_WAT2_C,-612.93,1801.471,-1.599,++FactoryGame+rel-main-anniversary-2026-CL-502094,2c1ba76bf6aeb7593d53fb8278c48df9a639f7002d1cc09eeb4024fb67406337
poi_502094_0213,mercer_sphere,Persistent_Level:PersistentLevel.BP_WAT2_C_10,4U16D7OBRSOBFAAQN6OSY6RU7,mercer_sphere,BP_WAT2_C,1769.79,-1159.77,170.57,++FactoryGame+rel-main-anniversary-2026-CL-502094,2c1ba76bf6aeb7593d53fb8278c48df9a639f7002d1cc09eeb4024fb67406337
poi_502094_0214,mercer_sphere,Persistent_Level:PersistentLevel.BP_WAT2_C_23,4U9TA1DBVMVT2L2U8CTNXDC05,mercer_sphere,BP_WAT2_C,2158.3,-1390.4,-30.35,++FactoryGame+rel-main-anniversary-2026-CL-502094,2c1ba76bf6aeb7593d53fb8278c48df9a639f7002d1cc09eeb4024fb67406337
poi_502094_0215,mercer_sphere,Persistent_Level:PersistentLevel.BP_WAT60,4V79DP52BUGL66ACSL6H1Y0QJ,mercer_sphere,BP_WAT2_C,2915.177,461.679,68.496,++FactoryGame+rel-main-anniversary-2026-CL-502094,2c1ba76bf6aeb7593d53fb8278c48df9a639f7002d1cc09eeb4024fb67406337
poi_502094_0216,mercer_sphere,Persistent_Level:PersistentLevel.BP_WAT2_C_12,4Z8QJ6AM5XIRUOKNWSRWWPEKG,mercer_sphere,BP_WAT2_C,1925.7,-861.449,11.218,++FactoryGame+rel-main-anniversary-2026-CL-502094,2c1ba76bf6aeb7593d53fb8278c48df9a639f7002d1cc09eeb4024fb67406337
poi_502094_0217,mercer_sphere,Persistent_Level:PersistentLevel.BP_WAT2_C_UAID_04421A9713F0FD6301_1551743241,4Z8QJ6AM5XIRUOKNWSRWWPEKG,mercer_sphere,BP_WAT2_C,1761.4,-835.5,151.18,++FactoryGame+rel-main-anniversary-2026-CL-502094,2c1ba76bf6aeb7593d53fb8278c48df9a639f7002d1cc09eeb4024fb67406337
poi_502094_0218,mercer_sphere,Persistent_Level:PersistentLevel.BP_WAT2_C_UAID_04421A9713F0EE7A01_1386093905,51RJJ5B514PFPFP2MP7CJ7WY9,mercer_sphere,BP_WAT2_C,1006.96,-175.46,190.38,++FactoryGame+rel-main-anniversary-2026-CL-502094,2c1ba76bf6aeb7593d53fb8278c48df9a639f7002d1cc09eeb4024fb67406337
poi_502094_0219,mercer_sphere,Persistent_Level:PersistentLevel.BP_WAT22_26,52BDTAJZXRB2852CF81IC78YS,mercer_sphere,BP_WAT2_C,2830.179,-529.467,-8.984,++FactoryGame+rel-main-anniversary-2026-CL-502094,2c1ba76bf6aeb7593d53fb8278c48df9a639f7002d1cc09eeb4024fb67406337
poi_502094_0220,mercer_sphere,Persistent_Level:PersistentLevel.BP_WAT91_340,52IUPTFUMF1G8JSXQR56A27YB,mercer_sphere,BP_WAT2_C,33.454,-2207.437,-19.982,++FactoryGame+rel-main-anniversary-2026-CL-502094,2c1ba76bf6aeb7593d53fb8278c48df9a639f7002d1cc09eeb4024fb67406337
poi_502094_0221,mercer_sphere,Persistent_Level:PersistentLevel.BP_WAT14,55Q36NH3ABGLRZAYIL5YECQVM,mercer_sphere,BP_WAT2_C,-1180.804,1860.902,141.887,++FactoryGame+rel-main-anniversary-2026-CL-502094,2c1ba76bf6aeb7593d53fb8278c48df9a639f7002d1cc09eeb4024fb67406337
poi_502094_0222,mercer_sphere,Persistent_Level:PersistentLevel.BP_WAT23_15,57DZUJI0BTI1QVIDG9YS5HGLI,mercer_sphere,BP_WAT2_C,242.4,-881.668,354.206,++FactoryGame+rel-main-anniversary-2026-CL-502094,2c1ba76bf6aeb7593d53fb8278c48df9a639f7002d1cc09eeb4024fb67406337
poi_502094_0223,mercer_sphere,Persistent_Level:PersistentLevel.BP_WAT25,57GZCK8PZ3E3ZM3A6B7XPSZKC,mercer_sphere,BP_WAT2_C,-2533.7,1520.411,152.31,++FactoryGame+rel-main-anniversary-2026-CL-502094,2c1ba76bf6aeb7593d53fb8278c48df9a639f7002d1cc09eeb4024fb67406337
poi_502094_0224,mercer_sphere,Persistent_Level:PersistentLevel.BP_WAT211_UAID_40B076DF2F79007A01_1988795993,59W8VJTG326D3A52UH38MON2U,mercer_sphere,BP_WAT2_C,235.335,-1575.142,-165.573,++FactoryGame+rel-main-anniversary-2026-CL-502094,2c1ba76bf6aeb7593d53fb8278c48df9a639f7002d1cc09eeb4024fb67406337
poi_502094_0225,mercer_sphere,Persistent_Level:PersistentLevel.BP_WAT2_C_32,5BNGT9DFF02Q8PCF6ZBKP658S,mercer_sphere,BP_WAT2_C,3239.698,204.084,-14.474,++FactoryGame+rel-main-anniversary-2026-CL-502094,2c1ba76bf6aeb7593d53fb8278c48df9a639f7002d1cc09eeb4024fb67406337
poi_502094_0226,mercer_sphere,Persistent_Level:PersistentLevel.BP_WAT2_C_3,5CPLFSL53T8CJJYI8JOBJREDF,mercer_sphere,BP_WAT2_C,639.924,49.388,193.521,++FactoryGame+rel-main-anniversary-2026-CL-502094,2c1ba76bf6aeb7593d53fb8278c48df9a639f7002d1cc09eeb4024fb67406337
poi_502094_0227,mercer_sphere,Persistent_Level:PersistentLevel.BP_WAT142,5DTDVMJE226X4RC4RXBQL4DZ1,mercer_sphere,BP_WAT2_C,-1245.352,-1543.373,6.227,++FactoryGame+rel-main-anniversary-2026-CL-502094,2c1ba76bf6aeb7593d53fb8278c48df9a639f7002d1cc09eeb4024fb67406337
poi_502094_0228,mercer_sphere,Persistent_Level:PersistentLevel.BP_WAT41,5G5J4RLPVMXS3IKGMIW57032C,mercer_sphere,BP_WAT2_C,3223.068,1079.344,127.326,++FactoryGame+rel-main-anniversary-2026-CL-502094,2c1ba76bf6aeb7593d53fb8278c48df9a639f7002d1cc09eeb4024fb67406337
poi_502094_0229,mercer_sphere,Persistent_Level:PersistentLevel.BP_WAT23_26,5M0409D7G44D847WK8Q86OMQI,mercer_sphere,BP_WAT2_C,-664.536,-601.503,223.815,++FactoryGame+rel-main-anniversary-2026-CL-502094,2c1ba76bf6aeb7593d53fb8278c48df9a639f7002d1cc09eeb4024fb67406337
poi_502094_0230,mercer_sphere,Persistent_Level:PersistentLevel.BP_WAT1_C_17,5O4Q8KPQYINS8P95X6C8VD8L8,mercer_sphere,BP_WAT2_C,2231.73,-901.543,13.378,++FactoryGame+rel-main-anniversary-2026-CL-502094,2c1ba76bf6aeb7593d53fb8278c48df9a639f7002d1cc09eeb4024fb67406337
poi_502094_0231,mercer_sphere,Persistent_Level:PersistentLevel.BP_WAT2_C_UAID_04421A9713F02AA401_1814961751,5RGKW57ADK7HGQS195VEIC9LQ,mercer_sphere,BP_WAT2_C,-1376.27,-1160.54,151.74,++FactoryGame+rel-main-anniversary-2026-CL-502094,2c1ba76bf6aeb7593d53fb8278c48df9a639f7002d1cc09eeb4024fb67406337
poi_502094_0232,mercer_sphere,Persistent_Level:PersistentLevel.BP_WAT111,5UAWB7QBPXMB9LX8AXJHVYASF,mercer_sphere,BP_WAT2_C,1399.15,1578.991,5.59,++FactoryGame+rel-main-anniversary-2026-CL-502094,2c1ba76bf6aeb7593d53fb8278c48df9a639f7002d1cc09eeb4024fb67406337
poi_502094_0233,mercer_sphere,Persistent_Level:PersistentLevel.BP_WAT2_C_UAID_04421A9713F0006401_1631706786,5UF96OL8F0YYFCNY82DC5HAOE,mercer_sphere,BP_WAT2_C,1535.15,-1069.0,141.53,++FactoryGame+rel-main-anniversary-2026-CL-502094,2c1ba76bf6aeb7593d53fb8278c48df9a639f7002d1cc09eeb4024fb67406337
poi_502094_0234,mercer_sphere,Persistent_Level:PersistentLevel.BP_WAT2_C_UAID_04421A9713F0FA6801_1163136984,5WVJ2FAC5LSIHU2CNRQJ9MWB2,mercer_sphere,BP_WAT2_C,-1711.65,-1596.17,2.47,++FactoryGame+rel-main-anniversary-2026-CL-502094,2c1ba76bf6aeb7593d53fb8278c48df9a639f7002d1cc09eeb4024fb67406337
poi_502094_0235,mercer_sphere,Persistent_Level:PersistentLevel.BP_WAT2_C_31,5XEHJ9D4NSXG10GSCFKJI7PFZ,mercer_sphere,BP_WAT2_C,2189.15,2477.05,82.73,++FactoryGame+rel-main-anniversary-2026-CL-502094,2c1ba76bf6aeb7593d53fb8278c48df9a639f7002d1cc09eeb4024fb67406337
poi_502094_0236,mercer_sphere,Persistent_Level:PersistentLevel.BP_WAT71,5XEHJ9D4NSXG10GSCFKJI7PFZ,mercer_sphere,BP_WAT2_C,2317.847,2456.381,12.618,++FactoryGame+rel-main-anniversary-2026-CL-502094,2c1ba76bf6aeb7593d53fb8278c48df9a639f7002d1cc09eeb4024fb67406337
poi_502094_0237,mercer_sphere,Persistent_Level:PersistentLevel.BP_WAT48,5YR7ABN2HQFIKG8GUTQNL0OF8,mercer_sphere,BP_WAT2_C,3876.138,1171.224,85.615,++FactoryGame+rel-main-anniversary-2026-CL-502094,2c1ba76bf6aeb7593d53fb8278c48df9a639f7002d1cc09eeb4024fb67406337
poi_502094_0238,mercer_sphere,Persistent_Level:PersistentLevel.BP_WAT211_UAID_40B076DF2F79007A01_1867371992,5YRNRCOMWW8GWTAWGM92RFCXZ,mercer_sphere,BP_WAT2_C,628.777,-1356.128,-83.577,++FactoryGame+rel-main-anniversary-2026-CL-502094,2c1ba76bf6aeb7593d53fb8278c48df9a639f7002d1cc09eeb4024fb67406337
poi_502094_0239,mercer_sphere,Persistent_Level:PersistentLevel.BP_WAT17_11,5YT9ST5EI7QM8DFZAXY77WCYX,mercer_sphere,BP_WAT2_C,207.865,-239.442,238.612,++FactoryGame+rel-main-anniversary-2026-CL-502094,2c1ba76bf6aeb7593d53fb8278c48df9a639f7002d1cc09eeb4024fb67406337
poi_502094_0240,mercer_sphere,Persistent_Level:PersistentLevel.BP_WAT81,5Z64JS49XQPE1DTEHVUQ0ATP5,mercer_sphere,BP_WAT2_C,2336.287,2996.931,13.138,++FactoryGame+rel-main-anniversary-2026-CL-502094,2c1ba76bf6aeb7593d53fb8278c48df9a639f7002d1cc09eeb4024fb67406337
poi_502094_0241,mercer_sphere,Persistent_Level:PersistentLevel.BP_WAT24_5,64T0U86SR48FB2NMSXXJ0Z63G,mercer_sphere,BP_WAT2_C,1390.378,-2167.79,-88.922,++FactoryGame+rel-main-anniversary-2026-CL-502094,2c1ba76bf6aeb7593d53fb8278c48df9a639f7002d1cc09eeb4024fb67406337
poi_502094_0242,mercer_sphere,Persistent_Level:PersistentLevel.BP_WAT12,655A7IUW5FHON6N4WEQIT2BPM,mercer_sphere,BP_WAT2_C,-2189.918,1175.434,110.518,++FactoryGame+rel-main-anniversary-2026-CL-502094,2c1ba76bf6aeb7593d53fb8278c48df9a639f7002d1cc09eeb4024fb67406337
poi_502094_0243,mercer_sphere,Persistent_Level:PersistentLevel.BP_WAT87_1,65TWDXCAJQT8ULQ0K3W90PF5K,mercer_sphere,BP_WAT2_C,2144.8,2781.85,205.71,++FactoryGame+rel-main-anniversary-2026-CL-502094,2c1ba76bf6aeb7593d53fb8278c48df9a639f7002d1cc09eeb4024fb67406337
poi_502094_0244,mercer_sphere,Persistent_Level:PersistentLevel.BP_WAT89,681112WPDUSKOWHZ4AXYO8ORY,mercer_sphere,BP_WAT2_C,577.96,2509.971,15.7,++FactoryGame+rel-main-anniversary-2026-CL-502094,2c1ba76bf6aeb7593d53fb8278c48df9a639f7002d1cc09eeb4024fb67406337
poi_502094_0245,mercer_sphere,Persistent_Level:PersistentLevel.BP_WAT2_C_UAID_04421A9713F0426401_1291680381,6CWB96QBCFR7EBIDKUVPGWJDY,mercer_sphere,BP_WAT2_C,2195.41,-1242.66,124.83,++FactoryGame+rel-main-anniversary-2026-CL-502094,2c1ba76bf6aeb7593d53fb8278c48df9a639f7002d1cc09eeb4024fb67406337
poi_502094_0246,mercer_sphere,Persistent_Level:PersistentLevel.BP_WAT139,6ES6VR80IU4BHJEYSGO6HMEN0,mercer_sphere,BP_WAT2_C,-335.65,-1217.143,30.273,++FactoryGame+rel-main-anniversary-2026-CL-502094,2c1ba76bf6aeb7593d53fb8278c48df9a639f7002d1cc09eeb4024fb67406337
poi_502094_0247,mercer_sphere,Persistent_Level:PersistentLevel.BP_WAT19_10,6H66RI7OBR6IWMW9YZ96MANGZ,mercer_sphere,BP_WAT2_C,1694.802,-1734.133,-52.338,++FactoryGame+rel-main-anniversary-2026-CL-502094,2c1ba76bf6aeb7593d53fb8278c48df9a639f7002d1cc09eeb4024fb67406337
poi_502094_0248,mercer_sphere,Persistent_Level:PersistentLevel.BP_WAT10_5,6JPHPQ77DT3KZS61I6UEKEOQM,mercer_sphere,BP_WAT2_C,1692.258,322.856,114.072,++FactoryGame+rel-main-anniversary-2026-CL-502094,2c1ba76bf6aeb7593d53fb8278c48df9a639f7002d1cc09eeb4024fb67406337
poi_502094_0249,mercer_sphere,Persistent_Level:PersistentLevel.BP_WAT135,6KP0OMP4ZCBMPKMTSR37JR6OG,mercer_sphere,BP_WAT2_C,-2555.878,614.601,1.801,++FactoryGame+rel-main-anniversary-2026-CL-502094,2c1ba76bf6aeb7593d53fb8278c48df9a639f7002d1cc09eeb4024fb67406337
poi_502094_0250,mercer_sphere,Persistent_Level:PersistentLevel.BP_WAT91_0,6KX3W8KN4777PL5AIQYN62PXP,mercer_sphere,BP_WAT2_C,1467.8,1369.0,163.36,++FactoryGame+rel-main-anniversary-2026-CL-502094,2c1ba76bf6aeb7593d53fb8278c48df9a639f7002d1cc09eeb4024fb67406337
poi_502094_0251,mercer_sphere,Persistent_Level:PersistentLevel.BP_WAT2_C_UAID_04421A9713F0397C01_1667868175,6OH3OUDS6PFXXMI3RUKALLYJN,mercer_sphere,BP_WAT2_C,2142.86,106.41,75.99,++FactoryGame+rel-main-anniversary-2026-CL-502094,2c1ba76bf6aeb7593d53fb8278c48df9a639f7002d1cc09eeb4024fb67406337
poi_502094_0252,mercer_sphere,Persistent_Level:PersistentLevel.BP_WAT2_C_UAID_04421A9713F0317C01_2116555749,6PQ7314XUVCWR8O04N45EBK4X,mercer_sphere,BP_WAT2_C,849.89,-342.69,117.23,++FactoryGame+rel-main-anniversary-2026-CL-502094,2c1ba76bf6aeb7593d53fb8278c48df9a639f7002d1cc09eeb4024fb67406337
poi_502094_0253,mercer_sphere,Persistent_Level:PersistentLevel.BP_WAT2_C_UAID_04421A9713F0447B01_1978893022,6PQ7314XUVCWR8O04N45EBK4X,mercer_sphere,BP_WAT2_C,837.39,-378.11,98.68,++FactoryGame+rel-main-anniversary-2026-CL-502094,2c1ba76bf6aeb7593d53fb8278c48df9a639f7002d1cc09eeb4024fb67406337
poi_502094_0254,mercer_sphere,Persistent_Level:PersistentLevel.BP_WAT21_UAID_40B076DF2F79CA7C01_1851394664,6R7NFOA2U0H2ZVCUE51IRA47Q,mercer_sphere,BP_WAT2_C,-981.702,-2316.107,-6.632,++FactoryGame+rel-main-anniversary-2026-CL-502094,2c1ba76bf6aeb7593d53fb8278c48df9a639f7002d1cc09eeb4024fb67406337
poi_502094_0255,mercer_sphere,Persistent_Level:PersistentLevel.BP_WAT2_C_7,6T50M87WGH05FVSSOYHHCI2WT,mercer_sphere,BP_WAT2_C,138.25,1669.2,122.298,++FactoryGame+rel-main-anniversary-2026-CL-502094,2c1ba76bf6aeb7593d53fb8278c48df9a639f7002d1cc09eeb4024fb67406337
poi_502094_0256,mercer_sphere,Persistent_Level:PersistentLevel.BP_WAT27_31,6VG06HS27LTCQ0FW1E59SFPG8,mercer_sphere,BP_WAT2_C,-92.844,147.289,328.385,++FactoryGame+rel-main-anniversary-2026-CL-502094,2c1ba76bf6aeb7593d53fb8278c48df9a639f7002d1cc09eeb4024fb67406337
poi_502094_0257,mercer_sphere,Persistent_Level:PersistentLevel.BP_WAT2,6VPS1394N4OBPTWLU7LTJSPQ2,mercer_sphere,BP_WAT2_C,-133.294,1304.328,93.233,++FactoryGame+rel-main-anniversary-2026-CL-502094,2c1ba76bf6aeb7593d53fb8278c48df9a639f7002d1cc09eeb4024fb67406337
poi_502094_0258,mercer_sphere,Persistent_Level:PersistentLevel.BP_WAT2_C_UAID_04421A9713F0C46101_1131406096,6VU7X1NWQ1O0AAPBMOBAJ243X,mercer_sphere,BP_WAT2_C,-1188.84,258.04,108.32,++FactoryGame+rel-main-anniversary-2026-CL-502094,2c1ba76bf6aeb7593d53fb8278c48df9a639f7002d1cc09eeb4024fb67406337
poi_502094_0259,mercer_sphere,Persistent_Level:PersistentLevel.BP_WAT119_8,7350GF2H0RJTV1JNVAOSS3704,mercer_sphere,BP_WAT2_C,1805.77,2424.88,153.23,++FactoryGame+rel-main-anniversary-2026-CL-502094,2c1ba76bf6aeb7593d53fb8278c48df9a639f7002d1cc09eeb4024fb67406337
poi_502094_0260,mercer_sphere,Persistent_Level:PersistentLevel.BP_WAT22_25,78LIX115PUIWUPGZJX0KA4SBG,mercer_sphere,BP_WAT2_C,-673.618,-298.236,196.433,++FactoryGame+rel-main-anniversary-2026-CL-502094,2c1ba76bf6aeb7593d53fb8278c48df9a639f7002d1cc09eeb4024fb67406337
poi_502094_0261,mercer_sphere,Persistent_Level:PersistentLevel.BP_WAT25_23,790JZABNACZTTLKL0SSQG3VG0,mercer_sphere,BP_WAT2_C,-425.922,-124.419,239.995,++FactoryGame+rel-main-anniversary-2026-CL-502094,2c1ba76bf6aeb7593d53fb8278c48df9a639f7002d1cc09eeb4024fb67406337
poi_502094_0262,mercer_sphere,Persistent_Level:PersistentLevel.BP_WAT18_9,7BOBYXNJXVHSNAWS15JY4RZZU,mercer_sphere,BP_WAT2_C,1421.94,-2412.831,-27.727,++FactoryGame+rel-main-anniversary-2026-CL-502094,2c1ba76bf6aeb7593d53fb8278c48df9a639f7002d1cc09eeb4024fb67406337
poi_502094_0263,mercer_sphere,Persistent_Level:PersistentLevel.BP_WAT120,7D7OQT7C59XPI9USE4REHDKWD,mercer_sphere,BP_WAT2_C,1187.15,1504.7,50.3,++FactoryGame+rel-main-anniversary-2026-CL-502094,2c1ba76bf6aeb7593d53fb8278c48df9a639f7002d1cc09eeb4024fb67406337
poi_502094_0264,mercer_sphere,Persistent_Level:PersistentLevel.BP_WAT94_1,7D7OQT7C59XPI9USE4REHDKWD,mercer_sphere,BP_WAT2_C,1233.2,1523.85,197.42,++FactoryGame+rel-main-anniversary-2026-CL-502094,2c1ba76bf6aeb7593d53fb8278c48df9a639f7002d1cc09eeb4024fb67406337
poi_502094_0265,mercer_sphere,Persistent_Level:PersistentLevel.BP_WAT40,7ECHWL6WKQE8EBWVDWYDXWMSP,mercer_sphere,BP_WAT2_C,3601.818,2400.324,30.966,++FactoryGame+rel-main-anniversary-2026-CL-502094,2c1ba76bf6aeb7593d53fb8278c48df9a639f7002d1cc09eeb4024fb67406337
poi_502094_0266,mercer_sphere,Persistent_Level:PersistentLevel.BP_WAT40_UAID_04421A9713F0D2E401_2079149903,7ECHWL6WKQE8EBWVDWYDXWMSP,mercer_sphere,BP_WAT2_C,3736.888,2509.244,-10.044,++FactoryGame+rel-main-anniversary-2026-CL-502094,2c1ba76bf6aeb7593d53fb8278c48df9a639f7002d1cc09eeb4024fb67406337
poi_502094_0267,mercer_sphere,Persistent_Level:PersistentLevel.BP_WAT2_C_UAID_40B076DF2F79D68D01_1178565720,7HQ6ZKDEPDYF6WCFQ02KKTF9U,mercer_sphere,BP_WAT2_C,1064.041,76.77,154.842,++FactoryGame+rel-main-anniversary-2026-CL-502094,2c1ba76bf6aeb7593d53fb8278c48df9a639f7002d1cc09eeb4024fb67406337
poi_502094_0268,mercer_sphere,Persistent_Level:PersistentLevel.BP_WAT13_4,7J3WGU1S94D8JCWCOKXE7KBOY,mercer_sphere,BP_WAT2_C,1871.648,-1656.536,33.724,++FactoryGame+rel-main-anniversary-2026-CL-502094,2c1ba76bf6aeb7593d53fb8278c48df9a639f7002d1cc09eeb4024fb67406337
poi_502094_0269,mercer_sphere,Persistent_Level:PersistentLevel.BP_WAT23_4,7JD9NGZLM5GB4J102QEHEHD3L,mercer_sphere,BP_WAT2_C,1960.2,-2237.052,38.409,++FactoryGame+rel-main-anniversary-2026-CL-502094,2c1ba76bf6aeb7593d53fb8278c48df9a639f7002d1cc09eeb4024fb67406337
poi_502094_0270,mercer_sphere,Persistent_Level:PersistentLevel.BP_WAT24_18,7M2N6R92SDHZC4M6ZR0L37AZB,mercer_sphere,BP_WAT2_C,1379.504,-755.928,130.219,++FactoryGame+rel-main-anniversary-2026-CL-502094,2c1ba76bf6aeb7593d53fb8278c48df9a639f7002d1cc09eeb4024fb67406337
poi_502094_0271,mercer_sphere,Persistent_Level:PersistentLevel.BP_WAT2_C_20,7R2UDSS1Y1UI480ZZNICLGL6B,mercer_sphere,BP_WAT2_C,1825.9,1796.05,274.11,++FactoryGame+rel-main-anniversary-2026-CL-502094,2c1ba76bf6aeb7593d53fb8278c48df9a639f7002d1cc09eeb4024fb67406337
poi_502094_0272,mercer_sphere,Persistent_Level:PersistentLevel.BP_WAT28_8,7SBCDQ2TFQBA2QFTB5THY4H59,mercer_sphere,BP_WAT2_C,147.522,1367.151,12.316,++FactoryGame+rel-main-anniversary-2026-CL-502094,2c1ba76bf6aeb7593d53fb8278c48df9a639f7002d1cc09eeb4024fb67406337
poi_502094_0273,mercer_sphere,Persistent_Level:PersistentLevel.BP_WAT6_7,7SNP1NOK9ZC0JFUT4YQXFT9GD,mercer_sphere,BP_WAT2_C,47.19,969.216,148.186,++FactoryGame+rel-main-anniversary-2026-CL-502094,2c1ba76bf6aeb7593d53fb8278c48df9a639f7002d1cc09eeb4024fb67406337
poi_502094_0274,mercer_sphere,Persistent_Level:PersistentLevel.BP_WAT33_18,7T667VDD99YOYD7JCWIG51P6A,mercer_sphere,BP_WAT2_C,2005.55,3035.6,224.15,++FactoryGame+rel-main-anniversary-2026-CL-502094,2c1ba76bf6aeb7593d53fb8278c48df9a639f7002d1cc09eeb4024fb67406337
poi_502094_0275,mercer_sphere,Persistent_Level:PersistentLevel.BP_WAT69,7W9UDNX3KCC84L5VX4O792S6Q,mercer_sphere,BP_WAT2_C,2938.217,780.779,57.306,++FactoryGame+rel-main-anniversary-2026-CL-502094,2c1ba76bf6aeb7593d53fb8278c48df9a639f7002d1cc09eeb4024fb67406337
poi_502094_0276,mercer_sphere,Persistent_Level:PersistentLevel.BP_WAT65_1,7WP5162UQFDTL52KOO9KJTAOE,mercer_sphere,BP_WAT2_C,2723.022,2966.097,61.52,++FactoryGame+rel-main-anniversary-2026-CL-502094,2c1ba76bf6aeb7593d53fb8278c48df9a639f7002d1cc09eeb4024fb67406337
poi_502094_0277,mercer_sphere,Persistent_Level:PersistentLevel.BP_WAT108_11,81JRN8EL56I1O9V4NB4Y7359I,mercer_sphere,BP_WAT2_C,1644.59,2715.49,175.83,++FactoryGame+rel-main-anniversary-2026-CL-502094,2c1ba76bf6aeb7593d53fb8278c48df9a639f7002d1cc09eeb4024fb67406337
poi_502094_0278,mercer_sphere,Persistent_Level:PersistentLevel.BP_WAT22_3,823XRZORVFGOQVHQCDXISRIZI,mercer_sphere,BP_WAT2_C,1531.49,-1751.793,-44.78,++FactoryGame+rel-main-anniversary-2026-CL-502094,2c1ba76bf6aeb7593d53fb8278c48df9a639f7002d1cc09eeb4024fb67406337
poi_502094_0279,mercer_sphere,Persistent_Level:PersistentLevel.BP_WAT141,83B8Y9O11EQDBQ9B55OHU3ICI,mercer_sphere,BP_WAT2_C,-571.704,-1404.132,-49.683,++FactoryGame+rel-main-anniversary-2026-CL-502094,2c1ba76bf6aeb7593d53fb8278c48df9a639f7002d1cc09eeb4024fb67406337
poi_502094_0280,mercer_sphere,Persistent_Level:PersistentLevel.BP_WAT24_19,875H5TT0JWN6YR85XE2XYDHXA,mercer_sphere,BP_WAT2_C,-770.047,-169.587,231.377,++FactoryGame+rel-main-anniversary-2026-CL-502094,2c1ba76bf6aeb7593d53fb8278c48df9a639f7002d1cc09eeb4024fb67406337
poi_502094_0281,mercer_sphere,Persistent_Level:PersistentLevel.BP_WAT27_7,8BHCAS3EUAOCF6NRUVIK1T4BL,mercer_sphere,BP_WAT2_C,-491.213,-2675.374,-31.124,++FactoryGame+rel-main-anniversary-2026-CL-502094,2c1ba76bf6aeb7593d53fb8278c48df9a639f7002d1cc09eeb4024fb67406337
poi_502094_0282,mercer_sphere,Persistent_Level:PersistentLevel.BP_WAT23,8CYMZLYM4T5E2AA19O6K6GH0T,mercer_sphere,BP_WAT2_C,956.89,2121.16,103.427,++FactoryGame+rel-main-anniversary-2026-CL-502094,2c1ba76bf6aeb7593d53fb8278c48df9a639f7002d1cc09eeb4024fb67406337
poi_502094_0283,mercer_sphere,Persistent_Level:PersistentLevel.BP_WAT21_10,8F6S5M46QK4SWXY7YCUTC4ZUB,mercer_sphere,BP_WAT2_C,337.6,-655.95,235.244,++FactoryGame+rel-main-anniversary-2026-CL-502094,2c1ba76bf6aeb7593d53fb8278c48df9a639f7002d1cc09eeb4024fb67406337
poi_502094_0284,mercer_sphere,Persistent_Level:PersistentLevel.BP_WAT53,8FIN8GZNGKFVW7D1HMNF3LJVD,mercer_sphere,BP_WAT2_C,2406.222,2874.867,184.862,++FactoryGame+rel-main-anniversary-2026-CL-502094,2c1ba76bf6aeb7593d53fb8278c48df9a639f7002d1cc09eeb4024fb67406337
poi_502094_0285,mercer_sphere,Persistent_Level:PersistentLevel.BP_WAT82,8FIN8GZNGKFVW7D1HMNF3LJVD,mercer_sphere,BP_WAT2_C,2537.697,2847.381,28.988,++FactoryGame+rel-main-anniversary-2026-CL-502094,2c1ba76bf6aeb7593d53fb8278c48df9a639f7002d1cc09eeb4024fb67406337
poi_502094_0286,mercer_sphere,Persistent_Level:PersistentLevel.BP_WAT12_4,8GH91K6YW7OUWZ0W53QXKW620,mercer_sphere,BP_WAT2_C,-55.078,-1023.481,236.525,++FactoryGame+rel-main-anniversary-2026-CL-502094,2c1ba76bf6aeb7593d53fb8278c48df9a639f7002d1cc09eeb4024fb67406337
poi_502094_0287,mercer_sphere,Persistent_Level:PersistentLevel.BP_WAT20_9811,8H8FE6U0Z98VIWI6K9ZABMR2G,mercer_sphere,BP_WAT2_C,1849.556,-276.709,107.816,++FactoryGame+rel-main-anniversary-2026-CL-502094,2c1ba76bf6aeb7593d53fb8278c48df9a639f7002d1cc09eeb4024fb67406337
poi_502094_0288,mercer_sphere,Persistent_Level:PersistentLevel.BP_WAT2_C_UAID_04421A9713F0357C01_1830097463,8J2GQN49KF46TFD2R75NX4ZG0,mercer_sphere,BP_WAT2_C,1421.95,-95.09,133.95,++FactoryGame+rel-main-anniversary-2026-CL-502094,2c1ba76bf6aeb7593d53fb8278c48df9a639f7002d1cc09eeb4024fb67406337
poi_502094_0289,mercer_sphere,Persistent_Level:PersistentLevel.BP_WAT127,8QW2GESZWTCW67WEI8G9YDDEC,mercer_sphere,BP_WAT2_C,-1330.99,933.896,4.856,++FactoryGame+rel-main-anniversary-2026-CL-502094,2c1ba76bf6aeb7593d53fb8278c48df9a639f7002d1cc09eeb4024fb67406337
poi_502094_0290,mercer_sphere,Persistent_Level:PersistentLevel.BP_WAT54_UAID_40B076DF2F793C8101_1652897954,8UDYWXEWSMNA091CPZSH9THY5,mercer_sphere,BP_WAT2_C,3856.748,1370.414,73.261,++FactoryGame+rel-main-anniversary-2026-CL-502094,2c1ba76bf6aeb7593d53fb8278c48df9a639f7002d1cc09eeb4024fb67406337
poi_502094_0291,mercer_sphere,Persistent_Level:PersistentLevel.BP_WAT75,8V2S7IJRF1X66U2PPNU3LQ6H5,mercer_sphere,BP_WAT2_C,2612.482,2566.287,65.37,++FactoryGame+rel-main-anniversary-2026-CL-502094,2c1ba76bf6aeb7593d53fb8278c48df9a639f7002d1cc09eeb4024fb67406337
poi_502094_0292,mercer_sphere,Persistent_Level:PersistentLevel.BP_WAT2_C_27,8XH3IUJQKSLT018FWIW7QPUIR,mercer_sphere,BP_WAT2_C,2197.67,-244.922,-17.15,++FactoryGame+rel-main-anniversary-2026-CL-502094,2c1ba76bf6aeb7593d53fb8278c48df9a639f7002d1cc09eeb4024fb67406337
poi_502094_0293,mercer_sphere,Persistent_Level:PersistentLevel.BP_WAT27_30,90AUCIU2UGBQ5N0LN2BL28WJA,mercer_sphere,BP_WAT2_C,-1830.843,-138.714,217.676,++FactoryGame+rel-main-anniversary-2026-CL-502094,2c1ba76bf6aeb7593d53fb8278c48df9a639f7002d1cc09eeb4024fb67406337
poi_502094_0294,mercer_sphere,Persistent_Level:PersistentLevel.BP_WAT2_C_UAID_04421A9713F05E6901_1906631590,92WAL8XQP8UN1SK7O802LWOGJ,mercer_sphere,BP_WAT2_C,-2111.6,-1498.09,-17.33,++FactoryGame+rel-main-anniversary-2026-CL-502094,2c1ba76bf6aeb7593d53fb8278c48df9a639f7002d1cc09eeb4024fb67406337
poi_502094_0295,mercer_sphere,Persistent_Level:PersistentLevel.BP_WAT2_C_UAID_04421A9713F0337C01_1494320107,9A1DJC9NFO49Q45LHQU1RKE1D,mercer_sphere,BP_WAT2_C,2073.18,307.3,133.92,++FactoryGame+rel-main-anniversary-2026-CL-502094,2c1ba76bf6aeb7593d53fb8278c48df9a639f7002d1cc09eeb4024fb67406337
poi_502094_0296,mercer_sphere,Persistent_Level:PersistentLevel.BP_WAT15_3,9AJ9PIG953097OLKR5YZ55LT1,mercer_sphere,BP_WAT2_C,-646.259,656.196,125.111,++FactoryGame+rel-main-anniversary-2026-CL-502094,2c1ba76bf6aeb7593d53fb8278c48df9a639f7002d1cc09eeb4024fb67406337
poi_502094_0297,mercer_sphere,Persistent_Level:PersistentLevel.BP_WAT2_C_UAID_04421A9713F0466401_1164905096,9ESMK9H2QEDHJ9A5S015TJ0TP,mercer_sphere,BP_WAT2_C,2060.68,-1625.96,73.63,++FactoryGame+rel-main-anniversary-2026-CL-502094,2c1ba76bf6aeb7593d53fb8278c48df9a639f7002d1cc09eeb4024fb67406337
poi_502094_0298,mercer_sphere,Persistent_Level:PersistentLevel.BP_WAT2_C_30,9FHXKO90N85VOFVSW61TDZOH3,mercer_sphere,BP_WAT2_C,2424.3,2611.1,98.79,++FactoryGame+rel-main-anniversary-2026-CL-502094,2c1ba76bf6aeb7593d53fb8278c48df9a639f7002d1cc09eeb4024fb67406337
poi_502094_0299,mercer_sphere,Persistent_Level:PersistentLevel.BP_WAT29_42,9FJ691O5J6QJHTVSRL2T58ZFG,mercer_sphere,BP_WAT2_C,98.083,-416.77,225.12,++FactoryGame+rel-main-anniversary-2026-CL-502094,2c1ba76bf6aeb7593d53fb8278c48df9a639f7002d1cc09eeb4024fb67406337
poi_502094_0300,mercer_sphere,Persistent_Level:PersistentLevel.BP_WAT2_C_9,9GBDGOZSJX3B39FFI69CQM7EC,mercer_sphere,BP_WAT2_C,748.41,2000.48,148.846,++FactoryGame+rel-main-anniversary-2026-CL-502094,2c1ba76bf6aeb7593d53fb8278c48df9a639f7002d1cc09eeb4024fb67406337
poi_502094_0301,mercer_sphere,Persistent_Level:PersistentLevel.BP_WAT106_2,9JEZVHCWGKROFOQP45GDWK8A3,mercer_sphere,BP_WAT2_C,1635.7,2945.45,237.85,++FactoryGame+rel-main-anniversary-2026-CL-502094,2c1ba76bf6aeb7593d53fb8278c48df9a639f7002d1cc09eeb4024fb67406337
poi_502094_0302,mercer_sphere,Persistent_Level:PersistentLevel.BP_WAT29_10,9MS9G6WTGIG8D58697G95CXAQ,mercer_sphere,BP_WAT2_C,1468.492,-2797.555,-50.322,++FactoryGame+rel-main-anniversary-2026-CL-502094,2c1ba76bf6aeb7593d53fb8278c48df9a639f7002d1cc09eeb4024fb67406337
poi_502094_0303,mercer_sphere,Persistent_Level:PersistentLevel.BP_WAT2_C_UAID_40B076DF2F79A4A101_1223072041,9S515VLNHQXKW74Y5NFXAKWAS,mercer_sphere,BP_WAT2_C,2393.46,1098.22,35.26,++FactoryGame+rel-main-anniversary-2026-CL-502094,2c1ba76bf6aeb7593d53fb8278c48df9a639f7002d1cc09eeb4024fb67406337
poi_502094_0304,mercer_sphere,Persistent_Level:PersistentLevel.BP_WAT1_C_13,9SRHX1B6DG1OMS1ZMV4RL34NE,mercer_sphere,BP_WAT2_C,2068.832,-1129.121,0.787,++FactoryGame+rel-main-anniversary-2026-CL-502094,2c1ba76bf6aeb7593d53fb8278c48df9a639f7002d1cc09eeb4024fb67406337
poi_502094_0305,mercer_sphere,Persistent_Level:PersistentLevel.BP_WAT21_356,9TXWNHWBI5748TYTTCUA1DTX0,mercer_sphere,BP_WAT2_C,-748.714,-1049.479,112.422,++FactoryGame+rel-main-anniversary-2026-CL-502094,2c1ba76bf6aeb7593d53fb8278c48df9a639f7002d1cc09eeb4024fb67406337
poi_502094_0306,mercer_sphere,Persistent_Level:PersistentLevel.BP_WAT2_C_UAID_04421A9713F0A96F01_1534709120,9TXWNHWBI5748TYTTCUA1DTX0,mercer_sphere,BP_WAT2_C,-822.11,-1045.8,217.84,++FactoryGame+rel-main-anniversary-2026-CL-502094,2c1ba76bf6aeb7593d53fb8278c48df9a639f7002d1cc09eeb4024fb67406337
poi_502094_0307,mercer_sphere,Persistent_Level:PersistentLevel.BP_WAT23_27,9UFMWACNFBI7PUU2FL99RF8OJ,mercer_sphere,BP_WAT2_C,2386.702,-1113.064,-49.003,++FactoryGame+rel-main-anniversary-2026-CL-502094,2c1ba76bf6aeb7593d53fb8278c48df9a639f7002d1cc09eeb4024fb67406337
poi_502094_0308,mercer_sphere,Persistent_Level:PersistentLevel.BP_WAT23_3,9VV623W8UZF72WNMM8DVAOP2Y,mercer_sphere,BP_WAT2_C,-775.221,-2548.434,-45.893,++FactoryGame+rel-main-anniversary-2026-CL-502094,2c1ba76bf6aeb7593d53fb8278c48df9a639f7002d1cc09eeb4024fb67406337
poi_502094_0309,mercer_sphere,Persistent_Level:PersistentLevel.BP_WAT22_2,9X46CH2VSO1SWQMRMJ4A2X536,mercer_sphere,BP_WAT2_C,-293.424,-2457.311,25.106,++FactoryGame+rel-main-anniversary-2026-CL-502094,2c1ba76bf6aeb7593d53fb8278c48df9a639f7002d1cc09eeb4024fb67406337
poi_502094_0310,mercer_sphere,Persistent_Level:PersistentLevel.BP_WAT98_5463,9ZF50FWDEEPISIG99HTODWJGP,mercer_sphere,BP_WAT2_C,751.085,-2023.695,34.257,++FactoryGame+rel-main-anniversary-2026-CL-502094,2c1ba76bf6aeb7593d53fb8278c48df9a639f7002d1cc09eeb4024fb67406337
poi_502094_0311,mercer_sphere,Persistent_Level:PersistentLevel.BP_WAT210,9ZI97U85BHEMNEFSBAN8Q97HH,mercer_sphere,BP_WAT2_C,-212.106,-2634.734,-46.103,++FactoryGame+rel-main-anniversary-2026-CL-502094,2c1ba76bf6aeb7593d53fb8278c48df9a639f7002d1cc09eeb4024fb67406337
poi_502094_0312,mercer_sphere,Persistent_Level:PersistentLevel.BP_WAT2_C_UAID_04421A9713F025A401_1318668863,A06J665WBJ8WIPNXT8S17OXFG,mercer_sphere,BP_WAT2_C,-1155.72,-1470.16,139.47,++FactoryGame+rel-main-anniversary-2026-CL-502094,2c1ba76bf6aeb7593d53fb8278c48df9a639f7002d1cc09eeb4024fb67406337
poi_502094_0313,mercer_sphere,Persistent_Level:PersistentLevel.BP_WAT113,A0NXJCF5IYQ8579ZEDKMM5BWE,mercer_sphere,BP_WAT2_C,1548.05,1907.95,25.75,++FactoryGame+rel-main-anniversary-2026-CL-502094,2c1ba76bf6aeb7593d53fb8278c48df9a639f7002d1cc09eeb4024fb67406337
poi_502094_0314,mercer_sphere,Persistent_Level:PersistentLevel.BP_WAT88,A83ST7K8BTOU8Q9OKEMQIOSXE,mercer_sphere,BP_WAT2_C,265.12,2339.531,25.821,++FactoryGame+rel-main-anniversary-2026-CL-502094,2c1ba76bf6aeb7593d53fb8278c48df9a639f7002d1cc09eeb4024fb67406337
poi_502094_0315,mercer_sphere,Persistent_Level:PersistentLevel.BP_WAT148,A8LSMW5TTTOMV2TY8Z0A3QEER,mercer_sphere,BP_WAT2_C,-2052.193,-228.574,-11.814,++FactoryGame+rel-main-anniversary-2026-CL-502094,2c1ba76bf6aeb7593d53fb8278c48df9a639f7002d1cc09eeb4024fb67406337
poi_502094_0316,mercer_sphere,Persistent_Level:PersistentLevel.BP_WAT21_0,AAIYXGC69I0P98NVO7N7E3ELP,mercer_sphere,BP_WAT2_C,-902.097,728.193,158.975,++FactoryGame+rel-main-anniversary-2026-CL-502094,2c1ba76bf6aeb7593d53fb8278c48df9a639f7002d1cc09eeb4024fb67406337
poi_502094_0317,mercer_sphere,Persistent_Level:PersistentLevel.BP_WAT8_5,AAIYXGC69I0P98NVO7N7E3ELP,mercer_sphere,BP_WAT2_C,-728.103,874.904,-0.554,++FactoryGame+rel-main-anniversary-2026-CL-502094,2c1ba76bf6aeb7593d53fb8278c48df9a639f7002d1cc09eeb4024fb67406337
poi_502094_0318,mercer_sphere,Persistent_Level:PersistentLevel.BP_WAT2_C_19,ABV1USTVLMPPKNABWDX60SHJY,mercer_sphere,BP_WAT2_C,1933.05,1492.23,230.7,++FactoryGame+rel-main-anniversary-2026-CL-502094,2c1ba76bf6aeb7593d53fb8278c48df9a639f7002d1cc09eeb4024fb67406337
poi_502094_0319,mercer_sphere,Persistent_Level:PersistentLevel.BP_WAT22_16,AGQPDDHNCFVUM8C8M9TA84KAP,mercer_sphere,BP_WAT2_C,1103.288,-1091.906,93.21,++FactoryGame+rel-main-anniversary-2026-CL-502094,2c1ba76bf6aeb7593d53fb8278c48df9a639f7002d1cc09eeb4024fb67406337
poi_502094_0320,mercer_sphere,Persistent_Level:PersistentLevel.BP_WAT99_2052,AIH3C4LI19ODUG77WR1KF9XJF,mercer_sphere,BP_WAT2_C,517.618,-2021.433,-15.609,++FactoryGame+rel-main-anniversary-2026-CL-502094,2c1ba76bf6aeb7593d53fb8278c48df9a639f7002d1cc09eeb4024fb67406337
poi_502094_0321,mercer_sphere,Persistent_Level:PersistentLevel.BP_WAT24_278,AL5STOI1F7GHQLHHUZBP6VNO2,mercer_sphere,BP_WAT2_C,-1888.446,-985.22,56.414,++FactoryGame+rel-main-anniversary-2026-CL-502094,2c1ba76bf6aeb7593d53fb8278c48df9a639f7002d1cc09eeb4024fb67406337
poi_502094_0322,mercer_sphere,Persistent_Level:PersistentLevel.BP_WAT26_6,AMZAE0VSIJM5Q1YXJLUD6WQ81,mercer_sphere,BP_WAT2_C,-125.5,-1955.726,-13.798,++FactoryGame+rel-main-anniversary-2026-CL-502094,2c1ba76bf6aeb7593d53fb8278c48df9a639f7002d1cc09eeb4024fb67406337
poi_502094_0323,mercer_sphere,Persistent_Level:PersistentLevel.BP_WAT2_C_UAID_04421A9713F0397C01_2086373177,ANFQIX0XYM1R5SJZNS9CZAT22,mercer_sphere,BP_WAT2_C,1579.82,-500.49,110.31,++FactoryGame+rel-main-anniversary-2026-CL-502094,2c1ba76bf6aeb7593d53fb8278c48df9a639f7002d1cc09eeb4024fb67406337
poi_502094_0324,mercer_sphere,Persistent_Level:PersistentLevel.BP_WAT45_7909,ANFQIX0XYM1R5SJZNS9CZAT22,mercer_sphere,BP_WAT2_C,1606.261,-436.876,187.931,++FactoryGame+rel-main-anniversary-2026-CL-502094,2c1ba76bf6aeb7593d53fb8278c48df9a639f7002d1cc09eeb4024fb67406337
poi_502094_0325,mercer_sphere,Persistent_Level:PersistentLevel.BP_WAT2_C_16,AR8GCAJ3Z3AC57K3SC8O6BBUL,mercer_sphere,BP_WAT2_C,1248.16,104.828,147.435,++FactoryGame+rel-main-anniversary-2026-CL-502094,2c1ba76bf6aeb7593d53fb8278c48df9a639f7002d1cc09eeb4024fb67406337
poi_502094_0326,mercer_sphere,Persistent_Level:PersistentLevel.BP_WAT25_19,ATIPCD36F1FFW5FFK2Y8NHW60,mercer_sphere,BP_WAT2_C,384.484,-409.05,181.034,++FactoryGame+rel-main-anniversary-2026-CL-502094,2c1ba76bf6aeb7593d53fb8278c48df9a639f7002d1cc09eeb4024fb67406337
poi_502094_0327,mercer_sphere,Persistent_Level:PersistentLevel.BP_WAT15_0,AXKBSCFFF3H53IWL29V0XIW6V,mercer_sphere,BP_WAT2_C,679.957,1628.245,-17.596,++FactoryGame+rel-main-anniversary-2026-CL-502094,2c1ba76bf6aeb7593d53fb8278c48df9a639f7002d1cc09eeb4024fb67406337
poi_502094_0328,mercer_sphere,Persistent_Level:PersistentLevel.BP_WAT145,AYGLQNU3ZR1Q1G7GMTNXOP87R,mercer_sphere,BP_WAT2_C,-1687.46,-578.252,125.541,++FactoryGame+rel-main-anniversary-2026-CL-502094,2c1ba76bf6aeb7593d53fb8278c48df9a639f7002d1cc09eeb4024fb67406337
poi_502094_0329,mercer_sphere,Persistent_Level:PersistentLevel.BP_WAT2_C_UAID_04421A9713F02AA401_1546189749,AYGLQNU3ZR1Q1G7GMTNXOP87R,mercer_sphere,BP_WAT2_C,-1619.57,-630.47,188.16,++FactoryGame+rel-main-anniversary-2026-CL-502094,2c1ba76bf6aeb7593d53fb8278c48df9a639f7002d1cc09eeb4024fb67406337
poi_502094_0330,mercer_sphere,Persistent_Level:PersistentLevel.BP_WAT2_C_UAID_04421A9713F02AA401_1366971746,AZ6FKAJPSWV8B78XOT6NDA7K9,mercer_sphere,BP_WAT2_C,-1755.35,-812.7,239.23,++FactoryGame+rel-main-anniversary-2026-CL-502094,2c1ba76bf6aeb7593d53fb8278c48df9a639f7002d1cc09eeb4024fb67406337
poi_502094_0331,mercer_sphere,Persistent_Level:PersistentLevel.BP_WAT2_C_UAID_04421A9713F0B46201_1220705332,B1LCWO1Z3VY6RN86YJ7PL6S22,mercer_sphere,BP_WAT2_C,3691.14,2292.86,41.98,++FactoryGame+rel-main-anniversary-2026-CL-502094,2c1ba76bf6aeb7593d53fb8278c48df9a639f7002d1cc09eeb4024fb67406337
poi_502094_0332,mercer_sphere,Persistent_Level:PersistentLevel.BP_WAT2_C_UAID_04421A9713F0C86101_1887823809,B4VEW13MTSPHF46L54MSAT41G,mercer_sphere,BP_WAT2_C,-1821.03,906.4,19.03,++FactoryGame+rel-main-anniversary-2026-CL-502094,2c1ba76bf6aeb7593d53fb8278c48df9a639f7002d1cc09eeb4024fb67406337
poi_502094_0333,mercer_sphere,Persistent_Level:PersistentLevel.BP_WAT2_C_UAID_04421A9713F0C46101_1232106098,B7GL9WV21SEB6Z4W61UXPYU6D,mercer_sphere,BP_WAT2_C,-1802.97,224.74,32.42,++FactoryGame+rel-main-anniversary-2026-CL-502094,2c1ba76bf6aeb7593d53fb8278c48df9a639f7002d1cc09eeb4024fb67406337
poi_502094_0334,mercer_sphere,Persistent_Level:PersistentLevel.BP_WAT21_1,BA3XMSRU7IFHLPD5E4R4HRMKD,mercer_sphere,BP_WAT2_C,-1260.421,-2153.848,27.8,++FactoryGame+rel-main-anniversary-2026-CL-502094,2c1ba76bf6aeb7593d53fb8278c48df9a639f7002d1cc09eeb4024fb67406337
poi_502094_0335,mercer_sphere,Persistent_Level:PersistentLevel.BP_WAT2_C_UAID_04421A9713F0A96F01_1680839124,BEH3PCTHNNOMPZOV7UFF5H29S,mercer_sphere,BP_WAT2_C,-1886.76,-393.73,169.11,++FactoryGame+rel-main-anniversary-2026-CL-502094,2c1ba76bf6aeb7593d53fb8278c48df9a639f7002d1cc09eeb4024fb67406337
poi_502094_0336,mercer_sphere,Persistent_Level:PersistentLevel.BP_WAT43,BF15AQ1KJCL19W9YP52HSKDUR,mercer_sphere,BP_WAT2_C,2869.59,2357.334,30.596,++FactoryGame+rel-main-anniversary-2026-CL-502094,2c1ba76bf6aeb7593d53fb8278c48df9a639f7002d1cc09eeb4024fb67406337
poi_502094_0337,mercer_sphere,Persistent_Level:PersistentLevel.BP_WAT2_C_UAID_40B076DF2F79AD9B01_1500683292,BJ90CDRRW7NBKK9DQSQFAW3R9,mercer_sphere,BP_WAT2_C,3485.488,815.144,24.246,++FactoryGame+rel-main-anniversary-2026-CL-502094,2c1ba76bf6aeb7593d53fb8278c48df9a639f7002d1cc09eeb4024fb67406337
poi_502094_0338,mercer_sphere,Persistent_Level:PersistentLevel.BP_WAT26_27,BR0CKOJECX3T8153Y899XOTJG,mercer_sphere,BP_WAT2_C,-133.878,-687.203,230.964,++FactoryGame+rel-main-anniversary-2026-CL-502094,2c1ba76bf6aeb7593d53fb8278c48df9a639f7002d1cc09eeb4024fb67406337
poi_502094_0339,mercer_sphere,Persistent_Level:PersistentLevel.BP_WAT25_5,BRA6J4XYZ2EHL2FRNZ5ILEC0L,mercer_sphere,BP_WAT2_C,76.563,-2940.583,-22.762,++FactoryGame+rel-main-anniversary-2026-CL-502094,2c1ba76bf6aeb7593d53fb8278c48df9a639f7002d1cc09eeb4024fb67406337
poi_502094_0340,mercer_sphere,Persistent_Level:PersistentLevel.BP_WAT24_27,BRJ2ADJWSYWB7MOC3UZBE3TB8,mercer_sphere,BP_WAT2_C,-1297.818,-158.415,195.236,++FactoryGame+rel-main-anniversary-2026-CL-502094,2c1ba76bf6aeb7593d53fb8278c48df9a639f7002d1cc09eeb4024fb67406337
poi_502094_0341,mercer_sphere,Persistent_Level:PersistentLevel.BP_WAT12_0,BSTB9EDX9WB8FIEZ3JYMZB2SL,mercer_sphere,BP_WAT2_C,-329.221,482.901,146.68,++FactoryGame+rel-main-anniversary-2026-CL-502094,2c1ba76bf6aeb7593d53fb8278c48df9a639f7002d1cc09eeb4024fb67406337
poi_502094_0342,mercer_sphere,Persistent_Level:PersistentLevel.BP_WAT2_C_13,BSTIJIBBSJLWHWZ5AT1VYZCE6,mercer_sphere,BP_WAT2_C,1674.48,-868.17,60.72,++FactoryGame+rel-main-anniversary-2026-CL-502094,2c1ba76bf6aeb7593d53fb8278c48df9a639f7002d1cc09eeb4024fb67406337
poi_502094_0343,mercer_sphere,Persistent_Level:PersistentLevel.BP_WAT2_C_UAID_04421A9713F0156301_1631721457,BSTIJIBBSJLWHWZ5AT1VYZCE6,mercer_sphere,BP_WAT2_C,1681.6,-876.1,116.33,++FactoryGame+rel-main-anniversary-2026-CL-502094,2c1ba76bf6aeb7593d53fb8278c48df9a639f7002d1cc09eeb4024fb67406337
poi_502094_0344,mercer_sphere,Persistent_Level:PersistentLevel.BP_WAT102,BV3J6S3HGK1XQ0GTC1PUYN6PD,mercer_sphere,BP_WAT2_C,8.46,1684.961,18.443,++FactoryGame+rel-main-anniversary-2026-CL-502094,2c1ba76bf6aeb7593d53fb8278c48df9a639f7002d1cc09eeb4024fb67406337
poi_502094_0345,mercer_sphere,Persistent_Level:PersistentLevel.BP_WAT11_15,BXR2XT9LRT5YWZTYGBYNKA9RK,mercer_sphere,BP_WAT2_C,598.21,-759.868,212.102,++FactoryGame+rel-main-anniversary-2026-CL-502094,2c1ba76bf6aeb7593d53fb8278c48df9a639f7002d1cc09eeb4024fb67406337
poi_502094_0346,mercer_sphere,Persistent_Level:PersistentLevel.BP_WAT118,BXV0B0WA2UKMDBHQR4Z3U8U13,mercer_sphere,BP_WAT2_C,1169.55,1967.13,89.11,++FactoryGame+rel-main-anniversary-2026-CL-502094,2c1ba76bf6aeb7593d53fb8278c48df9a639f7002d1cc09eeb4024fb67406337
poi_502094_0347,mercer_sphere,Persistent_Level:PersistentLevel.BP_WAT90,BZEVNLO9HJHB5BH8TBRM90F2J,mercer_sphere,BP_WAT2_C,769.62,2168.311,27.211,++FactoryGame+rel-main-anniversary-2026-CL-502094,2c1ba76bf6aeb7593d53fb8278c48df9a639f7002d1cc09eeb4024fb67406337
poi_502094_0348,mercer_sphere,Persistent_Level:PersistentLevel.BP_WAT2_C_25,BZMDUF5VSYMR7KN629KNH1CKL,mercer_sphere,BP_WAT2_C,2590.734,-919.836,-15.139,++FactoryGame+rel-main-anniversary-2026-CL-502094,2c1ba76bf6aeb7593d53fb8278c48df9a639f7002d1cc09eeb4024fb67406337
poi_502094_0349,mercer_sphere,Persistent_Level:PersistentLevel.BP_WAT2_C_UAID_04421A9713F0F17A01_2106088442,C1RQPXAX4V4HC6M9BKCCNKP47,mercer_sphere,BP_WAT2_C,2370.5,369.06,172.98,++FactoryGame+rel-main-anniversary-2026-CL-502094,2c1ba76bf6aeb7593d53fb8278c48df9a639f7002d1cc09eeb4024fb67406337
poi_502094_0350,mercer_sphere,Persistent_Level:PersistentLevel.BP_WAT93,CBLQOVJE72F63HHDW2N1Q96UP,mercer_sphere,BP_WAT2_C,602.22,2141.571,-10.771,++FactoryGame+rel-main-anniversary-2026-CL-502094,2c1ba76bf6aeb7593d53fb8278c48df9a639f7002d1cc09eeb4024fb67406337
poi_502094_0351,mercer_sphere,Persistent_Level:PersistentLevel.BP_WAT25_28,CD56CV6662RIWBR8UHUFMMSRB,mercer_sphere,BP_WAT2_C,-880.961,-525.26,245.897,++FactoryGame+rel-main-anniversary-2026-CL-502094,2c1ba76bf6aeb7593d53fb8278c48df9a639f7002d1cc09eeb4024fb67406337
poi_502094_0352,mercer_sphere,Persistent_Level:PersistentLevel.BP_WAT2_C_UAID_04421A9713F0A96F01_1573952121,CD56CV6662RIWBR8UHUFMMSRB,mercer_sphere,BP_WAT2_C,-753.76,-545.32,227.01,++FactoryGame+rel-main-anniversary-2026-CL-502094,2c1ba76bf6aeb7593d53fb8278c48df9a639f7002d1cc09eeb4024fb67406337
poi_502094_0353,mercer_sphere,Persistent_Level:PersistentLevel.BP_WAT39_3,CDY9LT3ORF8K472H0114WSCKC,mercer_sphere,BP_WAT2_C,2297.257,1891.999,61.262,++FactoryGame+rel-main-anniversary-2026-CL-502094,2c1ba76bf6aeb7593d53fb8278c48df9a639f7002d1cc09eeb4024fb67406337
poi_502094_0354,mercer_sphere,Persistent_Level:PersistentLevel.BP_WAT26,CEITTSM2HPGFPMS0FKPD8DG9S,mercer_sphere,BP_WAT2_C,-1996.018,1769.616,-15.314,++FactoryGame+rel-main-anniversary-2026-CL-502094,2c1ba76bf6aeb7593d53fb8278c48df9a639f7002d1cc09eeb4024fb67406337
poi_502094_0355,mercer_sphere,Persistent_Level:PersistentLevel.BP_WAT2_C_UAID_04421A9713F0A96F01_1658558123,CES7K8R0XDMYUD9PX099DTYXK,mercer_sphere,BP_WAT2_C,-543.39,-815.44,200.35,++FactoryGame+rel-main-anniversary-2026-CL-502094,2c1ba76bf6aeb7593d53fb8278c48df9a639f7002d1cc09eeb4024fb67406337
poi_502094_0356,mercer_sphere,Persistent_Level:PersistentLevel.BP_WAT24_4,CEUR68CD6DEFP4KQJDMOXOZWK,mercer_sphere,BP_WAT2_C,-104.555,-1775.753,11.024,++FactoryGame+rel-main-anniversary-2026-CL-502094,2c1ba76bf6aeb7593d53fb8278c48df9a639f7002d1cc09eeb4024fb67406337
poi_502094_0357,mercer_sphere,Persistent_Level:PersistentLevel.BP_WAT5_8,CGNT9WSGTVS7HU0KXLH6Z2KEX,mercer_sphere,BP_WAT2_C,-240.012,913.266,96.583,++FactoryGame+rel-main-anniversary-2026-CL-502094,2c1ba76bf6aeb7593d53fb8278c48df9a639f7002d1cc09eeb4024fb67406337
poi_502094_0358,mercer_sphere,Persistent_Level:PersistentLevel.BP_WAT3_4,CKREWOBFRNALUT4MOSK1J5V77,mercer_sphere,BP_WAT2_C,255.988,1187.204,125.039,++FactoryGame+rel-main-anniversary-2026-CL-502094,2c1ba76bf6aeb7593d53fb8278c48df9a639f7002d1cc09eeb4024fb67406337
poi_502094_0359,mercer_sphere,Persistent_Level:PersistentLevel.BP_WAT22_11,CLTABPAREQ7Z1WOHDR1AISPRR,mercer_sphere,BP_WAT2_C,-343.858,-967.251,234.346,++FactoryGame+rel-main-anniversary-2026-CL-502094,2c1ba76bf6aeb7593d53fb8278c48df9a639f7002d1cc09eeb4024fb67406337
poi_502094_0360,mercer_sphere,Persistent_Level:PersistentLevel.BP_WAT2_C_UAID_04421A9713F087BE01_1694514560,CLTEKSRRDYHLXQL2PCFAB56VP,mercer_sphere,BP_WAT2_C,-1387.88,-1576.3,174.68,++FactoryGame+rel-main-anniversary-2026-CL-502094,2c1ba76bf6aeb7593d53fb8278c48df9a639f7002d1cc09eeb4024fb67406337
poi_502094_0361,mercer_sphere,Persistent_Level:PersistentLevel.BP_WAT2_C_1,CQ0CKTZT5E0ASGUGG57K4U301,mercer_sphere,BP_WAT2_C,663.138,613.522,75.39,++FactoryGame+rel-main-anniversary-2026-CL-502094,2c1ba76bf6aeb7593d53fb8278c48df9a639f7002d1cc09eeb4024fb67406337
poi_502094_0362,mercer_sphere,Persistent_Level:PersistentLevel.BP_WAT28_9,CQ39X1KO2CYJMDK1AL2P3FDJM,mercer_sphere,BP_WAT2_C,902.601,-1631.474,-45.235,++FactoryGame+rel-main-anniversary-2026-CL-502094,2c1ba76bf6aeb7593d53fb8278c48df9a639f7002d1cc09eeb4024fb67406337
poi_502094_0363,mercer_sphere,Persistent_Level:PersistentLevel.BP_WAT97_3991,CQ39X1KO2CYJMDK1AL2P3FDJM,mercer_sphere,BP_WAT2_C,861.336,-1620.537,17.563,++FactoryGame+rel-main-anniversary-2026-CL-502094,2c1ba76bf6aeb7593d53fb8278c48df9a639f7002d1cc09eeb4024fb67406337
poi_502094_0364,mercer_sphere,Persistent_Level:PersistentLevel.BP_WAT23_17,CR0SO3LMRNOSVU7S7U7MFZ92N,mercer_sphere,BP_WAT2_C,1407.156,-1211.615,125.932,++FactoryGame+rel-main-anniversary-2026-CL-502094,2c1ba76bf6aeb7593d53fb8278c48df9a639f7002d1cc09eeb4024fb67406337
poi_502094_0365,mercer_sphere,Persistent_Level:PersistentLevel.BP_WAT211_UAID_40B076DF2F79017A01_1322649170,CRWTKFUJMS7PML9U7MCL6H03W,mercer_sphere,BP_WAT2_C,484.351,-1520.599,62.222,++FactoryGame+rel-main-anniversary-2026-CL-502094,2c1ba76bf6aeb7593d53fb8278c48df9a639f7002d1cc09eeb4024fb67406337
poi_502094_0366,mercer_sphere,Persistent_Level:PersistentLevel.BP_WAT103,CT9YVY8OWECVW3NM9UCG3905N,mercer_sphere,BP_WAT2_C,371.72,1922.721,10.999,++FactoryGame+rel-main-anniversary-2026-CL-502094,2c1ba76bf6aeb7593d53fb8278c48df9a639f7002d1cc09eeb4024fb67406337
poi_502094_0367,mercer_sphere,Persistent_Level:PersistentLevel.BP_WAT2_C_UAID_04421A9713F0C26101_1093316736,CUF1M93605PWFKLWIC77BQKKG,mercer_sphere,BP_WAT2_C,-2182.16,14.53,20.08,++FactoryGame+rel-main-anniversary-2026-CL-502094,2c1ba76bf6aeb7593d53fb8278c48df9a639f7002d1cc09eeb4024fb67406337
poi_502094_0368,mercer_sphere,Persistent_Level:PersistentLevel.BP_WAT24_28,CWC9G8JCM8201E2UDN27U5SXG,mercer_sphere,BP_WAT2_C,2563.113,242.936,91.496,++FactoryGame+rel-main-anniversary-2026-CL-502094,2c1ba76bf6aeb7593d53fb8278c48df9a639f7002d1cc09eeb4024fb67406337
poi_502094_0369,mercer_sphere,Persistent_Level:PersistentLevel.BP_WAT2_C_UAID_04421A9713F0607801_1378431781,CWC9G8JCM8201E2UDN27U5SXG,mercer_sphere,BP_WAT2_C,2573.67,184.85,124.47,++FactoryGame+rel-main-anniversary-2026-CL-502094,2c1ba76bf6aeb7593d53fb8278c48df9a639f7002d1cc09eeb4024fb67406337
poi_502094_0370,mercer_sphere,Persistent_Level:PersistentLevel.BP_WAT28_38,CYIG9OCBFVQJ01L07CNML4VKC,mercer_sphere,BP_WAT2_C,218.224,-85.911,233.718,++FactoryGame+rel-main-anniversary-2026-CL-502094,2c1ba76bf6aeb7593d53fb8278c48df9a639f7002d1cc09eeb4024fb67406337
poi_502094_0371,mercer_sphere,Persistent_Level:PersistentLevel.BP_WAT2_C_UAID_04421A9713F0307C01_1582547570,D13QFM8V4QIS9OBE5OXH8M66H,mercer_sphere,BP_WAT2_C,1196.67,-520.84,141.86,++FactoryGame+rel-main-anniversary-2026-CL-502094,2c1ba76bf6aeb7593d53fb8278c48df9a639f7002d1cc09eeb4024fb67406337
poi_502094_0372,mercer_sphere,Persistent_Level:PersistentLevel.BP_WAT23_2,D1FFLTHEARRNUZAIW2X4OWIS2,mercer_sphere,BP_WAT2_C,-514.839,244.571,185.332,++FactoryGame+rel-main-anniversary-2026-CL-502094,2c1ba76bf6aeb7593d53fb8278c48df9a639f7002d1cc09eeb4024fb67406337
poi_502094_0373,mercer_sphere,Persistent_Level:PersistentLevel.BP_WAT2_C_UAID_04421A9713F0357C01_1629276462,D2U6VEGID4QK8XYHA1P94YXFP,mercer_sphere,BP_WAT2_C,1603.76,-77.24,163.81,++FactoryGame+rel-main-anniversary-2026-CL-502094,2c1ba76bf6aeb7593d53fb8278c48df9a639f7002d1cc09eeb4024fb67406337
poi_502094_0374,mercer_sphere,Persistent_Level:PersistentLevel.BP_WAT2_C_28,D50JE516JR21IVYL84YNJQ75U,mercer_sphere,BP_WAT2_C,2057.815,-591.005,-15.371,++FactoryGame+rel-main-anniversary-2026-CL-502094,2c1ba76bf6aeb7593d53fb8278c48df9a639f7002d1cc09eeb4024fb67406337
poi_502094_0375,mercer_sphere,Persistent_Level:PersistentLevel.BP_WAT27_8,D86A6DNVJPIFYWQKNCJZCJ3FB,mercer_sphere,BP_WAT2_C,1015.847,-2054.934,-31.283,++FactoryGame+rel-main-anniversary-2026-CL-502094,2c1ba76bf6aeb7593d53fb8278c48df9a639f7002d1cc09eeb4024fb67406337
poi_502094_0376,mercer_sphere,Persistent_Level:PersistentLevel.BP_WAT2_C_8,D9TRPKE33S98PUN1VEU3MM5MY,mercer_sphere,BP_WAT2_C,812.78,1765.13,68.396,++FactoryGame+rel-main-anniversary-2026-CL-502094,2c1ba76bf6aeb7593d53fb8278c48df9a639f7002d1cc09eeb4024fb67406337
poi_502094_0377,mercer_sphere,Persistent_Level:PersistentLevel.BP_WAT21_10184,DA0MFSEDIV8SMDUYDEN6II96E,mercer_sphere,BP_WAT2_C,1248.168,-118.596,185.595,++FactoryGame+rel-main-anniversary-2026-CL-502094,2c1ba76bf6aeb7593d53fb8278c48df9a639f7002d1cc09eeb4024fb67406337
poi_502094_0378,mercer_sphere,Persistent_Level:PersistentLevel.BP_WAT2_C_UAID_04421A9713F0F07A01_1459225259,DA0MFSEDIV8SMDUYDEN6II96E,mercer_sphere,BP_WAT2_C,1272.07,-168.21,130.38,++FactoryGame+rel-main-anniversary-2026-CL-502094,2c1ba76bf6aeb7593d53fb8278c48df9a639f7002d1cc09eeb4024fb67406337
poi_502094_0379,mercer_sphere,Persistent_Level:PersistentLevel.BP_WAT2_C_UAID_04421A9713F0F27A01_1632980625,DA0MFSEDIV8SMDUYDEN6II96E,mercer_sphere,BP_WAT2_C,1318.78,-301.68,103.41,++FactoryGame+rel-main-anniversary-2026-CL-502094,2c1ba76bf6aeb7593d53fb8278c48df9a639f7002d1cc09eeb4024fb67406337
poi_502094_0380,mercer_sphere,Persistent_Level:PersistentLevel.BP_WAT2_C_UAID_04421A9713F025A401_1185385862,DANZO2C5SIM0LTDJFT5P2OKYK,mercer_sphere,BP_WAT2_C,-1217.12,-1273.93,153.96,++FactoryGame+rel-main-anniversary-2026-CL-502094,2c1ba76bf6aeb7593d53fb8278c48df9a639f7002d1cc09eeb4024fb67406337
poi_502094_0381,mercer_sphere,Persistent_Level:PersistentLevel.BP_WAT42,DD3SAXYBLW5V4PFB0HULLWLRT,mercer_sphere,BP_WAT2_C,3869.218,2210.234,51.816,++FactoryGame+rel-main-anniversary-2026-CL-502094,2c1ba76bf6aeb7593d53fb8278c48df9a639f7002d1cc09eeb4024fb67406337
poi_502094_0382,mercer_sphere,Persistent_Level:PersistentLevel.BP_WAT29_38,DE0JWSHJUML4JVA3E0SZV3MKV,mercer_sphere,BP_WAT2_C,-1377.958,-473.549,237.037,++FactoryGame+rel-main-anniversary-2026-CL-502094,2c1ba76bf6aeb7593d53fb8278c48df9a639f7002d1cc09eeb4024fb67406337
poi_502094_0383,mercer_sphere,Persistent_Level:PersistentLevel.BP_WAT21_15,DFTEM3CBU6AYLSJVB3NTYGRQY,mercer_sphere,BP_WAT2_C,644.714,-1022.879,117.665,++FactoryGame+rel-main-anniversary-2026-CL-502094,2c1ba76bf6aeb7593d53fb8278c48df9a639f7002d1cc09eeb4024fb67406337
poi_502094_0384,mercer_sphere,Persistent_Level:PersistentLevel.BP_WAT211,DGLJFZ90EAGLE7R9ZT5QL4N2F,mercer_sphere,BP_WAT2_C,143.7,-1983.092,-110.307,++FactoryGame+rel-main-anniversary-2026-CL-502094,2c1ba76bf6aeb7593d53fb8278c48df9a639f7002d1cc09eeb4024fb67406337
poi_502094_0385,mercer_sphere,Persistent_Level:PersistentLevel.BP_WAT61,DIKPP4XVB69E8BDNXSQ9D3L4A,mercer_sphere,BP_WAT2_C,2686.027,696.779,95.736,++FactoryGame+rel-main-anniversary-2026-CL-502094,2c1ba76bf6aeb7593d53fb8278c48df9a639f7002d1cc09eeb4024fb67406337
poi_502094_0386,mercer_sphere,Persistent_Level:PersistentLevel.BP_WAT2_C_UAID_04421A9713F0B46201_1162892331,DLAE066U88DGNZ7CU6J65THSX,mercer_sphere,BP_WAT2_C,3585.14,2089.6,41.84,++FactoryGame+rel-main-anniversary-2026-CL-502094,2c1ba76bf6aeb7593d53fb8278c48df9a639f7002d1cc09eeb4024fb67406337
poi_502094_0387,mercer_sphere,Persistent_Level:PersistentLevel.BP_WAT21_2,DLE9SJZ8OFDG3N6EAG29CYW34,mercer_sphere,BP_WAT2_C,1787.763,-1891.263,7.714,++FactoryGame+rel-main-anniversary-2026-CL-502094,2c1ba76bf6aeb7593d53fb8278c48df9a639f7002d1cc09eeb4024fb67406337
poi_502094_0388,mercer_sphere,Persistent_Level:PersistentLevel.BP_WAT13_1,DQE2FUE2YG5ULHVIHD55FRONS,mercer_sphere,BP_WAT2_C,-369.31,760.82,116.4,++FactoryGame+rel-main-anniversary-2026-CL-502094,2c1ba76bf6aeb7593d53fb8278c48df9a639f7002d1cc09eeb4024fb67406337
poi_502094_0389,mercer_sphere,Persistent_Level:PersistentLevel.BP_WAT11,DSG7ACJQX0WF3C9K5Q8MLZB9K,mercer_sphere,BP_WAT2_C,-1131.919,532.357,216.831,++FactoryGame+rel-main-anniversary-2026-CL-502094,2c1ba76bf6aeb7593d53fb8278c48df9a639f7002d1cc09eeb4024fb67406337
poi_502094_0390,mercer_sphere,Persistent_Level:PersistentLevel.BP_WAT2_C_UAID_40B076DF2F79117901_1226789931,DT289L3R4Q62YAN7TTZSSS357,mercer_sphere,BP_WAT2_C,3816.218,676.534,-3.154,++FactoryGame+rel-main-anniversary-2026-CL-502094,2c1ba76bf6aeb7593d53fb8278c48df9a639f7002d1cc09eeb4024fb67406337
poi_502094_0391,mercer_sphere,Persistent_Level:PersistentLevel.BP_WAT2_C_UAID_04421A9713F0C46101_1178535097,DXVYYD8BKKT09X26V4GQSEQMA,mercer_sphere,BP_WAT2_C,-1724.66,36.25,128.72,++FactoryGame+rel-main-anniversary-2026-CL-502094,2c1ba76bf6aeb7593d53fb8278c48df9a639f7002d1cc09eeb4024fb67406337
poi_502094_0392,mercer_sphere,Persistent_Level:PersistentLevel.BP_WAT31_UAID_40B076DF2F7932A801_1267200370,DZ5ERFJK5CS6554CKDMJ9NXCE,mercer_sphere,BP_WAT2_C,1230.39,1244.668,37.89,++FactoryGame+rel-main-anniversary-2026-CL-502094,2c1ba76bf6aeb7593d53fb8278c48df9a639f7002d1cc09eeb4024fb67406337
poi_502094_0393,mercer_sphere,Persistent_Level:PersistentLevel.BP_WAT2_C_UAID_04421A9713F0327C01_1394521928,DZA468DWIP9BBC1RLD003U4AQ,mercer_sphere,BP_WAT2_C,1464.25,124.58,163.69,++FactoryGame+rel-main-anniversary-2026-CL-502094,2c1ba76bf6aeb7593d53fb8278c48df9a639f7002d1cc09eeb4024fb67406337
poi_502094_0394,mercer_sphere,Persistent_Level:PersistentLevel.BP_WAT2_C_21,E0QMEHLPI4E13EVTDMWZB0HWN,mercer_sphere,BP_WAT2_C,2814.127,-1214.088,1.563,++FactoryGame+rel-main-anniversary-2026-CL-502094,2c1ba76bf6aeb7593d53fb8278c48df9a639f7002d1cc09eeb4024fb67406337
poi_502094_0395,mercer_sphere,Persistent_Level:PersistentLevel.BP_WAT1_C_14,E61UU3MR6SINIIVNXEYQVK4R4,mercer_sphere,BP_WAT2_C,2474.541,-1196.636,-9.506,++FactoryGame+rel-main-anniversary-2026-CL-502094,2c1ba76bf6aeb7593d53fb8278c48df9a639f7002d1cc09eeb4024fb67406337
poi_502094_0396,mercer_sphere,Persistent_Level:PersistentLevel.BP_WAT21_25,E61UU3MR6SINIIVNXEYQVK4R4,mercer_sphere,BP_WAT2_C,2557.589,-1155.806,87.462,++FactoryGame+rel-main-anniversary-2026-CL-502094,2c1ba76bf6aeb7593d53fb8278c48df9a639f7002d1cc09eeb4024fb67406337
poi_502094_0397,mercer_sphere,Persistent_Level:PersistentLevel.BP_WAT3_UAID_40B076DF2F796A7301_1820015257,E6VDO3IRB8GYFL0D6AZYCE988,mercer_sphere,BP_WAT2_C,422.088,1186.794,113.699,++FactoryGame+rel-main-anniversary-2026-CL-502094,2c1ba76bf6aeb7593d53fb8278c48df9a639f7002d1cc09eeb4024fb67406337
poi_502094_0398,mercer_sphere,Persistent_Level:PersistentLevel.BP_WAT2_C_33,ECM91LC9SCX17MK67022TK8FI,mercer_sphere,BP_WAT2_C,3218.597,720.769,56.686,++FactoryGame+rel-main-anniversary-2026-CL-502094,2c1ba76bf6aeb7593d53fb8278c48df9a639f7002d1cc09eeb4024fb67406337
poi_502094_0399,mercer_sphere,Persistent_Level:PersistentLevel.BP_WAT31_17,EJUSBUBXZHMXUBS5PC7J30RBT,mercer_sphere,BP_WAT2_C,1531.67,1107.048,-11.96,++FactoryGame+rel-main-anniversary-2026-CL-502094,2c1ba76bf6aeb7593d53fb8278c48df9a639f7002d1cc09eeb4024fb67406337
poi_502094_0400,mercer_sphere,Persistent_Level:PersistentLevel.BP_WAT22,EPNKO53YJKXUZRUS8MU7JYU4Q,mercer_sphere,BP_WAT2_C,-2675.991,1806.809,4.624,++FactoryGame+rel-main-anniversary-2026-CL-502094,2c1ba76bf6aeb7593d53fb8278c48df9a639f7002d1cc09eeb4024fb67406337
poi_502094_0401,mercer_sphere,Persistent_Level:PersistentLevel.BP_WAT143_4633,EQ3RXAR8YVCMQ5LYPC1XVLOZ4,mercer_sphere,BP_WAT2_C,-1454.738,-898.16,93.245,++FactoryGame+rel-main-anniversary-2026-CL-502094,2c1ba76bf6aeb7593d53fb8278c48df9a639f7002d1cc09eeb4024fb67406337
poi_502094_0402,mercer_sphere,Persistent_Level:PersistentLevel.BP_WAT2_C_UAID_04421A9713F0737801_1258887144,EQV6F4YDIXBQYSESRGVEPSI4M,mercer_sphere,BP_WAT2_C,1863.512,308.38,103.327,++FactoryGame+rel-main-anniversary-2026-CL-502094,2c1ba76bf6aeb7593d53fb8278c48df9a639f7002d1cc09eeb4024fb67406337
poi_502094_0403,mercer_sphere,Persistent_Level:PersistentLevel.BP_WAT30_14,EQV6F4YDIXBQYSESRGVEPSI4M,mercer_sphere,BP_WAT2_C,1848.196,492.178,56.417,++FactoryGame+rel-main-anniversary-2026-CL-502094,2c1ba76bf6aeb7593d53fb8278c48df9a639f7002d1cc09eeb4024fb67406337
poi_502094_0404,mercer_sphere,Persistent_Level:PersistentLevel.BP_WAT25_6,ETK76NUH3SMT5CZD1LZ7XFPOR,mercer_sphere,BP_WAT2_C,1635.344,-2074.282,-91.773,++FactoryGame+rel-main-anniversary-2026-CL-502094,2c1ba76bf6aeb7593d53fb8278c48df9a639f7002d1cc09eeb4024fb67406337
poi_502094_0405,mercer_sphere,Persistent_Level:PersistentLevel.BP_WAT26_29,ETKG8NSAO6YFJTFIDYRLKXII5,mercer_sphere,BP_WAT2_C,-799.92,-397.405,197.838,++FactoryGame+rel-main-anniversary-2026-CL-502094,2c1ba76bf6aeb7593d53fb8278c48df9a639f7002d1cc09eeb4024fb67406337
poi_502094_0406,mercer_sphere,Persistent_Level:PersistentLevel.BP_WAT94_781,ETXFQ1WXUGLV4FN21GXWTVYNU,mercer_sphere,BP_WAT2_C,673.01,-2432.975,11.716,++FactoryGame+rel-main-anniversary-2026-CL-502094,2c1ba76bf6aeb7593d53fb8278c48df9a639f7002d1cc09eeb4024fb67406337
poi_502094_0407,mercer_sphere,Persistent_Level:PersistentLevel.BP_WAT2_C_0,EVOBVNIZXZH3P171HK2AF9NJ5,mercer_sphere,BP_WAT2_C,-284.35,1800.56,118.143,++FactoryGame+rel-main-anniversary-2026-CL-502094,2c1ba76bf6aeb7593d53fb8278c48df9a639f7002d1cc09eeb4024fb67406337
poi_502094_0408,mercer_sphere,Persistent_Level:PersistentLevel.BP_WAT109,EX86OPVVFD834Z9LEG2JI00UU,mercer_sphere,BP_WAT2_C,1296.9,1831.591,-5.79,++FactoryGame+rel-main-anniversary-2026-CL-502094,2c1ba76bf6aeb7593d53fb8278c48df9a639f7002d1cc09eeb4024fb67406337
poi_502094_0409,mercer_sphere,Persistent_Level:PersistentLevel.BP_WAT2_C_17,EX86OPVVFD834Z9LEG2JI00UU,mercer_sphere,BP_WAT2_C,1184.79,1772.801,12.796,++FactoryGame+rel-main-anniversary-2026-CL-502094,2c1ba76bf6aeb7593d53fb8278c48df9a639f7002d1cc09eeb4024fb67406337
poi_502094_0410,mercer_sphere,Persistent_Level:PersistentLevel.BP_WAT2_C_UAID_04421A9713F0327C01_1605927929,F1OVL33BAIA1H4OCNI68V1FS9,mercer_sphere,BP_WAT2_C,1982.04,1.57,54.07,++FactoryGame+rel-main-anniversary-2026-CL-502094,2c1ba76bf6aeb7593d53fb8278c48df9a639f7002d1cc09eeb4024fb67406337
poi_502094_0411,mercer_sphere,Persistent_Level:PersistentLevel.BP_WAT2_C_UAID_04421A9713F0337C01_1544698108,F1OVL33BAIA1H4OCNI68V1FS9,mercer_sphere,BP_WAT2_C,2019.26,-45.5,129.99,++FactoryGame+rel-main-anniversary-2026-CL-502094,2c1ba76bf6aeb7593d53fb8278c48df9a639f7002d1cc09eeb4024fb67406337
poi_502094_0412,mercer_sphere,Persistent_Level:PersistentLevel.BP_WAT2_C_UAID_04421A9713F0307C01_1078840569,F38EQCJFYG8UE3JCR0F7FBTQL,mercer_sphere,BP_WAT2_C,1125.34,-678.33,162.12,++FactoryGame+rel-main-anniversary-2026-CL-502094,2c1ba76bf6aeb7593d53fb8278c48df9a639f7002d1cc09eeb4024fb67406337
poi_502094_0413,mercer_sphere,Persistent_Level:PersistentLevel.BP_WAT73,F3WI9LDL58SN8N6DYIW2OF3RO,mercer_sphere,BP_WAT2_C,-720.19,2247.711,57.499,++FactoryGame+rel-main-anniversary-2026-CL-502094,2c1ba76bf6aeb7593d53fb8278c48df9a639f7002d1cc09eeb4024fb67406337
poi_502094_0414,mercer_sphere,Persistent_Level:PersistentLevel.BP_WAT144,F4N4HLWUIKWI5X9MEGCWP1TRY,mercer_sphere,BP_WAT2_C,-1104.67,-921.974,50.77,++FactoryGame+rel-main-anniversary-2026-CL-502094,2c1ba76bf6aeb7593d53fb8278c48df9a639f7002d1cc09eeb4024fb67406337
poi_502094_0415,mercer_sphere,Persistent_Level:PersistentLevel.BP_WAT21_24,F4N4HLWUIKWI5X9MEGCWP1TRY,mercer_sphere,BP_WAT2_C,-988.372,-855.124,175.743,++FactoryGame+rel-main-anniversary-2026-CL-502094,2c1ba76bf6aeb7593d53fb8278c48df9a639f7002d1cc09eeb4024fb67406337
poi_502094_0416,mercer_sphere,Persistent_Level:PersistentLevel.BP_WAT212,F4QDBDBOVEVZJES2VWWII2ASP,mercer_sphere,BP_WAT2_C,-2638.941,1115.609,-15.078,++FactoryGame+rel-main-anniversary-2026-CL-502094,2c1ba76bf6aeb7593d53fb8278c48df9a639f7002d1cc09eeb4024fb67406337
poi_502094_0417,power_slug_blue,Persistent_Level:PersistentLevel.BP_Crystal4_4,015RYOHOFH7CVMMFME4056P54,power_slug_blue,BP_Crystal_C,109.731,-2928.288,35.451,++FactoryGame+rel-main-anniversary-2026-CL-502094,2c1ba76bf6aeb7593d53fb8278c48df9a639f7002d1cc09eeb4024fb67406337
poi_502094_0418,power_slug_blue,Persistent_Level:PersistentLevel.BP_Crystal5_5,015RYOHOFH7CVMMFME4056P54,power_slug_blue,BP_Crystal_C,141.584,-2778.45,-52.757,++FactoryGame+rel-main-anniversary-2026-CL-502094,2c1ba76bf6aeb7593d53fb8278c48df9a639f7002d1cc09eeb4024fb67406337
poi_502094_0419,power_slug_blue,Persistent_Level:PersistentLevel.BP_Crystal6_6,015RYOHOFH7CVMMFME4056P54,power_slug_blue,BP_Crystal_C,116.391,-2782.18,-51.348,++FactoryGame+rel-main-anniversary-2026-CL-502094,2c1ba76bf6aeb7593d53fb8278c48df9a639f7002d1cc09eeb4024fb67406337
poi_502094_0420,power_slug_blue,Persistent_Level:PersistentLevel.BP_Crystal1_3,02M8DS4U0NQ5C1G41ZN0B87KJ,power_slug_blue,BP_Crystal_C,1383.396,457.516,79.387,++FactoryGame+rel-main-anniversary-2026-CL-502094,2c1ba76bf6aeb7593d53fb8278c48df9a639f7002d1cc09eeb4024fb67406337
poi_502094_0421,power_slug_blue,Persistent_Level:PersistentLevel.BP_Crystal_C_UAID_04421A9713F0395B01_1557158296,03ZCPBHIVK00B2FFLHN6JMVAG,power_slug_blue,BP_Crystal_C,1927.32,1734.52,236.41,++FactoryGame+rel-main-anniversary-2026-CL-502094,2c1ba76bf6aeb7593d53fb8278c48df9a639f7002d1cc09eeb4024fb67406337
poi_502094_0422,power_slug_blue,Persistent_Level:PersistentLevel.BP_Crystal_C_UAID_04421A9713F0395B01_1742920298,05T77O664VCG76XIK7PCWON5H,power_slug_blue,BP_Crystal_C,1834.94,1948.58,238.54,++FactoryGame+rel-main-anniversary-2026-CL-502094,2c1ba76bf6aeb7593d53fb8278c48df9a639f7002d1cc09eeb4024fb67406337
poi_502094_0423,power_slug_blue,Persistent_Level:PersistentLevel.BP_Crystal_C_UAID_04421A9713F03A5B01_1333253475,05T77O664VCG76XIK7PCWON5H,power_slug_blue,BP_Crystal_C,1944.57,2139.98,234.74,++FactoryGame+rel-main-anniversary-2026-CL-502094,2c1ba76bf6aeb7593d53fb8278c48df9a639f7002d1cc09eeb4024fb67406337
poi_502094_0424,power_slug_blue,Persistent_Level:PersistentLevel.BP_Crystal_C_UAID_04421A9713F0217201_1462011415,07L1K4YHHUECRA3UK0QSMBGWD,power_slug_blue,BP_Crystal_C,-959.03,-82.43,220.13,++FactoryGame+rel-main-anniversary-2026-CL-502094,2c1ba76bf6aeb7593d53fb8278c48df9a639f7002d1cc09eeb4024fb67406337
poi_502094_0425,power_slug_blue,Persistent_Level:PersistentLevel.BP_Crystal_C_UAID_04421A9713F0217201_2134786423,07L1K4YHHUECRA3UK0QSMBGWD,power_slug_blue,BP_Crystal_C,-944.14,-86.79,217.05,++FactoryGame+rel-main-anniversary-2026-CL-502094,2c1ba76bf6aeb7593d53fb8278c48df9a639f7002d1cc09eeb4024fb67406337
poi_502094_0426,power_slug_blue,Persistent_Level:PersistentLevel.BP_Crystal_C_UAID_04421A9713F0277201_2091967520,07L1K4YHHUECRA3UK0QSMBGWD,power_slug_blue,BP_Crystal_C,-929.48,-74.69,231.1,++FactoryGame+rel-main-anniversary-2026-CL-502094,2c1ba76bf6aeb7593d53fb8278c48df9a639f7002d1cc09eeb4024fb67406337
poi_502094_0427,power_slug_blue,Persistent_Level:PersistentLevel.BP_Crystal_C_UAID_04421A9713F02B7201_1774057258,07L1K4YHHUECRA3UK0QSMBGWD,power_slug_blue,BP_Crystal_C,-938.07,-61.82,206.19,++FactoryGame+rel-main-anniversary-2026-CL-502094,2c1ba76bf6aeb7593d53fb8278c48df9a639f7002d1cc09eeb4024fb67406337
poi_502094_0428,power_slug_blue,Persistent_Level:PersistentLevel.BP_Crystal_C_UAID_04421A9713F05A7301_2035634448,07L1K4YHHUECRA3UK0QSMBGWD,power_slug_blue,BP_Crystal_C,-933.58,-96.41,223.01,++FactoryGame+rel-main-anniversary-2026-CL-502094,2c1ba76bf6aeb7593d53fb8278c48df9a639f7002d1cc09eeb4024fb67406337
poi_502094_0429,power_slug_blue,Persistent_Level:PersistentLevel.BP_Crystal_mk24_11,090RXBQSTNG5C1XD7EGH168JV,power_slug_blue,BP_Crystal_C,2263.06,2231.884,51.26,++FactoryGame+rel-main-anniversary-2026-CL-502094,2c1ba76bf6aeb7593d53fb8278c48df9a639f7002d1cc09eeb4024fb67406337
poi_502094_0430,power_slug_blue,Persistent_Level:PersistentLevel.BP_Crystal_C_41,091CKM3H3UI1DBT79RXLW2J33,power_slug_blue,BP_Crystal_C,1660.36,-1165.47,98.41,++FactoryGame+rel-main-anniversary-2026-CL-502094,2c1ba76bf6aeb7593d53fb8278c48df9a639f7002d1cc09eeb4024fb67406337
poi_502094_0431,power_slug_blue,Persistent_Level:PersistentLevel.BP_Crystal_C_UAID_04421A9713F006B101_2082315136,096FW42DRVSL2FHORE0SIDSTG,power_slug_blue,BP_Crystal_C,2130.6,1070.89,88.12,++FactoryGame+rel-main-anniversary-2026-CL-502094,2c1ba76bf6aeb7593d53fb8278c48df9a639f7002d1cc09eeb4024fb67406337
poi_502094_0432,power_slug_blue,Persistent_Level:PersistentLevel.BP_Crystal17_UAID_40B076DF2F79845B01_1828836491,0A2MGPVG4NN3PY8XM8661V6OF,power_slug_blue,BP_Crystal_C,458.518,1697.865,16.735,++FactoryGame+rel-main-anniversary-2026-CL-502094,2c1ba76bf6aeb7593d53fb8278c48df9a639f7002d1cc09eeb4024fb67406337
poi_502094_0433,power_slug_blue,Persistent_Level:PersistentLevel.BP_Crystal9_11,0A2MGPVG4NN3PY8XM8661V6OF,power_slug_blue,BP_Crystal_C,405.117,1562.652,60.928,++FactoryGame+rel-main-anniversary-2026-CL-502094,2c1ba76bf6aeb7593d53fb8278c48df9a639f7002d1cc09eeb4024fb67406337
poi_502094_0434,power_slug_blue,Persistent_Level:PersistentLevel.BP_Crystal_C_30,0A2MGPVG4NN3PY8XM8661V6OF,power_slug_blue,BP_Crystal_C,315.485,1680.833,-11.639,++FactoryGame+rel-main-anniversary-2026-CL-502094,2c1ba76bf6aeb7593d53fb8278c48df9a639f7002d1cc09eeb4024fb67406337
poi_502094_0435,power_slug_blue,Persistent_Level:PersistentLevel.BP_Crystal_C_31,0A2MGPVG4NN3PY8XM8661V6OF,power_slug_blue,BP_Crystal_C,332.745,1629.938,15.989,++FactoryGame+rel-main-anniversary-2026-CL-502094,2c1ba76bf6aeb7593d53fb8278c48df9a639f7002d1cc09eeb4024fb67406337
poi_502094_0436,power_slug_blue,Persistent_Level:PersistentLevel.BP_Crystal_C_UAID_40B076DF2F792E6001_1313258633,0A2MGPVG4NN3PY8XM8661V6OF,power_slug_blue,BP_Crystal_C,359.33,1624.78,187.024,++FactoryGame+rel-main-anniversary-2026-CL-502094,2c1ba76bf6aeb7593d53fb8278c48df9a639f7002d1cc09eeb4024fb67406337
poi_502094_0437,power_slug_blue,Persistent_Level:PersistentLevel.BP_Crystal_C_UAID_40B076DF2F792E6001_2033315634,0A2MGPVG4NN3PY8XM8661V6OF,power_slug_blue,BP_Crystal_C,471.89,1694.33,213.544,++FactoryGame+rel-main-anniversary-2026-CL-502094,2c1ba76bf6aeb7593d53fb8278c48df9a639f7002d1cc09eeb4024fb67406337
poi_502094_0438,power_slug_blue,Persistent_Level:PersistentLevel.BP_Crystal24_16,0AFMHN0PYXRAZ32AHLUVLF9KG,power_slug_blue,BP_Crystal_C,1254.138,-2376.171,-108.407,++FactoryGame+rel-main-anniversary-2026-CL-502094,2c1ba76bf6aeb7593d53fb8278c48df9a639f7002d1cc09eeb4024fb67406337
poi_502094_0439,power_slug_blue,Persistent_Level:PersistentLevel.BP_Crystal27_18,0AFMHN0PYXRAZ32AHLUVLF9KG,power_slug_blue,BP_Crystal_C,1320.777,-2482.805,-103.415,++FactoryGame+rel-main-anniversary-2026-CL-502094,2c1ba76bf6aeb7593d53fb8278c48df9a639f7002d1cc09eeb4024fb67406337
poi_502094_0440,power_slug_blue,Persistent_Level:PersistentLevel.BP_Crystal18_22,0GJT3EYAXXWDE23KVGG2JRNH8,power_slug_blue,BP_Crystal_C,-2291.49,211.679,47.758,++FactoryGame+rel-main-anniversary-2026-CL-502094,2c1ba76bf6aeb7593d53fb8278c48df9a639f7002d1cc09eeb4024fb67406337
poi_502094_0441,power_slug_blue,Persistent_Level:PersistentLevel.BP_Crystal6_9,0GJT3EYAXXWDE23KVGG2JRNH8,power_slug_blue,BP_Crystal_C,-2296.376,205.394,-19.089,++FactoryGame+rel-main-anniversary-2026-CL-502094,2c1ba76bf6aeb7593d53fb8278c48df9a639f7002d1cc09eeb4024fb67406337
poi_502094_0442,power_slug_blue,Persistent_Level:PersistentLevel.BP_Crystal28,0HL69RJSJ6XRPDCM1JSCJJ1MB,power_slug_blue,BP_Crystal_C,-2063.587,1956.57,-13.912,++FactoryGame+rel-main-anniversary-2026-CL-502094,2c1ba76bf6aeb7593d53fb8278c48df9a639f7002d1cc09eeb4024fb67406337
poi_502094_0443,power_slug_blue,Persistent_Level:PersistentLevel.BP_Crystal_C_UAID_40B076DF2F79955F01_1408102760,0HZHRXOVC1IB2TIL7442CSN33,power_slug_blue,BP_Crystal_C,-392.069,1985.156,82.255,++FactoryGame+rel-main-anniversary-2026-CL-502094,2c1ba76bf6aeb7593d53fb8278c48df9a639f7002d1cc09eeb4024fb67406337
poi_502094_0444,power_slug_blue,Persistent_Level:PersistentLevel.BP_Crystal_C_UAID_40B076DF2F79CC6201_1521305575,0HZHRXOVC1IB2TIL7442CSN33,power_slug_blue,BP_Crystal_C,-410.549,2023.784,26.368,++FactoryGame+rel-main-anniversary-2026-CL-502094,2c1ba76bf6aeb7593d53fb8278c48df9a639f7002d1cc09eeb4024fb67406337
poi_502094_0445,power_slug_blue,Persistent_Level:PersistentLevel.BP_Crystal_C_UAID_04421A9713F0E85F01_1933315318,0IRH6DGFR7LBSRJZSGQTC0OCN,power_slug_blue,BP_Crystal_C,2271.8,2783.48,247.22,++FactoryGame+rel-main-anniversary-2026-CL-502094,2c1ba76bf6aeb7593d53fb8278c48df9a639f7002d1cc09eeb4024fb67406337
poi_502094_0446,power_slug_blue,Persistent_Level:PersistentLevel.BP_Crystal6_14,0JMESHD2WUF1ZM0KQ6ON3JKG9,power_slug_blue,BP_Crystal_C,-182.5,488.364,157.416,++FactoryGame+rel-main-anniversary-2026-CL-502094,2c1ba76bf6aeb7593d53fb8278c48df9a639f7002d1cc09eeb4024fb67406337
poi_502094_0447,power_slug_blue,Persistent_Level:PersistentLevel.BP_Crystal29,0KSRDJC6TCGZZ6RQYLKADRHHJ,power_slug_blue,BP_Crystal_C,-1927.044,1473.944,36.062,++FactoryGame+rel-main-anniversary-2026-CL-502094,2c1ba76bf6aeb7593d53fb8278c48df9a639f7002d1cc09eeb4024fb67406337
poi_502094_0448,power_slug_blue,Persistent_Level:PersistentLevel.BP_Crystal32_7,0KSRDJC6TCGZZ6RQYLKADRHHJ,power_slug_blue,BP_Crystal_C,-1823.179,1502.811,20.074,++FactoryGame+rel-main-anniversary-2026-CL-502094,2c1ba76bf6aeb7593d53fb8278c48df9a639f7002d1cc09eeb4024fb67406337
poi_502094_0449,power_slug_blue,Persistent_Level:PersistentLevel.BP_Crystal33,0KSRDJC6TCGZZ6RQYLKADRHHJ,power_slug_blue,BP_Crystal_C,-1768.283,1431.896,53.126,++FactoryGame+rel-main-anniversary-2026-CL-502094,2c1ba76bf6aeb7593d53fb8278c48df9a639f7002d1cc09eeb4024fb67406337
poi_502094_0450,power_slug_blue,Persistent_Level:PersistentLevel.BP_Crystal38,0KSRDJC6TCGZZ6RQYLKADRHHJ,power_slug_blue,BP_Crystal_C,-1876.397,1434.1,-12.363,++FactoryGame+rel-main-anniversary-2026-CL-502094,2c1ba76bf6aeb7593d53fb8278c48df9a639f7002d1cc09eeb4024fb67406337
poi_502094_0451,power_slug_blue,Persistent_Level:PersistentLevel.BP_Crystal42,0KSRDJC6TCGZZ6RQYLKADRHHJ,power_slug_blue,BP_Crystal_C,-1801.972,1359.561,-17.227,++FactoryGame+rel-main-anniversary-2026-CL-502094,2c1ba76bf6aeb7593d53fb8278c48df9a639f7002d1cc09eeb4024fb67406337
poi_502094_0452,power_slug_blue,Persistent_Level:PersistentLevel.BP_Crystal58,0LJ8DYZWIVFUHURJUDHPCIHUG,power_slug_blue,BP_Crystal_C,3568.755,1296.683,48.673,++FactoryGame+rel-main-anniversary-2026-CL-502094,2c1ba76bf6aeb7593d53fb8278c48df9a639f7002d1cc09eeb4024fb67406337
poi_502094_0453,power_slug_blue,Persistent_Level:PersistentLevel.BP_Crystal11_80,0MWUKL4O9Z4UQKWW8Q6FML4SZ,power_slug_blue,BP_Crystal_C,2468.863,-692.218,-17.076,++FactoryGame+rel-main-anniversary-2026-CL-502094,2c1ba76bf6aeb7593d53fb8278c48df9a639f7002d1cc09eeb4024fb67406337
poi_502094_0454,power_slug_blue,Persistent_Level:PersistentLevel.BP_Crystal9_78,0MWUKL4O9Z4UQKWW8Q6FML4SZ,power_slug_blue,BP_Crystal_C,2389.023,-699.537,-16.55,++FactoryGame+rel-main-anniversary-2026-CL-502094,2c1ba76bf6aeb7593d53fb8278c48df9a639f7002d1cc09eeb4024fb67406337
poi_502094_0455,power_slug_blue,Persistent_Level:PersistentLevel.BP_Crystal_C_79,0MWUKL4O9Z4UQKWW8Q6FML4SZ,power_slug_blue,BP_Crystal_C,2370.21,-607.823,-16.67,++FactoryGame+rel-main-anniversary-2026-CL-502094,2c1ba76bf6aeb7593d53fb8278c48df9a639f7002d1cc09eeb4024fb67406337
poi_502094_0456,power_slug_blue,Persistent_Level:PersistentLevel.BP_Crystal14_10,0NWT2EGLNG3SKZG447TX0TRH0,power_slug_blue,BP_Crystal_C,398.726,-16.303,173.261,++FactoryGame+rel-main-anniversary-2026-CL-502094,2c1ba76bf6aeb7593d53fb8278c48df9a639f7002d1cc09eeb4024fb67406337
poi_502094_0457,power_slug_blue,Persistent_Level:PersistentLevel.BP_Crystal20_24,0OX6O83Q7SN4HUKQNYF26PUG1,power_slug_blue,BP_Crystal_C,755.802,1269.749,70.073,++FactoryGame+rel-main-anniversary-2026-CL-502094,2c1ba76bf6aeb7593d53fb8278c48df9a639f7002d1cc09eeb4024fb67406337
poi_502094_0458,power_slug_blue,Persistent_Level:PersistentLevel.BP_Crystal9_19,0OZVJ6AU61E93AVTA1PSAVV6S,power_slug_blue,BP_Crystal_C,543.183,-562.079,200.875,++FactoryGame+rel-main-anniversary-2026-CL-502094,2c1ba76bf6aeb7593d53fb8278c48df9a639f7002d1cc09eeb4024fb67406337
poi_502094_0459,power_slug_blue,Persistent_Level:PersistentLevel.BP_Crystal28_28,0TF8OZTECMBXW5B9PBI046IS2,power_slug_blue,BP_Crystal_C,-782.441,-2707.551,-39.665,++FactoryGame+rel-main-anniversary-2026-CL-502094,2c1ba76bf6aeb7593d53fb8278c48df9a639f7002d1cc09eeb4024fb67406337
poi_502094_0460,power_slug_blue,Persistent_Level:PersistentLevel.BP_Crystal4_0,0UAONFCKT7ZU16NC81VQ880D5,power_slug_blue,BP_Crystal_C,-37.123,-781.491,218.713,++FactoryGame+rel-main-anniversary-2026-CL-502094,2c1ba76bf6aeb7593d53fb8278c48df9a639f7002d1cc09eeb4024fb67406337
poi_502094_0461,power_slug_blue,Persistent_Level:PersistentLevel.BP_Crystal14_20,0UE0NUYFF08N3ZZ2WTHS4ZXHY,power_slug_blue,BP_Crystal_C,1757.045,-2252.115,-32.701,++FactoryGame+rel-main-anniversary-2026-CL-502094,2c1ba76bf6aeb7593d53fb8278c48df9a639f7002d1cc09eeb4024fb67406337
poi_502094_0462,power_slug_blue,Persistent_Level:PersistentLevel.BP_Crystal27,0V4R2YF23ZAZTMXD16HT5SAIH,power_slug_blue,BP_Crystal_C,-1600.887,1638.079,146.268,++FactoryGame+rel-main-anniversary-2026-CL-502094,2c1ba76bf6aeb7593d53fb8278c48df9a639f7002d1cc09eeb4024fb67406337
poi_502094_0463,power_slug_blue,Persistent_Level:PersistentLevel.BP_Crystal_C_UAID_40B076DF2F79486001_1737515225,0WL4TSFJARMNFETAU2EZEKHA4,power_slug_blue,BP_Crystal_C,-638.599,2177.286,30.881,++FactoryGame+rel-main-anniversary-2026-CL-502094,2c1ba76bf6aeb7593d53fb8278c48df9a639f7002d1cc09eeb4024fb67406337
poi_502094_0464,power_slug_blue,Persistent_Level:PersistentLevel.BP_Crystal_C_UAID_40B076DF2F79486001_1870504226,0WL4TSFJARMNFETAU2EZEKHA4,power_slug_blue,BP_Crystal_C,-525.819,2155.836,28.795,++FactoryGame+rel-main-anniversary-2026-CL-502094,2c1ba76bf6aeb7593d53fb8278c48df9a639f7002d1cc09eeb4024fb67406337
poi_502094_0465,power_slug_blue,Persistent_Level:PersistentLevel.BP_Crystal_mk45_UAID_40B076DF2F79B26201_1656659976,0X2A31J4BRFODOBMWQR0PFKY8,power_slug_blue,BP_Crystal_C,668.484,1784.614,-13.88,++FactoryGame+rel-main-anniversary-2026-CL-502094,2c1ba76bf6aeb7593d53fb8278c48df9a639f7002d1cc09eeb4024fb67406337
poi_502094_0466,power_slug_blue,Persistent_Level:PersistentLevel.BP_Crystal2_0,1021TK291WEHIZ3YBBZBUTZO5,power_slug_blue,BP_Crystal_C,1281.836,947.896,42.004,++FactoryGame+rel-main-anniversary-2026-CL-502094,2c1ba76bf6aeb7593d53fb8278c48df9a639f7002d1cc09eeb4024fb67406337
poi_502094_0467,power_slug_blue,Persistent_Level:PersistentLevel.BP_Crystal_C_UAID_04421A9713F06E5D01_1646682771,10TH6LBPL45EHGDNWV7ITGN33,power_slug_blue,BP_Crystal_C,1812.93,-1499.01,85.25,++FactoryGame+rel-main-anniversary-2026-CL-502094,2c1ba76bf6aeb7593d53fb8278c48df9a639f7002d1cc09eeb4024fb67406337
poi_502094_0468,power_slug_blue,Persistent_Level:PersistentLevel.BP_Crystal_C_27,111AK3DFL126G8VUBWQA3FG82,power_slug_blue,BP_Crystal_C,72.293,1314.906,139.714,++FactoryGame+rel-main-anniversary-2026-CL-502094,2c1ba76bf6aeb7593d53fb8278c48df9a639f7002d1cc09eeb4024fb67406337
poi_502094_0469,power_slug_blue,Persistent_Level:PersistentLevel.BP_Crystal1_17,11KHWQDIPW6NV4N5AMYD0FL5D,power_slug_blue,BP_Crystal_C,-2253.02,-553.209,16.619,++FactoryGame+rel-main-anniversary-2026-CL-502094,2c1ba76bf6aeb7593d53fb8278c48df9a639f7002d1cc09eeb4024fb67406337
poi_502094_0470,power_slug_blue,Persistent_Level:PersistentLevel.BP_Crystal15_13,11MSWN6NQ4TW6L7DRTKESBKZM,power_slug_blue,BP_Crystal_C,1146.243,467.284,83.216,++FactoryGame+rel-main-anniversary-2026-CL-502094,2c1ba76bf6aeb7593d53fb8278c48df9a639f7002d1cc09eeb4024fb67406337
poi_502094_0471,power_slug_blue,Persistent_Level:PersistentLevel.BP_Crystal_C_UAID_40B076DF2F79738301_1767542746,12I0LOPUJSDOMOMCM9OSUAC4Y,power_slug_blue,BP_Crystal_C,-40.6,-1478.0,-70.3,++FactoryGame+rel-main-anniversary-2026-CL-502094,2c1ba76bf6aeb7593d53fb8278c48df9a639f7002d1cc09eeb4024fb67406337
poi_502094_0472,power_slug_blue,Persistent_Level:PersistentLevel.BP_Crystal10_15,12RJGJDVZ4HWWINFHLF3YVKD8,power_slug_blue,BP_Crystal_C,1536.551,-2577.053,-9.26,++FactoryGame+rel-main-anniversary-2026-CL-502094,2c1ba76bf6aeb7593d53fb8278c48df9a639f7002d1cc09eeb4024fb67406337
poi_502094_0473,power_slug_blue,Persistent_Level:PersistentLevel.BP_Crystal_C_UAID_40B076DF2F79A75901_1341271538,12Y5BP25WR7GGRSE39L6FHOLS,power_slug_blue,BP_Crystal_C,349.209,2203.486,-17.012,++FactoryGame+rel-main-anniversary-2026-CL-502094,2c1ba76bf6aeb7593d53fb8278c48df9a639f7002d1cc09eeb4024fb67406337
poi_502094_0474,power_slug_blue,Persistent_Level:PersistentLevel.BP_Crystal_C_UAID_40B076DF2F79B46201_1396705333,12Y5BP25WR7GGRSE39L6FHOLS,power_slug_blue,BP_Crystal_C,339.65,2309.94,-7.85,++FactoryGame+rel-main-anniversary-2026-CL-502094,2c1ba76bf6aeb7593d53fb8278c48df9a639f7002d1cc09eeb4024fb67406337
poi_502094_0475,power_slug_blue,Persistent_Level:PersistentLevel.BP_Crystal11_14,136GIYGVORSSJ0WM2FJHWMSX7,power_slug_blue,BP_Crystal_C,-1519.338,402.914,28.636,++FactoryGame+rel-main-anniversary-2026-CL-502094,2c1ba76bf6aeb7593d53fb8278c48df9a639f7002d1cc09eeb4024fb67406337
poi_502094_0476,power_slug_blue,Persistent_Level:PersistentLevel.BP_Crystal_C_10,146ZQYTXCGH9HVL0C61SIXZKL,power_slug_blue,BP_Crystal_C,773.926,-1898.282,22.391,++FactoryGame+rel-main-anniversary-2026-CL-502094,2c1ba76bf6aeb7593d53fb8278c48df9a639f7002d1cc09eeb4024fb67406337
poi_502094_0477,power_slug_blue,Persistent_Level:PersistentLevel.BP_Crystal_C_UAID_04421A9713F0AA5201_1287975681,16TS5SGLAB5OGQMHLQT1K027S,power_slug_blue,BP_Crystal_C,1947.37,1866.99,235.7,++FactoryGame+rel-main-anniversary-2026-CL-502094,2c1ba76bf6aeb7593d53fb8278c48df9a639f7002d1cc09eeb4024fb67406337
poi_502094_0478,power_slug_blue,Persistent_Level:PersistentLevel.BP_Crystal_C_UAID_04421A9713F0AB5201_1104409861,16TS5SGLAB5OGQMHLQT1K027S,power_slug_blue,BP_Crystal_C,1953.48,1878.81,241.09,++FactoryGame+rel-main-anniversary-2026-CL-502094,2c1ba76bf6aeb7593d53fb8278c48df9a639f7002d1cc09eeb4024fb67406337
poi_502094_0479,power_slug_blue,Persistent_Level:PersistentLevel.BP_Crystal_C_UAID_04421A9713F0E85F01_1421899313,16TS5SGLAB5OGQMHLQT1K027S,power_slug_blue,BP_Crystal_C,2002.25,1839.3,267.34,++FactoryGame+rel-main-anniversary-2026-CL-502094,2c1ba76bf6aeb7593d53fb8278c48df9a639f7002d1cc09eeb4024fb67406337
poi_502094_0480,power_slug_blue,Persistent_Level:PersistentLevel.BP_Crystal4_7,1AZUXHBU2QI2Y1HHTQI1SONF0,power_slug_blue,BP_Crystal_C,-2136.606,689.653,0.781,++FactoryGame+rel-main-anniversary-2026-CL-502094,2c1ba76bf6aeb7593d53fb8278c48df9a639f7002d1cc09eeb4024fb67406337
poi_502094_0481,power_slug_blue,Persistent_Level:PersistentLevel.BP_Crystal3,1BPCWY78F5M39IA47M0O2S7BA,power_slug_blue,BP_Crystal_C,-2272.219,1444.4,46.396,++FactoryGame+rel-main-anniversary-2026-CL-502094,2c1ba76bf6aeb7593d53fb8278c48df9a639f7002d1cc09eeb4024fb67406337
poi_502094_0482,power_slug_blue,Persistent_Level:PersistentLevel.BP_Crystal_C_23,1CWS3JV6X8NQBUYGJ9L3IUUXB,power_slug_blue,BP_Crystal_C,377.06,393.35,135.22,++FactoryGame+rel-main-anniversary-2026-CL-502094,2c1ba76bf6aeb7593d53fb8278c48df9a639f7002d1cc09eeb4024fb67406337
poi_502094_0483,power_slug_blue,Persistent_Level:PersistentLevel.BP_Crystal5_9,1EQW21MUGS6J2BORRP8P8KG6A,power_slug_blue,BP_Crystal_C,266.601,-402.045,226.009,++FactoryGame+rel-main-anniversary-2026-CL-502094,2c1ba76bf6aeb7593d53fb8278c48df9a639f7002d1cc09eeb4024fb67406337
poi_502094_0484,power_slug_blue,Persistent_Level:PersistentLevel.BP_Crystal_C_60,1GRABAS36L32Y28NRKT3Q2YX4,power_slug_blue,BP_Crystal_C,284.299,2125.996,-17.56,++FactoryGame+rel-main-anniversary-2026-CL-502094,2c1ba76bf6aeb7593d53fb8278c48df9a639f7002d1cc09eeb4024fb67406337
poi_502094_0485,power_slug_blue,Persistent_Level:PersistentLevel.BP_Crystal_C_39,1HV28XR4NNA4Z5C08E7LC6S1M,power_slug_blue,BP_Crystal_C,1858.49,-1119.11,142.96,++FactoryGame+rel-main-anniversary-2026-CL-502094,2c1ba76bf6aeb7593d53fb8278c48df9a639f7002d1cc09eeb4024fb67406337
poi_502094_0486,power_slug_blue,Persistent_Level:PersistentLevel.BP_Crystal_C_UAID_40B076DF2F79F35F01_1502667268,1IZBYOC4ZLCYTNKM8E192RUYE,power_slug_blue,BP_Crystal_C,924.01,1513.63,211.796,++FactoryGame+rel-main-anniversary-2026-CL-502094,2c1ba76bf6aeb7593d53fb8278c48df9a639f7002d1cc09eeb4024fb67406337
poi_502094_0487,power_slug_blue,Persistent_Level:PersistentLevel.BP_Crystal_mk45_UAID_40B076DF2F790D6301_1205856025,1IZBYOC4ZLCYTNKM8E192RUYE,power_slug_blue,BP_Crystal_C,1026.864,1499.084,-14.28,++FactoryGame+rel-main-anniversary-2026-CL-502094,2c1ba76bf6aeb7593d53fb8278c48df9a639f7002d1cc09eeb4024fb67406337
poi_502094_0488,power_slug_blue,Persistent_Level:PersistentLevel.BP_Crystal39,1JD1V2MTDWAIB874WFD7HEQJQ,power_slug_blue,BP_Crystal_C,-1919.899,1654.97,-29.984,++FactoryGame+rel-main-anniversary-2026-CL-502094,2c1ba76bf6aeb7593d53fb8278c48df9a639f7002d1cc09eeb4024fb67406337
poi_502094_0489,power_slug_blue,Persistent_Level:PersistentLevel.BP_Crystal13_UAID_40B076DF2F79AC9B01_1616270112,1KCQW46MX53JO683GSGGW4NIN,power_slug_blue,BP_Crystal_C,3586.445,864.148,26.706,++FactoryGame+rel-main-anniversary-2026-CL-502094,2c1ba76bf6aeb7593d53fb8278c48df9a639f7002d1cc09eeb4024fb67406337
poi_502094_0490,power_slug_blue,Persistent_Level:PersistentLevel.BP_Crystal147,1KCQW46MX53JO683GSGGW4NIN,power_slug_blue,BP_Crystal_C,3624.406,913.022,67.127,++FactoryGame+rel-main-anniversary-2026-CL-502094,2c1ba76bf6aeb7593d53fb8278c48df9a639f7002d1cc09eeb4024fb67406337
poi_502094_0491,power_slug_blue,Persistent_Level:PersistentLevel.BP_Crystal_C_UAID_04421A9713F0A57401_1817017698,1LWB7EEW7VWM46JM7OXFQ4UH1,power_slug_blue,BP_Crystal_C,1886.7,94.47,166.4,++FactoryGame+rel-main-anniversary-2026-CL-502094,2c1ba76bf6aeb7593d53fb8278c48df9a639f7002d1cc09eeb4024fb67406337
poi_502094_0492,power_slug_blue,Persistent_Level:PersistentLevel.BP_Crystal_C_UAID_04421A9713F0A57401_2054736699,1LWB7EEW7VWM46JM7OXFQ4UH1,power_slug_blue,BP_Crystal_C,1903.07,78.89,163.05,++FactoryGame+rel-main-anniversary-2026-CL-502094,2c1ba76bf6aeb7593d53fb8278c48df9a639f7002d1cc09eeb4024fb67406337
poi_502094_0493,power_slug_blue,Persistent_Level:PersistentLevel.BP_Crystal_C_UAID_40B076DF2F79D38101_2011951550,1MZ2DS1EE8D6Z85TCCZ9X54D4,power_slug_blue,BP_Crystal_C,3223.673,2928.434,-8.784,++FactoryGame+rel-main-anniversary-2026-CL-502094,2c1ba76bf6aeb7593d53fb8278c48df9a639f7002d1cc09eeb4024fb67406337
poi_502094_0494,power_slug_blue,Persistent_Level:PersistentLevel.BP_Crystal_C_100,1N4JR3GP5E1UQQ2ZR2PZ1WGBS,power_slug_blue,BP_Crystal_C,3328.988,2468.192,68.057,++FactoryGame+rel-main-anniversary-2026-CL-502094,2c1ba76bf6aeb7593d53fb8278c48df9a639f7002d1cc09eeb4024fb67406337
poi_502094_0495,power_slug_blue,Persistent_Level:PersistentLevel.BP_Crystal126,1P769INAVF9EGI0MSYPHJE2QT,power_slug_blue,BP_Crystal_C,1447.5,2006.75,23.4,++FactoryGame+rel-main-anniversary-2026-CL-502094,2c1ba76bf6aeb7593d53fb8278c48df9a639f7002d1cc09eeb4024fb67406337
poi_502094_0496,power_slug_blue,Persistent_Level:PersistentLevel.BP_Crystal_mk45_UAID_40B076DF2F79626201_1797282896,1P769INAVF9EGI0MSYPHJE2QT,power_slug_blue,BP_Crystal_C,1518.584,2058.614,-11.32,++FactoryGame+rel-main-anniversary-2026-CL-502094,2c1ba76bf6aeb7593d53fb8278c48df9a639f7002d1cc09eeb4024fb67406337
poi_502094_0497,power_slug_blue,Persistent_Level:PersistentLevel.BP_Crystal113,1PFD6KTXEBD26ONLZBYDGBNHX,power_slug_blue,BP_Crystal_C,2819.108,1527.761,39.371,++FactoryGame+rel-main-anniversary-2026-CL-502094,2c1ba76bf6aeb7593d53fb8278c48df9a639f7002d1cc09eeb4024fb67406337
poi_502094_0498,power_slug_blue,Persistent_Level:PersistentLevel.BP_Crystal31,1PQ7FRCVAG4RLCU9QEB4PAQNB,power_slug_blue,BP_Crystal_C,-1612.146,-932.646,98.4,++FactoryGame+rel-main-anniversary-2026-CL-502094,2c1ba76bf6aeb7593d53fb8278c48df9a639f7002d1cc09eeb4024fb67406337
poi_502094_0499,power_slug_blue,Persistent_Level:PersistentLevel.BP_Crystal6_7,1PQ7FRCVAG4RLCU9QEB4PAQNB,power_slug_blue,BP_Crystal_C,-1555.789,-992.412,137.444,++FactoryGame+rel-main-anniversary-2026-CL-502094,2c1ba76bf6aeb7593d53fb8278c48df9a639f7002d1cc09eeb4024fb67406337
poi_502094_0500,power_slug_blue,Persistent_Level:PersistentLevel.BP_Crystal_C_UAID_40B076DF2F79F35F01_1275724266,1PZDL73SVDH2253GGOKTIEQCS,power_slug_blue,BP_Crystal_C,828.42,1609.89,202.6,++FactoryGame+rel-main-anniversary-2026-CL-502094,2c1ba76bf6aeb7593d53fb8278c48df9a639f7002d1cc09eeb4024fb67406337
poi_502094_0501,power_slug_blue,Persistent_Level:PersistentLevel.BP_Crystal_mk45_UAID_40B076DF2F79916001_1775397058,1PZDL73SVDH2253GGOKTIEQCS,power_slug_blue,BP_Crystal_C,916.254,1577.174,0.7,++FactoryGame+rel-main-anniversary-2026-CL-502094,2c1ba76bf6aeb7593d53fb8278c48df9a639f7002d1cc09eeb4024fb67406337
poi_502094_0502,power_slug_blue,Persistent_Level:PersistentLevel.BP_Crystal_mk45_UAID_40B076DF2F79946001_1613712588,1PZDL73SVDH2253GGOKTIEQCS,power_slug_blue,BP_Crystal_C,792.364,1715.724,0.16,++FactoryGame+rel-main-anniversary-2026-CL-502094,2c1ba76bf6aeb7593d53fb8278c48df9a639f7002d1cc09eeb4024fb67406337
poi_502094_0503,power_slug_blue,Persistent_Level:PersistentLevel.BP_Crystal26,1RQUEWS0Z9PYGCQLKDB0RZY2L,power_slug_blue,BP_Crystal_C,1326.099,-2324.042,-142.294,++FactoryGame+rel-main-anniversary-2026-CL-502094,2c1ba76bf6aeb7593d53fb8278c48df9a639f7002d1cc09eeb4024fb67406337
poi_502094_0504,power_slug_blue,Persistent_Level:PersistentLevel.BP_Crystal_C_16,1TVGIOYBDB0PLIL5PZL5X54EM,power_slug_blue,BP_Crystal_C,274.96,999.435,122.433,++FactoryGame+rel-main-anniversary-2026-CL-502094,2c1ba76bf6aeb7593d53fb8278c48df9a639f7002d1cc09eeb4024fb67406337
poi_502094_0505,power_slug_blue,Persistent_Level:PersistentLevel.BP_Crystal_C_26,1TVGIOYBDB0PLIL5PZL5X54EM,power_slug_blue,BP_Crystal_C,161.182,1126.3,162.501,++FactoryGame+rel-main-anniversary-2026-CL-502094,2c1ba76bf6aeb7593d53fb8278c48df9a639f7002d1cc09eeb4024fb67406337
poi_502094_0506,power_slug_blue,Persistent_Level:PersistentLevel.BP_Crystal_C_UAID_04421A9713F0C7AF01_1736399985,1UUEVWWJUXT7RTR75QN0K2RMM,power_slug_blue,BP_Crystal_C,-653.36,1542.98,-1.95,++FactoryGame+rel-main-anniversary-2026-CL-502094,2c1ba76bf6aeb7593d53fb8278c48df9a639f7002d1cc09eeb4024fb67406337
poi_502094_0507,power_slug_blue,Persistent_Level:PersistentLevel.BP_Crystal_C_4,1VANSH8LBB1OHIHGOFVMYOS66,power_slug_blue,BP_Crystal_C,85.261,1996.344,7.988,++FactoryGame+rel-main-anniversary-2026-CL-502094,2c1ba76bf6aeb7593d53fb8278c48df9a639f7002d1cc09eeb4024fb67406337
poi_502094_0508,power_slug_blue,Persistent_Level:PersistentLevel.BP_Crystal_mk2_C_2,1VANSH8LBB1OHIHGOFVMYOS66,power_slug_blue,BP_Crystal_C,-41.9,2108.623,-13.831,++FactoryGame+rel-main-anniversary-2026-CL-502094,2c1ba76bf6aeb7593d53fb8278c48df9a639f7002d1cc09eeb4024fb67406337
poi_502094_0509,power_slug_blue,Persistent_Level:PersistentLevel.BP_Crystal_C_UAID_04421A9713F0A57401_2106808700,1ZLOTYTKX3AI7E0G8361TIGVA,power_slug_blue,BP_Crystal_C,1916.76,103.31,163.77,++FactoryGame+rel-main-anniversary-2026-CL-502094,2c1ba76bf6aeb7593d53fb8278c48df9a639f7002d1cc09eeb4024fb67406337
poi_502094_0510,power_slug_blue,Persistent_Level:PersistentLevel.BP_Crystal_C_UAID_04421A9713F0A67401_1113792877,1ZLOTYTKX3AI7E0G8361TIGVA,power_slug_blue,BP_Crystal_C,1902.68,124.29,173.6,++FactoryGame+rel-main-anniversary-2026-CL-502094,2c1ba76bf6aeb7593d53fb8278c48df9a639f7002d1cc09eeb4024fb67406337
poi_502094_0511,power_slug_blue,Persistent_Level:PersistentLevel.BP_Crystal_C_UAID_04421A9713F0AE7301_1502060226,1ZLOTYTKX3AI7E0G8361TIGVA,power_slug_blue,BP_Crystal_C,1916.2,118.73,168.37,++FactoryGame+rel-main-anniversary-2026-CL-502094,2c1ba76bf6aeb7593d53fb8278c48df9a639f7002d1cc09eeb4024fb67406337
poi_502094_0512,power_slug_blue,Persistent_Level:PersistentLevel.BP_Crystal14_17,1ZX0IMILASSJQZXPXLUAFEPXY,power_slug_blue,BP_Crystal_C,-1373.319,518.196,81.826,++FactoryGame+rel-main-anniversary-2026-CL-502094,2c1ba76bf6aeb7593d53fb8278c48df9a639f7002d1cc09eeb4024fb67406337
poi_502094_0513,power_slug_blue,Persistent_Level:PersistentLevel.BP_Crystal_C_63,22R2IEH4STC4J64C1P1XHBY9M,power_slug_blue,BP_Crystal_C,1890.73,2860.0,179.16,++FactoryGame+rel-main-anniversary-2026-CL-502094,2c1ba76bf6aeb7593d53fb8278c48df9a639f7002d1cc09eeb4024fb67406337
poi_502094_0514,power_slug_blue,Persistent_Level:PersistentLevel.BP_Crystal10_10171,25Y1SHB2YJRWFL3U6X9LLN2EJ,power_slug_blue,BP_Crystal_C,-47.147,428.691,164.269,++FactoryGame+rel-main-anniversary-2026-CL-502094,2c1ba76bf6aeb7593d53fb8278c48df9a639f7002d1cc09eeb4024fb67406337
poi_502094_0515,power_slug_blue,Persistent_Level:PersistentLevel.BP_Crystal10,28GAZXU4I5C5N0BOE9S71N9IF,power_slug_blue,BP_Crystal_C,-2608.916,1528.11,9.916,++FactoryGame+rel-main-anniversary-2026-CL-502094,2c1ba76bf6aeb7593d53fb8278c48df9a639f7002d1cc09eeb4024fb67406337
poi_502094_0516,power_slug_blue,Persistent_Level:PersistentLevel.BP_Crystal41,28GAZXU4I5C5N0BOE9S71N9IF,power_slug_blue,BP_Crystal_C,-2676.506,1403.377,63.703,++FactoryGame+rel-main-anniversary-2026-CL-502094,2c1ba76bf6aeb7593d53fb8278c48df9a639f7002d1cc09eeb4024fb67406337
poi_502094_0517,power_slug_blue,Persistent_Level:PersistentLevel.BP_Crystal90,29BXB577SDZK5OPP3KIWKLD1Y,power_slug_blue,BP_Crystal_C,3180.953,2307.972,36.21,++FactoryGame+rel-main-anniversary-2026-CL-502094,2c1ba76bf6aeb7593d53fb8278c48df9a639f7002d1cc09eeb4024fb67406337
poi_502094_0518,power_slug_blue,Persistent_Level:PersistentLevel.BP_Crystal79,2DR02AP1JRAB6QKQUMEH7M77H,power_slug_blue,BP_Crystal_C,2727.396,1645.234,42.449,++FactoryGame+rel-main-anniversary-2026-CL-502094,2c1ba76bf6aeb7593d53fb8278c48df9a639f7002d1cc09eeb4024fb67406337
poi_502094_0519,power_slug_blue,Persistent_Level:PersistentLevel.BP_Crystal13_16,2GKODSKLS4G0U1RMLERA97OA5,power_slug_blue,BP_Crystal_C,-1644.188,143.236,61.847,++FactoryGame+rel-main-anniversary-2026-CL-502094,2c1ba76bf6aeb7593d53fb8278c48df9a639f7002d1cc09eeb4024fb67406337
poi_502094_0520,power_slug_blue,Persistent_Level:PersistentLevel.BP_Crystal19_28,2HB76YYKJJ4QS20T3EC3TKJ0Z,power_slug_blue,BP_Crystal_C,-1098.705,-696.043,133.892,++FactoryGame+rel-main-anniversary-2026-CL-502094,2c1ba76bf6aeb7593d53fb8278c48df9a639f7002d1cc09eeb4024fb67406337
poi_502094_0521,power_slug_blue,Persistent_Level:PersistentLevel.BP_Crystal9_10,2HB76YYKJJ4QS20T3EC3TKJ0Z,power_slug_blue,BP_Crystal_C,-966.475,-515.281,24.84,++FactoryGame+rel-main-anniversary-2026-CL-502094,2c1ba76bf6aeb7593d53fb8278c48df9a639f7002d1cc09eeb4024fb67406337
poi_502094_0522,power_slug_blue,Persistent_Level:PersistentLevel.BP_Crystal2_1,2HK5LLT1BG5KSNIA7QHOR4S8G,power_slug_blue,BP_Crystal_C,390.064,-845.252,143.594,++FactoryGame+rel-main-anniversary-2026-CL-502094,2c1ba76bf6aeb7593d53fb8278c48df9a639f7002d1cc09eeb4024fb67406337
poi_502094_0523,power_slug_blue,Persistent_Level:PersistentLevel.BP_Crystal12_13,2JNBDBX51W78PE3RP6RKVN24S,power_slug_blue,BP_Crystal_C,-1692.109,-759.795,23.717,++FactoryGame+rel-main-anniversary-2026-CL-502094,2c1ba76bf6aeb7593d53fb8278c48df9a639f7002d1cc09eeb4024fb67406337
poi_502094_0524,power_slug_blue,Persistent_Level:PersistentLevel.BP_Crystal34_2,2JNBDBX51W78PE3RP6RKVN24S,power_slug_blue,BP_Crystal_C,-1608.253,-757.375,50.152,++FactoryGame+rel-main-anniversary-2026-CL-502094,2c1ba76bf6aeb7593d53fb8278c48df9a639f7002d1cc09eeb4024fb67406337
poi_502094_0525,power_slug_blue,Persistent_Level:PersistentLevel.BP_Crystal_C_UAID_04421A9713F02C6001_1622416282,2KCXRX17LKEC1Q83K6VT8JZOV,power_slug_blue,BP_Crystal_C,2091.02,2311.8,169.46,++FactoryGame+rel-main-anniversary-2026-CL-502094,2c1ba76bf6aeb7593d53fb8278c48df9a639f7002d1cc09eeb4024fb67406337
poi_502094_0526,power_slug_blue,Persistent_Level:PersistentLevel.BP_Crystal_C_UAID_04421A9713F0F25F01_1725349098,2KCXRX17LKEC1Q83K6VT8JZOV,power_slug_blue,BP_Crystal_C,2041.75,2250.07,235.33,++FactoryGame+rel-main-anniversary-2026-CL-502094,2c1ba76bf6aeb7593d53fb8278c48df9a639f7002d1cc09eeb4024fb67406337
poi_502094_0527,power_slug_blue,Persistent_Level:PersistentLevel.BP_Crystal_C_UAID_04421A9713F0766701_1589843752,2KK2IC1R14P5JKAJJV3GO3D98,power_slug_blue,BP_Crystal_C,-143.06,215.28,162.1,++FactoryGame+rel-main-anniversary-2026-CL-502094,2c1ba76bf6aeb7593d53fb8278c48df9a639f7002d1cc09eeb4024fb67406337
poi_502094_0528,power_slug_blue,Persistent_Level:PersistentLevel.BP_Crystal_C_UAID_04421A9713F0766701_1663177753,2KK2IC1R14P5JKAJJV3GO3D98,power_slug_blue,BP_Crystal_C,-138.71,233.74,155.69,++FactoryGame+rel-main-anniversary-2026-CL-502094,2c1ba76bf6aeb7593d53fb8278c48df9a639f7002d1cc09eeb4024fb67406337
poi_502094_0529,power_slug_blue,Persistent_Level:PersistentLevel.BP_Crystal_C_UAID_04421A9713F0766701_1707460754,2KK2IC1R14P5JKAJJV3GO3D98,power_slug_blue,BP_Crystal_C,-147.25,215.97,149.8,++FactoryGame+rel-main-anniversary-2026-CL-502094,2c1ba76bf6aeb7593d53fb8278c48df9a639f7002d1cc09eeb4024fb67406337
poi_502094_0530,power_slug_blue,Persistent_Level:PersistentLevel.BP_Crystal_C_UAID_04421A9713F0766701_1729573755,2KK2IC1R14P5JKAJJV3GO3D98,power_slug_blue,BP_Crystal_C,-151.65,230.139,144.97,++FactoryGame+rel-main-anniversary-2026-CL-502094,2c1ba76bf6aeb7593d53fb8278c48df9a639f7002d1cc09eeb4024fb67406337
poi_502094_0531,power_slug_blue,Persistent_Level:PersistentLevel.BP_Crystal_C_UAID_04421A9713F0766701_1842097756,2KK2IC1R14P5JKAJJV3GO3D98,power_slug_blue,BP_Crystal_C,-164.4,216.83,160.2,++FactoryGame+rel-main-anniversary-2026-CL-502094,2c1ba76bf6aeb7593d53fb8278c48df9a639f7002d1cc09eeb4024fb67406337
poi_502094_0532,power_slug_blue,Persistent_Level:PersistentLevel.BP_Crystal_C_UAID_04421A9713F0355B01_2005222588,2LUY6P7VRDU9JLGK9YCCZDWGT,power_slug_blue,BP_Crystal_C,2040.21,2405.79,245.84,++FactoryGame+rel-main-anniversary-2026-CL-502094,2c1ba76bf6aeb7593d53fb8278c48df9a639f7002d1cc09eeb4024fb67406337
poi_502094_0533,power_slug_blue,Persistent_Level:PersistentLevel.BP_Crystal_C_UAID_04421A9713F0F35F01_1247028277,2LUY6P7VRDU9JLGK9YCCZDWGT,power_slug_blue,BP_Crystal_C,2040.12,2497.9,161.03,++FactoryGame+rel-main-anniversary-2026-CL-502094,2c1ba76bf6aeb7593d53fb8278c48df9a639f7002d1cc09eeb4024fb67406337
poi_502094_0534,power_slug_blue,Persistent_Level:PersistentLevel.BP_Crystal13_12,2OYRFTMP06S5SN0T3MR4EQ8ZW,power_slug_blue,BP_Crystal_C,433.84,-2528.675,-1.17,++FactoryGame+rel-main-anniversary-2026-CL-502094,2c1ba76bf6aeb7593d53fb8278c48df9a639f7002d1cc09eeb4024fb67406337
poi_502094_0535,power_slug_blue,Persistent_Level:PersistentLevel.BP_Crystal11_13,2QKZ6A3S53BEARTWVZ743AMRP,power_slug_blue,BP_Crystal_C,1353.118,587.276,102.35,++FactoryGame+rel-main-anniversary-2026-CL-502094,2c1ba76bf6aeb7593d53fb8278c48df9a639f7002d1cc09eeb4024fb67406337
poi_502094_0536,power_slug_blue,Persistent_Level:PersistentLevel.BP_Crystal11,2QUNEDFHM2YFKHM5IZE2C97WM,power_slug_blue,BP_Crystal_C,-1902.296,1964.0,55.271,++FactoryGame+rel-main-anniversary-2026-CL-502094,2c1ba76bf6aeb7593d53fb8278c48df9a639f7002d1cc09eeb4024fb67406337
poi_502094_0537,power_slug_blue,Persistent_Level:PersistentLevel.BP_Crystal_C_3,2QXUUCBT4WP80MH27P730DZXI,power_slug_blue,BP_Crystal_C,-275.139,2132.506,31.305,++FactoryGame+rel-main-anniversary-2026-CL-502094,2c1ba76bf6aeb7593d53fb8278c48df9a639f7002d1cc09eeb4024fb67406337
poi_502094_0538,power_slug_blue,Persistent_Level:PersistentLevel.BP_Crystal_C_UAID_40B076DF2F79386001_2015526406,2QXUUCBT4WP80MH27P730DZXI,power_slug_blue,BP_Crystal_C,-208.92,1994.72,141.334,++FactoryGame+rel-main-anniversary-2026-CL-502094,2c1ba76bf6aeb7593d53fb8278c48df9a639f7002d1cc09eeb4024fb67406337
poi_502094_0539,power_slug_blue,Persistent_Level:PersistentLevel.BP_Crystal_C_UAID_40B076DF2F79CB6201_1168596395,2QXUUCBT4WP80MH27P730DZXI,power_slug_blue,BP_Crystal_C,-143.399,1991.654,-14.222,++FactoryGame+rel-main-anniversary-2026-CL-502094,2c1ba76bf6aeb7593d53fb8278c48df9a639f7002d1cc09eeb4024fb67406337
poi_502094_0540,power_slug_blue,Persistent_Level:PersistentLevel.BP_Crystal37,2RDF5N5FEH88BUVPW7REIVTYI,power_slug_blue,BP_Crystal_C,-396.783,-2132.706,-4.264,++FactoryGame+rel-main-anniversary-2026-CL-502094,2c1ba76bf6aeb7593d53fb8278c48df9a639f7002d1cc09eeb4024fb67406337
poi_502094_0541,power_slug_blue,Persistent_Level:PersistentLevel.BP_Crystal156,2SHK4ENIN6BWDXHO0MAYNGRX6,power_slug_blue,BP_Crystal_C,3630.968,1120.407,66.118,++FactoryGame+rel-main-anniversary-2026-CL-502094,2c1ba76bf6aeb7593d53fb8278c48df9a639f7002d1cc09eeb4024fb67406337
poi_502094_0542,power_slug_blue,Persistent_Level:PersistentLevel.BP_Crystal7_12,2UA7PWHF8ECFRGQJ94NHU28UW,power_slug_blue,BP_Crystal_C,1364.335,-2051.893,-83.653,++FactoryGame+rel-main-anniversary-2026-CL-502094,2c1ba76bf6aeb7593d53fb8278c48df9a639f7002d1cc09eeb4024fb67406337
poi_502094_0543,power_slug_blue,Persistent_Level:PersistentLevel.BP_Crystal13_15,2UBUQ11WG22HVCDJ8VGN2S2WZ,power_slug_blue,BP_Crystal_C,1821.976,741.81,41.472,++FactoryGame+rel-main-anniversary-2026-CL-502094,2c1ba76bf6aeb7593d53fb8278c48df9a639f7002d1cc09eeb4024fb67406337
poi_502094_0544,power_slug_blue,Persistent_Level:PersistentLevel.BP_Crystal14_13,2UE2D90SCKJ26UGIA11CODO7X,power_slug_blue,BP_Crystal_C,455.271,-2268.597,12.795,++FactoryGame+rel-main-anniversary-2026-CL-502094,2c1ba76bf6aeb7593d53fb8278c48df9a639f7002d1cc09eeb4024fb67406337
poi_502094_0545,power_slug_blue,Persistent_Level:PersistentLevel.BP_Crystal_C_6,2UE2D90SCKJ26UGIA11CODO7X,power_slug_blue,BP_Crystal_C,346.677,-2157.612,-53.698,++FactoryGame+rel-main-anniversary-2026-CL-502094,2c1ba76bf6aeb7593d53fb8278c48df9a639f7002d1cc09eeb4024fb67406337
poi_502094_0546,power_slug_blue,Persistent_Level:PersistentLevel.BP_Crystal14_8,2WOJHN3AOY4NRPZE54CBLXGQK,power_slug_blue,BP_Crystal_C,3116.021,263.956,4.109,++FactoryGame+rel-main-anniversary-2026-CL-502094,2c1ba76bf6aeb7593d53fb8278c48df9a639f7002d1cc09eeb4024fb67406337
poi_502094_0547,power_slug_blue,Persistent_Level:PersistentLevel.BP_Crystal_mk45_UAID_40B076DF2F79C06101_1984578386,2YK31CJ3HXEJDBOFQC1HW9QNI,power_slug_blue,BP_Crystal_C,1195.534,2283.404,-9.42,++FactoryGame+rel-main-anniversary-2026-CL-502094,2c1ba76bf6aeb7593d53fb8278c48df9a639f7002d1cc09eeb4024fb67406337
poi_502094_0548,power_slug_blue,Persistent_Level:PersistentLevel.BP_Crystal6_76,30U313RBXQ89JD12NUHDSVGLJ,power_slug_blue,BP_Crystal_C,2457.661,-486.798,-13.499,++FactoryGame+rel-main-anniversary-2026-CL-502094,2c1ba76bf6aeb7593d53fb8278c48df9a639f7002d1cc09eeb4024fb67406337
poi_502094_0549,power_slug_blue,Persistent_Level:PersistentLevel.BP_Crystal7_75,30U313RBXQ89JD12NUHDSVGLJ,power_slug_blue,BP_Crystal_C,2466.31,-351.364,-12.852,++FactoryGame+rel-main-anniversary-2026-CL-502094,2c1ba76bf6aeb7593d53fb8278c48df9a639f7002d1cc09eeb4024fb67406337
poi_502094_0550,power_slug_blue,Persistent_Level:PersistentLevel.BP_Crystal27_22,31BYLNFVMCCNN8D14LM28347H,power_slug_blue,BP_Crystal_C,-971.208,-978.811,122.189,++FactoryGame+rel-main-anniversary-2026-CL-502094,2c1ba76bf6aeb7593d53fb8278c48df9a639f7002d1cc09eeb4024fb67406337
poi_502094_0551,power_slug_blue,Persistent_Level:PersistentLevel.BP_Crystal18_16,336CVX46JW29B4U79LJ4J2XAM,power_slug_blue,BP_Crystal_C,1004.897,1120.999,183.125,++FactoryGame+rel-main-anniversary-2026-CL-502094,2c1ba76bf6aeb7593d53fb8278c48df9a639f7002d1cc09eeb4024fb67406337
poi_502094_0552,power_slug_blue,Persistent_Level:PersistentLevel.BP_Crystal88,33F4VOFWV3X9NYZZTXMCOXR5A,power_slug_blue,BP_Crystal_C,2358.146,1877.357,12.079,++FactoryGame+rel-main-anniversary-2026-CL-502094,2c1ba76bf6aeb7593d53fb8278c48df9a639f7002d1cc09eeb4024fb67406337
poi_502094_0553,power_slug_blue,Persistent_Level:PersistentLevel.BP_Crystal11_7,33IUEPFCYFE124FJR1GP6FO96,power_slug_blue,BP_Crystal_C,804.259,195.725,136.445,++FactoryGame+rel-main-anniversary-2026-CL-502094,2c1ba76bf6aeb7593d53fb8278c48df9a639f7002d1cc09eeb4024fb67406337
poi_502094_0554,power_slug_blue,Persistent_Level:PersistentLevel.BP_Crystal15_21,34HRC8KIY60BQW0RS6AMQGFSL,power_slug_blue,BP_Crystal_C,1652.823,-1816.766,-25.813,++FactoryGame+rel-main-anniversary-2026-CL-502094,2c1ba76bf6aeb7593d53fb8278c48df9a639f7002d1cc09eeb4024fb67406337
poi_502094_0555,power_slug_blue,Persistent_Level:PersistentLevel.BP_Crystal_UAID_40B076DF2F79BF5D01_1163546993,35FREVCSCPBGZNDX6IR8ODX73,power_slug_blue,BP_Crystal_C,-271.686,2384.118,-15.182,++FactoryGame+rel-main-anniversary-2026-CL-502094,2c1ba76bf6aeb7593d53fb8278c48df9a639f7002d1cc09eeb4024fb67406337
poi_502094_0556,power_slug_blue,Persistent_Level:PersistentLevel.BP_Crystal_UAID_40B076DF2F79FD6301_2028775242,35FREVCSCPBGZNDX6IR8ODX73,power_slug_blue,BP_Crystal_C,-160.736,2402.928,-14.762,++FactoryGame+rel-main-anniversary-2026-CL-502094,2c1ba76bf6aeb7593d53fb8278c48df9a639f7002d1cc09eeb4024fb67406337
poi_502094_0557,power_slug_blue,Persistent_Level:PersistentLevel.BP_Crystal_UAID_40B076DF2F79425901_1727560760,38JA2U6D4S2FBJ4FZO5UAFRV7,power_slug_blue,BP_Crystal_C,-459.226,2322.628,3.878,++FactoryGame+rel-main-anniversary-2026-CL-502094,2c1ba76bf6aeb7593d53fb8278c48df9a639f7002d1cc09eeb4024fb67406337
poi_502094_0558,power_slug_blue,Persistent_Level:PersistentLevel.BP_Crystal1_1,3E3DESFHMSFK9VMK12N8EC185,power_slug_blue,BP_Crystal_C,-1553.978,-2101.472,-15.436,++FactoryGame+rel-main-anniversary-2026-CL-502094,2c1ba76bf6aeb7593d53fb8278c48df9a639f7002d1cc09eeb4024fb67406337
poi_502094_0559,power_slug_blue,Persistent_Level:PersistentLevel.BP_Crystal18_18,3FQJ3DRG5NCGTCHCJOHAG9UTD,power_slug_blue,BP_Crystal_C,-566.731,-1911.286,4.025,++FactoryGame+rel-main-anniversary-2026-CL-502094,2c1ba76bf6aeb7593d53fb8278c48df9a639f7002d1cc09eeb4024fb67406337
poi_502094_0560,power_slug_blue,Persistent_Level:PersistentLevel.BP_Crystal15_16,3G8XGCQNXON2KL95S12Z63MYQ,power_slug_blue,BP_Crystal_C,-1659.793,-1866.564,23.181,++FactoryGame+rel-main-anniversary-2026-CL-502094,2c1ba76bf6aeb7593d53fb8278c48df9a639f7002d1cc09eeb4024fb67406337
poi_502094_0561,power_slug_blue,Persistent_Level:PersistentLevel.BP_Crystal84,3MVVYPN2TY79H6M7JAEYPVVXA,power_slug_blue,BP_Crystal_C,2661.395,1461.643,43.97,++FactoryGame+rel-main-anniversary-2026-CL-502094,2c1ba76bf6aeb7593d53fb8278c48df9a639f7002d1cc09eeb4024fb67406337
poi_502094_0562,power_slug_blue,Persistent_Level:PersistentLevel.BP_Crystal_C_2,3PDTMYAN8MBIRP89T5BFDC2MD,power_slug_blue,BP_Crystal_C,-177.537,1660.569,7.205,++FactoryGame+rel-main-anniversary-2026-CL-502094,2c1ba76bf6aeb7593d53fb8278c48df9a639f7002d1cc09eeb4024fb67406337
poi_502094_0563,power_slug_blue,Persistent_Level:PersistentLevel.BP_Crystal40,3R376PHWWS8YKBRQ91PCVT4CE,power_slug_blue,BP_Crystal_C,-1489.517,1040.969,19.765,++FactoryGame+rel-main-anniversary-2026-CL-502094,2c1ba76bf6aeb7593d53fb8278c48df9a639f7002d1cc09eeb4024fb67406337
poi_502094_0564,power_slug_blue,Persistent_Level:PersistentLevel.BP_Crystal20,3VBVRK9B7VO7G6H8I1SL6V9FH,power_slug_blue,BP_Crystal_C,-1031.65,1207.726,2.529,++FactoryGame+rel-main-anniversary-2026-CL-502094,2c1ba76bf6aeb7593d53fb8278c48df9a639f7002d1cc09eeb4024fb67406337
poi_502094_0565,power_slug_blue,Persistent_Level:PersistentLevel.BP_Crystal36,3WJ4DF3QLSGISRTP64D8EIMGL,power_slug_blue,BP_Crystal_C,-151.412,-2188.787,2.327,++FactoryGame+rel-main-anniversary-2026-CL-502094,2c1ba76bf6aeb7593d53fb8278c48df9a639f7002d1cc09eeb4024fb67406337
poi_502094_0566,power_slug_blue,Persistent_Level:PersistentLevel.BP_Crystal96,3YD2PNWN9OR7FWGQAMKI7ZFLV,power_slug_blue,BP_Crystal_C,1575.93,1724.94,83.84,++FactoryGame+rel-main-anniversary-2026-CL-502094,2c1ba76bf6aeb7593d53fb8278c48df9a639f7002d1cc09eeb4024fb67406337
poi_502094_0567,power_slug_blue,Persistent_Level:PersistentLevel.BP_Crystal14_12,3YPSNWXKC7X17B3N9TD0DFGLJ,power_slug_blue,BP_Crystal_C,964.377,395.841,100.017,++FactoryGame+rel-main-anniversary-2026-CL-502094,2c1ba76bf6aeb7593d53fb8278c48df9a639f7002d1cc09eeb4024fb67406337
poi_502094_0568,power_slug_blue,Persistent_Level:PersistentLevel.BP_Crystal_C_UAID_40B076DF2F793A8701_1412502928,3YPSNWXKC7X17B3N9TD0DFGLJ,power_slug_blue,BP_Crystal_C,938.4,343.2,71.0,++FactoryGame+rel-main-anniversary-2026-CL-502094,2c1ba76bf6aeb7593d53fb8278c48df9a639f7002d1cc09eeb4024fb67406337
poi_502094_0569,power_slug_blue,Persistent_Level:PersistentLevel.BP_Crystal_C_25,40YGIB7R85BEX98EDSWBCAB7P,power_slug_blue,BP_Crystal_C,899.887,15.401,173.814,++FactoryGame+rel-main-anniversary-2026-CL-502094,2c1ba76bf6aeb7593d53fb8278c48df9a639f7002d1cc09eeb4024fb67406337
poi_502094_0570,power_slug_blue,Persistent_Level:PersistentLevel.BP_Crystal132,41NAZ2752JTFZGRHEIT1NUKML,power_slug_blue,BP_Crystal_C,2868.743,2888.961,40.901,++FactoryGame+rel-main-anniversary-2026-CL-502094,2c1ba76bf6aeb7593d53fb8278c48df9a639f7002d1cc09eeb4024fb67406337
poi_502094_0571,power_slug_blue,Persistent_Level:PersistentLevel.BP_Crystal_C_55,42I0D0IFNJKCZ8W35VPV4I41N,power_slug_blue,BP_Crystal_C,1019.631,881.162,140.333,++FactoryGame+rel-main-anniversary-2026-CL-502094,2c1ba76bf6aeb7593d53fb8278c48df9a639f7002d1cc09eeb4024fb67406337
poi_502094_0572,power_slug_blue,Persistent_Level:PersistentLevel.BP_Crystal_C_UAID_04421A9713F0AA7401_1909401594,42K3IY506F09FAIT101MWAE92,power_slug_blue,BP_Crystal_C,1845.87,-370.45,231.54,++FactoryGame+rel-main-anniversary-2026-CL-502094,2c1ba76bf6aeb7593d53fb8278c48df9a639f7002d1cc09eeb4024fb67406337
poi_502094_0573,power_slug_blue,Persistent_Level:PersistentLevel.BP_Crystal_C_UAID_04421A9713F0AA7401_1919713595,42K3IY506F09FAIT101MWAE92,power_slug_blue,BP_Crystal_C,1813.21,-388.23,211.1,++FactoryGame+rel-main-anniversary-2026-CL-502094,2c1ba76bf6aeb7593d53fb8278c48df9a639f7002d1cc09eeb4024fb67406337
poi_502094_0574,power_slug_blue,Persistent_Level:PersistentLevel.BP_Crystal_C_UAID_04421A9713F0AA7401_2076003597,42K3IY506F09FAIT101MWAE92,power_slug_blue,BP_Crystal_C,1840.0,-379.67,209.88,++FactoryGame+rel-main-anniversary-2026-CL-502094,2c1ba76bf6aeb7593d53fb8278c48df9a639f7002d1cc09eeb4024fb67406337
poi_502094_0575,power_slug_blue,Persistent_Level:PersistentLevel.BP_Crystal_C_UAID_04421A9713F0AF7401_1381809479,42K3IY506F09FAIT101MWAE92,power_slug_blue,BP_Crystal_C,1822.7,-363.58,207.25,++FactoryGame+rel-main-anniversary-2026-CL-502094,2c1ba76bf6aeb7593d53fb8278c48df9a639f7002d1cc09eeb4024fb67406337
poi_502094_0576,power_slug_blue,Persistent_Level:PersistentLevel.BP_Crystal_C_UAID_04421A9713F0AF7401_1394094480,42K3IY506F09FAIT101MWAE92,power_slug_blue,BP_Crystal_C,1822.91,-405.91,210.12,++FactoryGame+rel-main-anniversary-2026-CL-502094,2c1ba76bf6aeb7593d53fb8278c48df9a639f7002d1cc09eeb4024fb67406337
poi_502094_0577,power_slug_blue,Persistent_Level:PersistentLevel.BP_Crystal3_14,45KOVUOHV9QVREC8971T46W3I,power_slug_blue,BP_Crystal_C,1015.803,-1244.373,105.674,++FactoryGame+rel-main-anniversary-2026-CL-502094,2c1ba76bf6aeb7593d53fb8278c48df9a639f7002d1cc09eeb4024fb67406337
poi_502094_0578,power_slug_blue,Persistent_Level:PersistentLevel.BP_Crystal66_3,45UWPTO34PXL4KQTGRUE81XMI,power_slug_blue,BP_Crystal_C,371.12,-306.242,89.112,++FactoryGame+rel-main-anniversary-2026-CL-502094,2c1ba76bf6aeb7593d53fb8278c48df9a639f7002d1cc09eeb4024fb67406337
poi_502094_0579,power_slug_blue,Persistent_Level:PersistentLevel.BP_Crystal135,45Z0CQJ0KIOFC9PMR3QXLM2ZA,power_slug_blue,BP_Crystal_C,3245.861,534.344,71.484,++FactoryGame+rel-main-anniversary-2026-CL-502094,2c1ba76bf6aeb7593d53fb8278c48df9a639f7002d1cc09eeb4024fb67406337
poi_502094_0580,power_slug_blue,Persistent_Level:PersistentLevel.BP_Crystal13_UAID_40B076DF2F79AD9B01_1733787293,45Z0CQJ0KIOFC9PMR3QXLM2ZA,power_slug_blue,BP_Crystal_C,3324.945,605.198,15.606,++FactoryGame+rel-main-anniversary-2026-CL-502094,2c1ba76bf6aeb7593d53fb8278c48df9a639f7002d1cc09eeb4024fb67406337
poi_502094_0581,power_slug_blue,Persistent_Level:PersistentLevel.BP_Crystal_C_UAID_40B076DF2F79496001_1203214406,46B9GAZHXZGF8DE5L562IFXO2,power_slug_blue,BP_Crystal_C,-617.589,2088.686,-12.395,++FactoryGame+rel-main-anniversary-2026-CL-502094,2c1ba76bf6aeb7593d53fb8278c48df9a639f7002d1cc09eeb4024fb67406337
poi_502094_0582,power_slug_blue,Persistent_Level:PersistentLevel.BP_Crystal_C_UAID_40B076DF2F79496001_1424029408,46B9GAZHXZGF8DE5L562IFXO2,power_slug_blue,BP_Crystal_C,-653.759,1965.651,1.729,++FactoryGame+rel-main-anniversary-2026-CL-502094,2c1ba76bf6aeb7593d53fb8278c48df9a639f7002d1cc09eeb4024fb67406337
poi_502094_0583,power_slug_blue,Persistent_Level:PersistentLevel.BP_Crystal_C_UAID_40B076DF2F798B5F01_1548531946,46B9GAZHXZGF8DE5L562IFXO2,power_slug_blue,BP_Crystal_C,-579.829,2024.566,3.575,++FactoryGame+rel-main-anniversary-2026-CL-502094,2c1ba76bf6aeb7593d53fb8278c48df9a639f7002d1cc09eeb4024fb67406337
poi_502094_0584,power_slug_blue,Persistent_Level:PersistentLevel.BP_Crystal54,4GEJG6PUKN0Q6HILMRAP8B17G,power_slug_blue,BP_Crystal_C,3774.386,1863.643,58.123,++FactoryGame+rel-main-anniversary-2026-CL-502094,2c1ba76bf6aeb7593d53fb8278c48df9a639f7002d1cc09eeb4024fb67406337
poi_502094_0585,power_slug_blue,Persistent_Level:PersistentLevel.BP_Crystal55,4GZTW1CTZV3VNSGMWV3V6O4JT,power_slug_blue,BP_Crystal_C,3545.411,2157.406,45.86,++FactoryGame+rel-main-anniversary-2026-CL-502094,2c1ba76bf6aeb7593d53fb8278c48df9a639f7002d1cc09eeb4024fb67406337
poi_502094_0586,power_slug_blue,Persistent_Level:PersistentLevel.BP_Crystal9_12,4HNBHMMMO2D9RCCIGZH99P8LD,power_slug_blue,BP_Crystal_C,-2689.822,-92.446,0.264,++FactoryGame+rel-main-anniversary-2026-CL-502094,2c1ba76bf6aeb7593d53fb8278c48df9a639f7002d1cc09eeb4024fb67406337
poi_502094_0587,power_slug_blue,Persistent_Level:PersistentLevel.BP_Crystal3_2,4HNX7GQP4AU1BEHYTSNAWG8W6,power_slug_blue,BP_Crystal_C,537.041,800.221,127.832,++FactoryGame+rel-main-anniversary-2026-CL-502094,2c1ba76bf6aeb7593d53fb8278c48df9a639f7002d1cc09eeb4024fb67406337
poi_502094_0588,power_slug_blue,Persistent_Level:PersistentLevel.BP_Crystal_C_15,4HNX7GQP4AU1BEHYTSNAWG8W6,power_slug_blue,BP_Crystal_C,689.959,733.514,125.849,++FactoryGame+rel-main-anniversary-2026-CL-502094,2c1ba76bf6aeb7593d53fb8278c48df9a639f7002d1cc09eeb4024fb67406337
poi_502094_0589,power_slug_blue,Persistent_Level:PersistentLevel.BP_Crystal91,4INA7PW4ZVIXWLO4SVF0ZEZL6,power_slug_blue,BP_Crystal_C,3358.503,1577.887,41.325,++FactoryGame+rel-main-anniversary-2026-CL-502094,2c1ba76bf6aeb7593d53fb8278c48df9a639f7002d1cc09eeb4024fb67406337
poi_502094_0590,power_slug_blue,Persistent_Level:PersistentLevel.BP_Crystal14_83,4LV4KSB5RR64W0BAOEQY0JU7G,power_slug_blue,BP_Crystal_C,2137.075,-855.081,3.91,++FactoryGame+rel-main-anniversary-2026-CL-502094,2c1ba76bf6aeb7593d53fb8278c48df9a639f7002d1cc09eeb4024fb67406337
poi_502094_0591,power_slug_blue,Persistent_Level:PersistentLevel.BP_Crystal_C_78,4LV4KSB5RR64W0BAOEQY0JU7G,power_slug_blue,BP_Crystal_C,2067.354,-791.058,-8.895,++FactoryGame+rel-main-anniversary-2026-CL-502094,2c1ba76bf6aeb7593d53fb8278c48df9a639f7002d1cc09eeb4024fb67406337
poi_502094_0592,power_slug_blue,Persistent_Level:PersistentLevel.BP_Crystal12,4N4YIKQ1WWSFZ12B18Z6DR9CW,power_slug_blue,BP_Crystal_C,-1598.792,1849.73,181.899,++FactoryGame+rel-main-anniversary-2026-CL-502094,2c1ba76bf6aeb7593d53fb8278c48df9a639f7002d1cc09eeb4024fb67406337
poi_502094_0593,power_slug_blue,Persistent_Level:PersistentLevel.BP_Crystal25_25,4N5Y5A3K7VMNO0Q250TU3UETT,power_slug_blue,BP_Crystal_C,-352.825,-1670.572,25.459,++FactoryGame+rel-main-anniversary-2026-CL-502094,2c1ba76bf6aeb7593d53fb8278c48df9a639f7002d1cc09eeb4024fb67406337
poi_502094_0594,power_slug_blue,Persistent_Level:PersistentLevel.BP_Crystal12_43,4NIR6UFOYS81U0JFWMQFUS6RO,power_slug_blue,BP_Crystal_C,466.722,-1264.162,139.825,++FactoryGame+rel-main-anniversary-2026-CL-502094,2c1ba76bf6aeb7593d53fb8278c48df9a639f7002d1cc09eeb4024fb67406337
poi_502094_0595,power_slug_blue,Persistent_Level:PersistentLevel.BP_Crystal5_15,4NOGIBQ74COIFKUQ3C1174JVO,power_slug_blue,BP_Crystal_C,1249.239,-1179.05,101.454,++FactoryGame+rel-main-anniversary-2026-CL-502094,2c1ba76bf6aeb7593d53fb8278c48df9a639f7002d1cc09eeb4024fb67406337
poi_502094_0596,power_slug_blue,Persistent_Level:PersistentLevel.BP_Crystal_C_UAID_40B076DF2F79066401_1370998836,4NZU8W6GOXZABI9LN6HFVWQAY,power_slug_blue,BP_Crystal_C,-681.783,1888.671,-11.386,++FactoryGame+rel-main-anniversary-2026-CL-502094,2c1ba76bf6aeb7593d53fb8278c48df9a639f7002d1cc09eeb4024fb67406337
poi_502094_0597,power_slug_blue,Persistent_Level:PersistentLevel.BP_Crystal_C_101,4QUF9T1ICD95LDZ2OA6DW6NU2,power_slug_blue,BP_Crystal_C,3809.844,2835.425,20.169,++FactoryGame+rel-main-anniversary-2026-CL-502094,2c1ba76bf6aeb7593d53fb8278c48df9a639f7002d1cc09eeb4024fb67406337
poi_502094_0598,power_slug_blue,Persistent_Level:PersistentLevel.BP_Crystal22_25,4T7DK5RQJJC0V2FV894TVQWD9,power_slug_blue,BP_Crystal_C,-2632.242,164.291,5.118,++FactoryGame+rel-main-anniversary-2026-CL-502094,2c1ba76bf6aeb7593d53fb8278c48df9a639f7002d1cc09eeb4024fb67406337
poi_502094_0599,power_slug_blue,Persistent_Level:PersistentLevel.BP_Crystal11_10,4THSPS1XB7SY5Y0DXVLI6MFP6,power_slug_blue,BP_Crystal_C,144.769,-2300.722,72.498,++FactoryGame+rel-main-anniversary-2026-CL-502094,2c1ba76bf6aeb7593d53fb8278c48df9a639f7002d1cc09eeb4024fb67406337
poi_502094_0600,power_slug_blue,Persistent_Level:PersistentLevel.BP_Crystal_C_5,4THSPS1XB7SY5Y0DXVLI6MFP6,power_slug_blue,BP_Crystal_C,255.394,-2169.462,-24.908,++FactoryGame+rel-main-anniversary-2026-CL-502094,2c1ba76bf6aeb7593d53fb8278c48df9a639f7002d1cc09eeb4024fb67406337
poi_502094_0601,power_slug_blue,Persistent_Level:PersistentLevel.BP_Crystal10_12,4TNDHTLNPQMJQDRSPCI53D1TB,power_slug_blue,BP_Crystal_C,1330.907,812.06,123.076,++FactoryGame+rel-main-anniversary-2026-CL-502094,2c1ba76bf6aeb7593d53fb8278c48df9a639f7002d1cc09eeb4024fb67406337
poi_502094_0602,power_slug_blue,Persistent_Level:PersistentLevel.BP_Crystal_C_38,4U16D7OBRSOBFAAQN6OSY6RU7,power_slug_blue,BP_Crystal_C,1803.44,-1265.86,115.67,++FactoryGame+rel-main-anniversary-2026-CL-502094,2c1ba76bf6aeb7593d53fb8278c48df9a639f7002d1cc09eeb4024fb67406337
poi_502094_0603,power_slug_blue,Persistent_Level:PersistentLevel.BP_Crystal73,4V79DP52BUGL66ACSL6H1Y0QJ,power_slug_blue,BP_Crystal_C,2830.189,440.408,62.461,++FactoryGame+rel-main-anniversary-2026-CL-502094,2c1ba76bf6aeb7593d53fb8278c48df9a639f7002d1cc09eeb4024fb67406337
poi_502094_0604,power_slug_blue,Persistent_Level:PersistentLevel.BP_Crystal_C_UAID_40B076DF2F79CC6201_1413653574,4X8VD4XDZZRJ7K63YWZCX79XY,power_slug_blue,BP_Crystal_C,-371.609,1729.704,16.088,++FactoryGame+rel-main-anniversary-2026-CL-502094,2c1ba76bf6aeb7593d53fb8278c48df9a639f7002d1cc09eeb4024fb67406337
poi_502094_0605,power_slug_blue,Persistent_Level:PersistentLevel.BP_Crystal_C_51,4Z8QJ6AM5XIRUOKNWSRWWPEKG,power_slug_blue,BP_Crystal_C,1815.989,-859.712,92.24,++FactoryGame+rel-main-anniversary-2026-CL-502094,2c1ba76bf6aeb7593d53fb8278c48df9a639f7002d1cc09eeb4024fb67406337
poi_502094_0606,power_slug_blue,Persistent_Level:PersistentLevel.BP_Crystal_C_53,4Z8QJ6AM5XIRUOKNWSRWWPEKG,power_slug_blue,BP_Crystal_C,1793.71,-737.33,42.9,++FactoryGame+rel-main-anniversary-2026-CL-502094,2c1ba76bf6aeb7593d53fb8278c48df9a639f7002d1cc09eeb4024fb67406337
poi_502094_0607,power_slug_blue,Persistent_Level:PersistentLevel.BP_Crystal_C_UAID_4CEDFB3E2F7F8B9201_1243912814,4Z8QJ6AM5XIRUOKNWSRWWPEKG,power_slug_blue,BP_Crystal_C,1742.934,-765.338,-11.557,++FactoryGame+rel-main-anniversary-2026-CL-502094,2c1ba76bf6aeb7593d53fb8278c48df9a639f7002d1cc09eeb4024fb67406337
poi_502094_0608,power_slug_blue,Persistent_Level:PersistentLevel.BP_Crystal9,50RXMIH0JQFLDFYR20XSE6HSM,power_slug_blue,BP_Crystal_C,-2372.001,1862.837,-1.369,++FactoryGame+rel-main-anniversary-2026-CL-502094,2c1ba76bf6aeb7593d53fb8278c48df9a639f7002d1cc09eeb4024fb67406337
poi_502094_0609,power_slug_blue,Persistent_Level:PersistentLevel.BP_Crystal25,5221K6K13JZ155NTYZMTNARBH,power_slug_blue,BP_Crystal_C,-1122.082,1489.386,37.801,++FactoryGame+rel-main-anniversary-2026-CL-502094,2c1ba76bf6aeb7593d53fb8278c48df9a639f7002d1cc09eeb4024fb67406337
poi_502094_0610,power_slug_blue,Persistent_Level:PersistentLevel.BP_Crystal36_23,5221K6K13JZ155NTYZMTNARBH,power_slug_blue,BP_Crystal_C,-1109.382,1412.431,-5.287,++FactoryGame+rel-main-anniversary-2026-CL-502094,2c1ba76bf6aeb7593d53fb8278c48df9a639f7002d1cc09eeb4024fb67406337
poi_502094_0611,power_slug_blue,Persistent_Level:PersistentLevel.BP_Crystal45,55Q36NH3ABGLRZAYIL5YECQVM,power_slug_blue,BP_Crystal_C,-1165.801,1748.374,57.645,++FactoryGame+rel-main-anniversary-2026-CL-502094,2c1ba76bf6aeb7593d53fb8278c48df9a639f7002d1cc09eeb4024fb67406337
poi_502094_0612,power_slug_blue,Persistent_Level:PersistentLevel.BP_Crystal_C_UAID_40B076DF2F796C8301_1303426504,59W8VJTG326D3A52UH38MON2U,power_slug_blue,BP_Crystal_C,219.85,-1697.95,-118.1,++FactoryGame+rel-main-anniversary-2026-CL-502094,2c1ba76bf6aeb7593d53fb8278c48df9a639f7002d1cc09eeb4024fb67406337
poi_502094_0613,power_slug_blue,Persistent_Level:PersistentLevel.BP_Crystal15_10,5BNGT9DFF02Q8PCF6ZBKP658S,power_slug_blue,BP_Crystal_C,3359.634,214.168,-12.21,++FactoryGame+rel-main-anniversary-2026-CL-502094,2c1ba76bf6aeb7593d53fb8278c48df9a639f7002d1cc09eeb4024fb67406337
poi_502094_0614,power_slug_blue,Persistent_Level:PersistentLevel.BP_Crystal11_11,5C4P2CT99FG4VOK0CKXE8GPV3,power_slug_blue,BP_Crystal_C,-538.058,-3000.843,-67.226,++FactoryGame+rel-main-anniversary-2026-CL-502094,2c1ba76bf6aeb7593d53fb8278c48df9a639f7002d1cc09eeb4024fb67406337
poi_502094_0615,power_slug_blue,Persistent_Level:PersistentLevel.BP_Crystal_C_13,5CPLFSL53T8CJJYI8JOBJREDF,power_slug_blue,BP_Crystal_C,680.074,-68.506,134.194,++FactoryGame+rel-main-anniversary-2026-CL-502094,2c1ba76bf6aeb7593d53fb8278c48df9a639f7002d1cc09eeb4024fb67406337
poi_502094_0616,power_slug_blue,Persistent_Level:PersistentLevel.BP_Crystal72,5FKRV3XAGAQQRJT0IY6BOEHY5,power_slug_blue,BP_Crystal_C,777.002,915.646,158.869,++FactoryGame+rel-main-anniversary-2026-CL-502094,2c1ba76bf6aeb7593d53fb8278c48df9a639f7002d1cc09eeb4024fb67406337
poi_502094_0617,power_slug_blue,Persistent_Level:PersistentLevel.BP_Crystal125,5FNJHCZYFIIET9A9YQL2BODM8,power_slug_blue,BP_Crystal_C,1282.5,1660.55,40.05,++FactoryGame+rel-main-anniversary-2026-CL-502094,2c1ba76bf6aeb7593d53fb8278c48df9a639f7002d1cc09eeb4024fb67406337
poi_502094_0618,power_slug_blue,Persistent_Level:PersistentLevel.BP_Crystal_C_UAID_04421A9713F04C5E01_2099362813,5FNJHCZYFIIET9A9YQL2BODM8,power_slug_blue,BP_Crystal_C,1274.05,1546.75,166.1,++FactoryGame+rel-main-anniversary-2026-CL-502094,2c1ba76bf6aeb7593d53fb8278c48df9a639f7002d1cc09eeb4024fb67406337
poi_502094_0619,power_slug_blue,Persistent_Level:PersistentLevel.BP_Crystal_C_UAID_04421A9713F0825B01_1553698166,5FNJHCZYFIIET9A9YQL2BODM8,power_slug_blue,BP_Crystal_C,1151.45,1652.03,36.68,++FactoryGame+rel-main-anniversary-2026-CL-502094,2c1ba76bf6aeb7593d53fb8278c48df9a639f7002d1cc09eeb4024fb67406337
poi_502094_0620,power_slug_blue,Persistent_Level:PersistentLevel.BP_Crystal_mk45_UAID_40B076DF2F79106201_1550891470,5FNJHCZYFIIET9A9YQL2BODM8,power_slug_blue,BP_Crystal_C,1270.854,1583.904,1.36,++FactoryGame+rel-main-anniversary-2026-CL-502094,2c1ba76bf6aeb7593d53fb8278c48df9a639f7002d1cc09eeb4024fb67406337
poi_502094_0621,power_slug_blue,Persistent_Level:PersistentLevel.BP_Crystal80,5G5J4RLPVMXS3IKGMIW57032C,power_slug_blue,BP_Crystal_C,3367.062,959.757,59.102,++FactoryGame+rel-main-anniversary-2026-CL-502094,2c1ba76bf6aeb7593d53fb8278c48df9a639f7002d1cc09eeb4024fb67406337
poi_502094_0622,power_slug_blue,Persistent_Level:PersistentLevel.BP_Crystal_C_7,5I4JGFSW7RM0OD499CC379MIG,power_slug_blue,BP_Crystal_C,763.677,-2276.11,43.637,++FactoryGame+rel-main-anniversary-2026-CL-502094,2c1ba76bf6aeb7593d53fb8278c48df9a639f7002d1cc09eeb4024fb67406337
poi_502094_0623,power_slug_blue,Persistent_Level:PersistentLevel.BP_Crystal129,5J93KTUXR5KFDZHEQNREWU9K9,power_slug_blue,BP_Crystal_C,2417.075,3106.968,67.741,++FactoryGame+rel-main-anniversary-2026-CL-502094,2c1ba76bf6aeb7593d53fb8278c48df9a639f7002d1cc09eeb4024fb67406337
poi_502094_0624,power_slug_blue,Persistent_Level:PersistentLevel.BP_Crystal6_2,5JXZYIFT6STV3RLPCT8WOWLCM,power_slug_blue,BP_Crystal_C,-352.95,1419.664,104.434,++FactoryGame+rel-main-anniversary-2026-CL-502094,2c1ba76bf6aeb7593d53fb8278c48df9a639f7002d1cc09eeb4024fb67406337
poi_502094_0625,power_slug_blue,Persistent_Level:PersistentLevel.BP_Crystal7_10,5LKRIO9244IS183K96LRBAEYB,power_slug_blue,BP_Crystal_C,-2056.017,271.207,122.549,++FactoryGame+rel-main-anniversary-2026-CL-502094,2c1ba76bf6aeb7593d53fb8278c48df9a639f7002d1cc09eeb4024fb67406337
poi_502094_0626,power_slug_blue,Persistent_Level:PersistentLevel.BP_Crystal12_81,5O4Q8KPQYINS8P95X6C8VD8L8,power_slug_blue,BP_Crystal_C,2199.265,-852.623,-5.581,++FactoryGame+rel-main-anniversary-2026-CL-502094,2c1ba76bf6aeb7593d53fb8278c48df9a639f7002d1cc09eeb4024fb67406337
poi_502094_0627,power_slug_blue,Persistent_Level:PersistentLevel.BP_Crystal77,5O4Q8KPQYINS8P95X6C8VD8L8,power_slug_blue,BP_Crystal_C,2189.842,-745.731,-12.88,++FactoryGame+rel-main-anniversary-2026-CL-502094,2c1ba76bf6aeb7593d53fb8278c48df9a639f7002d1cc09eeb4024fb67406337
poi_502094_0628,power_slug_blue,Persistent_Level:PersistentLevel.BP_Crystal83,5O4Q8KPQYINS8P95X6C8VD8L8,power_slug_blue,BP_Crystal_C,2250.069,-771.644,-7.046,++FactoryGame+rel-main-anniversary-2026-CL-502094,2c1ba76bf6aeb7593d53fb8278c48df9a639f7002d1cc09eeb4024fb67406337
poi_502094_0629,power_slug_blue,Persistent_Level:PersistentLevel.BP_Crystal_C_76,5O4Q8KPQYINS8P95X6C8VD8L8,power_slug_blue,BP_Crystal_C,2186.193,-822.22,-5.954,++FactoryGame+rel-main-anniversary-2026-CL-502094,2c1ba76bf6aeb7593d53fb8278c48df9a639f7002d1cc09eeb4024fb67406337
poi_502094_0630,power_slug_blue,Persistent_Level:PersistentLevel.BP_Crystal_C_77,5O4Q8KPQYINS8P95X6C8VD8L8,power_slug_blue,BP_Crystal_C,2274.229,-871.365,-9.27,++FactoryGame+rel-main-anniversary-2026-CL-502094,2c1ba76bf6aeb7593d53fb8278c48df9a639f7002d1cc09eeb4024fb67406337
poi_502094_0631,power_slug_blue,Persistent_Level:PersistentLevel.BP_Crystal26_32,5RGKW57ADK7HGQS195VEIC9LQ,power_slug_blue,BP_Crystal_C,-1394.469,-1303.934,98.325,++FactoryGame+rel-main-anniversary-2026-CL-502094,2c1ba76bf6aeb7593d53fb8278c48df9a639f7002d1cc09eeb4024fb67406337
poi_502094_0632,power_slug_blue,Persistent_Level:PersistentLevel.BP_Crystal14,5T2A90MFJW7DPVKJB0C2ZZMNG,power_slug_blue,BP_Crystal_C,-1364.809,1684.97,211.285,++FactoryGame+rel-main-anniversary-2026-CL-502094,2c1ba76bf6aeb7593d53fb8278c48df9a639f7002d1cc09eeb4024fb67406337
poi_502094_0633,power_slug_blue,Persistent_Level:PersistentLevel.BP_Crystal21,5T2A90MFJW7DPVKJB0C2ZZMNG,power_slug_blue,BP_Crystal_C,-1406.016,1701.837,90.753,++FactoryGame+rel-main-anniversary-2026-CL-502094,2c1ba76bf6aeb7593d53fb8278c48df9a639f7002d1cc09eeb4024fb67406337
poi_502094_0634,power_slug_blue,Persistent_Level:PersistentLevel.BP_Crystal46,5T2A90MFJW7DPVKJB0C2ZZMNG,power_slug_blue,BP_Crystal_C,-1523.416,1727.039,180.538,++FactoryGame+rel-main-anniversary-2026-CL-502094,2c1ba76bf6aeb7593d53fb8278c48df9a639f7002d1cc09eeb4024fb67406337
poi_502094_0635,power_slug_blue,Persistent_Level:PersistentLevel.BP_Crystal102,5UAWB7QBPXMB9LX8AXJHVYASF,power_slug_blue,BP_Crystal_C,1413.8,1592.69,57.67,++FactoryGame+rel-main-anniversary-2026-CL-502094,2c1ba76bf6aeb7593d53fb8278c48df9a639f7002d1cc09eeb4024fb67406337
poi_502094_0636,power_slug_blue,Persistent_Level:PersistentLevel.BP_Crystal_C_UAID_04421A9713F0785B01_1425075382,5UAWB7QBPXMB9LX8AXJHVYASF,power_slug_blue,BP_Crystal_C,1415.07,1625.13,24.8,++FactoryGame+rel-main-anniversary-2026-CL-502094,2c1ba76bf6aeb7593d53fb8278c48df9a639f7002d1cc09eeb4024fb67406337
poi_502094_0637,power_slug_blue,Persistent_Level:PersistentLevel.BP_Crystal_C_UAID_04421A9713F0DD5B01_1562001181,5UAWB7QBPXMB9LX8AXJHVYASF,power_slug_blue,BP_Crystal_C,1485.11,1722.18,39.23,++FactoryGame+rel-main-anniversary-2026-CL-502094,2c1ba76bf6aeb7593d53fb8278c48df9a639f7002d1cc09eeb4024fb67406337
poi_502094_0638,power_slug_blue,Persistent_Level:PersistentLevel.BP_Crystal_mk45_UAID_40B076DF2F791E6201_1165229929,5UAWB7QBPXMB9LX8AXJHVYASF,power_slug_blue,BP_Crystal_C,1335.414,1712.044,3.4,++FactoryGame+rel-main-anniversary-2026-CL-502094,2c1ba76bf6aeb7593d53fb8278c48df9a639f7002d1cc09eeb4024fb67406337
poi_502094_0639,power_slug_blue,Persistent_Level:PersistentLevel.BP_Crystal13_82,5X4541XY3J1PI0ZDF7MDV67EC,power_slug_blue,BP_Crystal_C,2237.983,-992.832,14.743,++FactoryGame+rel-main-anniversary-2026-CL-502094,2c1ba76bf6aeb7593d53fb8278c48df9a639f7002d1cc09eeb4024fb67406337
poi_502094_0640,power_slug_blue,Persistent_Level:PersistentLevel.BP_Crystal_C_75,5X4541XY3J1PI0ZDF7MDV67EC,power_slug_blue,BP_Crystal_C,2316.362,-943.247,39.833,++FactoryGame+rel-main-anniversary-2026-CL-502094,2c1ba76bf6aeb7593d53fb8278c48df9a639f7002d1cc09eeb4024fb67406337
poi_502094_0641,power_slug_blue,Persistent_Level:PersistentLevel.BP_Crystal_C_UAID_04421A9713F05D5D01_2007016764,5X4541XY3J1PI0ZDF7MDV67EC,power_slug_blue,BP_Crystal_C,2286.32,-1065.88,55.56,++FactoryGame+rel-main-anniversary-2026-CL-502094,2c1ba76bf6aeb7593d53fb8278c48df9a639f7002d1cc09eeb4024fb67406337
poi_502094_0642,power_slug_blue,Persistent_Level:PersistentLevel.BP_Crystal_C_UAID_04421A9713F05E5D01_1095164941,5X4541XY3J1PI0ZDF7MDV67EC,power_slug_blue,BP_Crystal_C,2283.23,-1093.51,80.98,++FactoryGame+rel-main-anniversary-2026-CL-502094,2c1ba76bf6aeb7593d53fb8278c48df9a639f7002d1cc09eeb4024fb67406337
poi_502094_0643,power_slug_blue,Persistent_Level:PersistentLevel.BP_Crystal_C_UAID_04421A9713F06C5C01_1356614339,5X4541XY3J1PI0ZDF7MDV67EC,power_slug_blue,BP_Crystal_C,2195.71,-1113.17,51.47,++FactoryGame+rel-main-anniversary-2026-CL-502094,2c1ba76bf6aeb7593d53fb8278c48df9a639f7002d1cc09eeb4024fb67406337
poi_502094_0644,power_slug_blue,Persistent_Level:PersistentLevel.BP_Crystal7_6,5XHD5LD7LFXCYHGVP956D1C6E,power_slug_blue,BP_Crystal_C,998.67,642.76,150.561,++FactoryGame+rel-main-anniversary-2026-CL-502094,2c1ba76bf6aeb7593d53fb8278c48df9a639f7002d1cc09eeb4024fb67406337
poi_502094_0645,power_slug_blue,Persistent_Level:PersistentLevel.BP_Crystal_C_56,5XHD5LD7LFXCYHGVP956D1C6E,power_slug_blue,BP_Crystal_C,1017.006,527.67,90.239,++FactoryGame+rel-main-anniversary-2026-CL-502094,2c1ba76bf6aeb7593d53fb8278c48df9a639f7002d1cc09eeb4024fb67406337
poi_502094_0646,power_slug_blue,Persistent_Level:PersistentLevel.BP_Crystal155,5YR7ABN2HQFIKG8GUTQNL0OF8,power_slug_blue,BP_Crystal_C,3951.502,1182.498,56.373,++FactoryGame+rel-main-anniversary-2026-CL-502094,2c1ba76bf6aeb7593d53fb8278c48df9a639f7002d1cc09eeb4024fb67406337
poi_502094_0647,power_slug_blue,Persistent_Level:PersistentLevel.BP_Crystal_C_94,5Z64JS49XQPE1DTEHVUQ0ATP5,power_slug_blue,BP_Crystal_C,2165.65,3012.15,166.25,++FactoryGame+rel-main-anniversary-2026-CL-502094,2c1ba76bf6aeb7593d53fb8278c48df9a639f7002d1cc09eeb4024fb67406337
poi_502094_0648,power_slug_blue,Persistent_Level:PersistentLevel.BP_Crystal117,5ZOYNBS7X47ANOJ08H2JYH9KS,power_slug_blue,BP_Crystal_C,3008.555,941.454,87.908,++FactoryGame+rel-main-anniversary-2026-CL-502094,2c1ba76bf6aeb7593d53fb8278c48df9a639f7002d1cc09eeb4024fb67406337
poi_502094_0649,power_slug_blue,Persistent_Level:PersistentLevel.BP_Crystal127,5ZOYNBS7X47ANOJ08H2JYH9KS,power_slug_blue,BP_Crystal_C,3111.9,1095.102,107.24,++FactoryGame+rel-main-anniversary-2026-CL-502094,2c1ba76bf6aeb7593d53fb8278c48df9a639f7002d1cc09eeb4024fb67406337
poi_502094_0650,power_slug_blue,Persistent_Level:PersistentLevel.BP_Crystal133_1,5ZOYNBS7X47ANOJ08H2JYH9KS,power_slug_blue,BP_Crystal_C,3146.847,1026.108,77.444,++FactoryGame+rel-main-anniversary-2026-CL-502094,2c1ba76bf6aeb7593d53fb8278c48df9a639f7002d1cc09eeb4024fb67406337
poi_502094_0651,power_slug_blue,Persistent_Level:PersistentLevel.BP_Crystal59,5ZOYNBS7X47ANOJ08H2JYH9KS,power_slug_blue,BP_Crystal_C,3115.898,1122.504,63.585,++FactoryGame+rel-main-anniversary-2026-CL-502094,2c1ba76bf6aeb7593d53fb8278c48df9a639f7002d1cc09eeb4024fb67406337
poi_502094_0652,power_slug_blue,Persistent_Level:PersistentLevel.BP_Crystal_C_UAID_40B076DF2F79625301_1884959066,62OWD1MCVA5QQRQP2066BVTDR,power_slug_blue,BP_Crystal_C,-359.989,2428.156,1.905,++FactoryGame+rel-main-anniversary-2026-CL-502094,2c1ba76bf6aeb7593d53fb8278c48df9a639f7002d1cc09eeb4024fb67406337
poi_502094_0653,power_slug_blue,Persistent_Level:PersistentLevel.BP_Crystal_C_UAID_40B076DF2F798B5F01_1501465945,62OWD1MCVA5QQRQP2066BVTDR,power_slug_blue,BP_Crystal_C,-480.939,2463.846,-3.995,++FactoryGame+rel-main-anniversary-2026-CL-502094,2c1ba76bf6aeb7593d53fb8278c48df9a639f7002d1cc09eeb4024fb67406337
poi_502094_0654,power_slug_blue,Persistent_Level:PersistentLevel.BP_Crystal_UAID_40B076DF2F79065901_1178046200,62OWD1MCVA5QQRQP2066BVTDR,power_slug_blue,BP_Crystal_C,-421.856,2484.34,16.208,++FactoryGame+rel-main-anniversary-2026-CL-502094,2c1ba76bf6aeb7593d53fb8278c48df9a639f7002d1cc09eeb4024fb67406337
poi_502094_0655,power_slug_blue,Persistent_Level:PersistentLevel.BP_Crystal7,655A7IUW5FHON6N4WEQIT2BPM,power_slug_blue,BP_Crystal_C,-2207.29,1290.101,49.069,++FactoryGame+rel-main-anniversary-2026-CL-502094,2c1ba76bf6aeb7593d53fb8278c48df9a639f7002d1cc09eeb4024fb67406337
poi_502094_0656,power_slug_blue,Persistent_Level:PersistentLevel.BP_Crystal_C_UAID_04421A9713F0AC5201_1696194044,65TWDXCAJQT8ULQ0K3W90PF5K,power_slug_blue,BP_Crystal_C,2039.15,2842.67,100.54,++FactoryGame+rel-main-anniversary-2026-CL-502094,2c1ba76bf6aeb7593d53fb8278c48df9a639f7002d1cc09eeb4024fb67406337
poi_502094_0657,power_slug_blue,Persistent_Level:PersistentLevel.BP_Crystal_C_UAID_04421A9713F0E95F01_1231921499,65TWDXCAJQT8ULQ0K3W90PF5K,power_slug_blue,BP_Crystal_C,2112.32,2837.51,306.79,++FactoryGame+rel-main-anniversary-2026-CL-502094,2c1ba76bf6aeb7593d53fb8278c48df9a639f7002d1cc09eeb4024fb67406337
poi_502094_0658,power_slug_blue,Persistent_Level:PersistentLevel.BP_Crystal26_26,661ZB7NBHJOV13FDKD7MLR8Y6,power_slug_blue,BP_Crystal_C,-702.974,-2923.392,-63.316,++FactoryGame+rel-main-anniversary-2026-CL-502094,2c1ba76bf6aeb7593d53fb8278c48df9a639f7002d1cc09eeb4024fb67406337
poi_502094_0659,power_slug_blue,Persistent_Level:PersistentLevel.BP_Crystal32_11,661ZB7NBHJOV13FDKD7MLR8Y6,power_slug_blue,BP_Crystal_C,-547.664,-2834.646,-14.266,++FactoryGame+rel-main-anniversary-2026-CL-502094,2c1ba76bf6aeb7593d53fb8278c48df9a639f7002d1cc09eeb4024fb67406337
poi_502094_0660,power_slug_blue,Persistent_Level:PersistentLevel.BP_Crystal4_3771,679LFT0HLREUIJEIQ30EYB85D,power_slug_blue,BP_Crystal_C,-727.66,663.499,155.71,++FactoryGame+rel-main-anniversary-2026-CL-502094,2c1ba76bf6aeb7593d53fb8278c48df9a639f7002d1cc09eeb4024fb67406337
poi_502094_0661,power_slug_blue,Persistent_Level:PersistentLevel.BP_Crystal2_2780,67PIEMADP5Y0C0Q98MP4HZF1I,power_slug_blue,BP_Crystal_C,-1011.36,374.59,152.373,++FactoryGame+rel-main-anniversary-2026-CL-502094,2c1ba76bf6aeb7593d53fb8278c48df9a639f7002d1cc09eeb4024fb67406337
poi_502094_0662,power_slug_blue,Persistent_Level:PersistentLevel.BP_Crystal3_5,67PIEMADP5Y0C0Q98MP4HZF1I,power_slug_blue,BP_Crystal_C,-1071.215,436.264,33.032,++FactoryGame+rel-main-anniversary-2026-CL-502094,2c1ba76bf6aeb7593d53fb8278c48df9a639f7002d1cc09eeb4024fb67406337
poi_502094_0663,power_slug_blue,Persistent_Level:PersistentLevel.BP_Crystal74,68MHEYBMF0F2EG5AGYKNGP7EG,power_slug_blue,BP_Crystal_C,3139.232,798.013,56.413,++FactoryGame+rel-main-anniversary-2026-CL-502094,2c1ba76bf6aeb7593d53fb8278c48df9a639f7002d1cc09eeb4024fb67406337
poi_502094_0664,power_slug_blue,Persistent_Level:PersistentLevel.BP_Crystal17,690BQA85E0ETP0CWXSMMTEISH,power_slug_blue,BP_Crystal_C,471.298,1987.335,9.136,++FactoryGame+rel-main-anniversary-2026-CL-502094,2c1ba76bf6aeb7593d53fb8278c48df9a639f7002d1cc09eeb4024fb67406337
poi_502094_0665,power_slug_blue,Persistent_Level:PersistentLevel.BP_Crystal_8,6CWB96QBCFR7EBIDKUVPGWJDY,power_slug_blue,BP_Crystal_C,2215.44,-1317.18,-20.01,++FactoryGame+rel-main-anniversary-2026-CL-502094,2c1ba76bf6aeb7593d53fb8278c48df9a639f7002d1cc09eeb4024fb67406337
poi_502094_0666,power_slug_blue,Persistent_Level:PersistentLevel.BP_Crystal_C_74,6CWB96QBCFR7EBIDKUVPGWJDY,power_slug_blue,BP_Crystal_C,2207.9,-1298.4,90.4,++FactoryGame+rel-main-anniversary-2026-CL-502094,2c1ba76bf6aeb7593d53fb8278c48df9a639f7002d1cc09eeb4024fb67406337
poi_502094_0667,power_slug_blue,Persistent_Level:PersistentLevel.BP_Crystal_C_58,6D46LIVRKWD126AG6KZY6CWS0,power_slug_blue,BP_Crystal_C,1386.9,1813.45,35.05,++FactoryGame+rel-main-anniversary-2026-CL-502094,2c1ba76bf6aeb7593d53fb8278c48df9a639f7002d1cc09eeb4024fb67406337
poi_502094_0668,power_slug_blue,Persistent_Level:PersistentLevel.BP_Crystal_C_UAID_04421A9713F03B5B01_1622325660,6D46LIVRKWD126AG6KZY6CWS0,power_slug_blue,BP_Crystal_C,1480.68,1870.28,104.05,++FactoryGame+rel-main-anniversary-2026-CL-502094,2c1ba76bf6aeb7593d53fb8278c48df9a639f7002d1cc09eeb4024fb67406337
poi_502094_0669,power_slug_blue,Persistent_Level:PersistentLevel.BP_Crystal_C_UAID_04421A9713F0825B01_1706644167,6D46LIVRKWD126AG6KZY6CWS0,power_slug_blue,BP_Crystal_C,1453.51,1867.6,19.06,++FactoryGame+rel-main-anniversary-2026-CL-502094,2c1ba76bf6aeb7593d53fb8278c48df9a639f7002d1cc09eeb4024fb67406337
poi_502094_0670,power_slug_blue,Persistent_Level:PersistentLevel.BP_Crystal_mk45_UAID_40B076DF2F79236201_1250559816,6D46LIVRKWD126AG6KZY6CWS0,power_slug_blue,BP_Crystal_C,1427.634,1943.134,-15.54,++FactoryGame+rel-main-anniversary-2026-CL-502094,2c1ba76bf6aeb7593d53fb8278c48df9a639f7002d1cc09eeb4024fb67406337
poi_502094_0671,power_slug_blue,Persistent_Level:PersistentLevel.BP_Crystal146,6EZ8OPSNH33JVBXTSR3WG46IV,power_slug_blue,BP_Crystal_C,3737.342,1262.472,58.143,++FactoryGame+rel-main-anniversary-2026-CL-502094,2c1ba76bf6aeb7593d53fb8278c48df9a639f7002d1cc09eeb4024fb67406337
poi_502094_0672,power_slug_blue,Persistent_Level:PersistentLevel.BP_Crystal150,6EZ8OPSNH33JVBXTSR3WG46IV,power_slug_blue,BP_Crystal_C,3620.632,1208.118,86.653,++FactoryGame+rel-main-anniversary-2026-CL-502094,2c1ba76bf6aeb7593d53fb8278c48df9a639f7002d1cc09eeb4024fb67406337
poi_502094_0673,power_slug_blue,Persistent_Level:PersistentLevel.BP_Crystal13_9,6JSYFN4F11W1FK8DBEL9MJKMC,power_slug_blue,BP_Crystal_C,38.59,640.572,151.004,++FactoryGame+rel-main-anniversary-2026-CL-502094,2c1ba76bf6aeb7593d53fb8278c48df9a639f7002d1cc09eeb4024fb67406337
poi_502094_0674,power_slug_blue,Persistent_Level:PersistentLevel.BP_Crystal17_14,6JSYFN4F11W1FK8DBEL9MJKMC,power_slug_blue,BP_Crystal_C,-82.2,694.1,108.3,++FactoryGame+rel-main-anniversary-2026-CL-502094,2c1ba76bf6aeb7593d53fb8278c48df9a639f7002d1cc09eeb4024fb67406337
poi_502094_0675,power_slug_blue,Persistent_Level:PersistentLevel.BP_Crystal31_6,6KL1SHB114X9ZFZ7WWRIHIL92,power_slug_blue,BP_Crystal_C,-1652.061,1472.096,39.638,++FactoryGame+rel-main-anniversary-2026-CL-502094,2c1ba76bf6aeb7593d53fb8278c48df9a639f7002d1cc09eeb4024fb67406337
poi_502094_0676,power_slug_blue,Persistent_Level:PersistentLevel.BP_Crystal30_3,6KLWI9RKT7X11BLJ70JOIKC4V,power_slug_blue,BP_Crystal_C,-119.484,-3026.731,-18.812,++FactoryGame+rel-main-anniversary-2026-CL-502094,2c1ba76bf6aeb7593d53fb8278c48df9a639f7002d1cc09eeb4024fb67406337
poi_502094_0677,power_slug_blue,Persistent_Level:PersistentLevel.BP_Crystal22_22,6KNT1G7N4XPCECMXFORB8QW5R,power_slug_blue,BP_Crystal_C,-1107.967,-2622.322,-62.251,++FactoryGame+rel-main-anniversary-2026-CL-502094,2c1ba76bf6aeb7593d53fb8278c48df9a639f7002d1cc09eeb4024fb67406337
poi_502094_0678,power_slug_blue,Persistent_Level:PersistentLevel.BP_Crystal_C_61,6KX3W8KN4777PL5AIQYN62PXP,power_slug_blue,BP_Crystal_C,1377.377,1462.79,27.547,++FactoryGame+rel-main-anniversary-2026-CL-502094,2c1ba76bf6aeb7593d53fb8278c48df9a639f7002d1cc09eeb4024fb67406337
poi_502094_0679,power_slug_blue,Persistent_Level:PersistentLevel.BP_Crystal_C_UAID_04421A9713F0815B01_1784184985,6KX3W8KN4777PL5AIQYN62PXP,power_slug_blue,BP_Crystal_C,1334.85,1476.39,66.67,++FactoryGame+rel-main-anniversary-2026-CL-502094,2c1ba76bf6aeb7593d53fb8278c48df9a639f7002d1cc09eeb4024fb67406337
poi_502094_0680,power_slug_blue,Persistent_Level:PersistentLevel.BP_Crystal_C_UAID_04421A9713F0F45F01_1549163457,6KX3W8KN4777PL5AIQYN62PXP,power_slug_blue,BP_Crystal_C,1459.8,1505.267,184.22,++FactoryGame+rel-main-anniversary-2026-CL-502094,2c1ba76bf6aeb7593d53fb8278c48df9a639f7002d1cc09eeb4024fb67406337
poi_502094_0681,power_slug_blue,Persistent_Level:PersistentLevel.BP_Crystal10_79,6LM457N0FPZ2S25SLLGCLDSPT,power_slug_blue,BP_Crystal_C,2277.295,-607.306,-16.415,++FactoryGame+rel-main-anniversary-2026-CL-502094,2c1ba76bf6aeb7593d53fb8278c48df9a639f7002d1cc09eeb4024fb67406337
poi_502094_0682,power_slug_blue,Persistent_Level:PersistentLevel.BP_Crystal1_87,6LM457N0FPZ2S25SLLGCLDSPT,power_slug_blue,BP_Crystal_C,2295.886,-697.171,-16.746,++FactoryGame+rel-main-anniversary-2026-CL-502094,2c1ba76bf6aeb7593d53fb8278c48df9a639f7002d1cc09eeb4024fb67406337
poi_502094_0683,power_slug_blue,Persistent_Level:PersistentLevel.BP_Crystal_C_82,6OH3OUDS6PFXXMI3RUKALLYJN,power_slug_blue,BP_Crystal_C,2103.236,262.458,75.987,++FactoryGame+rel-main-anniversary-2026-CL-502094,2c1ba76bf6aeb7593d53fb8278c48df9a639f7002d1cc09eeb4024fb67406337
poi_502094_0684,power_slug_blue,Persistent_Level:PersistentLevel.BP_Crystal_C_85,6OH3OUDS6PFXXMI3RUKALLYJN,power_slug_blue,BP_Crystal_C,2073.762,206.839,24.692,++FactoryGame+rel-main-anniversary-2026-CL-502094,2c1ba76bf6aeb7593d53fb8278c48df9a639f7002d1cc09eeb4024fb67406337
poi_502094_0685,power_slug_blue,Persistent_Level:PersistentLevel.BP_Crystal_C_86,6OH3OUDS6PFXXMI3RUKALLYJN,power_slug_blue,BP_Crystal_C,2103.372,283.93,13.714,++FactoryGame+rel-main-anniversary-2026-CL-502094,2c1ba76bf6aeb7593d53fb8278c48df9a639f7002d1cc09eeb4024fb67406337
poi_502094_0686,power_slug_blue,Persistent_Level:PersistentLevel.BP_Crystal_C_87,6OH3OUDS6PFXXMI3RUKALLYJN,power_slug_blue,BP_Crystal_C,2114.412,209.226,63.618,++FactoryGame+rel-main-anniversary-2026-CL-502094,2c1ba76bf6aeb7593d53fb8278c48df9a639f7002d1cc09eeb4024fb67406337
poi_502094_0687,power_slug_blue,Persistent_Level:PersistentLevel.BP_Crystal_C_88,6OH3OUDS6PFXXMI3RUKALLYJN,power_slug_blue,BP_Crystal_C,2040.8,243.181,0.545,++FactoryGame+rel-main-anniversary-2026-CL-502094,2c1ba76bf6aeb7593d53fb8278c48df9a639f7002d1cc09eeb4024fb67406337
poi_502094_0688,power_slug_blue,Persistent_Level:PersistentLevel.BP_Crystal_C_89,6OH3OUDS6PFXXMI3RUKALLYJN,power_slug_blue,BP_Crystal_C,2060.782,129.881,41.651,++FactoryGame+rel-main-anniversary-2026-CL-502094,2c1ba76bf6aeb7593d53fb8278c48df9a639f7002d1cc09eeb4024fb67406337
poi_502094_0689,power_slug_blue,Persistent_Level:PersistentLevel.BP_Crystal19_23,6P04K1TU3786NYQD314LT0LF5,power_slug_blue,BP_Crystal_C,-2851.585,611.68,-12.674,++FactoryGame+rel-main-anniversary-2026-CL-502094,2c1ba76bf6aeb7593d53fb8278c48df9a639f7002d1cc09eeb4024fb67406337
poi_502094_0690,power_slug_blue,Persistent_Level:PersistentLevel.BP_Crystal23_23,6R7NFOA2U0H2ZVCUE51IRA47Q,power_slug_blue,BP_Crystal_C,-1111.12,-2235.631,7.362,++FactoryGame+rel-main-anniversary-2026-CL-502094,2c1ba76bf6aeb7593d53fb8278c48df9a639f7002d1cc09eeb4024fb67406337
poi_502094_0691,power_slug_blue,Persistent_Level:PersistentLevel.BP_Crystal1_2,6RUK7ZHS4Z7FLGGUD1PV45BW1,power_slug_blue,BP_Crystal_C,-2106.819,-430.839,103.949,++FactoryGame+rel-main-anniversary-2026-CL-502094,2c1ba76bf6aeb7593d53fb8278c48df9a639f7002d1cc09eeb4024fb67406337
poi_502094_0692,power_slug_blue,Persistent_Level:PersistentLevel.BP_Crystal_mk2_C_UAID_04421A9713F0958101_1177712657,6RVU2BO0US5OEEF6Y4821XLPS,power_slug_blue,BP_Crystal_C,-972.15,-186.65,203.3,++FactoryGame+rel-main-anniversary-2026-CL-502094,2c1ba76bf6aeb7593d53fb8278c48df9a639f7002d1cc09eeb4024fb67406337
poi_502094_0693,power_slug_blue,Persistent_Level:PersistentLevel.BP_Crystal_C_UAID_40B076DF2F792F6001_1132971811,6T50M87WGH05FVSSOYHHCI2WT,power_slug_blue,BP_Crystal_C,279.34,1624.68,139.214,++FactoryGame+rel-main-anniversary-2026-CL-502094,2c1ba76bf6aeb7593d53fb8278c48df9a639f7002d1cc09eeb4024fb67406337
poi_502094_0694,power_slug_blue,Persistent_Level:PersistentLevel.BP_Crystal_C_UAID_40B076DF2F79685201_1807114065,6T50M87WGH05FVSSOYHHCI2WT,power_slug_blue,BP_Crystal_C,229.048,1685.409,-10.496,++FactoryGame+rel-main-anniversary-2026-CL-502094,2c1ba76bf6aeb7593d53fb8278c48df9a639f7002d1cc09eeb4024fb67406337
poi_502094_0695,power_slug_blue,Persistent_Level:PersistentLevel.BP_Crystal3_4,6TMVZI9PWKZ9SY56UV7G69H8V,power_slug_blue,BP_Crystal_C,-1788.371,-1313.13,37.825,++FactoryGame+rel-main-anniversary-2026-CL-502094,2c1ba76bf6aeb7593d53fb8278c48df9a639f7002d1cc09eeb4024fb67406337
poi_502094_0696,power_slug_blue,Persistent_Level:PersistentLevel.BP_Crystal16_16,6U6NNE5ECR2K71GNEDVZT12MT,power_slug_blue,BP_Crystal_C,-446.449,-2291.395,2.78,++FactoryGame+rel-main-anniversary-2026-CL-502094,2c1ba76bf6aeb7593d53fb8278c48df9a639f7002d1cc09eeb4024fb67406337
poi_502094_0697,power_slug_blue,Persistent_Level:PersistentLevel.BP_Crystal_C_1,6VPS1394N4OBPTWLU7LTJSPQ2,power_slug_blue,BP_Crystal_C,-219.271,1235.224,110.88,++FactoryGame+rel-main-anniversary-2026-CL-502094,2c1ba76bf6aeb7593d53fb8278c48df9a639f7002d1cc09eeb4024fb67406337
poi_502094_0698,power_slug_blue,Persistent_Level:PersistentLevel.BP_Crystal56_4,6VYGPAIW7YS68RYXRQ2DMCL9Z,power_slug_blue,BP_Crystal_C,1632.54,1984.18,142.14,++FactoryGame+rel-main-anniversary-2026-CL-502094,2c1ba76bf6aeb7593d53fb8278c48df9a639f7002d1cc09eeb4024fb67406337
poi_502094_0699,power_slug_blue,Persistent_Level:PersistentLevel.BP_Crystal93_2,6VYGPAIW7YS68RYXRQ2DMCL9Z,power_slug_blue,BP_Crystal_C,1706.55,2026.45,176.22,++FactoryGame+rel-main-anniversary-2026-CL-502094,2c1ba76bf6aeb7593d53fb8278c48df9a639f7002d1cc09eeb4024fb67406337
poi_502094_0700,power_slug_blue,Persistent_Level:PersistentLevel.BP_Crystal_C_47,6ZVPF9UC2EKDMVRXH9PAUWUTQ,power_slug_blue,BP_Crystal_C,1281.723,-915.056,140.468,++FactoryGame+rel-main-anniversary-2026-CL-502094,2c1ba76bf6aeb7593d53fb8278c48df9a639f7002d1cc09eeb4024fb67406337
poi_502094_0701,power_slug_blue,Persistent_Level:PersistentLevel.BP_Crystal_C_90,72RNXF8AIRQ5UZJNVIAIH32BK,power_slug_blue,BP_Crystal_C,2583.99,1099.795,57.975,++FactoryGame+rel-main-anniversary-2026-CL-502094,2c1ba76bf6aeb7593d53fb8278c48df9a639f7002d1cc09eeb4024fb67406337
poi_502094_0702,power_slug_blue,Persistent_Level:PersistentLevel.BP_Crystal125_0,74YY17GA236340LEPB7A0RCJ8,power_slug_blue,BP_Crystal_C,2058.24,1569.41,220.62,++FactoryGame+rel-main-anniversary-2026-CL-502094,2c1ba76bf6aeb7593d53fb8278c48df9a639f7002d1cc09eeb4024fb67406337
poi_502094_0703,power_slug_blue,Persistent_Level:PersistentLevel.BP_Crystal_C_UAID_04421A9713F02C6001_1338841280,74YY17GA236340LEPB7A0RCJ8,power_slug_blue,BP_Crystal_C,2079.05,1673.78,168.79,++FactoryGame+rel-main-anniversary-2026-CL-502094,2c1ba76bf6aeb7593d53fb8278c48df9a639f7002d1cc09eeb4024fb67406337
poi_502094_0704,power_slug_blue,Persistent_Level:PersistentLevel.BP_Crystal_C_UAID_04421A9713F03B5B01_1299814658,75I76FMJSKATNK99L8G2QI9BF,power_slug_blue,BP_Crystal_C,2061.7,1980.08,234.03,++FactoryGame+rel-main-anniversary-2026-CL-502094,2c1ba76bf6aeb7593d53fb8278c48df9a639f7002d1cc09eeb4024fb67406337
poi_502094_0705,power_slug_blue,Persistent_Level:PersistentLevel.BP_Crystal14_16,76SX5YECCXCBHHVRPN8K5M9AH,power_slug_blue,BP_Crystal_C,1584.933,568.062,49.054,++FactoryGame+rel-main-anniversary-2026-CL-502094,2c1ba76bf6aeb7593d53fb8278c48df9a639f7002d1cc09eeb4024fb67406337
poi_502094_0706,power_slug_blue,Persistent_Level:PersistentLevel.BP_Crystal23_15,7BOBYXNJXVHSNAWS15JY4RZZU,power_slug_blue,BP_Crystal_C,1406.819,-2388.849,-114.603,++FactoryGame+rel-main-anniversary-2026-CL-502094,2c1ba76bf6aeb7593d53fb8278c48df9a639f7002d1cc09eeb4024fb67406337
poi_502094_0707,power_slug_blue,Persistent_Level:PersistentLevel.BP_Crystal25_17,7BOBYXNJXVHSNAWS15JY4RZZU,power_slug_blue,BP_Crystal_C,1358.149,-2487.324,-168.272,++FactoryGame+rel-main-anniversary-2026-CL-502094,2c1ba76bf6aeb7593d53fb8278c48df9a639f7002d1cc09eeb4024fb67406337
poi_502094_0708,power_slug_blue,Persistent_Level:PersistentLevel.BP_Crystal19_8,7C25HL90O7SE80GWY5RRVUQMW,power_slug_blue,BP_Crystal_C,409.597,614.44,119.872,++FactoryGame+rel-main-anniversary-2026-CL-502094,2c1ba76bf6aeb7593d53fb8278c48df9a639f7002d1cc09eeb4024fb67406337
poi_502094_0709,power_slug_blue,Persistent_Level:PersistentLevel.BP_Crystal_C_18,7C25HL90O7SE80GWY5RRVUQMW,power_slug_blue,BP_Crystal_C,360.575,557.224,155.366,++FactoryGame+rel-main-anniversary-2026-CL-502094,2c1ba76bf6aeb7593d53fb8278c48df9a639f7002d1cc09eeb4024fb67406337
poi_502094_0710,power_slug_blue,Persistent_Level:PersistentLevel.BP_Crystal_C_19,7C25HL90O7SE80GWY5RRVUQMW,power_slug_blue,BP_Crystal_C,332.086,622.769,63.282,++FactoryGame+rel-main-anniversary-2026-CL-502094,2c1ba76bf6aeb7593d53fb8278c48df9a639f7002d1cc09eeb4024fb67406337
poi_502094_0711,power_slug_blue,Persistent_Level:PersistentLevel.BP_Crystal111_3,7D7OQT7C59XPI9USE4REHDKWD,power_slug_blue,BP_Crystal_C,1290.3,1386.05,126.48,++FactoryGame+rel-main-anniversary-2026-CL-502094,2c1ba76bf6aeb7593d53fb8278c48df9a639f7002d1cc09eeb4024fb67406337
poi_502094_0712,power_slug_blue,Persistent_Level:PersistentLevel.BP_Crystal_C_UAID_04421A9713F0795B01_1115579560,7D7OQT7C59XPI9USE4REHDKWD,power_slug_blue,BP_Crystal_C,1249.97,1433.52,20.62,++FactoryGame+rel-main-anniversary-2026-CL-502094,2c1ba76bf6aeb7593d53fb8278c48df9a639f7002d1cc09eeb4024fb67406337
poi_502094_0713,power_slug_blue,Persistent_Level:PersistentLevel.BP_Crystal_C_UAID_04421A9713F0BF5D01_1402621031,7D7OQT7C59XPI9USE4REHDKWD,power_slug_blue,BP_Crystal_C,1280.03,1444.72,157.63,++FactoryGame+rel-main-anniversary-2026-CL-502094,2c1ba76bf6aeb7593d53fb8278c48df9a639f7002d1cc09eeb4024fb67406337
poi_502094_0714,power_slug_blue,Persistent_Level:PersistentLevel.BP_Crystal_C_UAID_40B076DF2F79226201_1519973634,7D7OQT7C59XPI9USE4REHDKWD,power_slug_blue,BP_Crystal_C,1312.917,1451.59,20.447,++FactoryGame+rel-main-anniversary-2026-CL-502094,2c1ba76bf6aeb7593d53fb8278c48df9a639f7002d1cc09eeb4024fb67406337
poi_502094_0715,power_slug_blue,Persistent_Level:PersistentLevel.BP_Crystal_mk45,7D7OQT7C59XPI9USE4REHDKWD,power_slug_blue,BP_Crystal_C,1154.704,1457.594,16.25,++FactoryGame+rel-main-anniversary-2026-CL-502094,2c1ba76bf6aeb7593d53fb8278c48df9a639f7002d1cc09eeb4024fb67406337
poi_502094_0716,power_slug_blue,Persistent_Level:PersistentLevel.BP_Crystal_mk45_UAID_40B076DF2F79106201_1437870469,7D7OQT7C59XPI9USE4REHDKWD,power_slug_blue,BP_Crystal_C,1254.494,1498.264,4.99,++FactoryGame+rel-main-anniversary-2026-CL-502094,2c1ba76bf6aeb7593d53fb8278c48df9a639f7002d1cc09eeb4024fb67406337
poi_502094_0717,power_slug_blue,Persistent_Level:PersistentLevel.BP_Crystal_mk45_UAID_40B076DF2F798F6001_1203275705,7D7OQT7C59XPI9USE4REHDKWD,power_slug_blue,BP_Crystal_C,1267.044,1408.314,3.98,++FactoryGame+rel-main-anniversary-2026-CL-502094,2c1ba76bf6aeb7593d53fb8278c48df9a639f7002d1cc09eeb4024fb67406337
poi_502094_0718,power_slug_blue,Persistent_Level:PersistentLevel.BP_Crystal_C_UAID_04421A9713F07B6001_2100568184,7F7SF74CKYO44OG0P4A4WDZKC,power_slug_blue,BP_Crystal_C,1804.78,1259.15,174.18,++FactoryGame+rel-main-anniversary-2026-CL-502094,2c1ba76bf6aeb7593d53fb8278c48df9a639f7002d1cc09eeb4024fb67406337
poi_502094_0719,power_slug_blue,Persistent_Level:PersistentLevel.BP_Crystal_C_UAID_04421A9713F0EC5F01_1293213040,7F7SF74CKYO44OG0P4A4WDZKC,power_slug_blue,BP_Crystal_C,1757.46,1247.68,106.08,++FactoryGame+rel-main-anniversary-2026-CL-502094,2c1ba76bf6aeb7593d53fb8278c48df9a639f7002d1cc09eeb4024fb67406337
poi_502094_0720,power_slug_blue,Persistent_Level:PersistentLevel.BP_Crystal_C_24,7HQ6ZKDEPDYF6WCFQ02KKTF9U,power_slug_blue,BP_Crystal_C,1000.958,2.312,192.077,++FactoryGame+rel-main-anniversary-2026-CL-502094,2c1ba76bf6aeb7593d53fb8278c48df9a639f7002d1cc09eeb4024fb67406337
poi_502094_0721,power_slug_blue,Persistent_Level:PersistentLevel.BP_Crystal7_11,7ITPAXKLKDQL1MV5KZOON9MKA,power_slug_blue,BP_Crystal_C,-60.168,-141.709,291.405,++FactoryGame+rel-main-anniversary-2026-CL-502094,2c1ba76bf6aeb7593d53fb8278c48df9a639f7002d1cc09eeb4024fb67406337
poi_502094_0722,power_slug_blue,Persistent_Level:PersistentLevel.BP_Crystal_C_UAID_04421A9713F0AE5D01_1835696000,7J3WGU1S94D8JCWCOKXE7KBOY,power_slug_blue,BP_Crystal_C,1830.85,-1645.84,92.45,++FactoryGame+rel-main-anniversary-2026-CL-502094,2c1ba76bf6aeb7593d53fb8278c48df9a639f7002d1cc09eeb4024fb67406337
poi_502094_0723,power_slug_blue,Persistent_Level:PersistentLevel.BP_Crystal3_15,7J7ZD9LDME6Y8QV9VYPX3QPRM,power_slug_blue,BP_Crystal_C,618.475,-2166.694,-11.287,++FactoryGame+rel-main-anniversary-2026-CL-502094,2c1ba76bf6aeb7593d53fb8278c48df9a639f7002d1cc09eeb4024fb67406337
poi_502094_0724,power_slug_blue,Persistent_Level:PersistentLevel.BP_Crystal4_6,7JKW7T4XZ9A4WI0X5NVN3YKT0,power_slug_blue,BP_Crystal_C,1033.358,1253.959,-6.861,++FactoryGame+rel-main-anniversary-2026-CL-502094,2c1ba76bf6aeb7593d53fb8278c48df9a639f7002d1cc09eeb4024fb67406337
poi_502094_0725,power_slug_blue,Persistent_Level:PersistentLevel.BP_Crystal_C_17,7JRKVZWV0QPT5VXMRN8QD06DI,power_slug_blue,BP_Crystal_C,131.002,411.169,139.839,++FactoryGame+rel-main-anniversary-2026-CL-502094,2c1ba76bf6aeb7593d53fb8278c48df9a639f7002d1cc09eeb4024fb67406337
poi_502094_0726,power_slug_blue,Persistent_Level:PersistentLevel.BP_Crystal8,7LEG1LSOCK9EMOZ6R60ZT8EE9,power_slug_blue,BP_Crystal_C,-2375.262,1549.608,138.094,++FactoryGame+rel-main-anniversary-2026-CL-502094,2c1ba76bf6aeb7593d53fb8278c48df9a639f7002d1cc09eeb4024fb67406337
poi_502094_0727,power_slug_blue,Persistent_Level:PersistentLevel.BP_Crystal_C_52,7M2N6R92SDHZC4M6ZR0L37AZB,power_slug_blue,BP_Crystal_C,1477.71,-805.1,134.65,++FactoryGame+rel-main-anniversary-2026-CL-502094,2c1ba76bf6aeb7593d53fb8278c48df9a639f7002d1cc09eeb4024fb67406337
poi_502094_0728,power_slug_blue,Persistent_Level:PersistentLevel.BP_Crystal94_8,7PN00AC80W4IUMMXIPJROJH17,power_slug_blue,BP_Crystal_C,2609.477,821.207,70.291,++FactoryGame+rel-main-anniversary-2026-CL-502094,2c1ba76bf6aeb7593d53fb8278c48df9a639f7002d1cc09eeb4024fb67406337
poi_502094_0729,power_slug_blue,Persistent_Level:PersistentLevel.BP_Crystal_C_UAID_04421A9713F0B3AF01_1789903464,7RGJ01XDV4HQUVIDWHEXQD0MK,power_slug_blue,BP_Crystal_C,661.53,1342.87,6.79,++FactoryGame+rel-main-anniversary-2026-CL-502094,2c1ba76bf6aeb7593d53fb8278c48df9a639f7002d1cc09eeb4024fb67406337
poi_502094_0730,power_slug_blue,Persistent_Level:PersistentLevel.BP_Crystal_C_UAID_04421A9713F079AF01_2086299378,7SBCDQ2TFQBA2QFTB5THY4H59,power_slug_blue,BP_Crystal_C,170.87,1519.59,30.57,++FactoryGame+rel-main-anniversary-2026-CL-502094,2c1ba76bf6aeb7593d53fb8278c48df9a639f7002d1cc09eeb4024fb67406337
poi_502094_0731,power_slug_blue,Persistent_Level:PersistentLevel.BP_Crystal11_15,7SNP1NOK9ZC0JFUT4YQXFT9GD,power_slug_blue,BP_Crystal_C,-20.969,1102.653,115.609,++FactoryGame+rel-main-anniversary-2026-CL-502094,2c1ba76bf6aeb7593d53fb8278c48df9a639f7002d1cc09eeb4024fb67406337
poi_502094_0732,power_slug_blue,Persistent_Level:PersistentLevel.BP_Crystal17_UAID_40B076DF2F79175C01_2025354360,7TYHGRSR5RC6UM6H8SQSJP5RS,power_slug_blue,BP_Crystal_C,924.798,1639.985,23.215,++FactoryGame+rel-main-anniversary-2026-CL-502094,2c1ba76bf6aeb7593d53fb8278c48df9a639f7002d1cc09eeb4024fb67406337
poi_502094_0733,power_slug_blue,Persistent_Level:PersistentLevel.BP_Crystal_C_UAID_04421A9713F0775B01_1580171202,7TYHGRSR5RC6UM6H8SQSJP5RS,power_slug_blue,BP_Crystal_C,1109.97,1693.01,5.21,++FactoryGame+rel-main-anniversary-2026-CL-502094,2c1ba76bf6aeb7593d53fb8278c48df9a639f7002d1cc09eeb4024fb67406337
poi_502094_0734,power_slug_blue,Persistent_Level:PersistentLevel.BP_Crystal_C_UAID_04421A9713F0795B01_1706418562,7TYHGRSR5RC6UM6H8SQSJP5RS,power_slug_blue,BP_Crystal_C,1106.06,1544.88,45.14,++FactoryGame+rel-main-anniversary-2026-CL-502094,2c1ba76bf6aeb7593d53fb8278c48df9a639f7002d1cc09eeb4024fb67406337
poi_502094_0735,power_slug_blue,Persistent_Level:PersistentLevel.BP_Crystal_C_UAID_40B076DF2F792F6001_1856291813,7TYHGRSR5RC6UM6H8SQSJP5RS,power_slug_blue,BP_Crystal_C,928.04,1737.63,186.56,++FactoryGame+rel-main-anniversary-2026-CL-502094,2c1ba76bf6aeb7593d53fb8278c48df9a639f7002d1cc09eeb4024fb67406337
poi_502094_0736,power_slug_blue,Persistent_Level:PersistentLevel.BP_Crystal_C_UAID_40B076DF2F79306001_1695738994,7TYHGRSR5RC6UM6H8SQSJP5RS,power_slug_blue,BP_Crystal_C,963.6,1577.4,158.4,++FactoryGame+rel-main-anniversary-2026-CL-502094,2c1ba76bf6aeb7593d53fb8278c48df9a639f7002d1cc09eeb4024fb67406337
poi_502094_0737,power_slug_blue,Persistent_Level:PersistentLevel.BP_Crystal_mk46,7TYHGRSR5RC6UM6H8SQSJP5RS,power_slug_blue,BP_Crystal_C,1090.61,1591.607,-3.396,++FactoryGame+rel-main-anniversary-2026-CL-502094,2c1ba76bf6aeb7593d53fb8278c48df9a639f7002d1cc09eeb4024fb67406337
poi_502094_0738,power_slug_blue,Persistent_Level:PersistentLevel.BP_Crystal12_14,7VFRGT5X5XQCY4997VFIO71UK,power_slug_blue,BP_Crystal_C,1797.96,534.618,105.196,++FactoryGame+rel-main-anniversary-2026-CL-502094,2c1ba76bf6aeb7593d53fb8278c48df9a639f7002d1cc09eeb4024fb67406337
poi_502094_0739,power_slug_blue,Persistent_Level:PersistentLevel.BP_Crystal118,7W9UDNX3KCC84L5VX4O792S6Q,power_slug_blue,BP_Crystal_C,2875.423,878.863,89.958,++FactoryGame+rel-main-anniversary-2026-CL-502094,2c1ba76bf6aeb7593d53fb8278c48df9a639f7002d1cc09eeb4024fb67406337
poi_502094_0740,power_slug_blue,Persistent_Level:PersistentLevel.BP_Crystal_C_93,7WP5162UQFDTL52KOO9KJTAOE,power_slug_blue,BP_Crystal_C,2751.35,2766.725,85.039,++FactoryGame+rel-main-anniversary-2026-CL-502094,2c1ba76bf6aeb7593d53fb8278c48df9a639f7002d1cc09eeb4024fb67406337
poi_502094_0741,power_slug_blue,Persistent_Level:PersistentLevel.BP_Crystal13_18,7X9Y0LVV0G9BGC56Q80TPNDGO,power_slug_blue,BP_Crystal_C,-938.635,226.719,175.98,++FactoryGame+rel-main-anniversary-2026-CL-502094,2c1ba76bf6aeb7593d53fb8278c48df9a639f7002d1cc09eeb4024fb67406337
poi_502094_0742,power_slug_blue,Persistent_Level:PersistentLevel.BP_Crystal_C_64,81JRN8EL56I1O9V4NB4Y7359I,power_slug_blue,BP_Crystal_C,1629.65,2691.25,121.1,++FactoryGame+rel-main-anniversary-2026-CL-502094,2c1ba76bf6aeb7593d53fb8278c48df9a639f7002d1cc09eeb4024fb67406337
poi_502094_0743,power_slug_blue,Persistent_Level:PersistentLevel.BP_Crystal_C_UAID_04421A9713F0605301_1273983749,81JRN8EL56I1O9V4NB4Y7359I,power_slug_blue,BP_Crystal_C,1587.46,2611.0,13.94,++FactoryGame+rel-main-anniversary-2026-CL-502094,2c1ba76bf6aeb7593d53fb8278c48df9a639f7002d1cc09eeb4024fb67406337
poi_502094_0744,power_slug_blue,Persistent_Level:PersistentLevel.BP_Crystal5_4,84MHH6JS1WDRHV8LZLNCT7KJ3,power_slug_blue,BP_Crystal_C,539.667,431.882,159.485,++FactoryGame+rel-main-anniversary-2026-CL-502094,2c1ba76bf6aeb7593d53fb8278c48df9a639f7002d1cc09eeb4024fb67406337
poi_502094_0745,power_slug_blue,Persistent_Level:PersistentLevel.BP_Crystal67,84MHH6JS1WDRHV8LZLNCT7KJ3,power_slug_blue,BP_Crystal_C,716.382,470.064,141.064,++FactoryGame+rel-main-anniversary-2026-CL-502094,2c1ba76bf6aeb7593d53fb8278c48df9a639f7002d1cc09eeb4024fb67406337
poi_502094_0746,power_slug_blue,Persistent_Level:PersistentLevel.BP_Crystal_2,872IFPRNU7001D9S5IPJQXBZU,power_slug_blue,BP_Crystal_C,-469.979,1750.825,26.617,++FactoryGame+rel-main-anniversary-2026-CL-502094,2c1ba76bf6aeb7593d53fb8278c48df9a639f7002d1cc09eeb4024fb67406337
poi_502094_0747,power_slug_blue,Persistent_Level:PersistentLevel.BP_Crystal_C_UAID_40B076DF2F790A6401_1480408547,872IFPRNU7001D9S5IPJQXBZU,power_slug_blue,BP_Crystal_C,-393.559,1899.294,29.148,++FactoryGame+rel-main-anniversary-2026-CL-502094,2c1ba76bf6aeb7593d53fb8278c48df9a639f7002d1cc09eeb4024fb67406337
poi_502094_0748,power_slug_blue,Persistent_Level:PersistentLevel.BP_Crystal5_8,89TULG8N7BE1E6XZ4CYK0OI6I,power_slug_blue,BP_Crystal_C,-2632.724,748.557,-16.393,++FactoryGame+rel-main-anniversary-2026-CL-502094,2c1ba76bf6aeb7593d53fb8278c48df9a639f7002d1cc09eeb4024fb67406337
poi_502094_0749,power_slug_blue,Persistent_Level:PersistentLevel.BP_Crystal12_12,8BHCAS3EUAOCF6NRUVIK1T4BL,power_slug_blue,BP_Crystal_C,-394.798,-2760.422,-25.108,++FactoryGame+rel-main-anniversary-2026-CL-502094,2c1ba76bf6aeb7593d53fb8278c48df9a639f7002d1cc09eeb4024fb67406337
poi_502094_0750,power_slug_blue,Persistent_Level:PersistentLevel.BP_Crystal24_24,8BRA2EC3W4Q9NTWS04NGHZ7KY,power_slug_blue,BP_Crystal_C,39.248,-1915.671,-52.315,++FactoryGame+rel-main-anniversary-2026-CL-502094,2c1ba76bf6aeb7593d53fb8278c48df9a639f7002d1cc09eeb4024fb67406337
poi_502094_0751,power_slug_blue,Persistent_Level:PersistentLevel.BP_Crystal_C_59,8CYMZLYM4T5E2AA19O6K6GH0T,power_slug_blue,BP_Crystal_C,1122.83,1970.849,-13.22,++FactoryGame+rel-main-anniversary-2026-CL-502094,2c1ba76bf6aeb7593d53fb8278c48df9a639f7002d1cc09eeb4024fb67406337
poi_502094_0752,power_slug_blue,Persistent_Level:PersistentLevel.BP_Crystal_C_UAID_40B076DF2F799E5F01_1682598293,8CYMZLYM4T5E2AA19O6K6GH0T,power_slug_blue,BP_Crystal_C,961.26,2085.06,69.84,++FactoryGame+rel-main-anniversary-2026-CL-502094,2c1ba76bf6aeb7593d53fb8278c48df9a639f7002d1cc09eeb4024fb67406337
poi_502094_0753,power_slug_blue,Persistent_Level:PersistentLevel.BP_Crystal_mk45_UAID_40B076DF2F79C26101_1487303739,8CYMZLYM4T5E2AA19O6K6GH0T,power_slug_blue,BP_Crystal_C,1000.854,2084.564,-16.33,++FactoryGame+rel-main-anniversary-2026-CL-502094,2c1ba76bf6aeb7593d53fb8278c48df9a639f7002d1cc09eeb4024fb67406337
poi_502094_0754,power_slug_blue,Persistent_Level:PersistentLevel.BP_Crystal51,8DASHVRQGVGDCFN5BXFNAHWVX,power_slug_blue,BP_Crystal_C,-24.333,890.744,163.757,++FactoryGame+rel-main-anniversary-2026-CL-502094,2c1ba76bf6aeb7593d53fb8278c48df9a639f7002d1cc09eeb4024fb67406337
poi_502094_0755,power_slug_blue,Persistent_Level:PersistentLevel.BP_Crystal62,8DASHVRQGVGDCFN5BXFNAHWVX,power_slug_blue,BP_Crystal_C,72.062,841.86,104.423,++FactoryGame+rel-main-anniversary-2026-CL-502094,2c1ba76bf6aeb7593d53fb8278c48df9a639f7002d1cc09eeb4024fb67406337
poi_502094_0756,power_slug_blue,Persistent_Level:PersistentLevel.BP_Crystal_C_0,8DASHVRQGVGDCFN5BXFNAHWVX,power_slug_blue,BP_Crystal_C,-72.1,725.9,93.9,++FactoryGame+rel-main-anniversary-2026-CL-502094,2c1ba76bf6aeb7593d53fb8278c48df9a639f7002d1cc09eeb4024fb67406337
poi_502094_0757,power_slug_blue,Persistent_Level:PersistentLevel.BP_Crystal32,8EH98VM2LMQSP72D81BMCXX69,power_slug_blue,BP_Crystal_C,-683.47,-1709.986,7.868,++FactoryGame+rel-main-anniversary-2026-CL-502094,2c1ba76bf6aeb7593d53fb8278c48df9a639f7002d1cc09eeb4024fb67406337
poi_502094_0758,power_slug_blue,Persistent_Level:PersistentLevel.BP_Crystal2_228,8F6S5M46QK4SWXY7YCUTC4ZUB,power_slug_blue,BP_Crystal_C,472.481,-683.956,314.654,++FactoryGame+rel-main-anniversary-2026-CL-502094,2c1ba76bf6aeb7593d53fb8278c48df9a639f7002d1cc09eeb4024fb67406337
poi_502094_0759,power_slug_blue,Persistent_Level:PersistentLevel.BP_Crystal65,8F6S5M46QK4SWXY7YCUTC4ZUB,power_slug_blue,BP_Crystal_C,432.006,-577.786,130.303,++FactoryGame+rel-main-anniversary-2026-CL-502094,2c1ba76bf6aeb7593d53fb8278c48df9a639f7002d1cc09eeb4024fb67406337
poi_502094_0760,power_slug_blue,Persistent_Level:PersistentLevel.BP_Crystal3_19,8GXUIQI242HY1FZA903L8CM7L,power_slug_blue,BP_Crystal_C,-2161.085,-1125.165,-6.894,++FactoryGame+rel-main-anniversary-2026-CL-502094,2c1ba76bf6aeb7593d53fb8278c48df9a639f7002d1cc09eeb4024fb67406337
poi_502094_0761,power_slug_blue,Persistent_Level:PersistentLevel.BP_Crystal_C_UAID_40B076DF2F79486001_1490105224,8HUPNBHBEVTTJ243KMRT34H79,power_slug_blue,BP_Crystal_C,-128.877,2267.974,16.357,++FactoryGame+rel-main-anniversary-2026-CL-502094,2c1ba76bf6aeb7593d53fb8278c48df9a639f7002d1cc09eeb4024fb67406337
poi_502094_0762,power_slug_blue,Persistent_Level:PersistentLevel.BP_Crystal141,8I54SY36H3X03L00CIAIBLOK2,power_slug_blue,BP_Crystal_C,2414.631,2263.964,19.315,++FactoryGame+rel-main-anniversary-2026-CL-502094,2c1ba76bf6aeb7593d53fb8278c48df9a639f7002d1cc09eeb4024fb67406337
poi_502094_0763,power_slug_blue,Persistent_Level:PersistentLevel.BP_Crystal_C_UAID_04421A9713F0A77401_2134624060,8J2GQN49KF46TFD2R75NX4ZG0,power_slug_blue,BP_Crystal_C,1397.41,92.95,212.17,++FactoryGame+rel-main-anniversary-2026-CL-502094,2c1ba76bf6aeb7593d53fb8278c48df9a639f7002d1cc09eeb4024fb67406337
poi_502094_0764,power_slug_blue,Persistent_Level:PersistentLevel.BP_Crystal_C_UAID_04421A9713F0A87401_1178078237,8J2GQN49KF46TFD2R75NX4ZG0,power_slug_blue,BP_Crystal_C,1366.05,86.5,217.81,++FactoryGame+rel-main-anniversary-2026-CL-502094,2c1ba76bf6aeb7593d53fb8278c48df9a639f7002d1cc09eeb4024fb67406337
poi_502094_0765,power_slug_blue,Persistent_Level:PersistentLevel.BP_Crystal_C_UAID_04421A9713F0A87401_1211555238,8J2GQN49KF46TFD2R75NX4ZG0,power_slug_blue,BP_Crystal_C,1364.96,62.85,218.44,++FactoryGame+rel-main-anniversary-2026-CL-502094,2c1ba76bf6aeb7593d53fb8278c48df9a639f7002d1cc09eeb4024fb67406337
poi_502094_0766,power_slug_blue,Persistent_Level:PersistentLevel.BP_Crystal_C_UAID_04421A9713F0A87401_1304279239,8J2GQN49KF46TFD2R75NX4ZG0,power_slug_blue,BP_Crystal_C,1403.84,78.76,210.91,++FactoryGame+rel-main-anniversary-2026-CL-502094,2c1ba76bf6aeb7593d53fb8278c48df9a639f7002d1cc09eeb4024fb67406337
poi_502094_0767,power_slug_blue,Persistent_Level:PersistentLevel.BP_Crystal_C_UAID_04421A9713F0A87401_1376559241,8J2GQN49KF46TFD2R75NX4ZG0,power_slug_blue,BP_Crystal_C,1397.27,74.45,213.96,++FactoryGame+rel-main-anniversary-2026-CL-502094,2c1ba76bf6aeb7593d53fb8278c48df9a639f7002d1cc09eeb4024fb67406337
poi_502094_0768,power_slug_blue,Persistent_Level:PersistentLevel.BP_Crystal_C_UAID_40B076DF2F792D6001_1825806456,8L3OM44462RKQ6IW0Z376PE1B,power_slug_blue,BP_Crystal_C,470.33,1530.55,149.904,++FactoryGame+rel-main-anniversary-2026-CL-502094,2c1ba76bf6aeb7593d53fb8278c48df9a639f7002d1cc09eeb4024fb67406337
poi_502094_0769,power_slug_blue,Persistent_Level:PersistentLevel.BP_Crystal89,8PJWGHVFAG5DDBOT32JJDF66R,power_slug_blue,BP_Crystal_C,2342.966,2002.315,15.361,++FactoryGame+rel-main-anniversary-2026-CL-502094,2c1ba76bf6aeb7593d53fb8278c48df9a639f7002d1cc09eeb4024fb67406337
poi_502094_0770,power_slug_blue,Persistent_Level:PersistentLevel.BP_Crystal_C_UAID_04421A9713F02C6001_1557408281,8PJWGHVFAG5DDBOT32JJDF66R,power_slug_blue,BP_Crystal_C,2216.59,2045.72,143.7,++FactoryGame+rel-main-anniversary-2026-CL-502094,2c1ba76bf6aeb7593d53fb8278c48df9a639f7002d1cc09eeb4024fb67406337
poi_502094_0771,power_slug_blue,Persistent_Level:PersistentLevel.BP_Crystal22,8PONNPW42IYUEX6ZXYO0DBH0C,power_slug_blue,BP_Crystal_C,969.048,-2307.763,-39.129,++FactoryGame+rel-main-anniversary-2026-CL-502094,2c1ba76bf6aeb7593d53fb8278c48df9a639f7002d1cc09eeb4024fb67406337
poi_502094_0772,power_slug_blue,Persistent_Level:PersistentLevel.BP_Crystal9_14,8PONNPW42IYUEX6ZXYO0DBH0C,power_slug_blue,BP_Crystal_C,1052.355,-2333.145,-22.235,++FactoryGame+rel-main-anniversary-2026-CL-502094,2c1ba76bf6aeb7593d53fb8278c48df9a639f7002d1cc09eeb4024fb67406337
poi_502094_0773,power_slug_blue,Persistent_Level:PersistentLevel.BP_Crystal34,8QIYESBJM2XA6ZQ8EYKO5346B,power_slug_blue,BP_Crystal_C,-870.52,-2768.753,-30.494,++FactoryGame+rel-main-anniversary-2026-CL-502094,2c1ba76bf6aeb7593d53fb8278c48df9a639f7002d1cc09eeb4024fb67406337
poi_502094_0774,power_slug_blue,Persistent_Level:PersistentLevel.BP_Crystal_C_43,8QM5WVYO0WFNHEE5TKFTAWN7Y,power_slug_blue,BP_Crystal_C,1658.38,-1413.62,98.45,++FactoryGame+rel-main-anniversary-2026-CL-502094,2c1ba76bf6aeb7593d53fb8278c48df9a639f7002d1cc09eeb4024fb67406337
poi_502094_0775,power_slug_blue,Persistent_Level:PersistentLevel.BP_Crystal_C_UAID_04421A9713F0655D01_1109507179,8QM5WVYO0WFNHEE5TKFTAWN7Y,power_slug_blue,BP_Crystal_C,1606.47,-1435.86,80.72,++FactoryGame+rel-main-anniversary-2026-CL-502094,2c1ba76bf6aeb7593d53fb8278c48df9a639f7002d1cc09eeb4024fb67406337
poi_502094_0776,power_slug_blue,Persistent_Level:PersistentLevel.BP_Crystal16_19,8QT9AM5OHP1WDP43KU847LBFS,power_slug_blue,BP_Crystal_C,-1277.15,835.306,24.647,++FactoryGame+rel-main-anniversary-2026-CL-502094,2c1ba76bf6aeb7593d53fb8278c48df9a639f7002d1cc09eeb4024fb67406337
poi_502094_0777,power_slug_blue,Persistent_Level:PersistentLevel.BP_Crystal17_20,8QT9AM5OHP1WDP43KU847LBFS,power_slug_blue,BP_Crystal_C,-1245.091,717.282,17.361,++FactoryGame+rel-main-anniversary-2026-CL-502094,2c1ba76bf6aeb7593d53fb8278c48df9a639f7002d1cc09eeb4024fb67406337
poi_502094_0778,power_slug_blue,Persistent_Level:PersistentLevel.BP_Crystal151,8UDYWXEWSMNA091CPZSH9THY5,power_slug_blue,BP_Crystal_C,3844.802,1338.368,60.673,++FactoryGame+rel-main-anniversary-2026-CL-502094,2c1ba76bf6aeb7593d53fb8278c48df9a639f7002d1cc09eeb4024fb67406337
poi_502094_0779,power_slug_blue,Persistent_Level:PersistentLevel.BP_Crystal152,8UDYWXEWSMNA091CPZSH9THY5,power_slug_blue,BP_Crystal_C,3985.902,1340.138,58.913,++FactoryGame+rel-main-anniversary-2026-CL-502094,2c1ba76bf6aeb7593d53fb8278c48df9a639f7002d1cc09eeb4024fb67406337
poi_502094_0780,power_slug_blue,Persistent_Level:PersistentLevel.BP_Crystal_C_97,8UDYWXEWSMNA091CPZSH9THY5,power_slug_blue,BP_Crystal_C,3789.089,1410.106,47.872,++FactoryGame+rel-main-anniversary-2026-CL-502094,2c1ba76bf6aeb7593d53fb8278c48df9a639f7002d1cc09eeb4024fb67406337
poi_502094_0781,power_slug_blue,Persistent_Level:PersistentLevel.BP_Crystal20_29,9035PN0WV6AX27513QZLUU3T2,power_slug_blue,BP_Crystal_C,-1142.145,-725.899,148.771,++FactoryGame+rel-main-anniversary-2026-CL-502094,2c1ba76bf6aeb7593d53fb8278c48df9a639f7002d1cc09eeb4024fb67406337
poi_502094_0782,power_slug_blue,Persistent_Level:PersistentLevel.BP_Crystal28_23,9035PN0WV6AX27513QZLUU3T2,power_slug_blue,BP_Crystal_C,-1244.7,-845.726,72.081,++FactoryGame+rel-main-anniversary-2026-CL-502094,2c1ba76bf6aeb7593d53fb8278c48df9a639f7002d1cc09eeb4024fb67406337
poi_502094_0783,power_slug_blue,Persistent_Level:PersistentLevel.BP_Crystal24_0,90AUCIU2UGBQ5N0LN2BL28WJA,power_slug_blue,BP_Crystal_C,-1836.881,-161.119,55.827,++FactoryGame+rel-main-anniversary-2026-CL-502094,2c1ba76bf6aeb7593d53fb8278c48df9a639f7002d1cc09eeb4024fb67406337
poi_502094_0784,power_slug_blue,Persistent_Level:PersistentLevel.BP_Crystal2_21,92WAL8XQP8UN1SK7O802LWOGJ,power_slug_blue,BP_Crystal_C,-2109.041,-1389.946,-5.793,++FactoryGame+rel-main-anniversary-2026-CL-502094,2c1ba76bf6aeb7593d53fb8278c48df9a639f7002d1cc09eeb4024fb67406337
poi_502094_0785,power_slug_blue,Persistent_Level:PersistentLevel.BP_Crystal_C_UAID_04421A9713F0A05F01_1896752643,93DP5JBQHG6Y48XFRU2GRDEO8,power_slug_blue,BP_Crystal_C,2053.4,1356.5,184.55,++FactoryGame+rel-main-anniversary-2026-CL-502094,2c1ba76bf6aeb7593d53fb8278c48df9a639f7002d1cc09eeb4024fb67406337
poi_502094_0786,power_slug_blue,Persistent_Level:PersistentLevel.BP_Crystal11_20,93FBAH8HG3YG2K1C6SIS72WCZ,power_slug_blue,BP_Crystal_C,1266.168,-1557.448,67.565,++FactoryGame+rel-main-anniversary-2026-CL-502094,2c1ba76bf6aeb7593d53fb8278c48df9a639f7002d1cc09eeb4024fb67406337
poi_502094_0787,power_slug_blue,Persistent_Level:PersistentLevel.BP_Crystal13_19,93FBAH8HG3YG2K1C6SIS72WCZ,power_slug_blue,BP_Crystal_C,1271.411,-1639.167,23.369,++FactoryGame+rel-main-anniversary-2026-CL-502094,2c1ba76bf6aeb7593d53fb8278c48df9a639f7002d1cc09eeb4024fb67406337
poi_502094_0788,power_slug_blue,Persistent_Level:PersistentLevel.BP_Crystal115,96D1CV1JMQM63AOB7Q4JAGSWF,power_slug_blue,BP_Crystal_C,2367.182,2372.144,34.171,++FactoryGame+rel-main-anniversary-2026-CL-502094,2c1ba76bf6aeb7593d53fb8278c48df9a639f7002d1cc09eeb4024fb67406337
poi_502094_0789,power_slug_blue,Persistent_Level:PersistentLevel.BP_Crystal119,96D1CV1JMQM63AOB7Q4JAGSWF,power_slug_blue,BP_Crystal_C,2440.573,2400.281,25.388,++FactoryGame+rel-main-anniversary-2026-CL-502094,2c1ba76bf6aeb7593d53fb8278c48df9a639f7002d1cc09eeb4024fb67406337
poi_502094_0790,power_slug_blue,Persistent_Level:PersistentLevel.BP_Crystal_C_92,96D1CV1JMQM63AOB7Q4JAGSWF,power_slug_blue,BP_Crystal_C,2487.688,2524.992,12.791,++FactoryGame+rel-main-anniversary-2026-CL-502094,2c1ba76bf6aeb7593d53fb8278c48df9a639f7002d1cc09eeb4024fb67406337
poi_502094_0791,power_slug_blue,Persistent_Level:PersistentLevel.BP_Crystal_C_57,9A1DJC9NFO49Q45LHQU1RKE1D,power_slug_blue,BP_Crystal_C,2025.427,444.834,48.904,++FactoryGame+rel-main-anniversary-2026-CL-502094,2c1ba76bf6aeb7593d53fb8278c48df9a639f7002d1cc09eeb4024fb67406337
poi_502094_0792,power_slug_blue,Persistent_Level:PersistentLevel.BP_Crystal_C_83,9A1DJC9NFO49Q45LHQU1RKE1D,power_slug_blue,BP_Crystal_C,2075.525,309.362,83.307,++FactoryGame+rel-main-anniversary-2026-CL-502094,2c1ba76bf6aeb7593d53fb8278c48df9a639f7002d1cc09eeb4024fb67406337
poi_502094_0793,power_slug_blue,Persistent_Level:PersistentLevel.BP_Crystal_C_84,9A1DJC9NFO49Q45LHQU1RKE1D,power_slug_blue,BP_Crystal_C,2050.591,410.011,25.168,++FactoryGame+rel-main-anniversary-2026-CL-502094,2c1ba76bf6aeb7593d53fb8278c48df9a639f7002d1cc09eeb4024fb67406337
poi_502094_0794,power_slug_blue,Persistent_Level:PersistentLevel.BP_Crystal_mk33_31,9A1DJC9NFO49Q45LHQU1RKE1D,power_slug_blue,BP_Crystal_C,2091.822,331.518,43.462,++FactoryGame+rel-main-anniversary-2026-CL-502094,2c1ba76bf6aeb7593d53fb8278c48df9a639f7002d1cc09eeb4024fb67406337
poi_502094_0795,power_slug_blue,Persistent_Level:PersistentLevel.BP_Crystal11_16,9A50O30DW1N4OMG4JBVKR8OUN,power_slug_blue,BP_Crystal_C,1150.171,-1780.314,-52.529,++FactoryGame+rel-main-anniversary-2026-CL-502094,2c1ba76bf6aeb7593d53fb8278c48df9a639f7002d1cc09eeb4024fb67406337
poi_502094_0796,power_slug_blue,Persistent_Level:PersistentLevel.BP_Crystal12_17,9A50O30DW1N4OMG4JBVKR8OUN,power_slug_blue,BP_Crystal_C,1321.809,-1755.582,-23.308,++FactoryGame+rel-main-anniversary-2026-CL-502094,2c1ba76bf6aeb7593d53fb8278c48df9a639f7002d1cc09eeb4024fb67406337
poi_502094_0797,power_slug_blue,Persistent_Level:PersistentLevel.BP_Crystal_C_UAID_40B076DF2F79355B01_1612365590,9GBDGOZSJX3B39FFI69CQM7EC,power_slug_blue,BP_Crystal_C,919.119,2108.646,10.538,++FactoryGame+rel-main-anniversary-2026-CL-502094,2c1ba76bf6aeb7593d53fb8278c48df9a639f7002d1cc09eeb4024fb67406337
poi_502094_0798,power_slug_blue,Persistent_Level:PersistentLevel.BP_Crystal_C_UAID_40B076DF2F799E5F01_1400742291,9GBDGOZSJX3B39FFI69CQM7EC,power_slug_blue,BP_Crystal_C,839.88,1999.8,-5.95,++FactoryGame+rel-main-anniversary-2026-CL-502094,2c1ba76bf6aeb7593d53fb8278c48df9a639f7002d1cc09eeb4024fb67406337
poi_502094_0799,power_slug_blue,Persistent_Level:PersistentLevel.BP_Crystal_mk17,9GBDGOZSJX3B39FFI69CQM7EC,power_slug_blue,BP_Crystal_C,887.851,2112.688,-13.298,++FactoryGame+rel-main-anniversary-2026-CL-502094,2c1ba76bf6aeb7593d53fb8278c48df9a639f7002d1cc09eeb4024fb67406337
poi_502094_0800,power_slug_blue,Persistent_Level:PersistentLevel.BP_Crystal_mk17_UAID_40B076DF2F79036301_1202643250,9GBDGOZSJX3B39FFI69CQM7EC,power_slug_blue,BP_Crystal_C,798.801,2104.928,-12.128,++FactoryGame+rel-main-anniversary-2026-CL-502094,2c1ba76bf6aeb7593d53fb8278c48df9a639f7002d1cc09eeb4024fb67406337
poi_502094_0801,power_slug_blue,Persistent_Level:PersistentLevel.BP_Crystal34_21,9GQ3833403USJLLQLU9S20UNK,power_slug_blue,BP_Crystal_C,-2523.417,1297.256,81.14,++FactoryGame+rel-main-anniversary-2026-CL-502094,2c1ba76bf6aeb7593d53fb8278c48df9a639f7002d1cc09eeb4024fb67406337
poi_502094_0802,power_slug_blue,Persistent_Level:PersistentLevel.BP_Crystal43,9HHFPT6RTPYG1HOP9HWWHREPY,power_slug_blue,BP_Crystal_C,-1494.548,1458.166,73.907,++FactoryGame+rel-main-anniversary-2026-CL-502094,2c1ba76bf6aeb7593d53fb8278c48df9a639f7002d1cc09eeb4024fb67406337
poi_502094_0803,power_slug_blue,Persistent_Level:PersistentLevel.BP_Crystal17_18,9IT22KPU3A7WXFYNS1QBZICKI,power_slug_blue,BP_Crystal_C,215.911,844.234,184.998,++FactoryGame+rel-main-anniversary-2026-CL-502094,2c1ba76bf6aeb7593d53fb8278c48df9a639f7002d1cc09eeb4024fb67406337
poi_502094_0804,power_slug_blue,Persistent_Level:PersistentLevel.BP_Crystal70,9IT22KPU3A7WXFYNS1QBZICKI,power_slug_blue,BP_Crystal_C,145.4,829.892,124.993,++FactoryGame+rel-main-anniversary-2026-CL-502094,2c1ba76bf6aeb7593d53fb8278c48df9a639f7002d1cc09eeb4024fb67406337
poi_502094_0805,power_slug_blue,Persistent_Level:PersistentLevel.BP_Crystal_C_UAID_04421A9713F05F5301_1878669572,9JEZVHCWGKROFOQP45GDWK8A3,power_slug_blue,BP_Crystal_C,1598.05,2837.95,164.41,++FactoryGame+rel-main-anniversary-2026-CL-502094,2c1ba76bf6aeb7593d53fb8278c48df9a639f7002d1cc09eeb4024fb67406337
poi_502094_0806,power_slug_blue,Persistent_Level:PersistentLevel.BP_Crystal17_UAID_40B076DF2F79755B01_1353668850,9NI6AQ2XVPJXYUNTNR9V9P1OK,power_slug_blue,BP_Crystal_C,214.958,1846.955,24.825,++FactoryGame+rel-main-anniversary-2026-CL-502094,2c1ba76bf6aeb7593d53fb8278c48df9a639f7002d1cc09eeb4024fb67406337
poi_502094_0807,power_slug_blue,Persistent_Level:PersistentLevel.BP_Crystal_C_UAID_40B076DF2F796D5201_1366229946,9NI6AQ2XVPJXYUNTNR9V9P1OK,power_slug_blue,BP_Crystal_C,289.118,1793.249,-10.696,++FactoryGame+rel-main-anniversary-2026-CL-502094,2c1ba76bf6aeb7593d53fb8278c48df9a639f7002d1cc09eeb4024fb67406337
poi_502094_0808,power_slug_blue,Persistent_Level:PersistentLevel.BP_Crystal_C_UAID_40B076DF2F79C66201_1113882509,9NI6AQ2XVPJXYUNTNR9V9P1OK,power_slug_blue,BP_Crystal_C,146.998,1761.799,-11.976,++FactoryGame+rel-main-anniversary-2026-CL-502094,2c1ba76bf6aeb7593d53fb8278c48df9a639f7002d1cc09eeb4024fb67406337
poi_502094_0809,power_slug_blue,Persistent_Level:PersistentLevel.BP_Crystal_C_UAID_40B076DF2F79C66201_1961069510,9NI6AQ2XVPJXYUNTNR9V9P1OK,power_slug_blue,BP_Crystal_C,166.528,1909.239,-9.856,++FactoryGame+rel-main-anniversary-2026-CL-502094,2c1ba76bf6aeb7593d53fb8278c48df9a639f7002d1cc09eeb4024fb67406337
poi_502094_0810,power_slug_blue,Persistent_Level:PersistentLevel.BP_Crystal7_5,9QTJTPSW5RFGI60P4JCL21Z23,power_slug_blue,BP_Crystal_C,717.77,329.295,198.076,++FactoryGame+rel-main-anniversary-2026-CL-502094,2c1ba76bf6aeb7593d53fb8278c48df9a639f7002d1cc09eeb4024fb67406337
poi_502094_0811,power_slug_blue,Persistent_Level:PersistentLevel.BP_Crystal_C_UAID_04421A9713F0675D01_1725830534,9SRHX1B6DG1OMS1ZMV4RL34NE,power_slug_blue,BP_Crystal_C,2146.51,-1139.82,107.39,++FactoryGame+rel-main-anniversary-2026-CL-502094,2c1ba76bf6aeb7593d53fb8278c48df9a639f7002d1cc09eeb4024fb67406337
poi_502094_0812,power_slug_blue,Persistent_Level:PersistentLevel.BP_Crystal1_12,9TCUY2TK2GJIK1KU4Q48UB5YR,power_slug_blue,BP_Crystal_C,-721.074,477.982,167.727,++FactoryGame+rel-main-anniversary-2026-CL-502094,2c1ba76bf6aeb7593d53fb8278c48df9a639f7002d1cc09eeb4024fb67406337
poi_502094_0813,power_slug_blue,Persistent_Level:PersistentLevel.BP_Crystal15_84,9UFMWACNFBI7PUU2FL99RF8OJ,power_slug_blue,BP_Crystal_C,2386.864,-964.77,8.932,++FactoryGame+rel-main-anniversary-2026-CL-502094,2c1ba76bf6aeb7593d53fb8278c48df9a639f7002d1cc09eeb4024fb67406337
poi_502094_0814,power_slug_blue,Persistent_Level:PersistentLevel.BP_Crystal48,9UVPQA34SMVO219R07LVB0QIQ,power_slug_blue,BP_Crystal_C,2521.114,2043.937,16.021,++FactoryGame+rel-main-anniversary-2026-CL-502094,2c1ba76bf6aeb7593d53fb8278c48df9a639f7002d1cc09eeb4024fb67406337
poi_502094_0815,power_slug_blue,Persistent_Level:PersistentLevel.BP_Crystal33_9,9V12G0W0YQO8MRPE4C56X8MHZ,power_slug_blue,BP_Crystal_C,-1157.312,-2388.835,-46.793,++FactoryGame+rel-main-anniversary-2026-CL-502094,2c1ba76bf6aeb7593d53fb8278c48df9a639f7002d1cc09eeb4024fb67406337
poi_502094_0816,power_slug_blue,Persistent_Level:PersistentLevel.BP_Crystal2_7,9V7BET3SLEAIVTLOZY0TKZ22O,power_slug_blue,BP_Crystal_C,1893.89,-2007.492,34.911,++FactoryGame+rel-main-anniversary-2026-CL-502094,2c1ba76bf6aeb7593d53fb8278c48df9a639f7002d1cc09eeb4024fb67406337
poi_502094_0817,power_slug_blue,Persistent_Level:PersistentLevel.BP_Crystal35,9VV623W8UZF72WNMM8DVAOP2Y,power_slug_blue,BP_Crystal_C,-918.201,-2498.222,-31.814,++FactoryGame+rel-main-anniversary-2026-CL-502094,2c1ba76bf6aeb7593d53fb8278c48df9a639f7002d1cc09eeb4024fb67406337
poi_502094_0818,power_slug_blue,Persistent_Level:PersistentLevel.BP_Crystal_C_UAID_04421A9713F007B101_1510242320,9WB3YPADQACB2GTKJU1OG9W25,power_slug_blue,BP_Crystal_C,2432.57,635.69,69.45,++FactoryGame+rel-main-anniversary-2026-CL-502094,2c1ba76bf6aeb7593d53fb8278c48df9a639f7002d1cc09eeb4024fb67406337
poi_502094_0819,power_slug_blue,Persistent_Level:PersistentLevel.BP_Crystal_C_8,9ZF50FWDEEPISIG99HTODWJGP,power_slug_blue,BP_Crystal_C,884.041,-2022.612,7.174,++FactoryGame+rel-main-anniversary-2026-CL-502094,2c1ba76bf6aeb7593d53fb8278c48df9a639f7002d1cc09eeb4024fb67406337
poi_502094_0820,power_slug_blue,Persistent_Level:PersistentLevel.BP_Crystal13_13,9ZI97U85BHEMNEFSBAN8Q97HH,power_slug_blue,BP_Crystal_C,-181.832,-2636.387,19.88,++FactoryGame+rel-main-anniversary-2026-CL-502094,2c1ba76bf6aeb7593d53fb8278c48df9a639f7002d1cc09eeb4024fb67406337
poi_502094_0821,power_slug_blue,Persistent_Level:PersistentLevel.BP_Crystal14_14,9ZI97U85BHEMNEFSBAN8Q97HH,power_slug_blue,BP_Crystal_C,-180.939,-2721.984,-58.112,++FactoryGame+rel-main-anniversary-2026-CL-502094,2c1ba76bf6aeb7593d53fb8278c48df9a639f7002d1cc09eeb4024fb67406337
poi_502094_0822,power_slug_blue,Persistent_Level:PersistentLevel.BP_Crystal25_21,A06J665WBJ8WIPNXT8S17OXFG,power_slug_blue,BP_Crystal_C,-1136.452,-1480.493,62.189,++FactoryGame+rel-main-anniversary-2026-CL-502094,2c1ba76bf6aeb7593d53fb8278c48df9a639f7002d1cc09eeb4024fb67406337
poi_502094_0823,power_slug_blue,Persistent_Level:PersistentLevel.BP_Crystal57_0,A06J665WBJ8WIPNXT8S17OXFG,power_slug_blue,BP_Crystal_C,-1265.194,-1369.4,51.684,++FactoryGame+rel-main-anniversary-2026-CL-502094,2c1ba76bf6aeb7593d53fb8278c48df9a639f7002d1cc09eeb4024fb67406337
poi_502094_0824,power_slug_blue,Persistent_Level:PersistentLevel.BP_Crystal_C_UAID_04421A9713F0615301_1117010932,A0NXJCF5IYQ8579ZEDKMM5BWE,power_slug_blue,BP_Crystal_C,1695.48,1816.45,206.26,++FactoryGame+rel-main-anniversary-2026-CL-502094,2c1ba76bf6aeb7593d53fb8278c48df9a639f7002d1cc09eeb4024fb67406337
poi_502094_0825,power_slug_blue,Persistent_Level:PersistentLevel.BP_Crystal_C_UAID_04421A9713F0775B01_1420184201,A0NXJCF5IYQ8579ZEDKMM5BWE,power_slug_blue,BP_Crystal_C,1569.85,1884.37,73.52,++FactoryGame+rel-main-anniversary-2026-CL-502094,2c1ba76bf6aeb7593d53fb8278c48df9a639f7002d1cc09eeb4024fb67406337
poi_502094_0826,power_slug_blue,Persistent_Level:PersistentLevel.BP_Crystal86,A1TVV101RZT99CQNCOXBYBXUG,power_slug_blue,BP_Crystal_C,45.809,-1971.126,9.066,++FactoryGame+rel-main-anniversary-2026-CL-502094,2c1ba76bf6aeb7593d53fb8278c48df9a639f7002d1cc09eeb4024fb67406337
poi_502094_0827,power_slug_blue,Persistent_Level:PersistentLevel.BP_Crystal149,A4V061OAWNR3CPB197XEKXTNC,power_slug_blue,BP_Crystal_C,3501.177,968.673,80.581,++FactoryGame+rel-main-anniversary-2026-CL-502094,2c1ba76bf6aeb7593d53fb8278c48df9a639f7002d1cc09eeb4024fb67406337
poi_502094_0828,power_slug_blue,Persistent_Level:PersistentLevel.BP_Crystal_C_12,A5MZ4ELKEXAYTDFLMKGMQZLMM,power_slug_blue,BP_Crystal_C,435.423,-1618.565,-15.684,++FactoryGame+rel-main-anniversary-2026-CL-502094,2c1ba76bf6aeb7593d53fb8278c48df9a639f7002d1cc09eeb4024fb67406337
poi_502094_0829,power_slug_blue,Persistent_Level:PersistentLevel.BP_Crystal_C_68,A6RX2R3M2OBWLKJM73UTBJYX0,power_slug_blue,BP_Crystal_C,2128.1,-1922.85,126.5,++FactoryGame+rel-main-anniversary-2026-CL-502094,2c1ba76bf6aeb7593d53fb8278c48df9a639f7002d1cc09eeb4024fb67406337
poi_502094_0830,power_slug_blue,Persistent_Level:PersistentLevel.BP_Crystal_C_33,A83ST7K8BTOU8Q9OKEMQIOSXE,power_slug_blue,BP_Crystal_C,265.344,2277.925,16.852,++FactoryGame+rel-main-anniversary-2026-CL-502094,2c1ba76bf6aeb7593d53fb8278c48df9a639f7002d1cc09eeb4024fb67406337
poi_502094_0831,power_slug_blue,Persistent_Level:PersistentLevel.BP_Crystal_C_UAID_40B076DF2F79A65901_1120267361,A83ST7K8BTOU8Q9OKEMQIOSXE,power_slug_blue,BP_Crystal_C,195.289,2196.056,-17.872,++FactoryGame+rel-main-anniversary-2026-CL-502094,2c1ba76bf6aeb7593d53fb8278c48df9a639f7002d1cc09eeb4024fb67406337
poi_502094_0832,power_slug_blue,Persistent_Level:PersistentLevel.BP_Crystal_C_UAID_40B076DF2F79BB6201_1894786568,A83ST7K8BTOU8Q9OKEMQIOSXE,power_slug_blue,BP_Crystal_C,157.603,2339.584,-11.293,++FactoryGame+rel-main-anniversary-2026-CL-502094,2c1ba76bf6aeb7593d53fb8278c48df9a639f7002d1cc09eeb4024fb67406337
poi_502094_0833,power_slug_blue,Persistent_Level:PersistentLevel.BP_Crystal10_13,A8LSMW5TTTOMV2TY8Z0A3QEER,power_slug_blue,BP_Crystal_C,-1952.587,-120.774,119.02,++FactoryGame+rel-main-anniversary-2026-CL-502094,2c1ba76bf6aeb7593d53fb8278c48df9a639f7002d1cc09eeb4024fb67406337
poi_502094_0834,power_slug_blue,Persistent_Level:PersistentLevel.BP_Crystal_C_9,A9ZBHWU4XHEBUTTT9DTS5MDPI,power_slug_blue,BP_Crystal_C,942.908,-1917.643,67.664,++FactoryGame+rel-main-anniversary-2026-CL-502094,2c1ba76bf6aeb7593d53fb8278c48df9a639f7002d1cc09eeb4024fb67406337
poi_502094_0835,power_slug_blue,Persistent_Level:PersistentLevel.BP_Crystal117_2,ABV1USTVLMPPKNABWDX60SHJY,power_slug_blue,BP_Crystal_C,1883.56,1526.68,235.61,++FactoryGame+rel-main-anniversary-2026-CL-502094,2c1ba76bf6aeb7593d53fb8278c48df9a639f7002d1cc09eeb4024fb67406337
poi_502094_0836,power_slug_blue,Persistent_Level:PersistentLevel.BP_Crystal8_12,ADO97QQJJ6K8UVC9E1AAJA204,power_slug_blue,BP_Crystal_C,-383.962,1173.595,79.351,++FactoryGame+rel-main-anniversary-2026-CL-502094,2c1ba76bf6aeb7593d53fb8278c48df9a639f7002d1cc09eeb4024fb67406337
poi_502094_0837,power_slug_blue,Persistent_Level:PersistentLevel.BP_Crystal4,AKSWU3EO1CA2MMINOTLZ2R79F,power_slug_blue,BP_Crystal_C,-2165.57,1642.56,-17.919,++FactoryGame+rel-main-anniversary-2026-CL-502094,2c1ba76bf6aeb7593d53fb8278c48df9a639f7002d1cc09eeb4024fb67406337
poi_502094_0838,power_slug_blue,Persistent_Level:PersistentLevel.BP_Crystal4_5,AL5STOI1F7GHQLHHUZBP6VNO2,power_slug_blue,BP_Crystal_C,-1802.07,-1081.888,114.411,++FactoryGame+rel-main-anniversary-2026-CL-502094,2c1ba76bf6aeb7593d53fb8278c48df9a639f7002d1cc09eeb4024fb67406337
poi_502094_0839,power_slug_blue,Persistent_Level:PersistentLevel.BP_Crystal29_29,AMZAE0VSIJM5Q1YXJLUD6WQ81,power_slug_blue,BP_Crystal_C,-245.399,-2146.161,-34.464,++FactoryGame+rel-main-anniversary-2026-CL-502094,2c1ba76bf6aeb7593d53fb8278c48df9a639f7002d1cc09eeb4024fb67406337
poi_502094_0840,power_slug_blue,Persistent_Level:PersistentLevel.BP_Crystal49,ANKF0W3PGROOFBIZ14ULIRF67,power_slug_blue,BP_Crystal_C,3403.768,1906.034,45.482,++FactoryGame+rel-main-anniversary-2026-CL-502094,2c1ba76bf6aeb7593d53fb8278c48df9a639f7002d1cc09eeb4024fb67406337
poi_502094_0841,power_slug_blue,Persistent_Level:PersistentLevel.BP_Crystal12_10,AR8GCAJ3Z3AC57K3SC8O6BBUL,power_slug_blue,BP_Crystal_C,1140.006,143.677,161.777,++FactoryGame+rel-main-anniversary-2026-CL-502094,2c1ba76bf6aeb7593d53fb8278c48df9a639f7002d1cc09eeb4024fb67406337
poi_502094_0842,power_slug_blue,Persistent_Level:PersistentLevel.BP_Crystal13_11,AR8GCAJ3Z3AC57K3SC8O6BBUL,power_slug_blue,BP_Crystal_C,1301.107,266.017,92.004,++FactoryGame+rel-main-anniversary-2026-CL-502094,2c1ba76bf6aeb7593d53fb8278c48df9a639f7002d1cc09eeb4024fb67406337
poi_502094_0843,power_slug_blue,Persistent_Level:PersistentLevel.BP_Crystal8_7,AR8GCAJ3Z3AC57K3SC8O6BBUL,power_slug_blue,BP_Crystal_C,1171.092,286.573,117.231,++FactoryGame+rel-main-anniversary-2026-CL-502094,2c1ba76bf6aeb7593d53fb8278c48df9a639f7002d1cc09eeb4024fb67406337
poi_502094_0844,power_slug_blue,Persistent_Level:PersistentLevel.BP_Crystal9_8,AR8GCAJ3Z3AC57K3SC8O6BBUL,power_slug_blue,BP_Crystal_C,1288.846,176.803,142.422,++FactoryGame+rel-main-anniversary-2026-CL-502094,2c1ba76bf6aeb7593d53fb8278c48df9a639f7002d1cc09eeb4024fb67406337
poi_502094_0845,power_slug_blue,Persistent_Level:PersistentLevel.BP_Crystal15_17,ASVXL0FV8APESRV4T6EM1SYBV,power_slug_blue,BP_Crystal_C,2120.485,590.776,192.671,++FactoryGame+rel-main-anniversary-2026-CL-502094,2c1ba76bf6aeb7593d53fb8278c48df9a639f7002d1cc09eeb4024fb67406337
poi_502094_0846,power_slug_blue,Persistent_Level:PersistentLevel.BP_Crystal18_19,ASVXL0FV8APESRV4T6EM1SYBV,power_slug_blue,BP_Crystal_C,2086.187,583.296,208.992,++FactoryGame+rel-main-anniversary-2026-CL-502094,2c1ba76bf6aeb7593d53fb8278c48df9a639f7002d1cc09eeb4024fb67406337
poi_502094_0847,power_slug_blue,Persistent_Level:PersistentLevel.BP_Crystal19_20,ASVXL0FV8APESRV4T6EM1SYBV,power_slug_blue,BP_Crystal_C,2091.778,563.45,192.448,++FactoryGame+rel-main-anniversary-2026-CL-502094,2c1ba76bf6aeb7593d53fb8278c48df9a639f7002d1cc09eeb4024fb67406337
poi_502094_0848,power_slug_blue,Persistent_Level:PersistentLevel.BP_Crystal_C_80,ASVXL0FV8APESRV4T6EM1SYBV,power_slug_blue,BP_Crystal_C,2114.276,563.401,194.343,++FactoryGame+rel-main-anniversary-2026-CL-502094,2c1ba76bf6aeb7593d53fb8278c48df9a639f7002d1cc09eeb4024fb67406337
poi_502094_0849,power_slug_blue,Persistent_Level:PersistentLevel.BP_Crystal_C_81,ASVXL0FV8APESRV4T6EM1SYBV,power_slug_blue,BP_Crystal_C,2134.524,604.817,200.1,++FactoryGame+rel-main-anniversary-2026-CL-502094,2c1ba76bf6aeb7593d53fb8278c48df9a639f7002d1cc09eeb4024fb67406337
poi_502094_0850,power_slug_blue,Persistent_Level:PersistentLevel.BP_Crystal8_4,ATIPCD36F1FFW5FFK2Y8NHW60,power_slug_blue,BP_Crystal_C,480.539,-507.442,246.756,++FactoryGame+rel-main-anniversary-2026-CL-502094,2c1ba76bf6aeb7593d53fb8278c48df9a639f7002d1cc09eeb4024fb67406337
poi_502094_0851,power_slug_blue,Persistent_Level:PersistentLevel.BP_Crystal_C_UAID_04421A9713F0245C01_1792102668,AUPCC2CRW843YTL7JGYXVGVRH,power_slug_blue,BP_Crystal_C,1967.08,2618.93,9.47,++FactoryGame+rel-main-anniversary-2026-CL-502094,2c1ba76bf6aeb7593d53fb8278c48df9a639f7002d1cc09eeb4024fb67406337
poi_502094_0852,power_slug_blue,Persistent_Level:PersistentLevel.BP_Crystal_C_UAID_04421A9713F0375B01_1529908943,AUPCC2CRW843YTL7JGYXVGVRH,power_slug_blue,BP_Crystal_C,2018.98,2665.76,61.73,++FactoryGame+rel-main-anniversary-2026-CL-502094,2c1ba76bf6aeb7593d53fb8278c48df9a639f7002d1cc09eeb4024fb67406337
poi_502094_0853,power_slug_blue,Persistent_Level:PersistentLevel.BP_Crystal9_8928,AWL2KR4RFYBOIQ9B5R9SBLZXL,power_slug_blue,BP_Crystal_C,-242.557,529.362,156.227,++FactoryGame+rel-main-anniversary-2026-CL-502094,2c1ba76bf6aeb7593d53fb8278c48df9a639f7002d1cc09eeb4024fb67406337
poi_502094_0854,power_slug_blue,Persistent_Level:PersistentLevel.BP_Crystal3_234,AWYW7A2YED4QTSEISWNVZULIO,power_slug_blue,BP_Crystal_C,-5.897,-1184.379,230.063,++FactoryGame+rel-main-anniversary-2026-CL-502094,2c1ba76bf6aeb7593d53fb8278c48df9a639f7002d1cc09eeb4024fb67406337
poi_502094_0855,power_slug_blue,Persistent_Level:PersistentLevel.BP_Crystal_C_91,AWZ2T9X48OYEDLP8YQ3T4MC8G,power_slug_blue,BP_Crystal_C,2580.13,2536.089,71.618,++FactoryGame+rel-main-anniversary-2026-CL-502094,2c1ba76bf6aeb7593d53fb8278c48df9a639f7002d1cc09eeb4024fb67406337
poi_502094_0856,power_slug_blue,Persistent_Level:PersistentLevel.BP_Crystal10_3,AX6OVV3UI445GN407YGB02CBI,power_slug_blue,BP_Crystal_C,-26.301,1418.095,158.993,++FactoryGame+rel-main-anniversary-2026-CL-502094,2c1ba76bf6aeb7593d53fb8278c48df9a639f7002d1cc09eeb4024fb67406337
poi_502094_0857,power_slug_blue,Persistent_Level:PersistentLevel.BP_Crystal3_1,AX6OVV3UI445GN407YGB02CBI,power_slug_blue,BP_Crystal_C,89.96,1449.525,5.055,++FactoryGame+rel-main-anniversary-2026-CL-502094,2c1ba76bf6aeb7593d53fb8278c48df9a639f7002d1cc09eeb4024fb67406337
poi_502094_0858,power_slug_blue,Persistent_Level:PersistentLevel.BP_Crystal17_UAID_40B076DF2F79875B01_2021256020,AXKBSCFFF3H53IWL29V0XIW6V,power_slug_blue,BP_Crystal_C,547.228,1633.725,26.965,++FactoryGame+rel-main-anniversary-2026-CL-502094,2c1ba76bf6aeb7593d53fb8278c48df9a639f7002d1cc09eeb4024fb67406337
poi_502094_0859,power_slug_blue,Persistent_Level:PersistentLevel.BP_Crystal8_10,AXKBSCFFF3H53IWL29V0XIW6V,power_slug_blue,BP_Crystal_C,632.916,1543.076,97.537,++FactoryGame+rel-main-anniversary-2026-CL-502094,2c1ba76bf6aeb7593d53fb8278c48df9a639f7002d1cc09eeb4024fb67406337
poi_502094_0860,power_slug_blue,Persistent_Level:PersistentLevel.BP_Crystal_C_32,AXKBSCFFF3H53IWL29V0XIW6V,power_slug_blue,BP_Crystal_C,637.259,1578.321,40.325,++FactoryGame+rel-main-anniversary-2026-CL-502094,2c1ba76bf6aeb7593d53fb8278c48df9a639f7002d1cc09eeb4024fb67406337
poi_502094_0861,power_slug_blue,Persistent_Level:PersistentLevel.BP_Crystal_C_UAID_40B076DF2F79B36201_1122808154,AXKBSCFFF3H53IWL29V0XIW6V,power_slug_blue,BP_Crystal_C,552.5,1681.19,-5.39,++FactoryGame+rel-main-anniversary-2026-CL-502094,2c1ba76bf6aeb7593d53fb8278c48df9a639f7002d1cc09eeb4024fb67406337
poi_502094_0862,power_slug_blue,Persistent_Level:PersistentLevel.BP_Crystal_C_UAID_40B076DF2F79F25F01_1763105083,AXKBSCFFF3H53IWL29V0XIW6V,power_slug_blue,BP_Crystal_C,631.83,1627.27,193.65,++FactoryGame+rel-main-anniversary-2026-CL-502094,2c1ba76bf6aeb7593d53fb8278c48df9a639f7002d1cc09eeb4024fb67406337
poi_502094_0863,power_slug_blue,Persistent_Level:PersistentLevel.BP_Crystal_C_UAID_40B076DF2F79F25F01_2029785085,AXKBSCFFF3H53IWL29V0XIW6V,power_slug_blue,BP_Crystal_C,613.87,1570.28,166.11,++FactoryGame+rel-main-anniversary-2026-CL-502094,2c1ba76bf6aeb7593d53fb8278c48df9a639f7002d1cc09eeb4024fb67406337
poi_502094_0864,power_slug_blue,Persistent_Level:PersistentLevel.BP_Crystal_C_UAID_40B076DF2F79F35F01_1129500264,AXKBSCFFF3H53IWL29V0XIW6V,power_slug_blue,BP_Crystal_C,591.45,1641.58,185.94,++FactoryGame+rel-main-anniversary-2026-CL-502094,2c1ba76bf6aeb7593d53fb8278c48df9a639f7002d1cc09eeb4024fb67406337
poi_502094_0865,power_slug_blue,Persistent_Level:PersistentLevel.BP_Crystal14_15,AZ6FKAJPSWV8B78XOT6NDA7K9,power_slug_blue,BP_Crystal_C,-1767.934,-798.076,122.658,++FactoryGame+rel-main-anniversary-2026-CL-502094,2c1ba76bf6aeb7593d53fb8278c48df9a639f7002d1cc09eeb4024fb67406337
poi_502094_0866,power_slug_blue,Persistent_Level:PersistentLevel.BP_Crystal35_5,AZ6FKAJPSWV8B78XOT6NDA7K9,power_slug_blue,BP_Crystal_C,-1812.158,-767.297,177.844,++FactoryGame+rel-main-anniversary-2026-CL-502094,2c1ba76bf6aeb7593d53fb8278c48df9a639f7002d1cc09eeb4024fb67406337
poi_502094_0867,power_slug_blue,Persistent_Level:PersistentLevel.BP_Crystal61,B1LCWO1Z3VY6RN86YJ7PL6S22,power_slug_blue,BP_Crystal_C,3747.225,2176.59,43.573,++FactoryGame+rel-main-anniversary-2026-CL-502094,2c1ba76bf6aeb7593d53fb8278c48df9a639f7002d1cc09eeb4024fb67406337
poi_502094_0868,power_slug_blue,Persistent_Level:PersistentLevel.BP_Crystal87,B1LCWO1Z3VY6RN86YJ7PL6S22,power_slug_blue,BP_Crystal_C,3608.689,2335.736,46.187,++FactoryGame+rel-main-anniversary-2026-CL-502094,2c1ba76bf6aeb7593d53fb8278c48df9a639f7002d1cc09eeb4024fb67406337
poi_502094_0869,power_slug_blue,Persistent_Level:PersistentLevel.BP_Crystal4_3,B2AXOZFQGEMYMJPHGYW15JB1P,power_slug_blue,BP_Crystal_C,880.767,-1375.025,107.763,++FactoryGame+rel-main-anniversary-2026-CL-502094,2c1ba76bf6aeb7593d53fb8278c48df9a639f7002d1cc09eeb4024fb67406337
poi_502094_0870,power_slug_blue,Persistent_Level:PersistentLevel.BP_Crystal5_10,B4380ILYSOXIJX4GG9DTR191W,power_slug_blue,BP_Crystal_C,1371.292,-1620.995,-46.706,++FactoryGame+rel-main-anniversary-2026-CL-502094,2c1ba76bf6aeb7593d53fb8278c48df9a639f7002d1cc09eeb4024fb67406337
poi_502094_0871,power_slug_blue,Persistent_Level:PersistentLevel.BP_Crystal8_13,B4380ILYSOXIJX4GG9DTR191W,power_slug_blue,BP_Crystal_C,1521.378,-1658.059,2.369,++FactoryGame+rel-main-anniversary-2026-CL-502094,2c1ba76bf6aeb7593d53fb8278c48df9a639f7002d1cc09eeb4024fb67406337
poi_502094_0872,power_slug_blue,Persistent_Level:PersistentLevel.BP_Crystal_C_UAID_04421A9713F0439B01_1646991632,B4VEW13MTSPHF46L54MSAT41G,power_slug_blue,BP_Crystal_C,-1936.43,787.3,10.88,++FactoryGame+rel-main-anniversary-2026-CL-502094,2c1ba76bf6aeb7593d53fb8278c48df9a639f7002d1cc09eeb4024fb67406337
poi_502094_0873,power_slug_blue,Persistent_Level:PersistentLevel.BP_Crystal3_8,B7IC3GZ9K7T6D4PNRRTZGKM7D,power_slug_blue,BP_Crystal_C,2072.596,-2038.011,84.454,++FactoryGame+rel-main-anniversary-2026-CL-502094,2c1ba76bf6aeb7593d53fb8278c48df9a639f7002d1cc09eeb4024fb67406337
poi_502094_0874,power_slug_blue,Persistent_Level:PersistentLevel.BP_Crystal76,B85V3Y6CR4WCTSO8IN9ROK8FO,power_slug_blue,BP_Crystal_C,2831.52,1252.034,27.526,++FactoryGame+rel-main-anniversary-2026-CL-502094,2c1ba76bf6aeb7593d53fb8278c48df9a639f7002d1cc09eeb4024fb67406337
poi_502094_0875,power_slug_blue,Persistent_Level:PersistentLevel.BP_Crystal8_77,B97U49TD9NY5LVZMF4EI5M193,power_slug_blue,BP_Crystal_C,2348.645,-500.196,-16.688,++FactoryGame+rel-main-anniversary-2026-CL-502094,2c1ba76bf6aeb7593d53fb8278c48df9a639f7002d1cc09eeb4024fb67406337
poi_502094_0876,power_slug_blue,Persistent_Level:PersistentLevel.BP_Crystal1_227,B9MEW5JDB9QSBTNKJ5Z8SXPLR,power_slug_blue,BP_Crystal_C,643.077,-494.293,313.737,++FactoryGame+rel-main-anniversary-2026-CL-502094,2c1ba76bf6aeb7593d53fb8278c48df9a639f7002d1cc09eeb4024fb67406337
poi_502094_0877,power_slug_blue,Persistent_Level:PersistentLevel.BP_Crystal98,B9MEW5JDB9QSBTNKJ5Z8SXPLR,power_slug_blue,BP_Crystal_C,519.769,-345.167,215.33,++FactoryGame+rel-main-anniversary-2026-CL-502094,2c1ba76bf6aeb7593d53fb8278c48df9a639f7002d1cc09eeb4024fb67406337
poi_502094_0878,power_slug_blue,Persistent_Level:PersistentLevel.BP_Crystal99,BBAP4L83UFHS4U08VLZ7YKB3W,power_slug_blue,BP_Crystal_C,514.93,-233.857,194.668,++FactoryGame+rel-main-anniversary-2026-CL-502094,2c1ba76bf6aeb7593d53fb8278c48df9a639f7002d1cc09eeb4024fb67406337
poi_502094_0879,power_slug_blue,Persistent_Level:PersistentLevel.BP_Crystal20_21,BCHOSLN2T3FDXV4FOPSMI0W6S,power_slug_blue,BP_Crystal_C,-2732.734,640.685,31.033,++FactoryGame+rel-main-anniversary-2026-CL-502094,2c1ba76bf6aeb7593d53fb8278c48df9a639f7002d1cc09eeb4024fb67406337
poi_502094_0880,power_slug_blue,Persistent_Level:PersistentLevel.BP_Crystal_C_UAID_04421A9713F0D45B01_1751130579,BCHXX2ZNIHIOHQU3XTNHE5FWU,power_slug_blue,BP_Crystal_C,1096.65,1809.67,40.12,++FactoryGame+rel-main-anniversary-2026-CL-502094,2c1ba76bf6aeb7593d53fb8278c48df9a639f7002d1cc09eeb4024fb67406337
poi_502094_0881,power_slug_blue,Persistent_Level:PersistentLevel.BP_Crystal_mk45_UAID_40B076DF2F79956001_1285061765,BCHXX2ZNIHIOHQU3XTNHE5FWU,power_slug_blue,BP_Crystal_C,933.074,1768.084,-7.98,++FactoryGame+rel-main-anniversary-2026-CL-502094,2c1ba76bf6aeb7593d53fb8278c48df9a639f7002d1cc09eeb4024fb67406337
poi_502094_0882,power_slug_blue,Persistent_Level:PersistentLevel.BP_Crystal_mk45_UAID_40B076DF2F79BB6101_1629973504,BCHXX2ZNIHIOHQU3XTNHE5FWU,power_slug_blue,BP_Crystal_C,1087.204,1791.554,-9.64,++FactoryGame+rel-main-anniversary-2026-CL-502094,2c1ba76bf6aeb7593d53fb8278c48df9a639f7002d1cc09eeb4024fb67406337
poi_502094_0883,power_slug_blue,Persistent_Level:PersistentLevel.BP_Crystal114,BF15AQ1KJCL19W9YP52HSKDUR,power_slug_blue,BP_Crystal_C,2772.714,2385.071,40.692,++FactoryGame+rel-main-anniversary-2026-CL-502094,2c1ba76bf6aeb7593d53fb8278c48df9a639f7002d1cc09eeb4024fb67406337
poi_502094_0884,power_slug_blue,Persistent_Level:PersistentLevel.BP_Crystal23_26,BIRMIB24LQ84L1YVAA0YE494V,power_slug_blue,BP_Crystal_C,-2988.38,375.107,7.108,++FactoryGame+rel-main-anniversary-2026-CL-502094,2c1ba76bf6aeb7593d53fb8278c48df9a639f7002d1cc09eeb4024fb67406337
poi_502094_0885,power_slug_blue,Persistent_Level:PersistentLevel.BP_Crystal97,BIY7ITFOHK1GJJTHKLTAYAAEV,power_slug_blue,BP_Crystal_C,3643.252,1603.588,72.396,++FactoryGame+rel-main-anniversary-2026-CL-502094,2c1ba76bf6aeb7593d53fb8278c48df9a639f7002d1cc09eeb4024fb67406337
poi_502094_0886,power_slug_blue,Persistent_Level:PersistentLevel.BP_Crystal_C_99,BJ95204D93B5DZ896LGMZJNS2,power_slug_blue,BP_Crystal_C,3189.217,1880.638,42.385,++FactoryGame+rel-main-anniversary-2026-CL-502094,2c1ba76bf6aeb7593d53fb8278c48df9a639f7002d1cc09eeb4024fb67406337
poi_502094_0887,power_slug_blue,Persistent_Level:PersistentLevel.BP_Crystal7_7,BKJ1X6KDE2HVJHANV17PXMUUY,power_slug_blue,BP_Crystal_C,100.529,-2761.8,-56.578,++FactoryGame+rel-main-anniversary-2026-CL-502094,2c1ba76bf6aeb7593d53fb8278c48df9a639f7002d1cc09eeb4024fb67406337
poi_502094_0888,power_slug_blue,Persistent_Level:PersistentLevel.BP_Crystal_C_34,BPLT883EAQO3PEGDRAPZ8D940,power_slug_blue,BP_Crystal_C,1233.429,-1360.071,110.091,++FactoryGame+rel-main-anniversary-2026-CL-502094,2c1ba76bf6aeb7593d53fb8278c48df9a639f7002d1cc09eeb4024fb67406337
poi_502094_0889,power_slug_blue,Persistent_Level:PersistentLevel.BP_Crystal15_15,BRA6J4XYZ2EHL2FRNZ5ILEC0L,power_slug_blue,BP_Crystal_C,-43.656,-2902.542,23.585,++FactoryGame+rel-main-anniversary-2026-CL-502094,2c1ba76bf6aeb7593d53fb8278c48df9a639f7002d1cc09eeb4024fb67406337
poi_502094_0890,power_slug_blue,Persistent_Level:PersistentLevel.BP_Crystal2_2,BRA6J4XYZ2EHL2FRNZ5ILEC0L,power_slug_blue,BP_Crystal_C,66.325,-2926.442,11.61,++FactoryGame+rel-main-anniversary-2026-CL-502094,2c1ba76bf6aeb7593d53fb8278c48df9a639f7002d1cc09eeb4024fb67406337
poi_502094_0891,power_slug_blue,Persistent_Level:PersistentLevel.BP_Crystal3_13,BSTB9EDX9WB8FIEZ3JYMZB2SL,power_slug_blue,BP_Crystal_C,-426.096,375.525,189.136,++FactoryGame+rel-main-anniversary-2026-CL-502094,2c1ba76bf6aeb7593d53fb8278c48df9a639f7002d1cc09eeb4024fb67406337
poi_502094_0892,power_slug_blue,Persistent_Level:PersistentLevel.BP_Crystal_C_UAID_4CEDFB3E2F7F8B9201_1239800812,BSTIJIBBSJLWHWZ5AT1VYZCE6,power_slug_blue,BP_Crystal_C,1684.316,-786.6,12.6,++FactoryGame+rel-main-anniversary-2026-CL-502094,2c1ba76bf6aeb7593d53fb8278c48df9a639f7002d1cc09eeb4024fb67406337
poi_502094_0893,power_slug_blue,Persistent_Level:PersistentLevel.BP_Crystal_C_UAID_4CEDFB3E2F7F8B9201_1242129813,BSTIJIBBSJLWHWZ5AT1VYZCE6,power_slug_blue,BP_Crystal_C,1609.6,-796.9,17.6,++FactoryGame+rel-main-anniversary-2026-CL-502094,2c1ba76bf6aeb7593d53fb8278c48df9a639f7002d1cc09eeb4024fb67406337
poi_502094_0894,power_slug_blue,Persistent_Level:PersistentLevel.BP_Crystal81,BX4T3LMLWPHC2117LHMD2G92K,power_slug_blue,BP_Crystal_C,2999.314,1835.328,35.826,++FactoryGame+rel-main-anniversary-2026-CL-502094,2c1ba76bf6aeb7593d53fb8278c48df9a639f7002d1cc09eeb4024fb67406337
poi_502094_0895,power_slug_blue,Persistent_Level:PersistentLevel.BP_Crystal1_21,BXR2XT9LRT5YWZTYGBYNKA9RK,power_slug_blue,BP_Crystal_C,704.82,-779.161,130.079,++FactoryGame+rel-main-anniversary-2026-CL-502094,2c1ba76bf6aeb7593d53fb8278c48df9a639f7002d1cc09eeb4024fb67406337
poi_502094_0896,power_slug_blue,Persistent_Level:PersistentLevel.BP_Crystal_C_UAID_40B076DF2F79285B01_1944304298,BZEVNLO9HJHB5BH8TBRM90F2J,power_slug_blue,BP_Crystal_C,742.519,2303.826,-1.352,++FactoryGame+rel-main-anniversary-2026-CL-502094,2c1ba76bf6aeb7593d53fb8278c48df9a639f7002d1cc09eeb4024fb67406337
poi_502094_0897,power_slug_blue,Persistent_Level:PersistentLevel.BP_Crystal_mk16,BZEVNLO9HJHB5BH8TBRM90F2J,power_slug_blue,BP_Crystal_C,846.987,2254.727,17.44,++FactoryGame+rel-main-anniversary-2026-CL-502094,2c1ba76bf6aeb7593d53fb8278c48df9a639f7002d1cc09eeb4024fb67406337
poi_502094_0898,power_slug_blue,Persistent_Level:PersistentLevel.BP_Crystal_C_UAID_40B076DF2F79F76301_1288406181,C0JTYPHPTD6ZKA9K67PR04Z44,power_slug_blue,BP_Crystal_C,97.803,2201.334,-9.083,++FactoryGame+rel-main-anniversary-2026-CL-502094,2c1ba76bf6aeb7593d53fb8278c48df9a639f7002d1cc09eeb4024fb67406337
poi_502094_0899,power_slug_blue,Persistent_Level:PersistentLevel.BP_Crystal_mk2_C_UAID_40B076DF2F79006401_1101274773,C0JTYPHPTD6ZKA9K67PR04Z44,power_slug_blue,BP_Crystal_C,-78.53,2281.783,-17.731,++FactoryGame+rel-main-anniversary-2026-CL-502094,2c1ba76bf6aeb7593d53fb8278c48df9a639f7002d1cc09eeb4024fb67406337
poi_502094_0900,power_slug_blue,Persistent_Level:PersistentLevel.BP_Crystal31_7,C1FHOGHSV3V75SWKPA04MEM8T,power_slug_blue,BP_Crystal_C,-129.081,-2919.338,-17.793,++FactoryGame+rel-main-anniversary-2026-CL-502094,2c1ba76bf6aeb7593d53fb8278c48df9a639f7002d1cc09eeb4024fb67406337
poi_502094_0901,power_slug_blue,Persistent_Level:PersistentLevel.BP_Crystal12_11,C78DSIB7NN2YDBWI8OSKGXMGR,power_slug_blue,BP_Crystal_C,194.072,-2471.99,33.134,++FactoryGame+rel-main-anniversary-2026-CL-502094,2c1ba76bf6aeb7593d53fb8278c48df9a639f7002d1cc09eeb4024fb67406337
poi_502094_0902,power_slug_blue,Persistent_Level:PersistentLevel.BP_Crystal27_27,C8DQSG4KBNJY1YM1AKEWS0JEN,power_slug_blue,BP_Crystal_C,-545.434,-2708.302,-14.517,++FactoryGame+rel-main-anniversary-2026-CL-502094,2c1ba76bf6aeb7593d53fb8278c48df9a639f7002d1cc09eeb4024fb67406337
poi_502094_0903,power_slug_blue,Persistent_Level:PersistentLevel.BP_Crystal3_3,C8DQSG4KBNJY1YM1AKEWS0JEN,power_slug_blue,BP_Crystal_C,-649.586,-2682.14,-30.17,++FactoryGame+rel-main-anniversary-2026-CL-502094,2c1ba76bf6aeb7593d53fb8278c48df9a639f7002d1cc09eeb4024fb67406337
poi_502094_0904,power_slug_blue,Persistent_Level:PersistentLevel.BP_Crystal_C_98,C9N0NBU11E0JYN7ERB5GZYCK8,power_slug_blue,BP_Crystal_C,3297.794,1175.72,75.591,++FactoryGame+rel-main-anniversary-2026-CL-502094,2c1ba76bf6aeb7593d53fb8278c48df9a639f7002d1cc09eeb4024fb67406337
poi_502094_0905,power_slug_blue,Persistent_Level:PersistentLevel.BP_Crystal19_19,CAXR2PU5R6GEYC55KHC6XQRDL,power_slug_blue,BP_Crystal_C,-259.383,-1472.57,2.963,++FactoryGame+rel-main-anniversary-2026-CL-502094,2c1ba76bf6aeb7593d53fb8278c48df9a639f7002d1cc09eeb4024fb67406337
poi_502094_0906,power_slug_blue,Persistent_Level:PersistentLevel.BP_Crystal15_11,CBBCYG1U1YF4QW1MZM7OFBAHS,power_slug_blue,BP_Crystal_C,559.166,164.357,131.19,++FactoryGame+rel-main-anniversary-2026-CL-502094,2c1ba76bf6aeb7593d53fb8278c48df9a639f7002d1cc09eeb4024fb67406337
poi_502094_0907,power_slug_blue,Persistent_Level:PersistentLevel.BP_Crystal17_UAID_40B076DF2F79F76301_1463908182,CBLQOVJE72F63HHDW2N1Q96UP,power_slug_blue,BP_Crystal_C,629.918,2136.635,19.125,++FactoryGame+rel-main-anniversary-2026-CL-502094,2c1ba76bf6aeb7593d53fb8278c48df9a639f7002d1cc09eeb4024fb67406337
poi_502094_0908,power_slug_blue,Persistent_Level:PersistentLevel.BP_Crystal5_6,CD56CV6662RIWBR8UHUFMMSRB,power_slug_blue,BP_Crystal_C,-903.667,-546.296,37.942,++FactoryGame+rel-main-anniversary-2026-CL-502094,2c1ba76bf6aeb7593d53fb8278c48df9a639f7002d1cc09eeb4024fb67406337
poi_502094_0909,power_slug_blue,Persistent_Level:PersistentLevel.BP_Crystal68,CDY9LT3ORF8K472H0114WSCKC,power_slug_blue,BP_Crystal_C,2195.804,1765.698,49.037,++FactoryGame+rel-main-anniversary-2026-CL-502094,2c1ba76bf6aeb7593d53fb8278c48df9a639f7002d1cc09eeb4024fb67406337
poi_502094_0910,power_slug_blue,Persistent_Level:PersistentLevel.BP_Crystal98_9,CDY9LT3ORF8K472H0114WSCKC,power_slug_blue,BP_Crystal_C,2222.253,1920.767,13.725,++FactoryGame+rel-main-anniversary-2026-CL-502094,2c1ba76bf6aeb7593d53fb8278c48df9a639f7002d1cc09eeb4024fb67406337
poi_502094_0911,power_slug_blue,Persistent_Level:PersistentLevel.BP_Crystal15_8,CGNT9WSGTVS7HU0KXLH6Z2KEX,power_slug_blue,BP_Crystal_C,-126.3,773.61,111.83,++FactoryGame+rel-main-anniversary-2026-CL-502094,2c1ba76bf6aeb7593d53fb8278c48df9a639f7002d1cc09eeb4024fb67406337
poi_502094_0912,power_slug_blue,Persistent_Level:PersistentLevel.BP_Crystal16_11,CGNT9WSGTVS7HU0KXLH6Z2KEX,power_slug_blue,BP_Crystal_C,-103.4,735.9,110.9,++FactoryGame+rel-main-anniversary-2026-CL-502094,2c1ba76bf6aeb7593d53fb8278c48df9a639f7002d1cc09eeb4024fb67406337
poi_502094_0913,power_slug_blue,Persistent_Level:PersistentLevel.BP_Crystal_5,CGNT9WSGTVS7HU0KXLH6Z2KEX,power_slug_blue,BP_Crystal_C,-118.8,756.7,99.99,++FactoryGame+rel-main-anniversary-2026-CL-502094,2c1ba76bf6aeb7593d53fb8278c48df9a639f7002d1cc09eeb4024fb67406337
poi_502094_0914,power_slug_blue,Persistent_Level:PersistentLevel.BP_Crystal_C_UAID_04421A9713F09E6901_1553651856,CKJFOWAHEQH4K60T7YQA2NWI3,power_slug_blue,BP_Crystal_C,-2465.84,-502.05,9.77,++FactoryGame+rel-main-anniversary-2026-CL-502094,2c1ba76bf6aeb7593d53fb8278c48df9a639f7002d1cc09eeb4024fb67406337
poi_502094_0915,power_slug_blue,Persistent_Level:PersistentLevel.BP_Crystal1_0,CLLYCMIIZXLWPIO0MS04ABFDK,power_slug_blue,BP_Crystal_C,-568.257,-2349.853,-26.479,++FactoryGame+rel-main-anniversary-2026-CL-502094,2c1ba76bf6aeb7593d53fb8278c48df9a639f7002d1cc09eeb4024fb67406337
poi_502094_0916,power_slug_blue,Persistent_Level:PersistentLevel.BP_Crystal2_3,CLTEKSRRDYHLXQL2PCFAB56VP,power_slug_blue,BP_Crystal_C,-1499.288,-1710.003,36.074,++FactoryGame+rel-main-anniversary-2026-CL-502094,2c1ba76bf6aeb7593d53fb8278c48df9a639f7002d1cc09eeb4024fb67406337
poi_502094_0917,power_slug_blue,Persistent_Level:PersistentLevel.BP_Crystal63,CLTEKSRRDYHLXQL2PCFAB56VP,power_slug_blue,BP_Crystal_C,-1368.882,-1624.946,7.219,++FactoryGame+rel-main-anniversary-2026-CL-502094,2c1ba76bf6aeb7593d53fb8278c48df9a639f7002d1cc09eeb4024fb67406337
poi_502094_0918,power_slug_blue,Persistent_Level:PersistentLevel.BP_Crystal23,CLTO6PMFH2EVO0GZ2E0QIG9DB,power_slug_blue,BP_Crystal_C,-1047.594,1869.887,-17.602,++FactoryGame+rel-main-anniversary-2026-CL-502094,2c1ba76bf6aeb7593d53fb8278c48df9a639f7002d1cc09eeb4024fb67406337
poi_502094_0919,power_slug_blue,Persistent_Level:PersistentLevel.BP_Crystal17_UAID_40B076DF2F79F76301_1548250183,CNKVZNU5VS3AIUVCQRTY51QBV,power_slug_blue,BP_Crystal_C,543.538,2260.595,-13.635,++FactoryGame+rel-main-anniversary-2026-CL-502094,2c1ba76bf6aeb7593d53fb8278c48df9a639f7002d1cc09eeb4024fb67406337
poi_502094_0920,power_slug_blue,Persistent_Level:PersistentLevel.BP_Crystal16_10,CO6KFY3T7KBDBVPZJ970Y0HVT,power_slug_blue,BP_Crystal_C,-431.969,1025.327,24.299,++FactoryGame+rel-main-anniversary-2026-CL-502094,2c1ba76bf6aeb7593d53fb8278c48df9a639f7002d1cc09eeb4024fb67406337
poi_502094_0921,power_slug_blue,Persistent_Level:PersistentLevel.BP_Crystal_C_UAID_04421A9713F0316001_1179996182,CPQQ8A0UUO7EOZ92IO7NDRIXC,power_slug_blue,BP_Crystal_C,1609.183,1294.963,153.86,++FactoryGame+rel-main-anniversary-2026-CL-502094,2c1ba76bf6aeb7593d53fb8278c48df9a639f7002d1cc09eeb4024fb67406337
poi_502094_0922,power_slug_blue,Persistent_Level:PersistentLevel.BP_Crystal_C_UAID_04421A9713F0EA5F01_1564806683,CPQQ8A0UUO7EOZ92IO7NDRIXC,power_slug_blue,BP_Crystal_C,1575.74,1259.09,93.53,++FactoryGame+rel-main-anniversary-2026-CL-502094,2c1ba76bf6aeb7593d53fb8278c48df9a639f7002d1cc09eeb4024fb67406337
poi_502094_0923,power_slug_blue,Persistent_Level:PersistentLevel.BP_Crystal13_6,CPST8URC3NJPMRC91YU838OZB,power_slug_blue,BP_Crystal_C,3413.445,650.348,9.906,++FactoryGame+rel-main-anniversary-2026-CL-502094,2c1ba76bf6aeb7593d53fb8278c48df9a639f7002d1cc09eeb4024fb67406337
poi_502094_0924,power_slug_blue,Persistent_Level:PersistentLevel.BP_Crystal_C_20,CQ0CKTZT5E0ASGUGG57K4U301,power_slug_blue,BP_Crystal_C,541.863,653.94,62.834,++FactoryGame+rel-main-anniversary-2026-CL-502094,2c1ba76bf6aeb7593d53fb8278c48df9a639f7002d1cc09eeb4024fb67406337
poi_502094_0925,power_slug_blue,Persistent_Level:PersistentLevel.BP_Crystal_C_21,CQ0CKTZT5E0ASGUGG57K4U301,power_slug_blue,BP_Crystal_C,524.405,518.77,93.186,++FactoryGame+rel-main-anniversary-2026-CL-502094,2c1ba76bf6aeb7593d53fb8278c48df9a639f7002d1cc09eeb4024fb67406337
poi_502094_0926,power_slug_blue,Persistent_Level:PersistentLevel.BP_Crystal_C_22,CQ0CKTZT5E0ASGUGG57K4U301,power_slug_blue,BP_Crystal_C,542.82,603.216,98.719,++FactoryGame+rel-main-anniversary-2026-CL-502094,2c1ba76bf6aeb7593d53fb8278c48df9a639f7002d1cc09eeb4024fb67406337
poi_502094_0927,power_slug_blue,Persistent_Level:PersistentLevel.BP_Crystal20_20,CRWTKFUJMS7PML9U7MCL6H03W,power_slug_blue,BP_Crystal_C,374.529,-1440.81,-70.614,++FactoryGame+rel-main-anniversary-2026-CL-502094,2c1ba76bf6aeb7593d53fb8278c48df9a639f7002d1cc09eeb4024fb67406337
poi_502094_0928,power_slug_blue,Persistent_Level:PersistentLevel.BP_Crystal17_UAID_40B076DF2F79755B01_1333072849,CT9YVY8OWECVW3NM9UCG3905N,power_slug_blue,BP_Crystal_C,338.568,1787.745,9.725,++FactoryGame+rel-main-anniversary-2026-CL-502094,2c1ba76bf6aeb7593d53fb8278c48df9a639f7002d1cc09eeb4024fb67406337
poi_502094_0929,power_slug_blue,Persistent_Level:PersistentLevel.BP_Crystal_C_29,CT9YVY8OWECVW3NM9UCG3905N,power_slug_blue,BP_Crystal_C,479.107,1825.495,8.127,++FactoryGame+rel-main-anniversary-2026-CL-502094,2c1ba76bf6aeb7593d53fb8278c48df9a639f7002d1cc09eeb4024fb67406337
poi_502094_0930,power_slug_blue,Persistent_Level:PersistentLevel.BP_Crystal_C_UAID_40B076DF2F79B36201_1823459155,CT9YVY8OWECVW3NM9UCG3905N,power_slug_blue,BP_Crystal_C,406.19,1812.9,-11.91,++FactoryGame+rel-main-anniversary-2026-CL-502094,2c1ba76bf6aeb7593d53fb8278c48df9a639f7002d1cc09eeb4024fb67406337
poi_502094_0931,power_slug_blue,Persistent_Level:PersistentLevel.BP_Crystal_C_28,CTVG5WLBD8I2HRUA9RRY9LQO5,power_slug_blue,BP_Crystal_C,685.133,1062.302,106.1,++FactoryGame+rel-main-anniversary-2026-CL-502094,2c1ba76bf6aeb7593d53fb8278c48df9a639f7002d1cc09eeb4024fb67406337
poi_502094_0932,power_slug_blue,Persistent_Level:PersistentLevel.BP_Crystal21_26,CWNULIAI031DNZ3TTJ3DRC14G,power_slug_blue,BP_Crystal_C,-1165.134,-694.347,146.576,++FactoryGame+rel-main-anniversary-2026-CL-502094,2c1ba76bf6aeb7593d53fb8278c48df9a639f7002d1cc09eeb4024fb67406337
poi_502094_0933,power_slug_blue,Persistent_Level:PersistentLevel.BP_Crystal22_27,CWNULIAI031DNZ3TTJ3DRC14G,power_slug_blue,BP_Crystal_C,-1132.238,-665.24,130.032,++FactoryGame+rel-main-anniversary-2026-CL-502094,2c1ba76bf6aeb7593d53fb8278c48df9a639f7002d1cc09eeb4024fb67406337
poi_502094_0934,power_slug_blue,Persistent_Level:PersistentLevel.BP_Crystal24_25,CWNULIAI031DNZ3TTJ3DRC14G,power_slug_blue,BP_Crystal_C,-1174.647,-653.174,133.999,++FactoryGame+rel-main-anniversary-2026-CL-502094,2c1ba76bf6aeb7593d53fb8278c48df9a639f7002d1cc09eeb4024fb67406337
poi_502094_0935,power_slug_blue,Persistent_Level:PersistentLevel.BP_Crystal_C_14,CYIG9OCBFVQJ01L07CNML4VKC,power_slug_blue,BP_Crystal_C,143.009,-19.972,233.545,++FactoryGame+rel-main-anniversary-2026-CL-502094,2c1ba76bf6aeb7593d53fb8278c48df9a639f7002d1cc09eeb4024fb67406337
poi_502094_0936,power_slug_blue,Persistent_Level:PersistentLevel.BP_Crystal6,CZH52GE56E33C36FJHW7CFXOV,power_slug_blue,BP_Crystal_C,-1362.762,1137.765,28.349,++FactoryGame+rel-main-anniversary-2026-CL-502094,2c1ba76bf6aeb7593d53fb8278c48df9a639f7002d1cc09eeb4024fb67406337
poi_502094_0937,power_slug_blue,Persistent_Level:PersistentLevel.BP_Crystal38_2,CZHFQ4Q181DWOGR3ZVTIBHQLC,power_slug_blue,BP_Crystal_C,1677.95,-975.75,60.07,++FactoryGame+rel-main-anniversary-2026-CL-502094,2c1ba76bf6aeb7593d53fb8278c48df9a639f7002d1cc09eeb4024fb67406337
poi_502094_0938,power_slug_blue,Persistent_Level:PersistentLevel.BP_Crystal153,CZTWF2I7DK01B1X32QFGOOYLP,power_slug_blue,BP_Crystal_C,4010.552,1441.128,49.783,++FactoryGame+rel-main-anniversary-2026-CL-502094,2c1ba76bf6aeb7593d53fb8278c48df9a639f7002d1cc09eeb4024fb67406337
poi_502094_0939,power_slug_blue,Persistent_Level:PersistentLevel.BP_Crystal154,CZTWF2I7DK01B1X32QFGOOYLP,power_slug_blue,BP_Crystal_C,4061.752,1487.238,70.513,++FactoryGame+rel-main-anniversary-2026-CL-502094,2c1ba76bf6aeb7593d53fb8278c48df9a639f7002d1cc09eeb4024fb67406337
poi_502094_0940,power_slug_blue,Persistent_Level:PersistentLevel.BP_Crystal5_5126,D1FFLTHEARRNUZAIW2X4OWIS2,power_slug_blue,BP_Crystal_C,-597.187,215.221,189.397,++FactoryGame+rel-main-anniversary-2026-CL-502094,2c1ba76bf6aeb7593d53fb8278c48df9a639f7002d1cc09eeb4024fb67406337
poi_502094_0941,power_slug_blue,Persistent_Level:PersistentLevel.BP_Crystal21_24,D3O12SR4WCK6DPLVPLUEP1K0C,power_slug_blue,BP_Crystal_C,-2367.334,383.093,-16.218,++FactoryGame+rel-main-anniversary-2026-CL-502094,2c1ba76bf6aeb7593d53fb8278c48df9a639f7002d1cc09eeb4024fb67406337
poi_502094_0942,power_slug_blue,Persistent_Level:PersistentLevel.BP_Crystal4_73,D50JE516JR21IVYL84YNJQ75U,power_slug_blue,BP_Crystal_C,2127.03,-685.779,-16.648,++FactoryGame+rel-main-anniversary-2026-CL-502094,2c1ba76bf6aeb7593d53fb8278c48df9a639f7002d1cc09eeb4024fb67406337
poi_502094_0943,power_slug_blue,Persistent_Level:PersistentLevel.BP_Crystal1_6,D86A6DNVJPIFYWQKNCJZCJ3FB,power_slug_blue,BP_Crystal_C,1124.77,-2006.496,-50.547,++FactoryGame+rel-main-anniversary-2026-CL-502094,2c1ba76bf6aeb7593d53fb8278c48df9a639f7002d1cc09eeb4024fb67406337
poi_502094_0944,power_slug_blue,Persistent_Level:PersistentLevel.BP_Crystal_C_UAID_40B076DF2F792A8701_1662356113,D8S02CEFT15CYD0MYDC9M25WC,power_slug_blue,BP_Crystal_C,-594.65,1095.4,33.6,++FactoryGame+rel-main-anniversary-2026-CL-502094,2c1ba76bf6aeb7593d53fb8278c48df9a639f7002d1cc09eeb4024fb67406337
poi_502094_0945,power_slug_blue,Persistent_Level:PersistentLevel.BP_Crystal60,D96R35R0IB8F8UMF2SZR7ZIO2,power_slug_blue,BP_Crystal_C,1219.86,605.684,81.239,++FactoryGame+rel-main-anniversary-2026-CL-502094,2c1ba76bf6aeb7593d53fb8278c48df9a639f7002d1cc09eeb4024fb67406337
poi_502094_0946,power_slug_blue,Persistent_Level:PersistentLevel.BP_Crystal_mk45_UAID_40B076DF2F79B26201_1806151977,D9TRPKE33S98PUN1VEU3MM5MY,power_slug_blue,BP_Crystal_C,777.991,1854.666,-12.838,++FactoryGame+rel-main-anniversary-2026-CL-502094,2c1ba76bf6aeb7593d53fb8278c48df9a639f7002d1cc09eeb4024fb67406337
poi_502094_0947,power_slug_blue,Persistent_Level:PersistentLevel.BP_Crystal44,DA9V662RLCS858ZRU5WOSOZ0L,power_slug_blue,BP_Crystal_C,291.625,-1108.401,-87.727,++FactoryGame+rel-main-anniversary-2026-CL-502094,2c1ba76bf6aeb7593d53fb8278c48df9a639f7002d1cc09eeb4024fb67406337
poi_502094_0948,power_slug_blue,Persistent_Level:PersistentLevel.BP_Crystal7_8,DANZO2C5SIM0LTDJFT5P2OKYK,power_slug_blue,BP_Crystal_C,-1287.0,-1177.037,78.099,++FactoryGame+rel-main-anniversary-2026-CL-502094,2c1ba76bf6aeb7593d53fb8278c48df9a639f7002d1cc09eeb4024fb67406337
poi_502094_0949,power_slug_blue,Persistent_Level:PersistentLevel.BP_Crystal122_5,DERRQJBEGO89IIBYZTURYHQ8C,power_slug_blue,BP_Crystal_C,1505.6,2233.35,-5.69,++FactoryGame+rel-main-anniversary-2026-CL-502094,2c1ba76bf6aeb7593d53fb8278c48df9a639f7002d1cc09eeb4024fb67406337
poi_502094_0950,power_slug_blue,Persistent_Level:PersistentLevel.BP_Crystal13_44,DFTEM3CBU6AYLSJVB3NTYGRQY,power_slug_blue,BP_Crystal_C,537.964,-1089.465,114.391,++FactoryGame+rel-main-anniversary-2026-CL-502094,2c1ba76bf6aeb7593d53fb8278c48df9a639f7002d1cc09eeb4024fb67406337
poi_502094_0951,power_slug_blue,Persistent_Level:PersistentLevel.BP_Crystal16,DGJVLG938BV6CSLV0H3GISTFX,power_slug_blue,BP_Crystal_C,2400.405,-802.326,-4.755,++FactoryGame+rel-main-anniversary-2026-CL-502094,2c1ba76bf6aeb7593d53fb8278c48df9a639f7002d1cc09eeb4024fb67406337
poi_502094_0952,power_slug_blue,Persistent_Level:PersistentLevel.BP_Crystal10_10,DHYPMUZPAEXYJ62HH7DLYJE9D,power_slug_blue,BP_Crystal_C,115.65,-2750.101,-54.858,++FactoryGame+rel-main-anniversary-2026-CL-502094,2c1ba76bf6aeb7593d53fb8278c48df9a639f7002d1cc09eeb4024fb67406337
poi_502094_0953,power_slug_blue,Persistent_Level:PersistentLevel.BP_Crystal21_21,DHYPMUZPAEXYJ62HH7DLYJE9D,power_slug_blue,BP_Crystal_C,225.708,-2745.651,27.916,++FactoryGame+rel-main-anniversary-2026-CL-502094,2c1ba76bf6aeb7593d53fb8278c48df9a639f7002d1cc09eeb4024fb67406337
poi_502094_0954,power_slug_blue,Persistent_Level:PersistentLevel.BP_Crystal8_8,DHYPMUZPAEXYJ62HH7DLYJE9D,power_slug_blue,BP_Crystal_C,118.845,-2764.369,-50.373,++FactoryGame+rel-main-anniversary-2026-CL-502094,2c1ba76bf6aeb7593d53fb8278c48df9a639f7002d1cc09eeb4024fb67406337
poi_502094_0955,power_slug_blue,Persistent_Level:PersistentLevel.BP_Crystal9_9,DHYPMUZPAEXYJ62HH7DLYJE9D,power_slug_blue,BP_Crystal_C,130.38,-2754.06,-56.437,++FactoryGame+rel-main-anniversary-2026-CL-502094,2c1ba76bf6aeb7593d53fb8278c48df9a639f7002d1cc09eeb4024fb67406337
poi_502094_0956,power_slug_blue,Persistent_Level:PersistentLevel.BP_Crystal_C_11,DJ3S9VMV5HQRP7RX960Q3G5J5,power_slug_blue,BP_Crystal_C,588.037,-1903.036,32.878,++FactoryGame+rel-main-anniversary-2026-CL-502094,2c1ba76bf6aeb7593d53fb8278c48df9a639f7002d1cc09eeb4024fb67406337
poi_502094_0957,power_slug_blue,Persistent_Level:PersistentLevel.BP_Crystal53,DLAE066U88DGNZ7CU6J65THSX,power_slug_blue,BP_Crystal_C,3642.278,2100.007,40.51,++FactoryGame+rel-main-anniversary-2026-CL-502094,2c1ba76bf6aeb7593d53fb8278c48df9a639f7002d1cc09eeb4024fb67406337
poi_502094_0958,power_slug_blue,Persistent_Level:PersistentLevel.BP_Crystal17_15,DLE9SJZ8OFDG3N6EAG29CYW34,power_slug_blue,BP_Crystal_C,1805.599,-1899.192,-29.225,++FactoryGame+rel-main-anniversary-2026-CL-502094,2c1ba76bf6aeb7593d53fb8278c48df9a639f7002d1cc09eeb4024fb67406337
poi_502094_0959,power_slug_blue,Persistent_Level:PersistentLevel.BP_Crystal19_17,DLE9SJZ8OFDG3N6EAG29CYW34,power_slug_blue,BP_Crystal_C,1830.562,-1807.076,-42.649,++FactoryGame+rel-main-anniversary-2026-CL-502094,2c1ba76bf6aeb7593d53fb8278c48df9a639f7002d1cc09eeb4024fb67406337
poi_502094_0960,power_slug_blue,Persistent_Level:PersistentLevel.BP_Crystal20_18,DLE9SJZ8OFDG3N6EAG29CYW34,power_slug_blue,BP_Crystal_C,1784.167,-1867.075,-42.372,++FactoryGame+rel-main-anniversary-2026-CL-502094,2c1ba76bf6aeb7593d53fb8278c48df9a639f7002d1cc09eeb4024fb67406337
poi_502094_0961,power_slug_blue,Persistent_Level:PersistentLevel.BP_Crystal21_19,DLE9SJZ8OFDG3N6EAG29CYW34,power_slug_blue,BP_Crystal_C,1788.358,-1824.136,-16.572,++FactoryGame+rel-main-anniversary-2026-CL-502094,2c1ba76bf6aeb7593d53fb8278c48df9a639f7002d1cc09eeb4024fb67406337
poi_502094_0962,power_slug_blue,Persistent_Level:PersistentLevel.BP_Crystal4_9,DLE9SJZ8OFDG3N6EAG29CYW34,power_slug_blue,BP_Crystal_C,1943.764,-1938.466,-18.86,++FactoryGame+rel-main-anniversary-2026-CL-502094,2c1ba76bf6aeb7593d53fb8278c48df9a639f7002d1cc09eeb4024fb67406337
poi_502094_0963,power_slug_blue,Persistent_Level:PersistentLevel.BP_Crystal_C_35,DLE9SJZ8OFDG3N6EAG29CYW34,power_slug_blue,BP_Crystal_C,1849.775,-1847.367,-20.15,++FactoryGame+rel-main-anniversary-2026-CL-502094,2c1ba76bf6aeb7593d53fb8278c48df9a639f7002d1cc09eeb4024fb67406337
poi_502094_0964,power_slug_blue,Persistent_Level:PersistentLevel.BP_Crystal_C_UAID_04421A9713F007B101_1247933313,DNIQPK5G3A7XOM05H7LJWX9WS,power_slug_blue,BP_Crystal_C,2235.85,920.53,14.4,++FactoryGame+rel-main-anniversary-2026-CL-502094,2c1ba76bf6aeb7593d53fb8278c48df9a639f7002d1cc09eeb4024fb67406337
poi_502094_0965,power_slug_blue,Persistent_Level:PersistentLevel.BP_Crystal_mk2_C_UAID_04421A9713F007B101_1436486318,DNIQPK5G3A7XOM05H7LJWX9WS,power_slug_blue,BP_Crystal_C,2216.77,777.72,104.89,++FactoryGame+rel-main-anniversary-2026-CL-502094,2c1ba76bf6aeb7593d53fb8278c48df9a639f7002d1cc09eeb4024fb67406337
poi_502094_0966,power_slug_blue,Persistent_Level:PersistentLevel.BP_Crystal12_12002,DOJQGEKPGRXUA6ZX4OIMHB07V,power_slug_blue,BP_Crystal_C,-639.227,733.957,173.19,++FactoryGame+rel-main-anniversary-2026-CL-502094,2c1ba76bf6aeb7593d53fb8278c48df9a639f7002d1cc09eeb4024fb67406337
poi_502094_0967,power_slug_blue,Persistent_Level:PersistentLevel.BP_Crystal_C_96,DQ9XZAW233YJ8OX3C6ZXAHJVV,power_slug_blue,BP_Crystal_C,3060.24,475.575,57.855,++FactoryGame+rel-main-anniversary-2026-CL-502094,2c1ba76bf6aeb7593d53fb8278c48df9a639f7002d1cc09eeb4024fb67406337
poi_502094_0968,power_slug_blue,Persistent_Level:PersistentLevel.BP_Crystal7_16,DQE2FUE2YG5ULHVIHD55FRONS,power_slug_blue,BP_Crystal_C,-335.449,793.592,7.843,++FactoryGame+rel-main-anniversary-2026-CL-502094,2c1ba76bf6aeb7593d53fb8278c48df9a639f7002d1cc09eeb4024fb67406337
poi_502094_0969,power_slug_blue,Persistent_Level:PersistentLevel.BP_Crystal8_17,DQE2FUE2YG5ULHVIHD55FRONS,power_slug_blue,BP_Crystal_C,-478.126,797.825,189.042,++FactoryGame+rel-main-anniversary-2026-CL-502094,2c1ba76bf6aeb7593d53fb8278c48df9a639f7002d1cc09eeb4024fb67406337
poi_502094_0970,power_slug_blue,Persistent_Level:PersistentLevel.BP_Crystal5,DT3ULNVWHNNOAHFD94CAR3FPL,power_slug_blue,BP_Crystal_C,-1935.562,965.141,-2.907,++FactoryGame+rel-main-anniversary-2026-CL-502094,2c1ba76bf6aeb7593d53fb8278c48df9a639f7002d1cc09eeb4024fb67406337
poi_502094_0971,power_slug_blue,Persistent_Level:PersistentLevel.BP_Crystal19,E6BP38L1OLK98TK33KJEW8VVI,power_slug_blue,BP_Crystal_C,-1161.915,1605.321,8.97,++FactoryGame+rel-main-anniversary-2026-CL-502094,2c1ba76bf6aeb7593d53fb8278c48df9a639f7002d1cc09eeb4024fb67406337
poi_502094_0972,power_slug_blue,Persistent_Level:PersistentLevel.BP_Crystal22_7,E6VDO3IRB8GYFL0D6AZYCE988,power_slug_blue,BP_Crystal_C,475.013,1260.14,138.663,++FactoryGame+rel-main-anniversary-2026-CL-502094,2c1ba76bf6aeb7593d53fb8278c48df9a639f7002d1cc09eeb4024fb67406337
poi_502094_0973,power_slug_blue,Persistent_Level:PersistentLevel.BP_Crystal8_11,E7VYFNVTW232ZZAZCLJ4F2TKH,power_slug_blue,BP_Crystal_C,-1735.855,789.48,46.786,++FactoryGame+rel-main-anniversary-2026-CL-502094,2c1ba76bf6aeb7593d53fb8278c48df9a639f7002d1cc09eeb4024fb67406337
poi_502094_0974,power_slug_blue,Persistent_Level:PersistentLevel.BP_Crystal_C_UAID_40B076DF2F79265B01_1210582944,EBEOX8OTF7IRH1NGOSQHFCPDU,power_slug_blue,BP_Crystal_C,328.609,2399.126,10.568,++FactoryGame+rel-main-anniversary-2026-CL-502094,2c1ba76bf6aeb7593d53fb8278c48df9a639f7002d1cc09eeb4024fb67406337
poi_502094_0975,power_slug_blue,Persistent_Level:PersistentLevel.BP_Crystal78,ECM91LC9SCX17MK67022TK8FI,power_slug_blue,BP_Crystal_C,3254.686,817.66,57.392,++FactoryGame+rel-main-anniversary-2026-CL-502094,2c1ba76bf6aeb7593d53fb8278c48df9a639f7002d1cc09eeb4024fb67406337
poi_502094_0976,power_slug_blue,Persistent_Level:PersistentLevel.BP_Crystal_C_UAID_40B076DF2F79275B01_1177099121,EF9SQDOUFQGSGW9HGMWVGYM4T,power_slug_blue,BP_Crystal_C,208.903,2489.944,18.107,++FactoryGame+rel-main-anniversary-2026-CL-502094,2c1ba76bf6aeb7593d53fb8278c48df9a639f7002d1cc09eeb4024fb67406337
poi_502094_0977,power_slug_blue,Persistent_Level:PersistentLevel.BP_Crystal148,EH30561446HR21R404CG234TF,power_slug_blue,BP_Crystal_C,3656.167,1401.355,49.297,++FactoryGame+rel-main-anniversary-2026-CL-502094,2c1ba76bf6aeb7593d53fb8278c48df9a639f7002d1cc09eeb4024fb67406337
poi_502094_0978,power_slug_blue,Persistent_Level:PersistentLevel.BP_Crystal52,EM9GFIBYRK7WRLKNSLGU7QM67,power_slug_blue,BP_Crystal_C,3815.637,2088.711,51.973,++FactoryGame+rel-main-anniversary-2026-CL-502094,2c1ba76bf6aeb7593d53fb8278c48df9a639f7002d1cc09eeb4024fb67406337
poi_502094_0979,power_slug_blue,Persistent_Level:PersistentLevel.BP_Crystal1,EMTT7UM3SG1B0MQZNJO4QPGPR,power_slug_blue,BP_Crystal_C,-2118.126,1405.933,31.072,++FactoryGame+rel-main-anniversary-2026-CL-502094,2c1ba76bf6aeb7593d53fb8278c48df9a639f7002d1cc09eeb4024fb67406337
poi_502094_0980,power_slug_blue,Persistent_Level:PersistentLevel.BP_Crystal15,EMTT7UM3SG1B0MQZNJO4QPGPR,power_slug_blue,BP_Crystal_C,-2088.518,1511.87,102.576,++FactoryGame+rel-main-anniversary-2026-CL-502094,2c1ba76bf6aeb7593d53fb8278c48df9a639f7002d1cc09eeb4024fb67406337
poi_502094_0981,power_slug_blue,Persistent_Level:PersistentLevel.BP_Crystal30,EMTT7UM3SG1B0MQZNJO4QPGPR,power_slug_blue,BP_Crystal_C,-1954.418,1395.366,26.775,++FactoryGame+rel-main-anniversary-2026-CL-502094,2c1ba76bf6aeb7593d53fb8278c48df9a639f7002d1cc09eeb4024fb67406337
poi_502094_0982,power_slug_blue,Persistent_Level:PersistentLevel.BP_Crystal37_24,EMTT7UM3SG1B0MQZNJO4QPGPR,power_slug_blue,BP_Crystal_C,-1975.092,1458.96,19.943,++FactoryGame+rel-main-anniversary-2026-CL-502094,2c1ba76bf6aeb7593d53fb8278c48df9a639f7002d1cc09eeb4024fb67406337
poi_502094_0983,power_slug_blue,Persistent_Level:PersistentLevel.BP_Crystal2,EPNKO53YJKXUZRUS8MU7JYU4Q,power_slug_blue,BP_Crystal_C,-2616.672,1919.902,-8.901,++FactoryGame+rel-main-anniversary-2026-CL-502094,2c1ba76bf6aeb7593d53fb8278c48df9a639f7002d1cc09eeb4024fb67406337
poi_502094_0984,power_slug_blue,Persistent_Level:PersistentLevel.BP_Crystal29_24,EQ3RXAR8YVCMQ5LYPC1XVLOZ4,power_slug_blue,BP_Crystal_C,-1356.822,-721.591,82.004,++FactoryGame+rel-main-anniversary-2026-CL-502094,2c1ba76bf6aeb7593d53fb8278c48df9a639f7002d1cc09eeb4024fb67406337
poi_502094_0985,power_slug_blue,Persistent_Level:PersistentLevel.BP_Crystal121_2,ESOVBFICSK5Q2DZ2HIVSXDOPH,power_slug_blue,BP_Crystal_C,1680.15,2410.4,55.3,++FactoryGame+rel-main-anniversary-2026-CL-502094,2c1ba76bf6aeb7593d53fb8278c48df9a639f7002d1cc09eeb4024fb67406337
poi_502094_0986,power_slug_blue,Persistent_Level:PersistentLevel.BP_Crystal17_17,ETCKC8N9M1NT93D1XPW8I86MW,power_slug_blue,BP_Crystal_C,-977.054,-2003.047,28.361,++FactoryGame+rel-main-anniversary-2026-CL-502094,2c1ba76bf6aeb7593d53fb8278c48df9a639f7002d1cc09eeb4024fb67406337
poi_502094_0987,power_slug_blue,Persistent_Level:PersistentLevel.BP_Crystal16_22,ETK76NUH3SMT5CZD1LZ7XFPOR,power_slug_blue,BP_Crystal_C,1667.266,-2037.014,-36.057,++FactoryGame+rel-main-anniversary-2026-CL-502094,2c1ba76bf6aeb7593d53fb8278c48df9a639f7002d1cc09eeb4024fb67406337
poi_502094_0988,power_slug_blue,Persistent_Level:PersistentLevel.BP_Crystal6_11,ETK76NUH3SMT5CZD1LZ7XFPOR,power_slug_blue,BP_Crystal_C,1699.761,-1946.296,-79.038,++FactoryGame+rel-main-anniversary-2026-CL-502094,2c1ba76bf6aeb7593d53fb8278c48df9a639f7002d1cc09eeb4024fb67406337
poi_502094_0989,power_slug_blue,Persistent_Level:PersistentLevel.BP_Crystal8_9,ETKG8NSAO6YFJTFIDYRLKXII5,power_slug_blue,BP_Crystal_C,-868.896,-450.673,35.704,++FactoryGame+rel-main-anniversary-2026-CL-502094,2c1ba76bf6aeb7593d53fb8278c48df9a639f7002d1cc09eeb4024fb67406337
poi_502094_0990,power_slug_blue,Persistent_Level:PersistentLevel.BP_Crystal12_15,EU62C6HXV64SSAC7EISCK30EJ,power_slug_blue,BP_Crystal_C,-1773.661,443.7,-17.516,++FactoryGame+rel-main-anniversary-2026-CL-502094,2c1ba76bf6aeb7593d53fb8278c48df9a639f7002d1cc09eeb4024fb67406337
poi_502094_0991,power_slug_blue,Persistent_Level:PersistentLevel.BP_Crystal50,EUUUHNTL4EPUT0DN2OF1SCNIB,power_slug_blue,BP_Crystal_C,3511.886,2051.83,44.525,++FactoryGame+rel-main-anniversary-2026-CL-502094,2c1ba76bf6aeb7593d53fb8278c48df9a639f7002d1cc09eeb4024fb67406337
poi_502094_0992,power_slug_blue,Persistent_Level:PersistentLevel.BP_Crystal82,EUUUHNTL4EPUT0DN2OF1SCNIB,power_slug_blue,BP_Crystal_C,3461.882,2097.896,44.619,++FactoryGame+rel-main-anniversary-2026-CL-502094,2c1ba76bf6aeb7593d53fb8278c48df9a639f7002d1cc09eeb4024fb67406337
poi_502094_0993,power_slug_blue,Persistent_Level:PersistentLevel.BP_Crystal13,EV6PY2SCQ9RRWQM730T1IJ0TP,power_slug_blue,BP_Crystal_C,-1366.056,1844.914,157.81,++FactoryGame+rel-main-anniversary-2026-CL-502094,2c1ba76bf6aeb7593d53fb8278c48df9a639f7002d1cc09eeb4024fb67406337
poi_502094_0994,power_slug_blue,Persistent_Level:PersistentLevel.BP_Crystal24,EV6PY2SCQ9RRWQM730T1IJ0TP,power_slug_blue,BP_Crystal_C,-1474.121,1758.937,104.866,++FactoryGame+rel-main-anniversary-2026-CL-502094,2c1ba76bf6aeb7593d53fb8278c48df9a639f7002d1cc09eeb4024fb67406337
poi_502094_0995,power_slug_blue,Persistent_Level:PersistentLevel.BP_Crystal47,EV6PY2SCQ9RRWQM730T1IJ0TP,power_slug_blue,BP_Crystal_C,-1364.119,1846.009,258.842,++FactoryGame+rel-main-anniversary-2026-CL-502094,2c1ba76bf6aeb7593d53fb8278c48df9a639f7002d1cc09eeb4024fb67406337
poi_502094_0996,power_slug_blue,Persistent_Level:PersistentLevel.BP_Crystal_C_UAID_40B076DF2F79C96201_2035056042,EVOBVNIZXZH3P171HK2AF9NJ5,power_slug_blue,BP_Crystal_C,-139.699,1802.984,-13.682,++FactoryGame+rel-main-anniversary-2026-CL-502094,2c1ba76bf6aeb7593d53fb8278c48df9a639f7002d1cc09eeb4024fb67406337
poi_502094_0997,power_slug_blue,Persistent_Level:PersistentLevel.BP_Crystal93,EX86OPVVFD834Z9LEG2JI00UU,power_slug_blue,BP_Crystal_C,1270.45,1830.15,55.65,++FactoryGame+rel-main-anniversary-2026-CL-502094,2c1ba76bf6aeb7593d53fb8278c48df9a639f7002d1cc09eeb4024fb67406337
poi_502094_0998,power_slug_blue,Persistent_Level:PersistentLevel.BP_Crystal_C_UAID_04421A9713F0805B01_1369679802,EX86OPVVFD834Z9LEG2JI00UU,power_slug_blue,BP_Crystal_C,1237.54,1820.09,19.02,++FactoryGame+rel-main-anniversary-2026-CL-502094,2c1ba76bf6aeb7593d53fb8278c48df9a639f7002d1cc09eeb4024fb67406337
poi_502094_0999,power_slug_blue,Persistent_Level:PersistentLevel.BP_Crystal_mk45_UAID_40B076DF2F79646201_1982914249,EX86OPVVFD834Z9LEG2JI00UU,power_slug_blue,BP_Crystal_C,1262.664,1937.494,6.76,++FactoryGame+rel-main-anniversary-2026-CL-502094,2c1ba76bf6aeb7593d53fb8278c48df9a639f7002d1cc09eeb4024fb67406337
poi_502094_1000,power_slug_blue,Persistent_Level:PersistentLevel.BP_Crystal21_86,F1OVL33BAIA1H4OCNI68V1FS9,power_slug_blue,BP_Crystal_C,2073.708,-0.922,-11.314,++FactoryGame+rel-main-anniversary-2026-CL-502094,2c1ba76bf6aeb7593d53fb8278c48df9a639f7002d1cc09eeb4024fb67406337
poi_502094_1001,power_slug_blue,Persistent_Level:PersistentLevel.BP_Crystal18,F2IHWAEDW3TLBQVWEPINFIGBY,power_slug_blue,BP_Crystal_C,2296.66,-1601.36,76.24,++FactoryGame+rel-main-anniversary-2026-CL-502094,2c1ba76bf6aeb7593d53fb8278c48df9a639f7002d1cc09eeb4024fb67406337
poi_502094_1002,power_slug_blue,Persistent_Level:PersistentLevel.BP_Crystal_C_UAID_04421A9713F0A67401_1901138878,F38EQCJFYG8UE3JCR0F7FBTQL,power_slug_blue,BP_Crystal_C,1000.61,-606.54,226.0,++FactoryGame+rel-main-anniversary-2026-CL-502094,2c1ba76bf6aeb7593d53fb8278c48df9a639f7002d1cc09eeb4024fb67406337
poi_502094_1003,power_slug_blue,Persistent_Level:PersistentLevel.BP_Crystal_C_UAID_04421A9713F0A67401_1962658879,F38EQCJFYG8UE3JCR0F7FBTQL,power_slug_blue,BP_Crystal_C,962.12,-636.0,223.45,++FactoryGame+rel-main-anniversary-2026-CL-502094,2c1ba76bf6aeb7593d53fb8278c48df9a639f7002d1cc09eeb4024fb67406337
poi_502094_1004,power_slug_blue,Persistent_Level:PersistentLevel.BP_Crystal_C_UAID_04421A9713F0A67401_2008955880,F38EQCJFYG8UE3JCR0F7FBTQL,power_slug_blue,BP_Crystal_C,959.5,-608.99,224.48,++FactoryGame+rel-main-anniversary-2026-CL-502094,2c1ba76bf6aeb7593d53fb8278c48df9a639f7002d1cc09eeb4024fb67406337
poi_502094_1005,power_slug_blue,Persistent_Level:PersistentLevel.BP_Crystal_C_UAID_04421A9713F0A67401_2137612882,F38EQCJFYG8UE3JCR0F7FBTQL,power_slug_blue,BP_Crystal_C,978.46,-569.29,227.33,++FactoryGame+rel-main-anniversary-2026-CL-502094,2c1ba76bf6aeb7593d53fb8278c48df9a639f7002d1cc09eeb4024fb67406337
poi_502094_1006,power_slug_blue,Persistent_Level:PersistentLevel.BP_Crystal_C_UAID_04421A9713F0A77401_1114044059,F38EQCJFYG8UE3JCR0F7FBTQL,power_slug_blue,BP_Crystal_C,994.5,-586.88,219.49,++FactoryGame+rel-main-anniversary-2026-CL-502094,2c1ba76bf6aeb7593d53fb8278c48df9a639f7002d1cc09eeb4024fb67406337
poi_502094_1007,power_slug_blue,Persistent_Level:PersistentLevel.BP_Crystal_C_UAID_40B076DF2F79486401_1444694438,F3M0O0KSWNVIEN5FLVZZLNU8D,power_slug_blue,BP_Crystal_C,899.53,1514.56,37.78,++FactoryGame+rel-main-anniversary-2026-CL-502094,2c1ba76bf6aeb7593d53fb8278c48df9a639f7002d1cc09eeb4024fb67406337
poi_502094_1008,power_slug_blue,Persistent_Level:PersistentLevel.BP_Crystal30_30,F4N4HLWUIKWI5X9MEGCWP1TRY,power_slug_blue,BP_Crystal_C,-1052.646,-831.908,131.732,++FactoryGame+rel-main-anniversary-2026-CL-502094,2c1ba76bf6aeb7593d53fb8278c48df9a639f7002d1cc09eeb4024fb67406337
poi_502094_1009,power_slug_blue,Persistent_Level:PersistentLevel.BP_Crystal2_6,F4QDBDBOVEVZJES2VWWII2ASP,power_slug_blue,BP_Crystal_C,-2736.182,935.437,-8.408,++FactoryGame+rel-main-anniversary-2026-CL-502094,2c1ba76bf6aeb7593d53fb8278c48df9a639f7002d1cc09eeb4024fb67406337
poi_502094_1010,power_slug_blue,Persistent_Level:PersistentLevel.BP_Crystal6_5,F5HTNUK0W9B8SNLA5A3DMJ5RZ,power_slug_blue,BP_Crystal_C,946.807,245.783,58.844,++FactoryGame+rel-main-anniversary-2026-CL-502094,2c1ba76bf6aeb7593d53fb8278c48df9a639f7002d1cc09eeb4024fb67406337
poi_502094_1011,power_slug_blue,Persistent_Level:PersistentLevel.BP_Crystal75,F5HTNUK0W9B8SNLA5A3DMJ5RZ,power_slug_blue,BP_Crystal_C,954.09,178.443,155.068,++FactoryGame+rel-main-anniversary-2026-CL-502094,2c1ba76bf6aeb7593d53fb8278c48df9a639f7002d1cc09eeb4024fb67406337
poi_502094_1012,power_slug_blue,Persistent_Level:PersistentLevel.BP_Crystal_C_54,F5HTNUK0W9B8SNLA5A3DMJ5RZ,power_slug_blue,BP_Crystal_C,1094.845,229.753,107.568,++FactoryGame+rel-main-anniversary-2026-CL-502094,2c1ba76bf6aeb7593d53fb8278c48df9a639f7002d1cc09eeb4024fb67406337
poi_502094_1013,power_slug_purple,Persistent_Level:PersistentLevel.BP_Crystal_mk16_2,05T77O664VCG76XIK7PCWON5H,power_slug_purple,BP_Crystal_mk3_C,1771.55,2060.0,241.84,++FactoryGame+rel-main-anniversary-2026-CL-502094,2c1ba76bf6aeb7593d53fb8278c48df9a639f7002d1cc09eeb4024fb67406337
poi_502094_1014,power_slug_purple,Persistent_Level:PersistentLevel.BP_Crystal_mk90,091CKM3H3UI1DBT79RXLW2J33,power_slug_purple,BP_Crystal_mk3_C,1626.77,-1316.63,128.43,++FactoryGame+rel-main-anniversary-2026-CL-502094,2c1ba76bf6aeb7593d53fb8278c48df9a639f7002d1cc09eeb4024fb67406337
poi_502094_1015,power_slug_purple,Persistent_Level:PersistentLevel.BP_Crystal_mk3_C_10,0A2MGPVG4NN3PY8XM8661V6OF,power_slug_purple,BP_Crystal_mk3_C,458.751,1716.932,53.957,++FactoryGame+rel-main-anniversary-2026-CL-502094,2c1ba76bf6aeb7593d53fb8278c48df9a639f7002d1cc09eeb4024fb67406337
poi_502094_1016,power_slug_purple,Persistent_Level:PersistentLevel.BP_Crystal_mk3_C_UAID_40B076DF2F798B5F01_1138825944,0A2MGPVG4NN3PY8XM8661V6OF,power_slug_purple,BP_Crystal_mk3_C,376.318,1663.869,223.687,++FactoryGame+rel-main-anniversary-2026-CL-502094,2c1ba76bf6aeb7593d53fb8278c48df9a639f7002d1cc09eeb4024fb67406337
poi_502094_1017,power_slug_purple,Persistent_Level:PersistentLevel.BP_Crystal_mk312,0GOXZG5C10VREXOVYMO7Z45XV,power_slug_purple,BP_Crystal_mk3_C,-1251.519,-492.671,340.416,++FactoryGame+rel-main-anniversary-2026-CL-502094,2c1ba76bf6aeb7593d53fb8278c48df9a639f7002d1cc09eeb4024fb67406337
poi_502094_1018,power_slug_purple,Persistent_Level:PersistentLevel.BP_Crystal_mk318,0GOXZG5C10VREXOVYMO7Z45XV,power_slug_purple,BP_Crystal_mk3_C,-1270.591,-434.592,199.646,++FactoryGame+rel-main-anniversary-2026-CL-502094,2c1ba76bf6aeb7593d53fb8278c48df9a639f7002d1cc09eeb4024fb67406337
poi_502094_1019,power_slug_purple,Persistent_Level:PersistentLevel.BP_Crystal_mk31_2,0IRH6DGFR7LBSRJZSGQTC0OCN,power_slug_purple,BP_Crystal_mk3_C,2266.489,2955.9,16.471,++FactoryGame+rel-main-anniversary-2026-CL-502094,2c1ba76bf6aeb7593d53fb8278c48df9a639f7002d1cc09eeb4024fb67406337
poi_502094_1020,power_slug_purple,Persistent_Level:PersistentLevel.BP_Crystal_mk3_C_UAID_04421A9713F0E95F01_1176278498,0IRH6DGFR7LBSRJZSGQTC0OCN,power_slug_purple,BP_Crystal_mk3_C,2164.84,2864.8,429.36,++FactoryGame+rel-main-anniversary-2026-CL-502094,2c1ba76bf6aeb7593d53fb8278c48df9a639f7002d1cc09eeb4024fb67406337
poi_502094_1021,power_slug_purple,Persistent_Level:PersistentLevel.BP_Crystal_mk91,0JF8T9CXUTNGP9DSSOS4JNE0L,power_slug_purple,BP_Crystal_mk3_C,1511.41,-1406.91,132.55,++FactoryGame+rel-main-anniversary-2026-CL-502094,2c1ba76bf6aeb7593d53fb8278c48df9a639f7002d1cc09eeb4024fb67406337
poi_502094_1022,power_slug_purple,Persistent_Level:PersistentLevel.BP_Crystal_mk31_0,0LJFDL2Z0KOBY1ST5DQ7FE25K,power_slug_purple,BP_Crystal_mk3_C,331.237,-1768.532,-65.377,++FactoryGame+rel-main-anniversary-2026-CL-502094,2c1ba76bf6aeb7593d53fb8278c48df9a639f7002d1cc09eeb4024fb67406337
poi_502094_1023,power_slug_purple,Persistent_Level:PersistentLevel.BP_Crystal_mk3_C_5,0LJFDL2Z0KOBY1ST5DQ7FE25K,power_slug_purple,BP_Crystal_mk3_C,440.471,-1893.449,103.544,++FactoryGame+rel-main-anniversary-2026-CL-502094,2c1ba76bf6aeb7593d53fb8278c48df9a639f7002d1cc09eeb4024fb67406337
poi_502094_1024,power_slug_purple,Persistent_Level:PersistentLevel.BP_Crystal_mk31_16,0OZVJ6AU61E93AVTA1PSAVV6S,power_slug_purple,BP_Crystal_mk3_C,656.824,-648.872,358.734,++FactoryGame+rel-main-anniversary-2026-CL-502094,2c1ba76bf6aeb7593d53fb8278c48df9a639f7002d1cc09eeb4024fb67406337
poi_502094_1025,power_slug_purple,Persistent_Level:PersistentLevel.BP_Crystal_mk33_9,0UE0NUYFF08N3ZZ2WTHS4ZXHY,power_slug_purple,BP_Crystal_mk3_C,1903.25,-2307.432,-111.622,++FactoryGame+rel-main-anniversary-2026-CL-502094,2c1ba76bf6aeb7593d53fb8278c48df9a639f7002d1cc09eeb4024fb67406337
poi_502094_1026,power_slug_purple,Persistent_Level:PersistentLevel.BP_Crystal_mk2_C_UAID_04421A9713F0E77A01_1394636661,0UT67HZZRI9QYMNAL604R9ZDH,power_slug_purple,BP_Crystal_mk3_C,1310.35,-431.09,180.44,++FactoryGame+rel-main-anniversary-2026-CL-502094,2c1ba76bf6aeb7593d53fb8278c48df9a639f7002d1cc09eeb4024fb67406337
poi_502094_1027,power_slug_purple,Persistent_Level:PersistentLevel.BP_Crystal_mk3_C_3,0WL4TSFJARMNFETAU2EZEKHA4,power_slug_purple,BP_Crystal_mk3_C,-531.239,2288.977,81.277,++FactoryGame+rel-main-anniversary-2026-CL-502094,2c1ba76bf6aeb7593d53fb8278c48df9a639f7002d1cc09eeb4024fb67406337
poi_502094_1028,power_slug_purple,Persistent_Level:PersistentLevel.BP_Crystal_mk5,0WL4TSFJARMNFETAU2EZEKHA4,power_slug_purple,BP_Crystal_mk3_C,-577.512,2191.595,-10.208,++FactoryGame+rel-main-anniversary-2026-CL-502094,2c1ba76bf6aeb7593d53fb8278c48df9a639f7002d1cc09eeb4024fb67406337
poi_502094_1029,power_slug_purple,Persistent_Level:PersistentLevel.BP_Crystal_mk3_C_12,0X2A31J4BRFODOBMWQR0PFKY8,power_slug_purple,BP_Crystal_mk3_C,521.396,1797.715,92.014,++FactoryGame+rel-main-anniversary-2026-CL-502094,2c1ba76bf6aeb7593d53fb8278c48df9a639f7002d1cc09eeb4024fb67406337
poi_502094_1030,power_slug_purple,Persistent_Level:PersistentLevel.BP_Crystal_mk3_C_UAID_40B076DF2F79D5AD01_1325784341,0Y65ZWH4U5LIQZ0W3QGPOFZDS,power_slug_purple,BP_Crystal_mk3_C,2945.833,1726.047,39.007,++FactoryGame+rel-main-anniversary-2026-CL-502094,2c1ba76bf6aeb7593d53fb8278c48df9a639f7002d1cc09eeb4024fb67406337
poi_502094_1031,power_slug_purple,Persistent_Level:PersistentLevel.BP_Crystal_mk3_C_UAID_04421A9713F0AA5201_1333563683,16TS5SGLAB5OGQMHLQT1K027S,power_slug_purple,BP_Crystal_mk3_C,1980.73,1887.01,253.42,++FactoryGame+rel-main-anniversary-2026-CL-502094,2c1ba76bf6aeb7593d53fb8278c48df9a639f7002d1cc09eeb4024fb67406337
poi_502094_1032,power_slug_purple,Persistent_Level:PersistentLevel.BP_Crystal_mk72_1,16TS5SGLAB5OGQMHLQT1K027S,power_slug_purple,BP_Crystal_mk3_C,2130.15,1869.1,204.25,++FactoryGame+rel-main-anniversary-2026-CL-502094,2c1ba76bf6aeb7593d53fb8278c48df9a639f7002d1cc09eeb4024fb67406337
poi_502094_1033,power_slug_purple,Persistent_Level:PersistentLevel.BP_Crystal_mk3_C_UAID_04421A9713F0297C01_1197302326,1B198QDSOEJ9XXTT8CAAJA7OA,power_slug_purple,BP_Crystal_mk3_C,1502.05,-460.67,122.51,++FactoryGame+rel-main-anniversary-2026-CL-502094,2c1ba76bf6aeb7593d53fb8278c48df9a639f7002d1cc09eeb4024fb67406337
poi_502094_1034,power_slug_purple,Persistent_Level:PersistentLevel.BP_Crystal_mk3_C_UAID_04421A9713F0E67A01_2112441483,1B198QDSOEJ9XXTT8CAAJA7OA,power_slug_purple,BP_Crystal_mk3_C,1355.67,-311.01,185.59,++FactoryGame+rel-main-anniversary-2026-CL-502094,2c1ba76bf6aeb7593d53fb8278c48df9a639f7002d1cc09eeb4024fb67406337
poi_502094_1035,power_slug_purple,Persistent_Level:PersistentLevel.BP_Crystal_mk33_1,1BPCWY78F5M39IA47M0O2S7BA,power_slug_purple,BP_Crystal_mk3_C,-2255.4,1515.725,-51.236,++FactoryGame+rel-main-anniversary-2026-CL-502094,2c1ba76bf6aeb7593d53fb8278c48df9a639f7002d1cc09eeb4024fb67406337
poi_502094_1036,power_slug_purple,Persistent_Level:PersistentLevel.BP_Crystal_mk3_C_23,1HV28XR4NNA4Z5C08E7LC6S1M,power_slug_purple,BP_Crystal_mk3_C,1819.54,-929.21,32.22,++FactoryGame+rel-main-anniversary-2026-CL-502094,2c1ba76bf6aeb7593d53fb8278c48df9a639f7002d1cc09eeb4024fb67406337
poi_502094_1037,power_slug_purple,Persistent_Level:PersistentLevel.BP_Crystal_mk3_C_UAID_04421A9713F0056301_2025275612,1HV28XR4NNA4Z5C08E7LC6S1M,power_slug_purple,BP_Crystal_mk3_C,1860.9,-974.85,126.35,++FactoryGame+rel-main-anniversary-2026-CL-502094,2c1ba76bf6aeb7593d53fb8278c48df9a639f7002d1cc09eeb4024fb67406337
poi_502094_1038,power_slug_purple,Persistent_Level:PersistentLevel.BP_Crystal_mk75,1HV28XR4NNA4Z5C08E7LC6S1M,power_slug_purple,BP_Crystal_mk3_C,1772.48,-980.29,71.39,++FactoryGame+rel-main-anniversary-2026-CL-502094,2c1ba76bf6aeb7593d53fb8278c48df9a639f7002d1cc09eeb4024fb67406337
poi_502094_1039,power_slug_purple,Persistent_Level:PersistentLevel.BP_Crystal_mk89,1HV28XR4NNA4Z5C08E7LC6S1M,power_slug_purple,BP_Crystal_mk3_C,1942.44,-1107.54,154.75,++FactoryGame+rel-main-anniversary-2026-CL-502094,2c1ba76bf6aeb7593d53fb8278c48df9a639f7002d1cc09eeb4024fb67406337
poi_502094_1040,power_slug_purple,Persistent_Level:PersistentLevel.BP_Crystal_mk34_20,1I4N0ZD6R2ZZ8ACK07GEMKR7T,power_slug_purple,BP_Crystal_mk3_C,608.884,1306.881,27.132,++FactoryGame+rel-main-anniversary-2026-CL-502094,2c1ba76bf6aeb7593d53fb8278c48df9a639f7002d1cc09eeb4024fb67406337
poi_502094_1041,power_slug_purple,Persistent_Level:PersistentLevel.BP_Crystal_mk3_C_7,1I4N0ZD6R2ZZ8ACK07GEMKR7T,power_slug_purple,BP_Crystal_mk3_C,539.024,1160.05,244.846,++FactoryGame+rel-main-anniversary-2026-CL-502094,2c1ba76bf6aeb7593d53fb8278c48df9a639f7002d1cc09eeb4024fb67406337
poi_502094_1042,power_slug_purple,Persistent_Level:PersistentLevel.BP_Crystal_mk32_84,1KT8ZTFVIXKFKMYRZ1IK5ZZTZ,power_slug_purple,BP_Crystal_mk3_C,-1719.979,-252.235,156.952,++FactoryGame+rel-main-anniversary-2026-CL-502094,2c1ba76bf6aeb7593d53fb8278c48df9a639f7002d1cc09eeb4024fb67406337
poi_502094_1043,power_slug_purple,Persistent_Level:PersistentLevel.BP_Crystal_mk3_C_UAID_04421A9713F0717801_1844491783,1LWB7EEW7VWM46JM7OXFQ4UH1,power_slug_purple,BP_Crystal_mk3_C,1773.85,-8.49,189.25,++FactoryGame+rel-main-anniversary-2026-CL-502094,2c1ba76bf6aeb7593d53fb8278c48df9a639f7002d1cc09eeb4024fb67406337
poi_502094_1044,power_slug_purple,Persistent_Level:PersistentLevel.BP_Crystal_mk3_C_UAID_04421A9713F0807C01_1687435632,1NC4EE3Z1CCY9IM2ZBFTCU6KF,power_slug_purple,BP_Crystal_mk3_C,1573.66,-679.74,-0.1,++FactoryGame+rel-main-anniversary-2026-CL-502094,2c1ba76bf6aeb7593d53fb8278c48df9a639f7002d1cc09eeb4024fb67406337
poi_502094_1045,power_slug_purple,Persistent_Level:PersistentLevel.BP_Crystal_mk74,1NC4EE3Z1CCY9IM2ZBFTCU6KF,power_slug_purple,BP_Crystal_mk3_C,1621.3,-691.33,146.64,++FactoryGame+rel-main-anniversary-2026-CL-502094,2c1ba76bf6aeb7593d53fb8278c48df9a639f7002d1cc09eeb4024fb67406337
poi_502094_1046,power_slug_purple,Persistent_Level:PersistentLevel.BP_Crystal_mk86,1NC4EE3Z1CCY9IM2ZBFTCU6KF,power_slug_purple,BP_Crystal_mk3_C,1574.61,-712.04,178.78,++FactoryGame+rel-main-anniversary-2026-CL-502094,2c1ba76bf6aeb7593d53fb8278c48df9a639f7002d1cc09eeb4024fb67406337
poi_502094_1047,power_slug_purple,Persistent_Level:PersistentLevel.BP_Crystal_mk40,1P769INAVF9EGI0MSYPHJE2QT,power_slug_purple,BP_Crystal_mk3_C,1416.5,1946.5,88.35,++FactoryGame+rel-main-anniversary-2026-CL-502094,2c1ba76bf6aeb7593d53fb8278c48df9a639f7002d1cc09eeb4024fb67406337
poi_502094_1048,power_slug_purple,Persistent_Level:PersistentLevel.BP_Crystal_mk41,1P769INAVF9EGI0MSYPHJE2QT,power_slug_purple,BP_Crystal_mk3_C,1370.583,2015.345,7.997,++FactoryGame+rel-main-anniversary-2026-CL-502094,2c1ba76bf6aeb7593d53fb8278c48df9a639f7002d1cc09eeb4024fb67406337
poi_502094_1049,power_slug_purple,Persistent_Level:PersistentLevel.BP_Crystal_mk33,1PQ7FRCVAG4RLCU9QEB4PAQNB,power_slug_purple,BP_Crystal_mk3_C,-1640.727,-928.027,72.685,++FactoryGame+rel-main-anniversary-2026-CL-502094,2c1ba76bf6aeb7593d53fb8278c48df9a639f7002d1cc09eeb4024fb67406337
poi_502094_1050,power_slug_purple,Persistent_Level:PersistentLevel.BP_Crystal_mk11,1PZDL73SVDH2253GGOKTIEQCS,power_slug_purple,BP_Crystal_mk3_C,820.486,1586.874,51.388,++FactoryGame+rel-main-anniversary-2026-CL-502094,2c1ba76bf6aeb7593d53fb8278c48df9a639f7002d1cc09eeb4024fb67406337
poi_502094_1051,power_slug_purple,Persistent_Level:PersistentLevel.BP_Crystal_mk3_C_14,1PZDL73SVDH2253GGOKTIEQCS,power_slug_purple,BP_Crystal_mk3_C,856.711,1583.001,97.259,++FactoryGame+rel-main-anniversary-2026-CL-502094,2c1ba76bf6aeb7593d53fb8278c48df9a639f7002d1cc09eeb4024fb67406337
poi_502094_1052,power_slug_purple,Persistent_Level:PersistentLevel.BP_Crystal_mk3_C_15,1PZDL73SVDH2253GGOKTIEQCS,power_slug_purple,BP_Crystal_mk3_C,813.004,1555.637,281.687,++FactoryGame+rel-main-anniversary-2026-CL-502094,2c1ba76bf6aeb7593d53fb8278c48df9a639f7002d1cc09eeb4024fb67406337
poi_502094_1053,power_slug_purple,Persistent_Level:PersistentLevel.BP_Crystal_mk36_22,1RDHUYU7FUM60GUGIOLC631WZ,power_slug_purple,BP_Crystal_mk3_C,2013.314,907.333,109.518,++FactoryGame+rel-main-anniversary-2026-CL-502094,2c1ba76bf6aeb7593d53fb8278c48df9a639f7002d1cc09eeb4024fb67406337
poi_502094_1054,power_slug_purple,Persistent_Level:PersistentLevel.BP_Crystal_C_UAID_04421A9713F0757801_2136946500,1Y776OX69M13V97JAIWB3CVTT,power_slug_purple,BP_Crystal_mk3_C,1192.55,25.82,176.28,++FactoryGame+rel-main-anniversary-2026-CL-502094,2c1ba76bf6aeb7593d53fb8278c48df9a639f7002d1cc09eeb4024fb67406337
poi_502094_1055,power_slug_purple,Persistent_Level:PersistentLevel.BP_Crystal_mk3_C_UAID_04421A9713F0727801_1634602960,1ZLOTYTKX3AI7E0G8361TIGVA,power_slug_purple,BP_Crystal_mk3_C,1745.1,243.95,191.07,++FactoryGame+rel-main-anniversary-2026-CL-502094,2c1ba76bf6aeb7593d53fb8278c48df9a639f7002d1cc09eeb4024fb67406337
poi_502094_1056,power_slug_purple,Persistent_Level:PersistentLevel.BP_Crystal_mk3_C_UAID_04421A9713F0F87A01_1467276724,1ZLOTYTKX3AI7E0G8361TIGVA,power_slug_purple,BP_Crystal_mk3_C,1928.34,237.14,152.92,++FactoryGame+rel-main-anniversary-2026-CL-502094,2c1ba76bf6aeb7593d53fb8278c48df9a639f7002d1cc09eeb4024fb67406337
poi_502094_1057,power_slug_purple,Persistent_Level:PersistentLevel.BP_Crystal_mk14_5,22R2IEH4STC4J64C1P1XHBY9M,power_slug_purple,BP_Crystal_mk3_C,1837.8,2967.05,213.9,++FactoryGame+rel-main-anniversary-2026-CL-502094,2c1ba76bf6aeb7593d53fb8278c48df9a639f7002d1cc09eeb4024fb67406337
poi_502094_1058,power_slug_purple,Persistent_Level:PersistentLevel.BP_Crystal_mk3_4,29S18JGN4PGLN1O83AC7YOMR1,power_slug_purple,BP_Crystal_mk3_C,-2184.266,-242.001,87.547,++FactoryGame+rel-main-anniversary-2026-CL-502094,2c1ba76bf6aeb7593d53fb8278c48df9a639f7002d1cc09eeb4024fb67406337
poi_502094_1059,power_slug_purple,Persistent_Level:PersistentLevel.BP_Crystal_mk3_C_UAID_04421A9713F0F87A01_1842830725,2H6LCF0B2X9IS2TDL2WB57AWV,power_slug_purple,BP_Crystal_mk3_C,2582.81,415.8,144.58,++FactoryGame+rel-main-anniversary-2026-CL-502094,2c1ba76bf6aeb7593d53fb8278c48df9a639f7002d1cc09eeb4024fb67406337
poi_502094_1060,power_slug_purple,Persistent_Level:PersistentLevel.BP_Crystal_mk34,2HB76YYKJJ4QS20T3EC3TKJ0Z,power_slug_purple,BP_Crystal_mk3_C,-925.114,-571.683,95.713,++FactoryGame+rel-main-anniversary-2026-CL-502094,2c1ba76bf6aeb7593d53fb8278c48df9a639f7002d1cc09eeb4024fb67406337
poi_502094_1061,power_slug_purple,Persistent_Level:PersistentLevel.BP_Crystal_mk34_86,2HB76YYKJJ4QS20T3EC3TKJ0Z,power_slug_purple,BP_Crystal_mk3_C,-963.343,-688.581,122.707,++FactoryGame+rel-main-anniversary-2026-CL-502094,2c1ba76bf6aeb7593d53fb8278c48df9a639f7002d1cc09eeb4024fb67406337
poi_502094_1062,power_slug_purple,Persistent_Level:PersistentLevel.BP_Crystal_mk38_34,2HK5LLT1BG5KSNIA7QHOR4S8G,power_slug_purple,BP_Crystal_mk3_C,405.563,-777.321,268.954,++FactoryGame+rel-main-anniversary-2026-CL-502094,2c1ba76bf6aeb7593d53fb8278c48df9a639f7002d1cc09eeb4024fb67406337
poi_502094_1063,power_slug_purple,Persistent_Level:PersistentLevel.BP_Crystal_mk320,2J6VZPR2SB0VML54SDQWB1P5P,power_slug_purple,BP_Crystal_mk3_C,-308.748,-684.557,217.058,++FactoryGame+rel-main-anniversary-2026-CL-502094,2c1ba76bf6aeb7593d53fb8278c48df9a639f7002d1cc09eeb4024fb67406337
poi_502094_1064,power_slug_purple,Persistent_Level:PersistentLevel.BP_Crystal_mk33_85,2J6VZPR2SB0VML54SDQWB1P5P,power_slug_purple,BP_Crystal_mk3_C,-449.252,-554.952,212.206,++FactoryGame+rel-main-anniversary-2026-CL-502094,2c1ba76bf6aeb7593d53fb8278c48df9a639f7002d1cc09eeb4024fb67406337
poi_502094_1065,power_slug_purple,Persistent_Level:PersistentLevel.BP_Crystal_mk3_C_UAID_04421A9713F0E87A01_1253298841,2LWO9WDXX80LKF4E23P6GL887,power_slug_purple,BP_Crystal_mk3_C,719.78,-192.44,204.86,++FactoryGame+rel-main-anniversary-2026-CL-502094,2c1ba76bf6aeb7593d53fb8278c48df9a639f7002d1cc09eeb4024fb67406337
poi_502094_1066,power_slug_purple,Persistent_Level:PersistentLevel.BP_Crystal_mk3_C_4,2N0JR5O1899MLVHRDI6D7E4OB,power_slug_purple,BP_Crystal_mk3_C,854.203,-1252.863,89.126,++FactoryGame+rel-main-anniversary-2026-CL-502094,2c1ba76bf6aeb7593d53fb8278c48df9a639f7002d1cc09eeb4024fb67406337
poi_502094_1067,power_slug_purple,Persistent_Level:PersistentLevel.BP_Crystal_mk38,2QXUUCBT4WP80MH27P730DZXI,power_slug_purple,BP_Crystal_mk3_C,-244.133,1980.564,192.706,++FactoryGame+rel-main-anniversary-2026-CL-502094,2c1ba76bf6aeb7593d53fb8278c48df9a639f7002d1cc09eeb4024fb67406337
poi_502094_1068,power_slug_purple,Persistent_Level:PersistentLevel.BP_Crystal_mk3_C_UAID_04421A9713F0145C01_1961591832,2T9OGPEYD5G0FJFNJD3AB74IS,power_slug_purple,BP_Crystal_mk3_C,1721.64,2161.79,201.99,++FactoryGame+rel-main-anniversary-2026-CL-502094,2c1ba76bf6aeb7593d53fb8278c48df9a639f7002d1cc09eeb4024fb67406337
poi_502094_1069,power_slug_purple,Persistent_Level:PersistentLevel.BP_Crystal_mk3_C_UAID_04421A9713F0895B01_1662240391,2T9OGPEYD5G0FJFNJD3AB74IS,power_slug_purple,BP_Crystal_mk3_C,1634.48,2218.93,47.46,++FactoryGame+rel-main-anniversary-2026-CL-502094,2c1ba76bf6aeb7593d53fb8278c48df9a639f7002d1cc09eeb4024fb67406337
poi_502094_1070,power_slug_purple,Persistent_Level:PersistentLevel.BP_Crystal_mk13_2,2TOE2NTV2NIE70BE8YNT915HI,power_slug_purple,BP_Crystal_mk3_C,1878.25,2573.35,-17.8,++FactoryGame+rel-main-anniversary-2026-CL-502094,2c1ba76bf6aeb7593d53fb8278c48df9a639f7002d1cc09eeb4024fb67406337
poi_502094_1071,power_slug_purple,Persistent_Level:PersistentLevel.BP_Crystal_mk42_8,2TOE2NTV2NIE70BE8YNT915HI,power_slug_purple,BP_Crystal_mk3_C,1803.55,2675.55,191.65,++FactoryGame+rel-main-anniversary-2026-CL-502094,2c1ba76bf6aeb7593d53fb8278c48df9a639f7002d1cc09eeb4024fb67406337
poi_502094_1072,power_slug_purple,Persistent_Level:PersistentLevel.BP_Crystal_mk3_C_UAID_04421A9713F063A401_1570680776,2X5F7NUO7P3JNEMUEB7QTVJXL,power_slug_purple,BP_Crystal_mk3_C,-1552.21,-1261.32,152.57,++FactoryGame+rel-main-anniversary-2026-CL-502094,2c1ba76bf6aeb7593d53fb8278c48df9a639f7002d1cc09eeb4024fb67406337
poi_502094_1073,power_slug_purple,Persistent_Level:PersistentLevel.BP_Crystal_mk34_31,2ZP0NU62AMIYX8Y9OBLVODLYD,power_slug_purple,BP_Crystal_mk3_C,2445.846,-272.203,-16.713,++FactoryGame+rel-main-anniversary-2026-CL-502094,2c1ba76bf6aeb7593d53fb8278c48df9a639f7002d1cc09eeb4024fb67406337
poi_502094_1074,power_slug_purple,Persistent_Level:PersistentLevel.BP_Crystal_mk38_90,31BYLNFVMCCNN8D14LM28347H,power_slug_purple,BP_Crystal_mk3_C,-1091.406,-1010.106,163.078,++FactoryGame+rel-main-anniversary-2026-CL-502094,2c1ba76bf6aeb7593d53fb8278c48df9a639f7002d1cc09eeb4024fb67406337
poi_502094_1075,power_slug_purple,Persistent_Level:PersistentLevel.BP_Crystal_mk34_10,34HRC8KIY60BQW0RS6AMQGFSL,power_slug_purple,BP_Crystal_mk3_C,1713.758,-1744.135,47.546,++FactoryGame+rel-main-anniversary-2026-CL-502094,2c1ba76bf6aeb7593d53fb8278c48df9a639f7002d1cc09eeb4024fb67406337
poi_502094_1076,power_slug_purple,Persistent_Level:PersistentLevel.BP_Crystal_mk4_UAID_40B076DF2F79435901_1076437937,38JA2U6D4S2FBJ4FZO5UAFRV7,power_slug_purple,BP_Crystal_mk3_C,-493.576,2205.238,36.628,++FactoryGame+rel-main-anniversary-2026-CL-502094,2c1ba76bf6aeb7593d53fb8278c48df9a639f7002d1cc09eeb4024fb67406337
poi_502094_1077,power_slug_purple,Persistent_Level:PersistentLevel.BP_Crystal_mk3_C_UAID_04421A9713F0E57A01_1764014301,3AIP3ZQWAIB10GWEBRSJ0BIH3,power_slug_purple,BP_Crystal_mk3_C,1466.08,-153.83,181.61,++FactoryGame+rel-main-anniversary-2026-CL-502094,2c1ba76bf6aeb7593d53fb8278c48df9a639f7002d1cc09eeb4024fb67406337
poi_502094_1078,power_slug_purple,Persistent_Level:PersistentLevel.BP_Crystal_mk3_C_UAID_04421A9713F079AF01_1615812377,3PDTMYAN8MBIRP89T5BFDC2MD,power_slug_purple,BP_Crystal_mk3_C,-303.34,1598.04,160.61,++FactoryGame+rel-main-anniversary-2026-CL-502094,2c1ba76bf6aeb7593d53fb8278c48df9a639f7002d1cc09eeb4024fb67406337
poi_502094_1079,power_slug_purple,Persistent_Level:PersistentLevel.BP_Crystal_mk3_1,3QPH2QP37DJE7FL4IKZYY947L,power_slug_purple,BP_Crystal_mk3_C,-2642.901,339.525,91.521,++FactoryGame+rel-main-anniversary-2026-CL-502094,2c1ba76bf6aeb7593d53fb8278c48df9a639f7002d1cc09eeb4024fb67406337
poi_502094_1080,power_slug_purple,Persistent_Level:PersistentLevel.BP_Crystal_mk37_30,3VFH0274MZYY07TD7N7K8EFZF,power_slug_purple,BP_Crystal_mk3_C,93.548,-578.852,208.954,++FactoryGame+rel-main-anniversary-2026-CL-502094,2c1ba76bf6aeb7593d53fb8278c48df9a639f7002d1cc09eeb4024fb67406337
poi_502094_1081,power_slug_purple,Persistent_Level:PersistentLevel.BP_Crystal_mk3_C_29,3YD2PNWN9OR7FWGQAMKI7ZFLV,power_slug_purple,BP_Crystal_mk3_C,1671.25,1616.95,284.1,++FactoryGame+rel-main-anniversary-2026-CL-502094,2c1ba76bf6aeb7593d53fb8278c48df9a639f7002d1cc09eeb4024fb67406337
poi_502094_1082,power_slug_purple,Persistent_Level:PersistentLevel.BP_Crystal_mk3_C_UAID_04421A9713F0406001_1876322801,3YD2PNWN9OR7FWGQAMKI7ZFLV,power_slug_purple,BP_Crystal_mk3_C,1738.99,1549.7,262.77,++FactoryGame+rel-main-anniversary-2026-CL-502094,2c1ba76bf6aeb7593d53fb8278c48df9a639f7002d1cc09eeb4024fb67406337
poi_502094_1083,power_slug_purple,Persistent_Level:PersistentLevel.BP_Crystal_mk3_C_UAID_04421A9713F0DC5B01_1453235998,3YD2PNWN9OR7FWGQAMKI7ZFLV,power_slug_purple,BP_Crystal_mk3_C,1601.58,1718.97,112.45,++FactoryGame+rel-main-anniversary-2026-CL-502094,2c1ba76bf6aeb7593d53fb8278c48df9a639f7002d1cc09eeb4024fb67406337
poi_502094_1084,power_slug_purple,Persistent_Level:PersistentLevel.BP_Crystal_mk3_C_6,3YPSNWXKC7X17B3N9TD0DFGLJ,power_slug_purple,BP_Crystal_mk3_C,1014.254,445.324,178.238,++FactoryGame+rel-main-anniversary-2026-CL-502094,2c1ba76bf6aeb7593d53fb8278c48df9a639f7002d1cc09eeb4024fb67406337
poi_502094_1085,power_slug_purple,Persistent_Level:PersistentLevel.BP_Crystal_mk33_11,42I0D0IFNJKCZ8W35VPV4I41N,power_slug_purple,BP_Crystal_mk3_C,1004.928,913.924,53.254,++FactoryGame+rel-main-anniversary-2026-CL-502094,2c1ba76bf6aeb7593d53fb8278c48df9a639f7002d1cc09eeb4024fb67406337
poi_502094_1086,power_slug_purple,Persistent_Level:PersistentLevel.BP_Crystal_mk35,46B9GAZHXZGF8DE5L562IFXO2,power_slug_purple,BP_Crystal_mk3_C,-628.773,2122.862,83.783,++FactoryGame+rel-main-anniversary-2026-CL-502094,2c1ba76bf6aeb7593d53fb8278c48df9a639f7002d1cc09eeb4024fb67406337
poi_502094_1087,power_slug_purple,Persistent_Level:PersistentLevel.BP_Crystal_mk321,480500QTXQZ43TVF4H7651HK9,power_slug_purple,BP_Crystal_mk3_C,-428.886,-403.214,215.396,++FactoryGame+rel-main-anniversary-2026-CL-502094,2c1ba76bf6aeb7593d53fb8278c48df9a639f7002d1cc09eeb4024fb67406337
poi_502094_1088,power_slug_purple,Persistent_Level:PersistentLevel.BP_Crystal_mk322,480500QTXQZ43TVF4H7651HK9,power_slug_purple,BP_Crystal_mk3_C,-319.06,-317.872,206.646,++FactoryGame+rel-main-anniversary-2026-CL-502094,2c1ba76bf6aeb7593d53fb8278c48df9a639f7002d1cc09eeb4024fb67406337
poi_502094_1089,power_slug_purple,Persistent_Level:PersistentLevel.BP_Crystal_mk31_9,4HNX7GQP4AU1BEHYTSNAWG8W6,power_slug_purple,BP_Crystal_mk3_C,520.264,800.736,58.696,++FactoryGame+rel-main-anniversary-2026-CL-502094,2c1ba76bf6aeb7593d53fb8278c48df9a639f7002d1cc09eeb4024fb67406337
poi_502094_1090,power_slug_purple,Persistent_Level:PersistentLevel.BP_Crystal_mk3_C_UAID_04421A9713F0036301_1297164245,4L5W3OPPMIN8IKH7VGL7XJYFB,power_slug_purple,BP_Crystal_mk3_C,2383.709,-1535.71,130.635,++FactoryGame+rel-main-anniversary-2026-CL-502094,2c1ba76bf6aeb7593d53fb8278c48df9a639f7002d1cc09eeb4024fb67406337
poi_502094_1091,power_slug_purple,Persistent_Level:PersistentLevel.BP_Crystal_mk325,4NZU8W6GOXZABI9LN6HFVWQAY,power_slug_purple,BP_Crystal_mk3_C,-592.246,1800.109,153.432,++FactoryGame+rel-main-anniversary-2026-CL-502094,2c1ba76bf6aeb7593d53fb8278c48df9a639f7002d1cc09eeb4024fb67406337
poi_502094_1092,power_slug_purple,Persistent_Level:PersistentLevel.BP_Crystal_mk3_C_38,4U9TA1DBVMVT2L2U8CTNXDC05,power_slug_purple,BP_Crystal_mk3_C,2315.74,-1485.34,100.93,++FactoryGame+rel-main-anniversary-2026-CL-502094,2c1ba76bf6aeb7593d53fb8278c48df9a639f7002d1cc09eeb4024fb67406337
poi_502094_1093,power_slug_purple,Persistent_Level:PersistentLevel.BP_Crystal_mk73_15,4U9TA1DBVMVT2L2U8CTNXDC05,power_slug_purple,BP_Crystal_mk3_C,2283.15,-1398.43,36.58,++FactoryGame+rel-main-anniversary-2026-CL-502094,2c1ba76bf6aeb7593d53fb8278c48df9a639f7002d1cc09eeb4024fb67406337
poi_502094_1094,power_slug_purple,Persistent_Level:PersistentLevel.BP_Crystal_mk79_8,4U9TA1DBVMVT2L2U8CTNXDC05,power_slug_purple,BP_Crystal_mk3_C,2321.49,-1346.44,-84.15,++FactoryGame+rel-main-anniversary-2026-CL-502094,2c1ba76bf6aeb7593d53fb8278c48df9a639f7002d1cc09eeb4024fb67406337
poi_502094_1095,power_slug_purple,Persistent_Level:PersistentLevel.BP_Crystal_mk76,4Z8QJ6AM5XIRUOKNWSRWWPEKG,power_slug_purple,BP_Crystal_mk3_C,1767.78,-921.14,114.1,++FactoryGame+rel-main-anniversary-2026-CL-502094,2c1ba76bf6aeb7593d53fb8278c48df9a639f7002d1cc09eeb4024fb67406337
poi_502094_1096,power_slug_purple,Persistent_Level:PersistentLevel.BP_Crystal_mk3_C_UAID_04421A9713F0EE7A01_1230590903,51RJJ5B514PFPFP2MP7CJ7WY9,power_slug_purple,BP_Crystal_mk3_C,925.55,-215.94,194.05,++FactoryGame+rel-main-anniversary-2026-CL-502094,2c1ba76bf6aeb7593d53fb8278c48df9a639f7002d1cc09eeb4024fb67406337
poi_502094_1097,power_slug_purple,Persistent_Level:PersistentLevel.BP_Crystal_mk31_8,55Q36NH3ABGLRZAYIL5YECQVM,power_slug_purple,BP_Crystal_mk3_C,-1324.187,1817.834,469.421,++FactoryGame+rel-main-anniversary-2026-CL-502094,2c1ba76bf6aeb7593d53fb8278c48df9a639f7002d1cc09eeb4024fb67406337
poi_502094_1098,power_slug_purple,Persistent_Level:PersistentLevel.BP_Crystal_mk311,57DZUJI0BTI1QVIDG9YS5HGLI,power_slug_purple,BP_Crystal_mk3_C,275.546,-737.085,-7.539,++FactoryGame+rel-main-anniversary-2026-CL-502094,2c1ba76bf6aeb7593d53fb8278c48df9a639f7002d1cc09eeb4024fb67406337
poi_502094_1099,power_slug_purple,Persistent_Level:PersistentLevel.BP_Crystal_mk327,5CPLFSL53T8CJJYI8JOBJREDF,power_slug_purple,BP_Crystal_mk3_C,514.683,21.789,133.775,++FactoryGame+rel-main-anniversary-2026-CL-502094,2c1ba76bf6aeb7593d53fb8278c48df9a639f7002d1cc09eeb4024fb67406337
poi_502094_1100,power_slug_purple,Persistent_Level:PersistentLevel.BP_Crystal_mk3_C_UAID_04421A9713F070A401_1749057071,5DTDVMJE226X4RC4RXBQL4DZ1,power_slug_purple,BP_Crystal_mk3_C,-1284.83,-1567.18,138.23,++FactoryGame+rel-main-anniversary-2026-CL-502094,2c1ba76bf6aeb7593d53fb8278c48df9a639f7002d1cc09eeb4024fb67406337
poi_502094_1101,power_slug_purple,Persistent_Level:PersistentLevel.BP_Crystal_mk3_C_32,5FNJHCZYFIIET9A9YQL2BODM8,power_slug_purple,BP_Crystal_mk3_C,1217.15,1701.9,122.65,++FactoryGame+rel-main-anniversary-2026-CL-502094,2c1ba76bf6aeb7593d53fb8278c48df9a639f7002d1cc09eeb4024fb67406337
poi_502094_1102,power_slug_purple,Persistent_Level:PersistentLevel.BP_Crystal_mk3_C_UAID_04421A9713F08B5B01_2043989757,5FNJHCZYFIIET9A9YQL2BODM8,power_slug_purple,BP_Crystal_mk3_C,1241.6,1561.62,118.28,++FactoryGame+rel-main-anniversary-2026-CL-502094,2c1ba76bf6aeb7593d53fb8278c48df9a639f7002d1cc09eeb4024fb67406337
poi_502094_1103,power_slug_purple,Persistent_Level:PersistentLevel.BP_Crystal_mk3_C_UAID_04421A9713F0D45B01_1873455580,5FNJHCZYFIIET9A9YQL2BODM8,power_slug_purple,BP_Crystal_mk3_C,1136.23,1590.43,92.78,++FactoryGame+rel-main-anniversary-2026-CL-502094,2c1ba76bf6aeb7593d53fb8278c48df9a639f7002d1cc09eeb4024fb67406337
poi_502094_1104,power_slug_purple,Persistent_Level:PersistentLevel.BP_Crystal_mk62,5FNJHCZYFIIET9A9YQL2BODM8,power_slug_purple,BP_Crystal_mk3_C,1292.25,1674.0,107.7,++FactoryGame+rel-main-anniversary-2026-CL-502094,2c1ba76bf6aeb7593d53fb8278c48df9a639f7002d1cc09eeb4024fb67406337
poi_502094_1105,power_slug_purple,Persistent_Level:PersistentLevel.BP_Crystal_mk70_0,5FNJHCZYFIIET9A9YQL2BODM8,power_slug_purple,BP_Crystal_mk3_C,1218.6,1539.25,118.95,++FactoryGame+rel-main-anniversary-2026-CL-502094,2c1ba76bf6aeb7593d53fb8278c48df9a639f7002d1cc09eeb4024fb67406337
poi_502094_1106,power_slug_purple,Persistent_Level:PersistentLevel.BP_Crystal_mk32_0,5GALCML2JM22MNP7WJL7GOMPU,power_slug_purple,BP_Crystal_mk3_C,-1296.405,1240.752,-38.275,++FactoryGame+rel-main-anniversary-2026-CL-502094,2c1ba76bf6aeb7593d53fb8278c48df9a639f7002d1cc09eeb4024fb67406337
poi_502094_1107,power_slug_purple,Persistent_Level:PersistentLevel.BP_Crystal_mk3_5,5I4JGFSW7RM0OD499CC379MIG,power_slug_purple,BP_Crystal_mk3_C,912.631,-2320.0,74.093,++FactoryGame+rel-main-anniversary-2026-CL-502094,2c1ba76bf6aeb7593d53fb8278c48df9a639f7002d1cc09eeb4024fb67406337
poi_502094_1108,power_slug_purple,Persistent_Level:PersistentLevel.BP_Crystal_mk3_2,5LKRIO9244IS183K96LRBAEYB,power_slug_purple,BP_Crystal_mk3_C,-1983.74,105.922,38.157,++FactoryGame+rel-main-anniversary-2026-CL-502094,2c1ba76bf6aeb7593d53fb8278c48df9a639f7002d1cc09eeb4024fb67406337
poi_502094_1109,power_slug_purple,Persistent_Level:PersistentLevel.BP_Crystal_mk310_92,5M0409D7G44D847WK8Q86OMQI,power_slug_purple,BP_Crystal_mk3_C,-562.551,-589.942,209.694,++FactoryGame+rel-main-anniversary-2026-CL-502094,2c1ba76bf6aeb7593d53fb8278c48df9a639f7002d1cc09eeb4024fb67406337
poi_502094_1110,power_slug_purple,Persistent_Level:PersistentLevel.BP_Crystal_mk36_88,5M0409D7G44D847WK8Q86OMQI,power_slug_purple,BP_Crystal_mk3_C,-514.031,-665.214,248.77,++FactoryGame+rel-main-anniversary-2026-CL-502094,2c1ba76bf6aeb7593d53fb8278c48df9a639f7002d1cc09eeb4024fb67406337
poi_502094_1111,power_slug_purple,Persistent_Level:PersistentLevel.BP_Crystal_mk3_C_UAID_40B076DF2F79DCAD01_1900669576,5MKYOS99Y5JN4ZX2XJ2QFXG5O,power_slug_purple,BP_Crystal_mk3_C,3802.02,2744.45,19.09,++FactoryGame+rel-main-anniversary-2026-CL-502094,2c1ba76bf6aeb7593d53fb8278c48df9a639f7002d1cc09eeb4024fb67406337
poi_502094_1112,power_slug_purple,Persistent_Level:PersistentLevel.BP_Crystal_mk3_C_UAID_04421A9713F02A7C01_1360375511,5O05C784STZQ512EVELKENRS3,power_slug_purple,BP_Crystal_mk3_C,1035.76,-756.59,164.28,++FactoryGame+rel-main-anniversary-2026-CL-502094,2c1ba76bf6aeb7593d53fb8278c48df9a639f7002d1cc09eeb4024fb67406337
poi_502094_1113,power_slug_purple,Persistent_Level:PersistentLevel.BP_Crystal_mk36,5RGKW57ADK7HGQS195VEIC9LQ,power_slug_purple,BP_Crystal_mk3_C,-1435.99,-1273.893,130.453,++FactoryGame+rel-main-anniversary-2026-CL-502094,2c1ba76bf6aeb7593d53fb8278c48df9a639f7002d1cc09eeb4024fb67406337
poi_502094_1114,power_slug_purple,Persistent_Level:PersistentLevel.BP_Crystal_mk315,5T9RBCK8HP8IQJFILK8FI0XF2,power_slug_purple,BP_Crystal_mk3_C,-1065.982,-342.192,236.004,++FactoryGame+rel-main-anniversary-2026-CL-502094,2c1ba76bf6aeb7593d53fb8278c48df9a639f7002d1cc09eeb4024fb67406337
poi_502094_1115,power_slug_purple,Persistent_Level:PersistentLevel.BP_Crystal_mk31_1,5T9RBCK8HP8IQJFILK8FI0XF2,power_slug_purple,BP_Crystal_mk3_C,-959.743,-440.106,50.918,++FactoryGame+rel-main-anniversary-2026-CL-502094,2c1ba76bf6aeb7593d53fb8278c48df9a639f7002d1cc09eeb4024fb67406337
poi_502094_1116,power_slug_purple,Persistent_Level:PersistentLevel.BP_Crystal_mk3_C_28,5UAWB7QBPXMB9LX8AXJHVYASF,power_slug_purple,BP_Crystal_mk3_C,1404.132,1688.482,230.48,++FactoryGame+rel-main-anniversary-2026-CL-502094,2c1ba76bf6aeb7593d53fb8278c48df9a639f7002d1cc09eeb4024fb67406337
poi_502094_1117,power_slug_purple,Persistent_Level:PersistentLevel.BP_Crystal_mk3_C_UAID_04421A9713F0775B01_1729283204,5UAWB7QBPXMB9LX8AXJHVYASF,power_slug_purple,BP_Crystal_mk3_C,1440.26,1629.84,26.48,++FactoryGame+rel-main-anniversary-2026-CL-502094,2c1ba76bf6aeb7593d53fb8278c48df9a639f7002d1cc09eeb4024fb67406337
poi_502094_1118,power_slug_purple,Persistent_Level:PersistentLevel.BP_Crystal_mk43,5UAWB7QBPXMB9LX8AXJHVYASF,power_slug_purple,BP_Crystal_mk3_C,1415.85,1685.7,114.85,++FactoryGame+rel-main-anniversary-2026-CL-502094,2c1ba76bf6aeb7593d53fb8278c48df9a639f7002d1cc09eeb4024fb67406337
poi_502094_1119,power_slug_purple,Persistent_Level:PersistentLevel.BP_Crystal_mk3_C_22,5UF96OL8F0YYFCNY82DC5HAOE,power_slug_purple,BP_Crystal_mk3_C,1449.88,-1019.02,213.18,++FactoryGame+rel-main-anniversary-2026-CL-502094,2c1ba76bf6aeb7593d53fb8278c48df9a639f7002d1cc09eeb4024fb67406337
poi_502094_1120,power_slug_purple,Persistent_Level:PersistentLevel.BP_Crystal_C_UAID_04421A9713F05D5D01_1813536763,5X4541XY3J1PI0ZDF7MDV67EC,power_slug_purple,BP_Crystal_mk3_C,2323.52,-1090.88,49.92,++FactoryGame+rel-main-anniversary-2026-CL-502094,2c1ba76bf6aeb7593d53fb8278c48df9a639f7002d1cc09eeb4024fb67406337
poi_502094_1121,power_slug_purple,Persistent_Level:PersistentLevel.BP_Crystal_mk3_C_35,5X4541XY3J1PI0ZDF7MDV67EC,power_slug_purple,BP_Crystal_mk3_C,2265.686,-1060.042,-13.979,++FactoryGame+rel-main-anniversary-2026-CL-502094,2c1ba76bf6aeb7593d53fb8278c48df9a639f7002d1cc09eeb4024fb67406337
poi_502094_1122,power_slug_purple,Persistent_Level:PersistentLevel.BP_Crystal_mk3_C_UAID_04421A9713F0E85F01_1852831317,5XEHJ9D4NSXG10GSCFKJI7PFZ,power_slug_purple,BP_Crystal_mk3_C,2188.48,2550.05,333.13,++FactoryGame+rel-main-anniversary-2026-CL-502094,2c1ba76bf6aeb7593d53fb8278c48df9a639f7002d1cc09eeb4024fb67406337
poi_502094_1123,power_slug_purple,Persistent_Level:PersistentLevel.BP_Crystal_mk3_C_42,61LR17L4FDQODBCBNHIZ59GSC,power_slug_purple,BP_Crystal_mk3_C,2781.615,-126.818,13.745,++FactoryGame+rel-main-anniversary-2026-CL-502094,2c1ba76bf6aeb7593d53fb8278c48df9a639f7002d1cc09eeb4024fb67406337
poi_502094_1124,power_slug_purple,Persistent_Level:PersistentLevel.BP_Crystal_mk37,62OWD1MCVA5QQRQP2066BVTDR,power_slug_purple,BP_Crystal_mk3_C,-364.164,2552.087,46.868,++FactoryGame+rel-main-anniversary-2026-CL-502094,2c1ba76bf6aeb7593d53fb8278c48df9a639f7002d1cc09eeb4024fb67406337
poi_502094_1125,power_slug_purple,Persistent_Level:PersistentLevel.BP_Crystal_mk4,62OWD1MCVA5QQRQP2066BVTDR,power_slug_purple,BP_Crystal_mk3_C,-506.856,2389.07,38.71,++FactoryGame+rel-main-anniversary-2026-CL-502094,2c1ba76bf6aeb7593d53fb8278c48df9a639f7002d1cc09eeb4024fb67406337
poi_502094_1126,power_slug_purple,Persistent_Level:PersistentLevel.BP_Crystal_mk3_C_46,65TWDXCAJQT8ULQ0K3W90PF5K,power_slug_purple,BP_Crystal_mk3_C,2108.35,2909.25,228.85,++FactoryGame+rel-main-anniversary-2026-CL-502094,2c1ba76bf6aeb7593d53fb8278c48df9a639f7002d1cc09eeb4024fb67406337
poi_502094_1127,power_slug_purple,Persistent_Level:PersistentLevel.BP_Crystal_mk3_C_UAID_04421A9713F0AC5201_1755460045,65TWDXCAJQT8ULQ0K3W90PF5K,power_slug_purple,BP_Crystal_mk3_C,2054.34,2854.92,96.64,++FactoryGame+rel-main-anniversary-2026-CL-502094,2c1ba76bf6aeb7593d53fb8278c48df9a639f7002d1cc09eeb4024fb67406337
poi_502094_1128,power_slug_purple,Persistent_Level:PersistentLevel.BP_Crystal_mk3_C_37,6CWB96QBCFR7EBIDKUVPGWJDY,power_slug_purple,BP_Crystal_mk3_C,2289.65,-1297.95,169.0,++FactoryGame+rel-main-anniversary-2026-CL-502094,2c1ba76bf6aeb7593d53fb8278c48df9a639f7002d1cc09eeb4024fb67406337
poi_502094_1129,power_slug_purple,Persistent_Level:PersistentLevel.BP_Crystal_mk3_C_UAID_04421A9713F0585D01_1891820856,6CWB96QBCFR7EBIDKUVPGWJDY,power_slug_purple,BP_Crystal_mk3_C,2319.5,-1252.98,69.84,++FactoryGame+rel-main-anniversary-2026-CL-502094,2c1ba76bf6aeb7593d53fb8278c48df9a639f7002d1cc09eeb4024fb67406337
poi_502094_1130,power_slug_purple,Persistent_Level:PersistentLevel.BP_Crystal_mk3_C_UAID_04421A9713F06A5C01_1458580968,6CWB96QBCFR7EBIDKUVPGWJDY,power_slug_purple,BP_Crystal_mk3_C,2230.85,-1149.51,31.32,++FactoryGame+rel-main-anniversary-2026-CL-502094,2c1ba76bf6aeb7593d53fb8278c48df9a639f7002d1cc09eeb4024fb67406337
poi_502094_1131,power_slug_purple,Persistent_Level:PersistentLevel.BP_Crystal_mk3_C_UAID_04421A9713F06B5C01_1971558160,6CWB96QBCFR7EBIDKUVPGWJDY,power_slug_purple,BP_Crystal_mk3_C,2345.37,-1172.63,117.07,++FactoryGame+rel-main-anniversary-2026-CL-502094,2c1ba76bf6aeb7593d53fb8278c48df9a639f7002d1cc09eeb4024fb67406337
poi_502094_1132,power_slug_purple,Persistent_Level:PersistentLevel.BP_Crystal_mk3_C_UAID_04421A9713F0835B01_1215726345,6D46LIVRKWD126AG6KZY6CWS0,power_slug_purple,BP_Crystal_mk3_C,1424.77,1886.88,73.45,++FactoryGame+rel-main-anniversary-2026-CL-502094,2c1ba76bf6aeb7593d53fb8278c48df9a639f7002d1cc09eeb4024fb67406337
poi_502094_1133,power_slug_purple,Persistent_Level:PersistentLevel.BP_Crystal_mk35_0,6ES6VR80IU4BHJEYSGO6HMEN0,power_slug_purple,BP_Crystal_mk3_C,-487.74,-1312.193,240.375,++FactoryGame+rel-main-anniversary-2026-CL-502094,2c1ba76bf6aeb7593d53fb8278c48df9a639f7002d1cc09eeb4024fb67406337
poi_502094_1134,power_slug_purple,Persistent_Level:PersistentLevel.BP_Crystal_mk3_C_UAID_40B076DF2F79F68401_1268529865,6ES6VR80IU4BHJEYSGO6HMEN0,power_slug_purple,BP_Crystal_mk3_C,-338.9,-1136.35,-65.65,++FactoryGame+rel-main-anniversary-2026-CL-502094,2c1ba76bf6aeb7593d53fb8278c48df9a639f7002d1cc09eeb4024fb67406337
poi_502094_1135,power_slug_purple,Persistent_Level:PersistentLevel.BP_Crystal_mk35_1,6EZ8OPSNH33JVBXTSR3WG46IV,power_slug_purple,BP_Crystal_mk3_C,3744.77,1144.668,58.918,++FactoryGame+rel-main-anniversary-2026-CL-502094,2c1ba76bf6aeb7593d53fb8278c48df9a639f7002d1cc09eeb4024fb67406337
poi_502094_1136,power_slug_purple,Persistent_Level:PersistentLevel.BP_Crystal_mk3_C_UAID_04421A9713F06DAF01_1615607160,6JPHPQ77DT3KZS61I6UEKEOQM,power_slug_purple,BP_Crystal_mk3_C,1704.87,454.85,55.12,++FactoryGame+rel-main-anniversary-2026-CL-502094,2c1ba76bf6aeb7593d53fb8278c48df9a639f7002d1cc09eeb4024fb67406337
poi_502094_1137,power_slug_purple,Persistent_Level:PersistentLevel.BP_Crystal_mk3_C_30,6KX3W8KN4777PL5AIQYN62PXP,power_slug_purple,BP_Crystal_mk3_C,1340.9,1482.45,129.05,++FactoryGame+rel-main-anniversary-2026-CL-502094,2c1ba76bf6aeb7593d53fb8278c48df9a639f7002d1cc09eeb4024fb67406337
poi_502094_1138,power_slug_purple,Persistent_Level:PersistentLevel.BP_Crystal_mk73_UAID_04421A9713F0B65201_1605781812,6KX3W8KN4777PL5AIQYN62PXP,power_slug_purple,BP_Crystal_mk3_C,1511.23,1350.11,216.99,++FactoryGame+rel-main-anniversary-2026-CL-502094,2c1ba76bf6aeb7593d53fb8278c48df9a639f7002d1cc09eeb4024fb67406337
poi_502094_1139,power_slug_purple,Persistent_Level:PersistentLevel.BP_Crystal_mk3_C_UAID_04421A9713F0627801_2036326140,6OH3OUDS6PFXXMI3RUKALLYJN,power_slug_purple,BP_Crystal_mk3_C,2089.07,216.31,185.8,++FactoryGame+rel-main-anniversary-2026-CL-502094,2c1ba76bf6aeb7593d53fb8278c48df9a639f7002d1cc09eeb4024fb67406337
poi_502094_1140,power_slug_purple,Persistent_Level:PersistentLevel.BP_Crystal_C_UAID_04421A9713F0B37301_2124852114,6PQ7314XUVCWR8O04N45EBK4X,power_slug_purple,BP_Crystal_mk3_C,862.05,-467.3,232.0,++FactoryGame+rel-main-anniversary-2026-CL-502094,2c1ba76bf6aeb7593d53fb8278c48df9a639f7002d1cc09eeb4024fb67406337
poi_502094_1141,power_slug_purple,Persistent_Level:PersistentLevel.BP_Crystal_mk3_C_11,6T50M87WGH05FVSSOYHHCI2WT,power_slug_purple,BP_Crystal_mk3_C,256.798,1615.739,170.785,++FactoryGame+rel-main-anniversary-2026-CL-502094,2c1ba76bf6aeb7593d53fb8278c48df9a639f7002d1cc09eeb4024fb67406337
poi_502094_1142,power_slug_purple,Persistent_Level:PersistentLevel.BP_Crystal_mk34_18,6VG06HS27LTCQ0FW1E59SFPG8,power_slug_purple,BP_Crystal_mk3_C,-101.026,289.392,222.202,++FactoryGame+rel-main-anniversary-2026-CL-502094,2c1ba76bf6aeb7593d53fb8278c48df9a639f7002d1cc09eeb4024fb67406337
poi_502094_1143,power_slug_purple,Persistent_Level:PersistentLevel.BP_Crystal_mk3_C_UAID_04421A9713F0FB5201_1256959955,6VYGPAIW7YS68RYXRQ2DMCL9Z,power_slug_purple,BP_Crystal_mk3_C,1601.94,2063.41,72.71,++FactoryGame+rel-main-anniversary-2026-CL-502094,2c1ba76bf6aeb7593d53fb8278c48df9a639f7002d1cc09eeb4024fb67406337
poi_502094_1144,power_slug_purple,Persistent_Level:PersistentLevel.BP_Crystal_mk31_3,6ZHS3BL31F3K2BQNUYDXFMZDH,power_slug_purple,BP_Crystal_mk3_C,-2683.689,-871.258,-17.426,++FactoryGame+rel-main-anniversary-2026-CL-502094,2c1ba76bf6aeb7593d53fb8278c48df9a639f7002d1cc09eeb4024fb67406337
poi_502094_1145,power_slug_purple,Persistent_Level:PersistentLevel.BP_Crystal_mk35_22,6ZV5OUR3A4IUW8OYTZT32X7SP,power_slug_purple,BP_Crystal_mk3_C,178.509,-1256.464,273.805,++FactoryGame+rel-main-anniversary-2026-CL-502094,2c1ba76bf6aeb7593d53fb8278c48df9a639f7002d1cc09eeb4024fb67406337
poi_502094_1146,power_slug_purple,Persistent_Level:PersistentLevel.BP_Crystal7_17,6ZVPF9UC2EKDMVRXH9PAUWUTQ,power_slug_purple,BP_Crystal_mk3_C,1257.633,-811.084,127.935,++FactoryGame+rel-main-anniversary-2026-CL-502094,2c1ba76bf6aeb7593d53fb8278c48df9a639f7002d1cc09eeb4024fb67406337
poi_502094_1147,power_slug_purple,Persistent_Level:PersistentLevel.BP_Crystal_mk33_18,6ZVPF9UC2EKDMVRXH9PAUWUTQ,power_slug_purple,BP_Crystal_mk3_C,1149.573,-789.26,182.749,++FactoryGame+rel-main-anniversary-2026-CL-502094,2c1ba76bf6aeb7593d53fb8278c48df9a639f7002d1cc09eeb4024fb67406337
poi_502094_1148,power_slug_purple,Persistent_Level:PersistentLevel.BP_Crystal_mk64_8,7350GF2H0RJTV1JNVAOSS3704,power_slug_purple,BP_Crystal_mk3_C,1830.86,2444.6,235.05,++FactoryGame+rel-main-anniversary-2026-CL-502094,2c1ba76bf6aeb7593d53fb8278c48df9a639f7002d1cc09eeb4024fb67406337
poi_502094_1149,power_slug_purple,Persistent_Level:PersistentLevel.BP_Crystal_mk71_0,74YY17GA236340LEPB7A0RCJ8,power_slug_purple,BP_Crystal_mk3_C,1964.14,1697.02,134.56,++FactoryGame+rel-main-anniversary-2026-CL-502094,2c1ba76bf6aeb7593d53fb8278c48df9a639f7002d1cc09eeb4024fb67406337
poi_502094_1150,power_slug_purple,Persistent_Level:PersistentLevel.BP_Crystal_mk3_C_UAID_04421A9713F0E85F01_1517332314,75I76FMJSKATNK99L8G2QI9BF,power_slug_purple,BP_Crystal_mk3_C,2006.72,2002.23,341.66,++FactoryGame+rel-main-anniversary-2026-CL-502094,2c1ba76bf6aeb7593d53fb8278c48df9a639f7002d1cc09eeb4024fb67406337
poi_502094_1151,power_slug_purple,Persistent_Level:PersistentLevel.BP_Crystal_mk36_26,78LIX115PUIWUPGZJX0KA4SBG,power_slug_purple,BP_Crystal_mk3_C,-614.931,-104.921,230.728,++FactoryGame+rel-main-anniversary-2026-CL-502094,2c1ba76bf6aeb7593d53fb8278c48df9a639f7002d1cc09eeb4024fb67406337
poi_502094_1152,power_slug_purple,Persistent_Level:PersistentLevel.BP_Crystal_mk31_7,7BOBYXNJXVHSNAWS15JY4RZZU,power_slug_purple,BP_Crystal_mk3_C,1334.664,-2409.285,-88.716,++FactoryGame+rel-main-anniversary-2026-CL-502094,2c1ba76bf6aeb7593d53fb8278c48df9a639f7002d1cc09eeb4024fb67406337
poi_502094_1153,power_slug_purple,Persistent_Level:PersistentLevel.BP_Crystal_mk36_12,7BOBYXNJXVHSNAWS15JY4RZZU,power_slug_purple,BP_Crystal_mk3_C,1406.042,-2517.735,-58.152,++FactoryGame+rel-main-anniversary-2026-CL-502094,2c1ba76bf6aeb7593d53fb8278c48df9a639f7002d1cc09eeb4024fb67406337
poi_502094_1154,power_slug_purple,Persistent_Level:PersistentLevel.BP_Crystal_mk3_C_UAID_04421A9713F0585E01_1956229960,7D7OQT7C59XPI9USE4REHDKWD,power_slug_purple,BP_Crystal_mk3_C,1242.7,1497.7,158.2,++FactoryGame+rel-main-anniversary-2026-CL-502094,2c1ba76bf6aeb7593d53fb8278c48df9a639f7002d1cc09eeb4024fb67406337
poi_502094_1155,power_slug_purple,Persistent_Level:PersistentLevel.BP_Crystal_mk77_1,7D7OQT7C59XPI9USE4REHDKWD,power_slug_purple,BP_Crystal_mk3_C,1212.4,1430.71,107.07,++FactoryGame+rel-main-anniversary-2026-CL-502094,2c1ba76bf6aeb7593d53fb8278c48df9a639f7002d1cc09eeb4024fb67406337
poi_502094_1156,power_slug_purple,Persistent_Level:PersistentLevel.BP_Crystal_mk33_4,7E6CNWWM0QHJHQZ5JZEHFNI41,power_slug_purple,BP_Crystal_mk3_C,2991.7,2968.9,98.817,++FactoryGame+rel-main-anniversary-2026-CL-502094,2c1ba76bf6aeb7593d53fb8278c48df9a639f7002d1cc09eeb4024fb67406337
poi_502094_1157,power_slug_purple,Persistent_Level:PersistentLevel.BP_Crystal_mk38_52,7FWXJNKAT1JDCKOG7KGN4FSI5,power_slug_purple,BP_Crystal_mk3_C,3082.925,97.055,17.645,++FactoryGame+rel-main-anniversary-2026-CL-502094,2c1ba76bf6aeb7593d53fb8278c48df9a639f7002d1cc09eeb4024fb67406337
poi_502094_1158,power_slug_purple,Persistent_Level:PersistentLevel.BP_Crystal_mk313_59,7ITPAXKLKDQL1MV5KZOON9MKA,power_slug_purple,BP_Crystal_mk3_C,-15.944,-297.523,243.933,++FactoryGame+rel-main-anniversary-2026-CL-502094,2c1ba76bf6aeb7593d53fb8278c48df9a639f7002d1cc09eeb4024fb67406337
poi_502094_1159,power_slug_purple,Persistent_Level:PersistentLevel.BP_Crystal_mk3_C_16,7TYHGRSR5RC6UM6H8SQSJP5RS,power_slug_purple,BP_Crystal_mk3_C,944.121,1704.372,133.878,++FactoryGame+rel-main-anniversary-2026-CL-502094,2c1ba76bf6aeb7593d53fb8278c48df9a639f7002d1cc09eeb4024fb67406337
poi_502094_1160,power_slug_purple,Persistent_Level:PersistentLevel.BP_Crystal_mk3_C_UAID_04421A9713F05A5301_1813979681,81JRN8EL56I1O9V4NB4Y7359I,power_slug_purple,BP_Crystal_mk3_C,1541.63,2715.35,-13.36,++FactoryGame+rel-main-anniversary-2026-CL-502094,2c1ba76bf6aeb7593d53fb8278c48df9a639f7002d1cc09eeb4024fb67406337
poi_502094_1161,power_slug_purple,Persistent_Level:PersistentLevel.BP_Crystal_mk324,875H5TT0JWN6YR85XE2XYDHXA,power_slug_purple,BP_Crystal_mk3_C,-781.224,-215.314,211.665,++FactoryGame+rel-main-anniversary-2026-CL-502094,2c1ba76bf6aeb7593d53fb8278c48df9a639f7002d1cc09eeb4024fb67406337
poi_502094_1162,power_slug_purple,Persistent_Level:PersistentLevel.BP_Crystal_mk313,8BCN4YWA53P8F4GMMHTT76RAW,power_slug_purple,BP_Crystal_mk3_C,-1511.411,-220.661,261.747,++FactoryGame+rel-main-anniversary-2026-CL-502094,2c1ba76bf6aeb7593d53fb8278c48df9a639f7002d1cc09eeb4024fb67406337
poi_502094_1163,power_slug_purple,Persistent_Level:PersistentLevel.BP_Crystal_mk2_C_16,8CYMZLYM4T5E2AA19O6K6GH0T,power_slug_purple,BP_Crystal_mk3_C,957.47,1983.101,58.357,++FactoryGame+rel-main-anniversary-2026-CL-502094,2c1ba76bf6aeb7593d53fb8278c48df9a639f7002d1cc09eeb4024fb67406337
poi_502094_1164,power_slug_purple,Persistent_Level:PersistentLevel.BP_Crystal_mk3_C_18,8CYMZLYM4T5E2AA19O6K6GH0T,power_slug_purple,BP_Crystal_mk3_C,997.882,2149.244,40.773,++FactoryGame+rel-main-anniversary-2026-CL-502094,2c1ba76bf6aeb7593d53fb8278c48df9a639f7002d1cc09eeb4024fb67406337
poi_502094_1165,power_slug_purple,Persistent_Level:PersistentLevel.BP_Crystal_mk32_3,8FIN8GZNGKFVW7D1HMNF3LJVD,power_slug_purple,BP_Crystal_mk3_C,2538.837,2929.945,54.236,++FactoryGame+rel-main-anniversary-2026-CL-502094,2c1ba76bf6aeb7593d53fb8278c48df9a639f7002d1cc09eeb4024fb67406337
poi_502094_1166,power_slug_purple,Persistent_Level:PersistentLevel.BP_Crystal_mk3_0,8FIN8GZNGKFVW7D1HMNF3LJVD,power_slug_purple,BP_Crystal_mk3_C,2557.716,2907.059,325.659,++FactoryGame+rel-main-anniversary-2026-CL-502094,2c1ba76bf6aeb7593d53fb8278c48df9a639f7002d1cc09eeb4024fb67406337
poi_502094_1167,power_slug_purple,Persistent_Level:PersistentLevel.BP_Crystal_mk39_41,8GH91K6YW7OUWZ0W53QXKW620,power_slug_purple,BP_Crystal_mk3_C,91.619,-1003.593,244.296,++FactoryGame+rel-main-anniversary-2026-CL-502094,2c1ba76bf6aeb7593d53fb8278c48df9a639f7002d1cc09eeb4024fb67406337
poi_502094_1168,power_slug_purple,Persistent_Level:PersistentLevel.BP_Crystal_mk8,8HUPNBHBEVTTJ243KMRT34H79,power_slug_purple,BP_Crystal_mk3_C,-185.907,2294.294,42.957,++FactoryGame+rel-main-anniversary-2026-CL-502094,2c1ba76bf6aeb7593d53fb8278c48df9a639f7002d1cc09eeb4024fb67406337
poi_502094_1169,power_slug_purple,Persistent_Level:PersistentLevel.BP_Crystal_mk3_C_UAID_04421A9713F02A7C01_1594764512,8I14UN3WISLKR7DJTZNUCFULJ,power_slug_purple,BP_Crystal_mk3_C,822.9,-671.92,240.97,++FactoryGame+rel-main-anniversary-2026-CL-502094,2c1ba76bf6aeb7593d53fb8278c48df9a639f7002d1cc09eeb4024fb67406337
poi_502094_1170,power_slug_purple,Persistent_Level:PersistentLevel.BP_Crystal_C_UAID_04421A9713F0757801_1889185499,8J2GQN49KF46TFD2R75NX4ZG0,power_slug_purple,BP_Crystal_mk3_C,1491.48,-73.19,206.63,++FactoryGame+rel-main-anniversary-2026-CL-502094,2c1ba76bf6aeb7593d53fb8278c48df9a639f7002d1cc09eeb4024fb67406337
poi_502094_1171,power_slug_purple,Persistent_Level:PersistentLevel.BP_Crystal_mk32_16,8N2VMA5OF6AFNVOK7EXFVL8AM,power_slug_purple,BP_Crystal_mk3_C,-199.068,-782.614,388.586,++FactoryGame+rel-main-anniversary-2026-CL-502094,2c1ba76bf6aeb7593d53fb8278c48df9a639f7002d1cc09eeb4024fb67406337
poi_502094_1172,power_slug_purple,Persistent_Level:PersistentLevel.BP_Crystal_mk2_C_38,8NEQHW2ZVLZTEB9ZO78BQBK89,power_slug_purple,BP_Crystal_mk3_C,2035.08,-1456.35,65.84,++FactoryGame+rel-main-anniversary-2026-CL-502094,2c1ba76bf6aeb7593d53fb8278c48df9a639f7002d1cc09eeb4024fb67406337
poi_502094_1173,power_slug_purple,Persistent_Level:PersistentLevel.BP_Crystal_mk34_19,8QM5WVYO0WFNHEE5TKFTAWN7Y,power_slug_purple,BP_Crystal_mk3_C,1605.598,-1332.218,110.798,++FactoryGame+rel-main-anniversary-2026-CL-502094,2c1ba76bf6aeb7593d53fb8278c48df9a639f7002d1cc09eeb4024fb67406337
poi_502094_1174,power_slug_purple,Persistent_Level:PersistentLevel.BP_Crystal_mk30_10,8UDYWXEWSMNA091CPZSH9THY5,power_slug_purple,BP_Crystal_mk3_C,3947.323,1511.655,98.6,++FactoryGame+rel-main-anniversary-2026-CL-502094,2c1ba76bf6aeb7593d53fb8278c48df9a639f7002d1cc09eeb4024fb67406337
poi_502094_1175,power_slug_purple,Persistent_Level:PersistentLevel.BP_Crystal_mk32_1,8UXBW7YB3PW451S96YVCA9VPG,power_slug_purple,BP_Crystal_mk3_C,-196.174,-1635.358,79.967,++FactoryGame+rel-main-anniversary-2026-CL-502094,2c1ba76bf6aeb7593d53fb8278c48df9a639f7002d1cc09eeb4024fb67406337
poi_502094_1176,power_slug_purple,Persistent_Level:PersistentLevel.BP_Crystal_mk3_C_UAID_40B076DF2F79DBAD01_1358054399,8V2S7IJRF1X66U2PPNU3LQ6H5,power_slug_purple,BP_Crystal_mk3_C,2610.07,2564.385,36.731,++FactoryGame+rel-main-anniversary-2026-CL-502094,2c1ba76bf6aeb7593d53fb8278c48df9a639f7002d1cc09eeb4024fb67406337
poi_502094_1177,power_slug_purple,Persistent_Level:PersistentLevel.BP_Crystal_mk92,8Z3WQ3R9YJEN573SFVF28IKKT,power_slug_purple,BP_Crystal_mk3_C,2004.97,-1075.71,81.78,++FactoryGame+rel-main-anniversary-2026-CL-502094,2c1ba76bf6aeb7593d53fb8278c48df9a639f7002d1cc09eeb4024fb67406337
poi_502094_1178,power_slug_purple,Persistent_Level:PersistentLevel.BP_Crystal_mk310,90AUCIU2UGBQ5N0LN2BL28WJA,power_slug_purple,BP_Crystal_mk3_C,-1820.854,-287.206,108.014,++FactoryGame+rel-main-anniversary-2026-CL-502094,2c1ba76bf6aeb7593d53fb8278c48df9a639f7002d1cc09eeb4024fb67406337
poi_502094_1179,power_slug_purple,Persistent_Level:PersistentLevel.BP_Crystal_mk73_UAID_04421A9713F03A5B01_1974981481,93DP5JBQHG6Y48XFRU2GRDEO8,power_slug_purple,BP_Crystal_mk3_C,2128.43,1449.39,164.31,++FactoryGame+rel-main-anniversary-2026-CL-502094,2c1ba76bf6aeb7593d53fb8278c48df9a639f7002d1cc09eeb4024fb67406337
poi_502094_1180,power_slug_purple,Persistent_Level:PersistentLevel.BP_Crystal_mk38_14,93FBAH8HG3YG2K1C6SIS72WCZ,power_slug_purple,BP_Crystal_mk3_C,1313.885,-1646.661,-39.216,++FactoryGame+rel-main-anniversary-2026-CL-502094,2c1ba76bf6aeb7593d53fb8278c48df9a639f7002d1cc09eeb4024fb67406337
poi_502094_1181,power_slug_purple,Persistent_Level:PersistentLevel.BP_Crystal_mk3_C_UAID_04421A9713F06EA401_1809380716,9A559UZQCLMBH0WVQU22ETSCY,power_slug_purple,BP_Crystal_mk3_C,-1439.055,-1398.241,131.28,++FactoryGame+rel-main-anniversary-2026-CL-502094,2c1ba76bf6aeb7593d53fb8278c48df9a639f7002d1cc09eeb4024fb67406337
poi_502094_1182,power_slug_purple,Persistent_Level:PersistentLevel.BP_Crystal_mk73,9FHXKO90N85VOFVSW61TDZOH3,power_slug_purple,BP_Crystal_mk3_C,2371.67,2732.98,165.01,++FactoryGame+rel-main-anniversary-2026-CL-502094,2c1ba76bf6aeb7593d53fb8278c48df9a639f7002d1cc09eeb4024fb67406337
poi_502094_1183,power_slug_purple,Persistent_Level:PersistentLevel.BP_Crystal_mk18,9GBDGOZSJX3B39FFI69CQM7EC,power_slug_purple,BP_Crystal_mk3_C,855.14,1953.454,51.244,++FactoryGame+rel-main-anniversary-2026-CL-502094,2c1ba76bf6aeb7593d53fb8278c48df9a639f7002d1cc09eeb4024fb67406337
poi_502094_1184,power_slug_purple,Persistent_Level:PersistentLevel.BP_Crystal_mk3_C_17,9GBDGOZSJX3B39FFI69CQM7EC,power_slug_purple,BP_Crystal_mk3_C,834.811,1952.09,192.269,++FactoryGame+rel-main-anniversary-2026-CL-502094,2c1ba76bf6aeb7593d53fb8278c48df9a639f7002d1cc09eeb4024fb67406337
poi_502094_1185,power_slug_purple,Persistent_Level:PersistentLevel.BP_Crystal_mk3_C_19,9GBDGOZSJX3B39FFI69CQM7EC,power_slug_purple,BP_Crystal_mk3_C,723.675,2077.577,126.375,++FactoryGame+rel-main-anniversary-2026-CL-502094,2c1ba76bf6aeb7593d53fb8278c48df9a639f7002d1cc09eeb4024fb67406337
poi_502094_1186,power_slug_purple,Persistent_Level:PersistentLevel.BP_Crystal_mk3_C_8,9NI6AQ2XVPJXYUNTNR9V9P1OK,power_slug_purple,BP_Crystal_mk3_C,232.402,1838.143,50.98,++FactoryGame+rel-main-anniversary-2026-CL-502094,2c1ba76bf6aeb7593d53fb8278c48df9a639f7002d1cc09eeb4024fb67406337
poi_502094_1187,power_slug_purple,Persistent_Level:PersistentLevel.BP_Crystal_mk3_C_39,9SRHX1B6DG1OMS1ZMV4RL34NE,power_slug_purple,BP_Crystal_mk3_C,2056.19,-1249.52,-63.71,++FactoryGame+rel-main-anniversary-2026-CL-502094,2c1ba76bf6aeb7593d53fb8278c48df9a639f7002d1cc09eeb4024fb67406337
poi_502094_1188,power_slug_purple,Persistent_Level:PersistentLevel.BP_Crystal_mk71_9,9SRHX1B6DG1OMS1ZMV4RL34NE,power_slug_purple,BP_Crystal_mk3_C,2124.15,-1264.15,63.25,++FactoryGame+rel-main-anniversary-2026-CL-502094,2c1ba76bf6aeb7593d53fb8278c48df9a639f7002d1cc09eeb4024fb67406337
poi_502094_1189,power_slug_purple,Persistent_Level:PersistentLevel.BP_Crystal_mk3_C_41,9UFMWACNFBI7PUU2FL99RF8OJ,power_slug_purple,BP_Crystal_mk3_C,2360.327,-943.301,-8.965,++FactoryGame+rel-main-anniversary-2026-CL-502094,2c1ba76bf6aeb7593d53fb8278c48df9a639f7002d1cc09eeb4024fb67406337
poi_502094_1190,power_slug_purple,Persistent_Level:PersistentLevel.BP_Crystal_mk30,9UVPQA34SMVO219R07LVB0QIQ,power_slug_purple,BP_Crystal_mk3_C,2366.746,2087.766,172.162,++FactoryGame+rel-main-anniversary-2026-CL-502094,2c1ba76bf6aeb7593d53fb8278c48df9a639f7002d1cc09eeb4024fb67406337
poi_502094_1191,power_slug_purple,Persistent_Level:PersistentLevel.BP_Crystal_mk31_4,9UVPQA34SMVO219R07LVB0QIQ,power_slug_purple,BP_Crystal_mk3_C,2375.413,2067.874,80.128,++FactoryGame+rel-main-anniversary-2026-CL-502094,2c1ba76bf6aeb7593d53fb8278c48df9a639f7002d1cc09eeb4024fb67406337
poi_502094_1192,power_slug_purple,Persistent_Level:PersistentLevel.BP_Crystal_mk33_2,9ZI97U85BHEMNEFSBAN8Q97HH,power_slug_purple,BP_Crystal_mk3_C,-190.091,-2726.962,105.351,++FactoryGame+rel-main-anniversary-2026-CL-502094,2c1ba76bf6aeb7593d53fb8278c48df9a639f7002d1cc09eeb4024fb67406337
poi_502094_1193,power_slug_purple,Persistent_Level:PersistentLevel.BP_Crystal_mk3_C_27,A0NXJCF5IYQ8579ZEDKMM5BWE,power_slug_purple,BP_Crystal_mk3_C,1699.05,1806.3,94.35,++FactoryGame+rel-main-anniversary-2026-CL-502094,2c1ba76bf6aeb7593d53fb8278c48df9a639f7002d1cc09eeb4024fb67406337
poi_502094_1194,power_slug_purple,Persistent_Level:PersistentLevel.BP_Crystal_mk3_C_UAID_04421A9713F0DD5B01_1099993180,A0NXJCF5IYQ8579ZEDKMM5BWE,power_slug_purple,BP_Crystal_mk3_C,1710.01,1772.33,46.56,++FactoryGame+rel-main-anniversary-2026-CL-502094,2c1ba76bf6aeb7593d53fb8278c48df9a639f7002d1cc09eeb4024fb67406337
poi_502094_1195,power_slug_purple,Persistent_Level:PersistentLevel.BP_Crystal_mk35_11,A6RX2R3M2OBWLKJM73UTBJYX0,power_slug_purple,BP_Crystal_mk3_C,1981.168,-1807.657,179.571,++FactoryGame+rel-main-anniversary-2026-CL-502094,2c1ba76bf6aeb7593d53fb8278c48df9a639f7002d1cc09eeb4024fb67406337
poi_502094_1196,power_slug_purple,Persistent_Level:PersistentLevel.BP_Crystal_mk3_C_UAID_04421A9713F07F6001_2021531889,ABV1USTVLMPPKNABWDX60SHJY,power_slug_purple,BP_Crystal_mk3_C,1751.13,1403.13,237.81,++FactoryGame+rel-main-anniversary-2026-CL-502094,2c1ba76bf6aeb7593d53fb8278c48df9a639f7002d1cc09eeb4024fb67406337
poi_502094_1197,power_slug_purple,Persistent_Level:PersistentLevel.BP_Crystal_C_UAID_04421A9713F05F7801_1673526600,ACNFLUS5Z9IUQ99IP18WKDE16,power_slug_purple,BP_Crystal_mk3_C,2334.79,79.77,76.15,++FactoryGame+rel-main-anniversary-2026-CL-502094,2c1ba76bf6aeb7593d53fb8278c48df9a639f7002d1cc09eeb4024fb67406337
poi_502094_1198,power_slug_purple,Persistent_Level:PersistentLevel.BP_Crystal_mk3_C_20,ACPR6AYP6K6QNWA52I94OZEFI,power_slug_purple,BP_Crystal_mk3_C,1624.948,-2247.474,-78.899,++FactoryGame+rel-main-anniversary-2026-CL-502094,2c1ba76bf6aeb7593d53fb8278c48df9a639f7002d1cc09eeb4024fb67406337
poi_502094_1199,power_slug_purple,Persistent_Level:PersistentLevel.BP_Crystal_mk37_14,AHN7H39UR2BDRFT44VSDF404O,power_slug_purple,BP_Crystal_mk3_C,1748.3,2220.15,134.2,++FactoryGame+rel-main-anniversary-2026-CL-502094,2c1ba76bf6aeb7593d53fb8278c48df9a639f7002d1cc09eeb4024fb67406337
poi_502094_1200,power_slug_purple,Persistent_Level:PersistentLevel.BP_Crystal_mk3_C_UAID_04421A9713F08A5B01_2054934580,AHN7H39UR2BDRFT44VSDF404O,power_slug_purple,BP_Crystal_mk3_C,1754.57,2251.45,211.24,++FactoryGame+rel-main-anniversary-2026-CL-502094,2c1ba76bf6aeb7593d53fb8278c48df9a639f7002d1cc09eeb4024fb67406337
poi_502094_1201,power_slug_purple,Persistent_Level:PersistentLevel.BP_Crystal_mk3_13,AIH3C4LI19ODUG77WR1KF9XJF,power_slug_purple,BP_Crystal_mk3_C,664.08,-2033.718,110.188,++FactoryGame+rel-main-anniversary-2026-CL-502094,2c1ba76bf6aeb7593d53fb8278c48df9a639f7002d1cc09eeb4024fb67406337
poi_502094_1202,power_slug_purple,Persistent_Level:PersistentLevel.BP_Crystal_mk37_89,AQNCLRSIKAURAGUR1UTV1DWSK,power_slug_purple,BP_Crystal_mk3_C,-565.55,-1109.852,238.746,++FactoryGame+rel-main-anniversary-2026-CL-502094,2c1ba76bf6aeb7593d53fb8278c48df9a639f7002d1cc09eeb4024fb67406337
poi_502094_1203,power_slug_purple,Persistent_Level:PersistentLevel.BP_Crystal_mk21_6,ASATSLDW8RN40CLIE60HAVEPF,power_slug_purple,BP_Crystal_mk3_C,-550.85,438.46,169.376,++FactoryGame+rel-main-anniversary-2026-CL-502094,2c1ba76bf6aeb7593d53fb8278c48df9a639f7002d1cc09eeb4024fb67406337
poi_502094_1204,power_slug_purple,Persistent_Level:PersistentLevel.BP_Crystal_mk3_C_UAID_04421A9713F072A401_1701014427,ASJDTQ7TH640QX11CY0U7IP88,power_slug_purple,BP_Crystal_mk3_C,-1363.17,-1765.77,163.19,++FactoryGame+rel-main-anniversary-2026-CL-502094,2c1ba76bf6aeb7593d53fb8278c48df9a639f7002d1cc09eeb4024fb67406337
poi_502094_1205,power_slug_purple,Persistent_Level:PersistentLevel.BP_Crystal_mk31_15,ATIPCD36F1FFW5FFK2Y8NHW60,power_slug_purple,BP_Crystal_mk3_C,378.765,-363.099,234.144,++FactoryGame+rel-main-anniversary-2026-CL-502094,2c1ba76bf6aeb7593d53fb8278c48df9a639f7002d1cc09eeb4024fb67406337
poi_502094_1206,power_slug_purple,Persistent_Level:PersistentLevel.BP_Crystal_mk3_C_40,AULYUXJ92K0G8UZTN1NX9ID7J,power_slug_purple,BP_Crystal_mk3_C,2760.964,-505.703,-6.157,++FactoryGame+rel-main-anniversary-2026-CL-502094,2c1ba76bf6aeb7593d53fb8278c48df9a639f7002d1cc09eeb4024fb67406337
poi_502094_1207,power_slug_purple,Persistent_Level:PersistentLevel.BP_Crystal_mk33_12,AWL2KR4RFYBOIQ9B5R9SBLZXL,power_slug_purple,BP_Crystal_mk3_C,-256.192,656.899,231.143,++FactoryGame+rel-main-anniversary-2026-CL-502094,2c1ba76bf6aeb7593d53fb8278c48df9a639f7002d1cc09eeb4024fb67406337
poi_502094_1208,power_slug_purple,Persistent_Level:PersistentLevel.BP_Crystal_mk37_51,AWMSV1XNEUXQXNWYWI76PKKAM,power_slug_purple,BP_Crystal_mk3_C,1875.953,-558.497,-16.832,++FactoryGame+rel-main-anniversary-2026-CL-502094,2c1ba76bf6aeb7593d53fb8278c48df9a639f7002d1cc09eeb4024fb67406337
poi_502094_1209,power_slug_purple,Persistent_Level:PersistentLevel.BP_Crystal_mk85,AWMSV1XNEUXQXNWYWI76PKKAM,power_slug_purple,BP_Crystal_mk3_C,1776.95,-682.63,196.88,++FactoryGame+rel-main-anniversary-2026-CL-502094,2c1ba76bf6aeb7593d53fb8278c48df9a639f7002d1cc09eeb4024fb67406337
poi_502094_1210,power_slug_purple,Persistent_Level:PersistentLevel.BP_Crystal_C_UAID_40B076DF2F79F25F01_1677709082,AXKBSCFFF3H53IWL29V0XIW6V,power_slug_purple,BP_Crystal_mk3_C,533.96,1632.13,209.22,++FactoryGame+rel-main-anniversary-2026-CL-502094,2c1ba76bf6aeb7593d53fb8278c48df9a639f7002d1cc09eeb4024fb67406337
poi_502094_1211,power_slug_purple,Persistent_Level:PersistentLevel.BP_Crystal_mk3_C_13,AXKBSCFFF3H53IWL29V0XIW6V,power_slug_purple,BP_Crystal_mk3_C,622.559,1629.028,231.716,++FactoryGame+rel-main-anniversary-2026-CL-502094,2c1ba76bf6aeb7593d53fb8278c48df9a639f7002d1cc09eeb4024fb67406337
poi_502094_1212,power_slug_purple,Persistent_Level:PersistentLevel.BP_Crystal_mk3_C_9,AXKBSCFFF3H53IWL29V0XIW6V,power_slug_purple,BP_Crystal_mk3_C,560.822,1692.833,256.441,++FactoryGame+rel-main-anniversary-2026-CL-502094,2c1ba76bf6aeb7593d53fb8278c48df9a639f7002d1cc09eeb4024fb67406337
poi_502094_1213,power_slug_purple,Persistent_Level:PersistentLevel.BP_Crystal_mk32,AZ6FKAJPSWV8B78XOT6NDA7K9,power_slug_purple,BP_Crystal_mk3_C,-1768.637,-888.046,115.331,++FactoryGame+rel-main-anniversary-2026-CL-502094,2c1ba76bf6aeb7593d53fb8278c48df9a639f7002d1cc09eeb4024fb67406337
poi_502094_1214,power_slug_purple,Persistent_Level:PersistentLevel.BP_Crystal_mk32_8,B8T63Z2P7CPU7HX5FPJA7NM32,power_slug_purple,BP_Crystal_mk3_C,1760.273,-2506.423,-8.989,++FactoryGame+rel-main-anniversary-2026-CL-502094,2c1ba76bf6aeb7593d53fb8278c48df9a639f7002d1cc09eeb4024fb67406337
poi_502094_1215,power_slug_purple,Persistent_Level:PersistentLevel.BP_Crystal_mk3_C_34,BCHXX2ZNIHIOHQU3XTNHE5FWU,power_slug_purple,BP_Crystal_mk3_C,953.619,1829.021,58.306,++FactoryGame+rel-main-anniversary-2026-CL-502094,2c1ba76bf6aeb7593d53fb8278c48df9a639f7002d1cc09eeb4024fb67406337
poi_502094_1216,power_slug_purple,Persistent_Level:PersistentLevel.BP_Crystal_mk44,BCHXX2ZNIHIOHQU3XTNHE5FWU,power_slug_purple,BP_Crystal_mk3_C,1002.829,1828.791,22.838,++FactoryGame+rel-main-anniversary-2026-CL-502094,2c1ba76bf6aeb7593d53fb8278c48df9a639f7002d1cc09eeb4024fb67406337
poi_502094_1217,power_slug_purple,Persistent_Level:PersistentLevel.BP_Crystal_mk31,BEH3PCTHNNOMPZOV7UFF5H29S,power_slug_purple,BP_Crystal_mk3_C,-1756.037,-441.874,189.898,++FactoryGame+rel-main-anniversary-2026-CL-502094,2c1ba76bf6aeb7593d53fb8278c48df9a639f7002d1cc09eeb4024fb67406337
poi_502094_1218,power_slug_purple,Persistent_Level:PersistentLevel.BP_Crystal_mk35_21,BM8QC947E1X7IGEV64CXDVT15,power_slug_purple,BP_Crystal_mk3_C,1509.71,882.023,129.507,++FactoryGame+rel-main-anniversary-2026-CL-502094,2c1ba76bf6aeb7593d53fb8278c48df9a639f7002d1cc09eeb4024fb67406337
poi_502094_1219,power_slug_purple,Persistent_Level:PersistentLevel.BP_Crystal_mk310_42,BR0CKOJECX3T8153Y899XOTJG,power_slug_purple,BP_Crystal_mk3_C,-218.244,-538.06,219.534,++FactoryGame+rel-main-anniversary-2026-CL-502094,2c1ba76bf6aeb7593d53fb8278c48df9a639f7002d1cc09eeb4024fb67406337
poi_502094_1220,power_slug_purple,Persistent_Level:PersistentLevel.BP_Crystal_mk319,BRJ2ADJWSYWB7MOC3UZBE3TB8,power_slug_purple,BP_Crystal_mk3_C,-1291.273,-207.136,286.9,++FactoryGame+rel-main-anniversary-2026-CL-502094,2c1ba76bf6aeb7593d53fb8278c48df9a639f7002d1cc09eeb4024fb67406337
poi_502094_1221,power_slug_purple,Persistent_Level:PersistentLevel.BP_Crystal_mk3_C_UAID_04421A9713F0E57A01_1659753299,BU630G8AEO2LFQYRM1VR5O8D8,power_slug_purple,BP_Crystal_mk3_C,1673.68,-156.57,228.39,++FactoryGame+rel-main-anniversary-2026-CL-502094,2c1ba76bf6aeb7593d53fb8278c48df9a639f7002d1cc09eeb4024fb67406337
poi_502094_1222,power_slug_purple,Persistent_Level:PersistentLevel.BP_Crystal_mk32_17,BXR2XT9LRT5YWZTYGBYNKA9RK,power_slug_purple,BP_Crystal_mk3_C,532.455,-739.584,108.902,++FactoryGame+rel-main-anniversary-2026-CL-502094,2c1ba76bf6aeb7593d53fb8278c48df9a639f7002d1cc09eeb4024fb67406337
poi_502094_1223,power_slug_purple,Persistent_Level:PersistentLevel.BP_Crystal_mk24_14,BXV0B0WA2UKMDBHQR4Z3U8U13,power_slug_purple,BP_Crystal_mk3_C,1211.644,2140.169,30.097,++FactoryGame+rel-main-anniversary-2026-CL-502094,2c1ba76bf6aeb7593d53fb8278c48df9a639f7002d1cc09eeb4024fb67406337
poi_502094_1224,power_slug_purple,Persistent_Level:PersistentLevel.BP_Crystal_mk3_C_31,BXV0B0WA2UKMDBHQR4Z3U8U13,power_slug_purple,BP_Crystal_mk3_C,1311.4,1967.95,98.75,++FactoryGame+rel-main-anniversary-2026-CL-502094,2c1ba76bf6aeb7593d53fb8278c48df9a639f7002d1cc09eeb4024fb67406337
poi_502094_1225,power_slug_purple,Persistent_Level:PersistentLevel.BP_Crystal_mk5_5,BXV0B0WA2UKMDBHQR4Z3U8U13,power_slug_purple,BP_Crystal_mk3_C,1237.793,2010.605,97.42,++FactoryGame+rel-main-anniversary-2026-CL-502094,2c1ba76bf6aeb7593d53fb8278c48df9a639f7002d1cc09eeb4024fb67406337
poi_502094_1226,power_slug_purple,Persistent_Level:PersistentLevel.BP_Crystal_mk312_52,BZFSOMYTKKSVVI1R618QPJYEH,power_slug_purple,BP_Crystal_mk3_C,-281.501,-197.58,226.158,++FactoryGame+rel-main-anniversary-2026-CL-502094,2c1ba76bf6aeb7593d53fb8278c48df9a639f7002d1cc09eeb4024fb67406337
poi_502094_1227,power_slug_purple,Persistent_Level:PersistentLevel.BP_Crystal_mk36_50,C06H7R91SEBDJSJHLSY1R9YKE,power_slug_purple,BP_Crystal_mk3_C,2587.875,-674.544,-10.433,++FactoryGame+rel-main-anniversary-2026-CL-502094,2c1ba76bf6aeb7593d53fb8278c48df9a639f7002d1cc09eeb4024fb67406337
poi_502094_1228,power_slug_purple,Persistent_Level:PersistentLevel.BP_Crystal_mk10_UAID_40B076DF2F79486001_1273441223,C0JTYPHPTD6ZKA9K67PR04Z44,power_slug_purple,BP_Crystal_mk3_C,90.554,2218.777,49.25,++FactoryGame+rel-main-anniversary-2026-CL-502094,2c1ba76bf6aeb7593d53fb8278c48df9a639f7002d1cc09eeb4024fb67406337
poi_502094_1229,power_slug_purple,Persistent_Level:PersistentLevel.BP_Crystal_mk31_12,CBBCYG1U1YF4QW1MZM7OFBAHS,power_slug_purple,BP_Crystal_mk3_C,584.236,275.534,248.455,++FactoryGame+rel-main-anniversary-2026-CL-502094,2c1ba76bf6aeb7593d53fb8278c48df9a639f7002d1cc09eeb4024fb67406337
poi_502094_1230,power_slug_purple,Persistent_Level:PersistentLevel.BP_Crystal_mk311_93,CD56CV6662RIWBR8UHUFMMSRB,power_slug_purple,BP_Crystal_mk3_C,-915.791,-512.762,215.455,++FactoryGame+rel-main-anniversary-2026-CL-502094,2c1ba76bf6aeb7593d53fb8278c48df9a639f7002d1cc09eeb4024fb67406337
poi_502094_1231,power_slug_purple,Persistent_Level:PersistentLevel.BP_Crystal_mk323,CD56CV6662RIWBR8UHUFMMSRB,power_slug_purple,BP_Crystal_mk3_C,-877.712,-623.493,253.358,++FactoryGame+rel-main-anniversary-2026-CL-502094,2c1ba76bf6aeb7593d53fb8278c48df9a639f7002d1cc09eeb4024fb67406337
poi_502094_1232,power_slug_purple,Persistent_Level:PersistentLevel.BP_Crystal_mk35_87,CD56CV6662RIWBR8UHUFMMSRB,power_slug_purple,BP_Crystal_mk3_C,-760.92,-706.106,273.458,++FactoryGame+rel-main-anniversary-2026-CL-502094,2c1ba76bf6aeb7593d53fb8278c48df9a639f7002d1cc09eeb4024fb67406337
poi_502094_1233,power_slug_purple,Persistent_Level:PersistentLevel.BP_Crystal_mk33_14,CGNT9WSGTVS7HU0KXLH6Z2KEX,power_slug_purple,BP_Crystal_mk3_C,-273.672,760.166,116.319,++FactoryGame+rel-main-anniversary-2026-CL-502094,2c1ba76bf6aeb7593d53fb8278c48df9a639f7002d1cc09eeb4024fb67406337
poi_502094_1234,power_slug_purple,Persistent_Level:PersistentLevel.BP_Crystal_mk15,CNKVZNU5VS3AIUVCQRTY51QBV,power_slug_purple,BP_Crystal_mk3_C,547.235,2294.672,43.403,++FactoryGame+rel-main-anniversary-2026-CL-502094,2c1ba76bf6aeb7593d53fb8278c48df9a639f7002d1cc09eeb4024fb67406337
poi_502094_1235,power_slug_purple,Persistent_Level:PersistentLevel.BP_Crystal_mk3_16,CQ39X1KO2CYJMDK1AL2P3FDJM,power_slug_purple,BP_Crystal_mk3_C,782.982,-1738.933,-39.887,++FactoryGame+rel-main-anniversary-2026-CL-502094,2c1ba76bf6aeb7593d53fb8278c48df9a639f7002d1cc09eeb4024fb67406337
poi_502094_1236,power_slug_purple,Persistent_Level:PersistentLevel.BP_Crystal_mk316,CT9YVY8OWECVW3NM9UCG3905N,power_slug_purple,BP_Crystal_mk3_C,461.358,1905.582,76.316,++FactoryGame+rel-main-anniversary-2026-CL-502094,2c1ba76bf6aeb7593d53fb8278c48df9a639f7002d1cc09eeb4024fb67406337
poi_502094_1237,power_slug_purple,Persistent_Level:PersistentLevel.BP_Crystal_mk3_C_2,CT9YVY8OWECVW3NM9UCG3905N,power_slug_purple,BP_Crystal_mk3_C,317.408,1753.155,32.465,++FactoryGame+rel-main-anniversary-2026-CL-502094,2c1ba76bf6aeb7593d53fb8278c48df9a639f7002d1cc09eeb4024fb67406337
poi_502094_1238,power_slug_purple,Persistent_Level:PersistentLevel.BP_Crystal_mk3_C_UAID_40B076DF2F79905F01_1499395864,CT9YVY8OWECVW3NM9UCG3905N,power_slug_purple,BP_Crystal_mk3_C,378.81,1826.01,36.105,++FactoryGame+rel-main-anniversary-2026-CL-502094,2c1ba76bf6aeb7593d53fb8278c48df9a639f7002d1cc09eeb4024fb67406337
poi_502094_1239,power_slug_purple,Persistent_Level:PersistentLevel.BP_Crystal_mk34_15,CYIG9OCBFVQJ01L07CNML4VKC,power_slug_purple,BP_Crystal_mk3_C,144.239,-27.525,184.019,++FactoryGame+rel-main-anniversary-2026-CL-502094,2c1ba76bf6aeb7593d53fb8278c48df9a639f7002d1cc09eeb4024fb67406337
poi_502094_1240,power_slug_purple,Persistent_Level:PersistentLevel.BP_Crystal_mk87,CZHFQ4Q181DWOGR3ZVTIBHQLC,power_slug_purple,BP_Crystal_mk3_C,1554.07,-1019.46,82.36,++FactoryGame+rel-main-anniversary-2026-CL-502094,2c1ba76bf6aeb7593d53fb8278c48df9a639f7002d1cc09eeb4024fb67406337
poi_502094_1241,power_slug_purple,Persistent_Level:PersistentLevel.BP_Crystal_mk3_C_UAID_04421A9713F0277C01_2138469968,D13QFM8V4QIS9OBE5OXH8M66H,power_slug_purple,BP_Crystal_mk3_C,1294.32,-579.04,104.48,++FactoryGame+rel-main-anniversary-2026-CL-502094,2c1ba76bf6aeb7593d53fb8278c48df9a639f7002d1cc09eeb4024fb67406337
poi_502094_1242,power_slug_purple,Persistent_Level:PersistentLevel.BP_Crystal_mk3_C_UAID_04421A9713F0297C01_2084244334,D13QFM8V4QIS9OBE5OXH8M66H,power_slug_purple,BP_Crystal_mk3_C,1289.95,-641.93,194.4,++FactoryGame+rel-main-anniversary-2026-CL-502094,2c1ba76bf6aeb7593d53fb8278c48df9a639f7002d1cc09eeb4024fb67406337
poi_502094_1243,power_slug_purple,Persistent_Level:PersistentLevel.BP_Crystal_mk34_3,D8IVZSYYNHKG0K8H6WAFWIORO,power_slug_purple,BP_Crystal_mk3_C,-1368.64,-2418.04,-118.043,++FactoryGame+rel-main-anniversary-2026-CL-502094,2c1ba76bf6aeb7593d53fb8278c48df9a639f7002d1cc09eeb4024fb67406337
poi_502094_1244,power_slug_purple,Persistent_Level:PersistentLevel.BP_Crystal_mk3_C_0,D8S02CEFT15CYD0MYDC9M25WC,power_slug_purple,BP_Crystal_mk3_C,-591.481,1091.894,12.053,++FactoryGame+rel-main-anniversary-2026-CL-502094,2c1ba76bf6aeb7593d53fb8278c48df9a639f7002d1cc09eeb4024fb67406337
poi_502094_1245,power_slug_purple,Persistent_Level:PersistentLevel.BP_Crystal_mk3_C_UAID_04421A9713F0F77A01_1578399538,DA0MFSEDIV8SMDUYDEN6II96E,power_slug_purple,BP_Crystal_mk3_C,1288.33,-128.02,140.71,++FactoryGame+rel-main-anniversary-2026-CL-502094,2c1ba76bf6aeb7593d53fb8278c48df9a639f7002d1cc09eeb4024fb67406337
poi_502094_1246,power_slug_purple,Persistent_Level:PersistentLevel.BP_Crystal_mk61_8,DERRQJBEGO89IIBYZTURYHQ8C,power_slug_purple,BP_Crystal_mk3_C,1472.42,2160.65,67.8,++FactoryGame+rel-main-anniversary-2026-CL-502094,2c1ba76bf6aeb7593d53fb8278c48df9a639f7002d1cc09eeb4024fb67406337
poi_502094_1247,power_slug_purple,Persistent_Level:PersistentLevel.BP_Crystal_mk3_9,DGLJFZ90EAGLE7R9ZT5QL4N2F,power_slug_purple,BP_Crystal_mk3_C,162.877,-2147.652,137.732,++FactoryGame+rel-main-anniversary-2026-CL-502094,2c1ba76bf6aeb7593d53fb8278c48df9a639f7002d1cc09eeb4024fb67406337
poi_502094_1248,power_slug_purple,Persistent_Level:PersistentLevel.BP_Crystal_mk31_10,DOJQGEKPGRXUA6ZX4OIMHB07V,power_slug_purple,BP_Crystal_mk3_C,-516.936,787.233,57.34,++FactoryGame+rel-main-anniversary-2026-CL-502094,2c1ba76bf6aeb7593d53fb8278c48df9a639f7002d1cc09eeb4024fb67406337
poi_502094_1249,power_slug_purple,Persistent_Level:PersistentLevel.BP_Crystal_mk3_C_25,DZ5ERFJK5CS6554CKDMJ9NXCE,power_slug_purple,BP_Crystal_mk3_C,1206.981,1261.956,193.698,++FactoryGame+rel-main-anniversary-2026-CL-502094,2c1ba76bf6aeb7593d53fb8278c48df9a639f7002d1cc09eeb4024fb67406337
poi_502094_1250,power_slug_purple,Persistent_Level:PersistentLevel.BP_Crystal_mk31_13,E0QMEHLPI4E13EVTDMWZB0HWN,power_slug_purple,BP_Crystal_mk3_C,2857.273,-1281.839,113.539,++FactoryGame+rel-main-anniversary-2026-CL-502094,2c1ba76bf6aeb7593d53fb8278c48df9a639f7002d1cc09eeb4024fb67406337
poi_502094_1251,power_slug_purple,Persistent_Level:PersistentLevel.BP_Crystal_mk67_2,E585XSZXSVCUWML42ZRPIMGLF,power_slug_purple,BP_Crystal_mk3_C,1822.24,3059.52,205.02,++FactoryGame+rel-main-anniversary-2026-CL-502094,2c1ba76bf6aeb7593d53fb8278c48df9a639f7002d1cc09eeb4024fb67406337
poi_502094_1252,power_slug_purple,Persistent_Level:PersistentLevel.BP_Crystal_mk3_3,E7VYFNVTW232ZZAZCLJ4F2TKH,power_slug_purple,BP_Crystal_mk3_C,-1578.705,895.906,-41.845,++FactoryGame+rel-main-anniversary-2026-CL-502094,2c1ba76bf6aeb7593d53fb8278c48df9a639f7002d1cc09eeb4024fb67406337
poi_502094_1253,power_slug_purple,Persistent_Level:PersistentLevel.BP_Crystal_mk34_6,EB1Y08L8XQ63M8RLWVL49ZQ0Q,power_slug_purple,BP_Crystal_mk3_C,-2868.153,1604.919,67.916,++FactoryGame+rel-main-anniversary-2026-CL-502094,2c1ba76bf6aeb7593d53fb8278c48df9a639f7002d1cc09eeb4024fb67406337
poi_502094_1254,power_slug_purple,Persistent_Level:PersistentLevel.BP_Crystal_mk13,EBEOX8OTF7IRH1NGOSQHFCPDU,power_slug_purple,BP_Crystal_mk3_C,360.934,2525.12,34.034,++FactoryGame+rel-main-anniversary-2026-CL-502094,2c1ba76bf6aeb7593d53fb8278c48df9a639f7002d1cc09eeb4024fb67406337
poi_502094_1255,power_slug_purple,Persistent_Level:PersistentLevel.BP_Crystal_mk12,EF9SQDOUFQGSGW9HGMWVGYM4T,power_slug_purple,BP_Crystal_mk3_C,220.099,2387.356,15.061,++FactoryGame+rel-main-anniversary-2026-CL-502094,2c1ba76bf6aeb7593d53fb8278c48df9a639f7002d1cc09eeb4024fb67406337
poi_502094_1256,power_slug_purple,Persistent_Level:PersistentLevel.BP_Crystal_mk33_17,EFCPTWYCQ81FT0WN3ONHNV5CN,power_slug_purple,BP_Crystal_mk3_C,-161.038,-1140.427,214.851,++FactoryGame+rel-main-anniversary-2026-CL-502094,2c1ba76bf6aeb7593d53fb8278c48df9a639f7002d1cc09eeb4024fb67406337
poi_502094_1257,power_slug_purple,Persistent_Level:PersistentLevel.BP_Crystal_mk3_C_1,EG17UGQ9OLIBOM5HIO8CK9LD2,power_slug_purple,BP_Crystal_mk3_C,-34.04,1796.463,63.135,++FactoryGame+rel-main-anniversary-2026-CL-502094,2c1ba76bf6aeb7593d53fb8278c48df9a639f7002d1cc09eeb4024fb67406337
poi_502094_1258,power_slug_purple,Persistent_Level:PersistentLevel.BP_Crystal_mk30_7,EM9GFIBYRK7WRLKNSLGU7QM67,power_slug_purple,BP_Crystal_mk3_C,3851.746,2079.378,95.853,++FactoryGame+rel-main-anniversary-2026-CL-502094,2c1ba76bf6aeb7593d53fb8278c48df9a639f7002d1cc09eeb4024fb67406337
poi_502094_1259,power_slug_purple,Persistent_Level:PersistentLevel.BP_Crystal_mk3_C_43,EPMAZI6T5VBFOK5GMXTKR9THH,power_slug_purple,BP_Crystal_mk3_C,2289.9,2650.2,208.85,++FactoryGame+rel-main-anniversary-2026-CL-502094,2c1ba76bf6aeb7593d53fb8278c48df9a639f7002d1cc09eeb4024fb67406337
poi_502094_1260,power_slug_purple,Persistent_Level:PersistentLevel.BP_Crystal_mk3_C_UAID_04421A9713F02AA401_1523751748,EQ3RXAR8YVCMQ5LYPC1XVLOZ4,power_slug_purple,BP_Crystal_mk3_C,-1515.75,-774.12,217.08,++FactoryGame+rel-main-anniversary-2026-CL-502094,2c1ba76bf6aeb7593d53fb8278c48df9a639f7002d1cc09eeb4024fb67406337
poi_502094_1261,power_slug_purple,Persistent_Level:PersistentLevel.BP_Crystal_mk3_C_UAID_04421A9713F0F87A01_1173440720,EQV6F4YDIXBQYSESRGVEPSI4M,power_slug_purple,BP_Crystal_mk3_C,1829.21,370.6,144.55,++FactoryGame+rel-main-anniversary-2026-CL-502094,2c1ba76bf6aeb7593d53fb8278c48df9a639f7002d1cc09eeb4024fb67406337
poi_502094_1262,power_slug_purple,Persistent_Level:PersistentLevel.BP_Crystal_mk317,ETKG8NSAO6YFJTFIDYRLKXII5,power_slug_purple,BP_Crystal_mk3_C,-807.534,-340.865,198.141,++FactoryGame+rel-main-anniversary-2026-CL-502094,2c1ba76bf6aeb7593d53fb8278c48df9a639f7002d1cc09eeb4024fb67406337
poi_502094_1263,power_slug_purple,Persistent_Level:PersistentLevel.BP_Crystal_mk39_91,ETKG8NSAO6YFJTFIDYRLKXII5,power_slug_purple,BP_Crystal_mk3_C,-732.746,-487.923,254.912,++FactoryGame+rel-main-anniversary-2026-CL-502094,2c1ba76bf6aeb7593d53fb8278c48df9a639f7002d1cc09eeb4024fb67406337
poi_502094_1264,power_slug_purple,Persistent_Level:PersistentLevel.BP_Crystal_mk35_6,EV6PY2SCQ9RRWQM730T1IJ0TP,power_slug_purple,BP_Crystal_mk3_C,-1359.91,1829.516,181.252,++FactoryGame+rel-main-anniversary-2026-CL-502094,2c1ba76bf6aeb7593d53fb8278c48df9a639f7002d1cc09eeb4024fb67406337
poi_502094_1265,power_slug_purple,Persistent_Level:PersistentLevel.BP_Crystal_mk39,EVOBVNIZXZH3P171HK2AF9NJ5,power_slug_purple,BP_Crystal_mk3_C,-153.358,1928.241,73.992,++FactoryGame+rel-main-anniversary-2026-CL-502094,2c1ba76bf6aeb7593d53fb8278c48df9a639f7002d1cc09eeb4024fb67406337
poi_502094_1266,power_slug_purple,Persistent_Level:PersistentLevel.BP_Crystal_mk8_UAID_40B076DF2F79915F01_1298320049,EVOBVNIZXZH3P171HK2AF9NJ5,power_slug_purple,BP_Crystal_mk3_C,-138.207,1874.074,-7.273,++FactoryGame+rel-main-anniversary-2026-CL-502094,2c1ba76bf6aeb7593d53fb8278c48df9a639f7002d1cc09eeb4024fb67406337
poi_502094_1267,power_slug_purple,Persistent_Level:PersistentLevel.BP_Crystal_mk3_C_33,EX86OPVVFD834Z9LEG2JI00UU,power_slug_purple,BP_Crystal_mk3_C,1216.95,1908.65,77.65,++FactoryGame+rel-main-anniversary-2026-CL-502094,2c1ba76bf6aeb7593d53fb8278c48df9a639f7002d1cc09eeb4024fb67406337
poi_502094_1268,power_slug_purple,Persistent_Level:PersistentLevel.BP_Crystal_mk65,EX86OPVVFD834Z9LEG2JI00UU,power_slug_purple,BP_Crystal_mk3_C,1224.25,1830.35,106.0,++FactoryGame+rel-main-anniversary-2026-CL-502094,2c1ba76bf6aeb7593d53fb8278c48df9a639f7002d1cc09eeb4024fb67406337
poi_502094_1269,power_slug_purple,Persistent_Level:PersistentLevel.BP_Crystal_mk311_48,F4BZAXV1G7ZZSZ3C1CLRN05T9,power_slug_purple,BP_Crystal_mk3_C,-374.358,62.132,300.288,++FactoryGame+rel-main-anniversary-2026-CL-502094,2c1ba76bf6aeb7593d53fb8278c48df9a639f7002d1cc09eeb4024fb67406337
poi_502094_1270,power_slug_yellow,Persistent_Level:PersistentLevel.BP_Crystal_mk21_33,02M8DS4U0NQ5C1G41ZN0B87KJ,power_slug_yellow,BP_Crystal_mk2_C,1436.925,436.793,46.408,++FactoryGame+rel-main-anniversary-2026-CL-502094,2c1ba76bf6aeb7593d53fb8278c48df9a639f7002d1cc09eeb4024fb67406337
poi_502094_1271,power_slug_yellow,Persistent_Level:PersistentLevel.BP_Crystal_mk25,02M8DS4U0NQ5C1G41ZN0B87KJ,power_slug_yellow,BP_Crystal_mk2_C,1371.383,365.455,141.23,++FactoryGame+rel-main-anniversary-2026-CL-502094,2c1ba76bf6aeb7593d53fb8278c48df9a639f7002d1cc09eeb4024fb67406337
poi_502094_1272,power_slug_yellow,Persistent_Level:PersistentLevel.BP_Crystal_mk23_21,03GTI4IKFGOVSUM92MBAD01TU,power_slug_yellow,BP_Crystal_mk2_C,3996.321,981.882,-4.208,++FactoryGame+rel-main-anniversary-2026-CL-502094,2c1ba76bf6aeb7593d53fb8278c48df9a639f7002d1cc09eeb4024fb67406337
poi_502094_1273,power_slug_yellow,Persistent_Level:PersistentLevel.BP_Crystal_mk2_11,03GTI4IKFGOVSUM92MBAD01TU,power_slug_yellow,BP_Crystal_mk2_C,4052.803,1004.226,58.908,++FactoryGame+rel-main-anniversary-2026-CL-502094,2c1ba76bf6aeb7593d53fb8278c48df9a639f7002d1cc09eeb4024fb67406337
poi_502094_1274,power_slug_yellow,Persistent_Level:PersistentLevel.BP_Crystal_mk22_4,03RM0GNUJLQPXC0XD3FZCV6NQ,power_slug_yellow,BP_Crystal_mk2_C,3961.743,1812.157,38.611,++FactoryGame+rel-main-anniversary-2026-CL-502094,2c1ba76bf6aeb7593d53fb8278c48df9a639f7002d1cc09eeb4024fb67406337
poi_502094_1275,power_slug_yellow,Persistent_Level:PersistentLevel.BP_Crystal_mk2_C_33,03ZCPBHIVK00B2FFLHN6JMVAG,power_slug_yellow,BP_Crystal_mk2_C,1840.75,1633.35,254.0,++FactoryGame+rel-main-anniversary-2026-CL-502094,2c1ba76bf6aeb7593d53fb8278c48df9a639f7002d1cc09eeb4024fb67406337
poi_502094_1276,power_slug_yellow,Persistent_Level:PersistentLevel.BP_Crystal138,090RXBQSTNG5C1XD7EGH168JV,power_slug_yellow,BP_Crystal_mk2_C,2285.198,2221.369,93.642,++FactoryGame+rel-main-anniversary-2026-CL-502094,2c1ba76bf6aeb7593d53fb8278c48df9a639f7002d1cc09eeb4024fb67406337
poi_502094_1277,power_slug_yellow,Persistent_Level:PersistentLevel.BP_Crystal_mk2_C_UAID_04421A9713F0F35F01_1114488275,090RXBQSTNG5C1XD7EGH168JV,power_slug_yellow,BP_Crystal_mk2_C,2229.1,2352.0,262.82,++FactoryGame+rel-main-anniversary-2026-CL-502094,2c1ba76bf6aeb7593d53fb8278c48df9a639f7002d1cc09eeb4024fb67406337
poi_502094_1278,power_slug_yellow,Persistent_Level:PersistentLevel.BP_Crystal_mk2_C_UAID_04421A9713F0706801_1432001712,091CKM3H3UI1DBT79RXLW2J33,power_slug_yellow,BP_Crystal_mk2_C,1729.77,-1135.64,104.56,++FactoryGame+rel-main-anniversary-2026-CL-502094,2c1ba76bf6aeb7593d53fb8278c48df9a639f7002d1cc09eeb4024fb67406337
poi_502094_1279,power_slug_yellow,Persistent_Level:PersistentLevel.BP_Crystal_mk60,0A2MGPVG4NN3PY8XM8661V6OF,power_slug_yellow,BP_Crystal_mk2_C,410.296,1649.832,201.337,++FactoryGame+rel-main-anniversary-2026-CL-502094,2c1ba76bf6aeb7593d53fb8278c48df9a639f7002d1cc09eeb4024fb67406337
poi_502094_1280,power_slug_yellow,Persistent_Level:PersistentLevel.BP_Crystal_mk66,0A2MGPVG4NN3PY8XM8661V6OF,power_slug_yellow,BP_Crystal_mk2_C,413.484,1736.884,92.594,++FactoryGame+rel-main-anniversary-2026-CL-502094,2c1ba76bf6aeb7593d53fb8278c48df9a639f7002d1cc09eeb4024fb67406337
poi_502094_1281,power_slug_yellow,Persistent_Level:PersistentLevel.BP_Crystal_mk210_16,0AFMHN0PYXRAZ32AHLUVLF9KG,power_slug_yellow,BP_Crystal_mk2_C,1252.627,-2440.399,-71.123,++FactoryGame+rel-main-anniversary-2026-CL-502094,2c1ba76bf6aeb7593d53fb8278c48df9a639f7002d1cc09eeb4024fb67406337
poi_502094_1282,power_slug_yellow,Persistent_Level:PersistentLevel.BP_Crystal_mk211_17,0AFMHN0PYXRAZ32AHLUVLF9KG,power_slug_yellow,BP_Crystal_mk2_C,1244.519,-2370.401,-25.116,++FactoryGame+rel-main-anniversary-2026-CL-502094,2c1ba76bf6aeb7593d53fb8278c48df9a639f7002d1cc09eeb4024fb67406337
poi_502094_1283,power_slug_yellow,Persistent_Level:PersistentLevel.BP_Crystal_mk216,0APKWCR37KBW8PEJNYL7ORYMB,power_slug_yellow,BP_Crystal_mk2_C,-2863.038,1272.42,23.455,++FactoryGame+rel-main-anniversary-2026-CL-502094,2c1ba76bf6aeb7593d53fb8278c48df9a639f7002d1cc09eeb4024fb67406337
poi_502094_1284,power_slug_yellow,Persistent_Level:PersistentLevel.BP_Crystal_mk2_C_1,0HZHRXOVC1IB2TIL7442CSN33,power_slug_yellow,BP_Crystal_mk2_C,-347.457,2077.305,32.547,++FactoryGame+rel-main-anniversary-2026-CL-502094,2c1ba76bf6aeb7593d53fb8278c48df9a639f7002d1cc09eeb4024fb67406337
poi_502094_1285,power_slug_yellow,Persistent_Level:PersistentLevel.BP_Crystal_mk211_20,0JFTCYU3LLPTHEE54NG1EISDJ,power_slug_yellow,BP_Crystal_mk2_C,-1372.172,1967.043,65.277,++FactoryGame+rel-main-anniversary-2026-CL-502094,2c1ba76bf6aeb7593d53fb8278c48df9a639f7002d1cc09eeb4024fb67406337
poi_502094_1286,power_slug_yellow,Persistent_Level:PersistentLevel.BP_Crystal_mk22_7,0JMESHD2WUF1ZM0KQ6ON3JKG9,power_slug_yellow,BP_Crystal_mk2_C,-154.632,471.313,142.031,++FactoryGame+rel-main-anniversary-2026-CL-502094,2c1ba76bf6aeb7593d53fb8278c48df9a639f7002d1cc09eeb4024fb67406337
poi_502094_1287,power_slug_yellow,Persistent_Level:PersistentLevel.BP_Crystal_C_UAID_04421A9713F0B37301_2109802113,0L64YXAH3DC6JLHPN8J9EG37Y,power_slug_yellow,BP_Crystal_mk2_C,1016.56,-458.31,224.41,++FactoryGame+rel-main-anniversary-2026-CL-502094,2c1ba76bf6aeb7593d53fb8278c48df9a639f7002d1cc09eeb4024fb67406337
poi_502094_1288,power_slug_yellow,Persistent_Level:PersistentLevel.BP_Crystal_C_UAID_04421A9713F0AE7301_1916140227,0M5K08XP3B10IDHM04AYDCMGG,power_slug_yellow,BP_Crystal_mk2_C,2162.23,299.85,180.55,++FactoryGame+rel-main-anniversary-2026-CL-502094,2c1ba76bf6aeb7593d53fb8278c48df9a639f7002d1cc09eeb4024fb67406337
poi_502094_1289,power_slug_yellow,Persistent_Level:PersistentLevel.BP_Crystal_mk2_C_6,0MN1J09X2RJFNQW16VIHTO3CH,power_slug_yellow,BP_Crystal_mk2_C,680.665,-1710.009,126.044,++FactoryGame+rel-main-anniversary-2026-CL-502094,2c1ba76bf6aeb7593d53fb8278c48df9a639f7002d1cc09eeb4024fb67406337
poi_502094_1290,power_slug_yellow,Persistent_Level:PersistentLevel.BP_Crystal_mk2_C_7,0MN1J09X2RJFNQW16VIHTO3CH,power_slug_yellow,BP_Crystal_mk2_C,527.086,-1703.277,96.686,++FactoryGame+rel-main-anniversary-2026-CL-502094,2c1ba76bf6aeb7593d53fb8278c48df9a639f7002d1cc09eeb4024fb67406337
poi_502094_1291,power_slug_yellow,Persistent_Level:PersistentLevel.BP_Crystal_mk21_27,0OZVJ6AU61E93AVTA1PSAVV6S,power_slug_yellow,BP_Crystal_mk2_C,701.938,-675.725,172.831,++FactoryGame+rel-main-anniversary-2026-CL-502094,2c1ba76bf6aeb7593d53fb8278c48df9a639f7002d1cc09eeb4024fb67406337
poi_502094_1292,power_slug_yellow,Persistent_Level:PersistentLevel.BP_Crystal_mk27_3,0SF0IXE96D7ZAX3WMS0LHGTSR,power_slug_yellow,BP_Crystal_mk2_C,313.626,-1031.241,259.125,++FactoryGame+rel-main-anniversary-2026-CL-502094,2c1ba76bf6aeb7593d53fb8278c48df9a639f7002d1cc09eeb4024fb67406337
poi_502094_1293,power_slug_yellow,Persistent_Level:PersistentLevel.BP_Crystal_mk27_33,0SF0IXE96D7ZAX3WMS0LHGTSR,power_slug_yellow,BP_Crystal_mk2_C,344.054,-1093.32,181.444,++FactoryGame+rel-main-anniversary-2026-CL-502094,2c1ba76bf6aeb7593d53fb8278c48df9a639f7002d1cc09eeb4024fb67406337
poi_502094_1294,power_slug_yellow,Persistent_Level:PersistentLevel.BP_Crystal_mk27_6,0TF8OZTECMBXW5B9PBI046IS2,power_slug_yellow,BP_Crystal_mk2_C,-912.862,-2713.103,-65.0,++FactoryGame+rel-main-anniversary-2026-CL-502094,2c1ba76bf6aeb7593d53fb8278c48df9a639f7002d1cc09eeb4024fb67406337
poi_502094_1295,power_slug_yellow,Persistent_Level:PersistentLevel.BP_Crystal_mk22_23,0TLB52EUQXD6VSQJ9FRYLHJGE,power_slug_yellow,BP_Crystal_mk2_C,307.269,208.898,134.562,++FactoryGame+rel-main-anniversary-2026-CL-502094,2c1ba76bf6aeb7593d53fb8278c48df9a639f7002d1cc09eeb4024fb67406337
poi_502094_1296,power_slug_yellow,Persistent_Level:PersistentLevel.BP_Crystal_mk215_20,0UAONFCKT7ZU16NC81VQ880D5,power_slug_yellow,BP_Crystal_mk2_C,81.201,-801.044,214.114,++FactoryGame+rel-main-anniversary-2026-CL-502094,2c1ba76bf6aeb7593d53fb8278c48df9a639f7002d1cc09eeb4024fb67406337
poi_502094_1297,power_slug_yellow,Persistent_Level:PersistentLevel.BP_Crystal_C_UAID_04421A9713F0B57301_1300199470,0UT67HZZRI9QYMNAL604R9ZDH,power_slug_yellow,BP_Crystal_mk2_C,1156.8,-394.05,123.59,++FactoryGame+rel-main-anniversary-2026-CL-502094,2c1ba76bf6aeb7593d53fb8278c48df9a639f7002d1cc09eeb4024fb67406337
poi_502094_1298,power_slug_yellow,Persistent_Level:PersistentLevel.BP_Crystal_mk2_C_0,0UU6HEQ28WMRD8BMGY0ZJHRQ6,power_slug_yellow,BP_Crystal_mk2_C,-755.005,2038.221,11.093,++FactoryGame+rel-main-anniversary-2026-CL-502094,2c1ba76bf6aeb7593d53fb8278c48df9a639f7002d1cc09eeb4024fb67406337
poi_502094_1299,power_slug_yellow,Persistent_Level:PersistentLevel.BP_Crystal_C_UAID_40B076DF2F79486001_2099963228,0WL4TSFJARMNFETAU2EZEKHA4,power_slug_yellow,BP_Crystal_mk2_C,-576.849,2324.886,14.805,++FactoryGame+rel-main-anniversary-2026-CL-502094,2c1ba76bf6aeb7593d53fb8278c48df9a639f7002d1cc09eeb4024fb67406337
poi_502094_1300,power_slug_yellow,Persistent_Level:PersistentLevel.BP_Crystal_mk2_C_UAID_40B076DF2F79745B01_1428147672,0X2A31J4BRFODOBMWQR0PFKY8,power_slug_yellow,BP_Crystal_mk2_C,529.321,1774.755,55.122,++FactoryGame+rel-main-anniversary-2026-CL-502094,2c1ba76bf6aeb7593d53fb8278c48df9a639f7002d1cc09eeb4024fb67406337
poi_502094_1301,power_slug_yellow,Persistent_Level:PersistentLevel.BP_Crystal_mk53_UAID_40B076DF2F79625301_2075930067,0X2A31J4BRFODOBMWQR0PFKY8,power_slug_yellow,BP_Crystal_mk2_C,646.344,1865.79,6.16,++FactoryGame+rel-main-anniversary-2026-CL-502094,2c1ba76bf6aeb7593d53fb8278c48df9a639f7002d1cc09eeb4024fb67406337
poi_502094_1302,power_slug_yellow,Persistent_Level:PersistentLevel.BP_Crystal_mk21_23,11MSWN6NQ4TW6L7DRTKESBKZM,power_slug_yellow,BP_Crystal_mk2_C,1138.554,469.879,123.054,++FactoryGame+rel-main-anniversary-2026-CL-502094,2c1ba76bf6aeb7593d53fb8278c48df9a639f7002d1cc09eeb4024fb67406337
poi_502094_1303,power_slug_yellow,Persistent_Level:PersistentLevel.BP_Crystal_mk2_C_20,12Y5BP25WR7GGRSE39L6FHOLS,power_slug_yellow,BP_Crystal_mk2_C,443.976,2153.753,-17.51,++FactoryGame+rel-main-anniversary-2026-CL-502094,2c1ba76bf6aeb7593d53fb8278c48df9a639f7002d1cc09eeb4024fb67406337
poi_502094_1304,power_slug_yellow,Persistent_Level:PersistentLevel.BP_Crystal_mk27_28,169UXRGGIBMFWLDU2L97JF3C9,power_slug_yellow,BP_Crystal_mk2_C,111.005,534.294,148.905,++FactoryGame+rel-main-anniversary-2026-CL-502094,2c1ba76bf6aeb7593d53fb8278c48df9a639f7002d1cc09eeb4024fb67406337
poi_502094_1305,power_slug_yellow,Persistent_Level:PersistentLevel.BP_Crystal_mk2_C_11,169UXRGGIBMFWLDU2L97JF3C9,power_slug_yellow,BP_Crystal_mk2_C,138.844,675.527,65.306,++FactoryGame+rel-main-anniversary-2026-CL-502094,2c1ba76bf6aeb7593d53fb8278c48df9a639f7002d1cc09eeb4024fb67406337
poi_502094_1306,power_slug_yellow,Persistent_Level:PersistentLevel.BP_Crystal_mk27_4,16N4GE4698TNSP8O9ANYKM3KL,power_slug_yellow,BP_Crystal_mk2_C,-808.541,973.395,15.209,++FactoryGame+rel-main-anniversary-2026-CL-502094,2c1ba76bf6aeb7593d53fb8278c48df9a639f7002d1cc09eeb4024fb67406337
poi_502094_1307,power_slug_yellow,Persistent_Level:PersistentLevel.BP_Crystal_mk2_C_45,16TS5SGLAB5OGQMHLQT1K027S,power_slug_yellow,BP_Crystal_mk2_C,2148.95,1846.15,91.65,++FactoryGame+rel-main-anniversary-2026-CL-502094,2c1ba76bf6aeb7593d53fb8278c48df9a639f7002d1cc09eeb4024fb67406337
poi_502094_1308,power_slug_yellow,Persistent_Level:PersistentLevel.BP_Crystal_C_UAID_04421A9713F0607801_2027765785,16Y8KWS4YN3G63KJFHT402YIL,power_slug_yellow,BP_Crystal_mk2_C,2276.32,374.74,172.05,++FactoryGame+rel-main-anniversary-2026-CL-502094,2c1ba76bf6aeb7593d53fb8278c48df9a639f7002d1cc09eeb4024fb67406337
poi_502094_1309,power_slug_yellow,Persistent_Level:PersistentLevel.BP_Crystal_mk2_3,17R28KVDFQ7MNZJNP8NV5JXHX,power_slug_yellow,BP_Crystal_mk2_C,-2117.92,485.373,66.564,++FactoryGame+rel-main-anniversary-2026-CL-502094,2c1ba76bf6aeb7593d53fb8278c48df9a639f7002d1cc09eeb4024fb67406337
poi_502094_1310,power_slug_yellow,Persistent_Level:PersistentLevel.BP_Crystal_mk2_C_UAID_04421A9713F0F37A01_1513905808,1B198QDSOEJ9XXTT8CAAJA7OA,power_slug_yellow,BP_Crystal_mk2_C,1427.69,-454.35,175.7,++FactoryGame+rel-main-anniversary-2026-CL-502094,2c1ba76bf6aeb7593d53fb8278c48df9a639f7002d1cc09eeb4024fb67406337
poi_502094_1311,power_slug_yellow,Persistent_Level:PersistentLevel.BP_Crystal_mk212_15,1BTPJARM9F186F3IR2WORTIHB,power_slug_yellow,BP_Crystal_mk2_C,-904.744,-1198.447,63.366,++FactoryGame+rel-main-anniversary-2026-CL-502094,2c1ba76bf6aeb7593d53fb8278c48df9a639f7002d1cc09eeb4024fb67406337
poi_502094_1312,power_slug_yellow,Persistent_Level:PersistentLevel.BP_Crystal_mk216_106,1EOCXFOLF1GR9SJYQ6V2IMTJX,power_slug_yellow,BP_Crystal_mk2_C,-599.825,-425.971,220.584,++FactoryGame+rel-main-anniversary-2026-CL-502094,2c1ba76bf6aeb7593d53fb8278c48df9a639f7002d1cc09eeb4024fb67406337
poi_502094_1313,power_slug_yellow,Persistent_Level:PersistentLevel.BP_Crystal_C_UAID_40B076DF2F79C56201_1257600332,1GRABAS36L32Y28NRKT3Q2YX4,power_slug_yellow,BP_Crystal_mk2_C,288.618,2040.359,-9.556,++FactoryGame+rel-main-anniversary-2026-CL-502094,2c1ba76bf6aeb7593d53fb8278c48df9a639f7002d1cc09eeb4024fb67406337
poi_502094_1314,power_slug_yellow,Persistent_Level:PersistentLevel.BP_Crystal_C_UAID_40B076DF2F79C66201_2074565511,1GRABAS36L32Y28NRKT3Q2YX4,power_slug_yellow,BP_Crystal_mk2_C,179.118,2072.719,-11.966,++FactoryGame+rel-main-anniversary-2026-CL-502094,2c1ba76bf6aeb7593d53fb8278c48df9a639f7002d1cc09eeb4024fb67406337
poi_502094_1315,power_slug_yellow,Persistent_Level:PersistentLevel.BP_Crystal_C_40,1HV28XR4NNA4Z5C08E7LC6S1M,power_slug_yellow,BP_Crystal_mk2_C,1838.59,-1048.98,54.04,++FactoryGame+rel-main-anniversary-2026-CL-502094,2c1ba76bf6aeb7593d53fb8278c48df9a639f7002d1cc09eeb4024fb67406337
poi_502094_1316,power_slug_yellow,Persistent_Level:PersistentLevel.BP_Crystal_mk2_C_25,1HV28XR4NNA4Z5C08E7LC6S1M,power_slug_yellow,BP_Crystal_mk2_C,1743.0,-942.66,80.96,++FactoryGame+rel-main-anniversary-2026-CL-502094,2c1ba76bf6aeb7593d53fb8278c48df9a639f7002d1cc09eeb4024fb67406337
poi_502094_1317,power_slug_yellow,Persistent_Level:PersistentLevel.BP_Crystal_mk93,1HV28XR4NNA4Z5C08E7LC6S1M,power_slug_yellow,BP_Crystal_mk2_C,1750.15,-1066.1,115.52,++FactoryGame+rel-main-anniversary-2026-CL-502094,2c1ba76bf6aeb7593d53fb8278c48df9a639f7002d1cc09eeb4024fb67406337
poi_502094_1318,power_slug_yellow,Persistent_Level:PersistentLevel.BP_Crystal_mk2_C_13,1I4N0ZD6R2ZZ8ACK07GEMKR7T,power_slug_yellow,BP_Crystal_mk2_C,622.448,1269.479,105.741,++FactoryGame+rel-main-anniversary-2026-CL-502094,2c1ba76bf6aeb7593d53fb8278c48df9a639f7002d1cc09eeb4024fb67406337
poi_502094_1319,power_slug_yellow,Persistent_Level:PersistentLevel.BP_Crystal_mk29_18,1JD1V2MTDWAIB874WFD7HEQJQ,power_slug_yellow,BP_Crystal_mk2_C,-1887.833,1701.134,-5.063,++FactoryGame+rel-main-anniversary-2026-CL-502094,2c1ba76bf6aeb7593d53fb8278c48df9a639f7002d1cc09eeb4024fb67406337
poi_502094_1320,power_slug_yellow,Persistent_Level:PersistentLevel.BP_Crystal_mk211_85,1KT8ZTFVIXKFKMYRZ1IK5ZZTZ,power_slug_yellow,BP_Crystal_mk2_C,-1564.264,-165.499,181.938,++FactoryGame+rel-main-anniversary-2026-CL-502094,2c1ba76bf6aeb7593d53fb8278c48df9a639f7002d1cc09eeb4024fb67406337
poi_502094_1321,power_slug_yellow,Persistent_Level:PersistentLevel.BP_Crystal_mk2_9,1KT8ZTFVIXKFKMYRZ1IK5ZZTZ,power_slug_yellow,BP_Crystal_mk2_C,-1551.612,-157.708,41.237,++FactoryGame+rel-main-anniversary-2026-CL-502094,2c1ba76bf6aeb7593d53fb8278c48df9a639f7002d1cc09eeb4024fb67406337
poi_502094_1322,power_slug_yellow,Persistent_Level:PersistentLevel.BP_Crystal_C_48,1NC4EE3Z1CCY9IM2ZBFTCU6KF,power_slug_yellow,BP_Crystal_mk2_C,1683.04,-627.49,123.27,++FactoryGame+rel-main-anniversary-2026-CL-502094,2c1ba76bf6aeb7593d53fb8278c48df9a639f7002d1cc09eeb4024fb67406337
poi_502094_1323,power_slug_yellow,Persistent_Level:PersistentLevel.BP_Crystal_mk30_12,1P769INAVF9EGI0MSYPHJE2QT,power_slug_yellow,BP_Crystal_mk2_C,1399.8,2134.85,53.5,++FactoryGame+rel-main-anniversary-2026-CL-502094,2c1ba76bf6aeb7593d53fb8278c48df9a639f7002d1cc09eeb4024fb67406337
poi_502094_1324,power_slug_yellow,Persistent_Level:PersistentLevel.BP_Crystal_mk2_C_UAID_04421A9713F071A401_1842127249,1PQ7FRCVAG4RLCU9QEB4PAQNB,power_slug_yellow,BP_Crystal_mk2_C,-1633.21,-1060.57,200.25,++FactoryGame+rel-main-anniversary-2026-CL-502094,2c1ba76bf6aeb7593d53fb8278c48df9a639f7002d1cc09eeb4024fb67406337
poi_502094_1325,power_slug_yellow,Persistent_Level:PersistentLevel.BP_Crystal_mk45_UAID_40B076DF2F79926001_1740797235,1PZDL73SVDH2253GGOKTIEQCS,power_slug_yellow,BP_Crystal_mk2_C,905.801,1642.212,2.461,++FactoryGame+rel-main-anniversary-2026-CL-502094,2c1ba76bf6aeb7593d53fb8278c48df9a639f7002d1cc09eeb4024fb67406337
poi_502094_1326,power_slug_yellow,Persistent_Level:PersistentLevel.BP_Crystal_mk80,1PZDL73SVDH2253GGOKTIEQCS,power_slug_yellow,BP_Crystal_mk2_C,858.147,1566.633,198.157,++FactoryGame+rel-main-anniversary-2026-CL-502094,2c1ba76bf6aeb7593d53fb8278c48df9a639f7002d1cc09eeb4024fb67406337
poi_502094_1327,power_slug_yellow,Persistent_Level:PersistentLevel.BP_Crystal_mk83,1PZDL73SVDH2253GGOKTIEQCS,power_slug_yellow,BP_Crystal_mk2_C,884.132,1650.205,72.988,++FactoryGame+rel-main-anniversary-2026-CL-502094,2c1ba76bf6aeb7593d53fb8278c48df9a639f7002d1cc09eeb4024fb67406337
poi_502094_1328,power_slug_yellow,Persistent_Level:PersistentLevel.BP_Crystal_mk84,1PZDL73SVDH2253GGOKTIEQCS,power_slug_yellow,BP_Crystal_mk2_C,873.028,1725.223,88.736,++FactoryGame+rel-main-anniversary-2026-CL-502094,2c1ba76bf6aeb7593d53fb8278c48df9a639f7002d1cc09eeb4024fb67406337
poi_502094_1329,power_slug_yellow,Persistent_Level:PersistentLevel.BP_Crystal_mk28_35,1RDHUYU7FUM60GUGIOLC631WZ,power_slug_yellow,BP_Crystal_mk2_C,2086.48,816.139,32.901,++FactoryGame+rel-main-anniversary-2026-CL-502094,2c1ba76bf6aeb7593d53fb8278c48df9a639f7002d1cc09eeb4024fb67406337
poi_502094_1330,power_slug_yellow,Persistent_Level:PersistentLevel.BP_Crystal_mk2_7,1REVAKUE2N0YQL7XPAVV4757C,power_slug_yellow,BP_Crystal_mk2_C,-2378.532,-207.086,-8.15,++FactoryGame+rel-main-anniversary-2026-CL-502094,2c1ba76bf6aeb7593d53fb8278c48df9a639f7002d1cc09eeb4024fb67406337
poi_502094_1331,power_slug_yellow,Persistent_Level:PersistentLevel.BP_Crystal_mk214_9,1TWA5NPCXEP5YQC9DQNVAL8KJ,power_slug_yellow,BP_Crystal_mk2_C,-1327.135,1334.56,64.571,++FactoryGame+rel-main-anniversary-2026-CL-502094,2c1ba76bf6aeb7593d53fb8278c48df9a639f7002d1cc09eeb4024fb67406337
poi_502094_1332,power_slug_yellow,Persistent_Level:PersistentLevel.BP_Crystal_mk48_2,1UUEVWWJUXT7RTR75QN0K2RMM,power_slug_yellow,BP_Crystal_mk2_C,-554.612,1682.85,60.417,++FactoryGame+rel-main-anniversary-2026-CL-502094,2c1ba76bf6aeb7593d53fb8278c48df9a639f7002d1cc09eeb4024fb67406337
poi_502094_1333,power_slug_yellow,Persistent_Level:PersistentLevel.BP_Crystal_C_UAID_40B076DF2F79C96201_1094933041,1VANSH8LBB1OHIHGOFVMYOS66,power_slug_yellow,BP_Crystal_mk2_C,94.451,2030.964,-11.512,++FactoryGame+rel-main-anniversary-2026-CL-502094,2c1ba76bf6aeb7593d53fb8278c48df9a639f7002d1cc09eeb4024fb67406337
poi_502094_1334,power_slug_yellow,Persistent_Level:PersistentLevel.BP_Crystal_C_UAID_04421A9713F0767801_1471881678,1Y776OX69M13V97JAIWB3CVTT,power_slug_yellow,BP_Crystal_mk2_C,1281.92,44.93,178.61,++FactoryGame+rel-main-anniversary-2026-CL-502094,2c1ba76bf6aeb7593d53fb8278c48df9a639f7002d1cc09eeb4024fb67406337
poi_502094_1335,power_slug_yellow,Persistent_Level:PersistentLevel.BP_Crystal_mk2_C_UAID_04421A9713F0F87A01_1248874721,1ZLOTYTKX3AI7E0G8361TIGVA,power_slug_yellow,BP_Crystal_mk2_C,1870.02,268.96,136.48,++FactoryGame+rel-main-anniversary-2026-CL-502094,2c1ba76bf6aeb7593d53fb8278c48df9a639f7002d1cc09eeb4024fb67406337
poi_502094_1336,power_slug_yellow,Persistent_Level:PersistentLevel.BP_Crystal_mk214_88,247QLW6F2B1OFRR25VEVTR2WU,power_slug_yellow,BP_Crystal_mk2_C,-1324.301,42.252,228.798,++FactoryGame+rel-main-anniversary-2026-CL-502094,2c1ba76bf6aeb7593d53fb8278c48df9a639f7002d1cc09eeb4024fb67406337
poi_502094_1337,power_slug_yellow,Persistent_Level:PersistentLevel.BP_Crystal_mk2_4,2DKA3NYZ4OONXKZ65VC83ZY4Q,power_slug_yellow,BP_Crystal_mk2_C,-2325.668,735.222,11.105,++FactoryGame+rel-main-anniversary-2026-CL-502094,2c1ba76bf6aeb7593d53fb8278c48df9a639f7002d1cc09eeb4024fb67406337
poi_502094_1338,power_slug_yellow,Persistent_Level:PersistentLevel.BP_Crystal_mk24_23,2HB76YYKJJ4QS20T3EC3TKJ0Z,power_slug_yellow,BP_Crystal_mk2_C,-1048.469,-636.939,215.119,++FactoryGame+rel-main-anniversary-2026-CL-502094,2c1ba76bf6aeb7593d53fb8278c48df9a639f7002d1cc09eeb4024fb67406337
poi_502094_1339,power_slug_yellow,Persistent_Level:PersistentLevel.BP_Crystal_mk211_9,2JNBDBX51W78PE3RP6RKVN24S,power_slug_yellow,BP_Crystal_mk2_C,-1631.382,-915.183,-2.069,++FactoryGame+rel-main-anniversary-2026-CL-502094,2c1ba76bf6aeb7593d53fb8278c48df9a639f7002d1cc09eeb4024fb67406337
poi_502094_1340,power_slug_yellow,Persistent_Level:PersistentLevel.BP_Crystal_mk2_C_UAID_04421A9713F0E85F01_1744709315,2KCXRX17LKEC1Q83K6VT8JZOV,power_slug_yellow,BP_Crystal_mk2_C,2146.32,2194.24,295.64,++FactoryGame+rel-main-anniversary-2026-CL-502094,2c1ba76bf6aeb7593d53fb8278c48df9a639f7002d1cc09eeb4024fb67406337
poi_502094_1341,power_slug_yellow,Persistent_Level:PersistentLevel.BP_Crystal_C_UAID_04421A9713F0B47301_1731763291,2LWO9WDXX80LKF4E23P6GL887,power_slug_yellow,BP_Crystal_mk2_C,747.76,-281.78,120.92,++FactoryGame+rel-main-anniversary-2026-CL-502094,2c1ba76bf6aeb7593d53fb8278c48df9a639f7002d1cc09eeb4024fb67406337
poi_502094_1342,power_slug_yellow,Persistent_Level:PersistentLevel.BP_Crystal_C_UAID_04421A9713F0B47301_1859830293,2LWO9WDXX80LKF4E23P6GL887,power_slug_yellow,BP_Crystal_mk2_C,891.82,-145.41,178.65,++FactoryGame+rel-main-anniversary-2026-CL-502094,2c1ba76bf6aeb7593d53fb8278c48df9a639f7002d1cc09eeb4024fb67406337
poi_502094_1343,power_slug_yellow,Persistent_Level:PersistentLevel.BP_Crystal_mk3_C_UAID_04421A9713F0EE7A01_1112899902,2LWO9WDXX80LKF4E23P6GL887,power_slug_yellow,BP_Crystal_mk2_C,827.57,-226.23,218.09,++FactoryGame+rel-main-anniversary-2026-CL-502094,2c1ba76bf6aeb7593d53fb8278c48df9a639f7002d1cc09eeb4024fb67406337
poi_502094_1344,power_slug_yellow,Persistent_Level:PersistentLevel.BP_Crystal_mk2_C_28,2QKZ6A3S53BEARTWVZ743AMRP,power_slug_yellow,BP_Crystal_mk2_C,1398.844,702.812,31.537,++FactoryGame+rel-main-anniversary-2026-CL-502094,2c1ba76bf6aeb7593d53fb8278c48df9a639f7002d1cc09eeb4024fb67406337
poi_502094_1345,power_slug_yellow,Persistent_Level:PersistentLevel.BP_Crystal_mk7,2QXUUCBT4WP80MH27P730DZXI,power_slug_yellow,BP_Crystal_mk2_C,-176.123,2032.134,18.343,++FactoryGame+rel-main-anniversary-2026-CL-502094,2c1ba76bf6aeb7593d53fb8278c48df9a639f7002d1cc09eeb4024fb67406337
poi_502094_1346,power_slug_yellow,Persistent_Level:PersistentLevel.BP_Crystal_mk2_C_UAID_04421A9713F0855B01_1620780674,2T9OGPEYD5G0FJFNJD3AB74IS,power_slug_yellow,BP_Crystal_mk2_C,1622.72,2341.32,8.1,++FactoryGame+rel-main-anniversary-2026-CL-502094,2c1ba76bf6aeb7593d53fb8278c48df9a639f7002d1cc09eeb4024fb67406337
poi_502094_1347,power_slug_yellow,Persistent_Level:PersistentLevel.BP_Crystal_mk2_C_UAID_04421A9713F0865B01_1135287853,2T9OGPEYD5G0FJFNJD3AB74IS,power_slug_yellow,BP_Crystal_mk2_C,1735.71,2336.79,114.94,++FactoryGame+rel-main-anniversary-2026-CL-502094,2c1ba76bf6aeb7593d53fb8278c48df9a639f7002d1cc09eeb4024fb67406337
poi_502094_1348,power_slug_yellow,Persistent_Level:PersistentLevel.BP_Crystal_mk6_2,2TOE2NTV2NIE70BE8YNT915HI,power_slug_yellow,BP_Crystal_mk2_C,1903.39,2638.88,43.34,++FactoryGame+rel-main-anniversary-2026-CL-502094,2c1ba76bf6aeb7593d53fb8278c48df9a639f7002d1cc09eeb4024fb67406337
poi_502094_1349,power_slug_yellow,Persistent_Level:PersistentLevel.BP_Crystal_mk210_19,2U697QH7XF9W42SPFV8AOZJL8,power_slug_yellow,BP_Crystal_mk2_C,-2000.427,1237.46,17.625,++FactoryGame+rel-main-anniversary-2026-CL-502094,2c1ba76bf6aeb7593d53fb8278c48df9a639f7002d1cc09eeb4024fb67406337
poi_502094_1350,power_slug_yellow,Persistent_Level:PersistentLevel.BP_Crystal_mk29_37,2UBUQ11WG22HVCDJ8VGN2S2WZ,power_slug_yellow,BP_Crystal_mk2_C,1789.693,910.03,91.774,++FactoryGame+rel-main-anniversary-2026-CL-502094,2c1ba76bf6aeb7593d53fb8278c48df9a639f7002d1cc09eeb4024fb67406337
poi_502094_1351,power_slug_yellow,Persistent_Level:PersistentLevel.BP_Crystal_mk45_UAID_40B076DF2F790F6201_1607312289,2YK31CJ3HXEJDBOFQC1HW9QNI,power_slug_yellow,BP_Crystal_mk2_C,1229.844,2154.754,-12.16,++FactoryGame+rel-main-anniversary-2026-CL-502094,2c1ba76bf6aeb7593d53fb8278c48df9a639f7002d1cc09eeb4024fb67406337
poi_502094_1352,power_slug_yellow,Persistent_Level:PersistentLevel.BP_Crystal_mk226,2ZP0NU62AMIYX8Y9OBLVODLYD,power_slug_yellow,BP_Crystal_mk2_C,2501.301,-113.526,-12.046,++FactoryGame+rel-main-anniversary-2026-CL-502094,2c1ba76bf6aeb7593d53fb8278c48df9a639f7002d1cc09eeb4024fb67406337
poi_502094_1353,power_slug_yellow,Persistent_Level:PersistentLevel.BP_Crystal_mk53_UAID_40B076DF2F79615301_1537373889,35FREVCSCPBGZNDX6IR8ODX73,power_slug_yellow,BP_Crystal_mk2_C,-275.956,2499.82,6.238,++FactoryGame+rel-main-anniversary-2026-CL-502094,2c1ba76bf6aeb7593d53fb8278c48df9a639f7002d1cc09eeb4024fb67406337
poi_502094_1354,power_slug_yellow,Persistent_Level:PersistentLevel.BP_Crystal_C_UAID_04421A9713F05F7801_1738752601,36Y6EBK5ARXAZ8VXV7RR1SH9A,power_slug_yellow,BP_Crystal_mk2_C,2459.19,121.33,93.74,++FactoryGame+rel-main-anniversary-2026-CL-502094,2c1ba76bf6aeb7593d53fb8278c48df9a639f7002d1cc09eeb4024fb67406337
poi_502094_1355,power_slug_yellow,Persistent_Level:PersistentLevel.BP_Crystal_mk24_26,37B6JYD04RVAPA8RS3XL8LB5M,power_slug_yellow,BP_Crystal_mk2_C,-204.263,-72.569,253.655,++FactoryGame+rel-main-anniversary-2026-CL-502094,2c1ba76bf6aeb7593d53fb8278c48df9a639f7002d1cc09eeb4024fb67406337
poi_502094_1356,power_slug_yellow,Persistent_Level:PersistentLevel.BP_Crystal_mk25_19,37B6JYD04RVAPA8RS3XL8LB5M,power_slug_yellow,BP_Crystal_mk2_C,-209.051,94.284,216.018,++FactoryGame+rel-main-anniversary-2026-CL-502094,2c1ba76bf6aeb7593d53fb8278c48df9a639f7002d1cc09eeb4024fb67406337
poi_502094_1357,power_slug_yellow,Persistent_Level:PersistentLevel.BP_Crystal_C_UAID_40B076DF2F79CB6201_2127484397,38JA2U6D4S2FBJ4FZO5UAFRV7,power_slug_yellow,BP_Crystal_mk2_C,-348.369,2224.614,-13.892,++FactoryGame+rel-main-anniversary-2026-CL-502094,2c1ba76bf6aeb7593d53fb8278c48df9a639f7002d1cc09eeb4024fb67406337
poi_502094_1358,power_slug_yellow,Persistent_Level:PersistentLevel.BP_Crystal_mk53,38JA2U6D4S2FBJ4FZO5UAFRV7,power_slug_yellow,BP_Crystal_mk2_C,-493.506,2286.13,44.738,++FactoryGame+rel-main-anniversary-2026-CL-502094,2c1ba76bf6aeb7593d53fb8278c48df9a639f7002d1cc09eeb4024fb67406337
poi_502094_1359,power_slug_yellow,Persistent_Level:PersistentLevel.BP_Crystal_mk2_C_39,39TNKS313CPLAGFUXSOFM7EP4,power_slug_yellow,BP_Crystal_mk2_C,2141.485,-119.609,0.305,++FactoryGame+rel-main-anniversary-2026-CL-502094,2c1ba76bf6aeb7593d53fb8278c48df9a639f7002d1cc09eeb4024fb67406337
poi_502094_1360,power_slug_yellow,Persistent_Level:PersistentLevel.BP_Crystal_mk2_C_43,39TNKS313CPLAGFUXSOFM7EP4,power_slug_yellow,BP_Crystal_mk2_C,2079.892,-277.197,3.076,++FactoryGame+rel-main-anniversary-2026-CL-502094,2c1ba76bf6aeb7593d53fb8278c48df9a639f7002d1cc09eeb4024fb67406337
poi_502094_1361,power_slug_yellow,Persistent_Level:PersistentLevel.BP_Crystal_mk2_C_UAID_04421A9713F0F67A01_1953261355,39TNKS313CPLAGFUXSOFM7EP4,power_slug_yellow,BP_Crystal_mk2_C,1953.17,-150.85,103.26,++FactoryGame+rel-main-anniversary-2026-CL-502094,2c1ba76bf6aeb7593d53fb8278c48df9a639f7002d1cc09eeb4024fb67406337
poi_502094_1362,power_slug_yellow,Persistent_Level:PersistentLevel.BP_Crystal_mk2_C_UAID_04421A9713F06D5201_1177233968,39XBJ14ZM8DO1C7V5PXPLYUMH,power_slug_yellow,BP_Crystal_mk2_C,1536.93,1510.03,256.3,++FactoryGame+rel-main-anniversary-2026-CL-502094,2c1ba76bf6aeb7593d53fb8278c48df9a639f7002d1cc09eeb4024fb67406337
poi_502094_1363,power_slug_yellow,Persistent_Level:PersistentLevel.BP_Crystal_mk2_C_UAID_04421A9713F03F7B01_1398535141,3AIP3ZQWAIB10GWEBRSJ0BIH3,power_slug_yellow,BP_Crystal_mk2_C,1347.57,-146.09,170.75,++FactoryGame+rel-main-anniversary-2026-CL-502094,2c1ba76bf6aeb7593d53fb8278c48df9a639f7002d1cc09eeb4024fb67406337
poi_502094_1364,power_slug_yellow,Persistent_Level:PersistentLevel.BP_Crystal_mk2_C_UAID_04421A9713F0F37A01_1199794805,3AIP3ZQWAIB10GWEBRSJ0BIH3,power_slug_yellow,BP_Crystal_mk2_C,1370.14,-282.09,119.57,++FactoryGame+rel-main-anniversary-2026-CL-502094,2c1ba76bf6aeb7593d53fb8278c48df9a639f7002d1cc09eeb4024fb67406337
poi_502094_1365,power_slug_yellow,Persistent_Level:PersistentLevel.BP_Crystal_mk23_14,3BB631B9915ZH3AOQ4IJDGZ61,power_slug_yellow,BP_Crystal_mk2_C,-468.709,576.342,160.76,++FactoryGame+rel-main-anniversary-2026-CL-502094,2c1ba76bf6aeb7593d53fb8278c48df9a639f7002d1cc09eeb4024fb67406337
poi_502094_1366,power_slug_yellow,Persistent_Level:PersistentLevel.BP_Crystal_mk25_1,3DYTQTAGEDS3V559KTDW4L65R,power_slug_yellow,BP_Crystal_mk2_C,-647.141,1290.567,38.044,++FactoryGame+rel-main-anniversary-2026-CL-502094,2c1ba76bf6aeb7593d53fb8278c48df9a639f7002d1cc09eeb4024fb67406337
poi_502094_1367,power_slug_yellow,Persistent_Level:PersistentLevel.BP_Crystal_mk223_7,3FVDBATRL2RVJWBOO3ZR9H1O8,power_slug_yellow,BP_Crystal_mk2_C,3091.314,-151.064,34.681,++FactoryGame+rel-main-anniversary-2026-CL-502094,2c1ba76bf6aeb7593d53fb8278c48df9a639f7002d1cc09eeb4024fb67406337
poi_502094_1368,power_slug_yellow,Persistent_Level:PersistentLevel.BP_Crystal_mk2_C_UAID_04421A9713F0357B01_1376513381,3IDO1OGP1J1NDB82JDV64TON1,power_slug_yellow,BP_Crystal_mk2_C,2215.11,524.36,161.65,++FactoryGame+rel-main-anniversary-2026-CL-502094,2c1ba76bf6aeb7593d53fb8278c48df9a639f7002d1cc09eeb4024fb67406337
poi_502094_1369,power_slug_yellow,Persistent_Level:PersistentLevel.BP_Crystal_mk54,3PDTMYAN8MBIRP89T5BFDC2MD,power_slug_yellow,BP_Crystal_mk2_C,-286.578,1737.85,97.235,++FactoryGame+rel-main-anniversary-2026-CL-502094,2c1ba76bf6aeb7593d53fb8278c48df9a639f7002d1cc09eeb4024fb67406337
poi_502094_1370,power_slug_yellow,Persistent_Level:PersistentLevel.BP_Crystal_mk29,3QLBQWN4PESBMR4RL8KB0593H,power_slug_yellow,BP_Crystal_mk2_C,-557.054,-2503.035,-19.644,++FactoryGame+rel-main-anniversary-2026-CL-502094,2c1ba76bf6aeb7593d53fb8278c48df9a639f7002d1cc09eeb4024fb67406337
poi_502094_1371,power_slug_yellow,Persistent_Level:PersistentLevel.BP_Crystal_mk75_5,3YD2PNWN9OR7FWGQAMKI7ZFLV,power_slug_yellow,BP_Crystal_mk2_C,1584.9,1654.77,158.0,++FactoryGame+rel-main-anniversary-2026-CL-502094,2c1ba76bf6aeb7593d53fb8278c48df9a639f7002d1cc09eeb4024fb67406337
poi_502094_1372,power_slug_yellow,Persistent_Level:PersistentLevel.BP_Crystal_mk2_C_27,3YPSNWXKC7X17B3N9TD0DFGLJ,power_slug_yellow,BP_Crystal_mk2_C,1048.827,329.46,140.882,++FactoryGame+rel-main-anniversary-2026-CL-502094,2c1ba76bf6aeb7593d53fb8278c48df9a639f7002d1cc09eeb4024fb67406337
poi_502094_1373,power_slug_yellow,Persistent_Level:PersistentLevel.BP_Crystal_mk22_14,41NAZ2752JTFZGRHEIT1NUKML,power_slug_yellow,BP_Crystal_mk2_C,2869.544,2880.598,229.849,++FactoryGame+rel-main-anniversary-2026-CL-502094,2c1ba76bf6aeb7593d53fb8278c48df9a639f7002d1cc09eeb4024fb67406337
poi_502094_1374,power_slug_yellow,Persistent_Level:PersistentLevel.BP_Crystal_mk22_2,41NAZ2752JTFZGRHEIT1NUKML,power_slug_yellow,BP_Crystal_mk2_C,2965.508,2883.705,180.583,++FactoryGame+rel-main-anniversary-2026-CL-502094,2c1ba76bf6aeb7593d53fb8278c48df9a639f7002d1cc09eeb4024fb67406337
poi_502094_1375,power_slug_yellow,Persistent_Level:PersistentLevel.BP_Crystal_mk23_15,41NAZ2752JTFZGRHEIT1NUKML,power_slug_yellow,BP_Crystal_mk2_C,2806.012,2866.888,16.324,++FactoryGame+rel-main-anniversary-2026-CL-502094,2c1ba76bf6aeb7593d53fb8278c48df9a639f7002d1cc09eeb4024fb67406337
poi_502094_1376,power_slug_yellow,Persistent_Level:PersistentLevel.BP_Crystal_mk2_C_46,41NAZ2752JTFZGRHEIT1NUKML,power_slug_yellow,BP_Crystal_mk2_C,2837.879,2786.779,16.921,++FactoryGame+rel-main-anniversary-2026-CL-502094,2c1ba76bf6aeb7593d53fb8278c48df9a639f7002d1cc09eeb4024fb67406337
poi_502094_1377,power_slug_yellow,Persistent_Level:PersistentLevel.BP_Crystal_mk212_16,436DMJENTCHK16XL5IPWSXFDF,power_slug_yellow,BP_Crystal_mk2_C,-188.711,-423.472,269.23,++FactoryGame+rel-main-anniversary-2026-CL-502094,2c1ba76bf6aeb7593d53fb8278c48df9a639f7002d1cc09eeb4024fb67406337
poi_502094_1378,power_slug_yellow,Persistent_Level:PersistentLevel.BP_Crystal_mk26_36,45KOVUOHV9QVREC8971T46W3I,power_slug_yellow,BP_Crystal_mk2_C,926.889,-1127.259,108.734,++FactoryGame+rel-main-anniversary-2026-CL-502094,2c1ba76bf6aeb7593d53fb8278c48df9a639f7002d1cc09eeb4024fb67406337
poi_502094_1379,power_slug_yellow,Persistent_Level:PersistentLevel.BP_Crystal_mk52,46B9GAZHXZGF8DE5L562IFXO2,power_slug_yellow,BP_Crystal_mk2_C,-548.803,2144.242,59.141,++FactoryGame+rel-main-anniversary-2026-CL-502094,2c1ba76bf6aeb7593d53fb8278c48df9a639f7002d1cc09eeb4024fb67406337
poi_502094_1380,power_slug_yellow,Persistent_Level:PersistentLevel.BP_Crystal_mk53_UAID_40B076DF2F79F55801_1917538208,46B9GAZHXZGF8DE5L562IFXO2,power_slug_yellow,BP_Crystal_mk2_C,-517.472,2080.208,24.318,++FactoryGame+rel-main-anniversary-2026-CL-502094,2c1ba76bf6aeb7593d53fb8278c48df9a639f7002d1cc09eeb4024fb67406337
poi_502094_1381,power_slug_yellow,Persistent_Level:PersistentLevel.BP_Crystal_mk2_C_12,46Z2QPKUS88RPDA82467DS8R1,power_slug_yellow,BP_Crystal_mk2_C,867.811,1112.327,96.981,++FactoryGame+rel-main-anniversary-2026-CL-502094,2c1ba76bf6aeb7593d53fb8278c48df9a639f7002d1cc09eeb4024fb67406337
poi_502094_1382,power_slug_yellow,Persistent_Level:PersistentLevel.BP_Crystal_mk23_2,4C5LP7JZFQ0Y2FIL0EGBPD1WI,power_slug_yellow,BP_Crystal_mk2_C,223.354,-1825.344,-77.47,++FactoryGame+rel-main-anniversary-2026-CL-502094,2c1ba76bf6aeb7593d53fb8278c48df9a639f7002d1cc09eeb4024fb67406337
poi_502094_1383,power_slug_yellow,Persistent_Level:PersistentLevel.BP_Crystal_mk2_C_5,4C5LP7JZFQ0Y2FIL0EGBPD1WI,power_slug_yellow,BP_Crystal_mk2_C,203.018,-1922.372,184.12,++FactoryGame+rel-main-anniversary-2026-CL-502094,2c1ba76bf6aeb7593d53fb8278c48df9a639f7002d1cc09eeb4024fb67406337
poi_502094_1384,power_slug_yellow,Persistent_Level:PersistentLevel.BP_Crystal_mk22_10,4D1OZ82HGG3VKJE00WDDZH6NK,power_slug_yellow,BP_Crystal_mk2_C,-2561.605,-1153.315,-6.343,++FactoryGame+rel-main-anniversary-2026-CL-502094,2c1ba76bf6aeb7593d53fb8278c48df9a639f7002d1cc09eeb4024fb67406337
poi_502094_1385,power_slug_yellow,Persistent_Level:PersistentLevel.BP_Crystal_C_66,4L5W3OPPMIN8IKH7VGL7XJYFB,power_slug_yellow,BP_Crystal_mk2_C,2468.88,-1505.8,94.2,++FactoryGame+rel-main-anniversary-2026-CL-502094,2c1ba76bf6aeb7593d53fb8278c48df9a639f7002d1cc09eeb4024fb67406337
poi_502094_1386,power_slug_yellow,Persistent_Level:PersistentLevel.BP_Crystal_mk23_23,4L5W3OPPMIN8IKH7VGL7XJYFB,power_slug_yellow,BP_Crystal_mk2_C,2546.854,-1353.772,-34.153,++FactoryGame+rel-main-anniversary-2026-CL-502094,2c1ba76bf6aeb7593d53fb8278c48df9a639f7002d1cc09eeb4024fb67406337
poi_502094_1387,power_slug_yellow,Persistent_Level:PersistentLevel.BP_Crystal_mk72_11,4L5W3OPPMIN8IKH7VGL7XJYFB,power_slug_yellow,BP_Crystal_mk2_C,2383.14,-1333.85,123.25,++FactoryGame+rel-main-anniversary-2026-CL-502094,2c1ba76bf6aeb7593d53fb8278c48df9a639f7002d1cc09eeb4024fb67406337
poi_502094_1388,power_slug_yellow,Persistent_Level:PersistentLevel.BP_Crystal_mk26_91,4LV4KSB5RR64W0BAOEQY0JU7G,power_slug_yellow,BP_Crystal_mk2_C,2051.275,-744.01,46.863,++FactoryGame+rel-main-anniversary-2026-CL-502094,2c1ba76bf6aeb7593d53fb8278c48df9a639f7002d1cc09eeb4024fb67406337
poi_502094_1389,power_slug_yellow,Persistent_Level:PersistentLevel.BP_Crystal_mk49,4NZU8W6GOXZABI9LN6HFVWQAY,power_slug_yellow,BP_Crystal_mk2_C,-664.897,1756.52,103.202,++FactoryGame+rel-main-anniversary-2026-CL-502094,2c1ba76bf6aeb7593d53fb8278c48df9a639f7002d1cc09eeb4024fb67406337
poi_502094_1390,power_slug_yellow,Persistent_Level:PersistentLevel.BP_Crystal_mk49_UAID_40B076DF2F79955F01_1622838761,4NZU8W6GOXZABI9LN6HFVWQAY,power_slug_yellow,BP_Crystal_mk2_C,-599.697,1903.31,86.602,++FactoryGame+rel-main-anniversary-2026-CL-502094,2c1ba76bf6aeb7593d53fb8278c48df9a639f7002d1cc09eeb4024fb67406337
poi_502094_1391,power_slug_yellow,Persistent_Level:PersistentLevel.BP_Crystal_mk6,4NZU8W6GOXZABI9LN6HFVWQAY,power_slug_yellow,BP_Crystal_mk2_C,-550.526,1853.32,64.435,++FactoryGame+rel-main-anniversary-2026-CL-502094,2c1ba76bf6aeb7593d53fb8278c48df9a639f7002d1cc09eeb4024fb67406337
poi_502094_1392,power_slug_yellow,Persistent_Level:PersistentLevel.BP_Crystal_mk24_16,4P5GAUADJ4T13LMJ6IRNWHNBD,power_slug_yellow,BP_Crystal_mk2_C,2980.374,591.785,70.963,++FactoryGame+rel-main-anniversary-2026-CL-502094,2c1ba76bf6aeb7593d53fb8278c48df9a639f7002d1cc09eeb4024fb67406337
poi_502094_1393,power_slug_yellow,Persistent_Level:PersistentLevel.BP_Crystal_mk2_C_UAID_04421A9713F0156301_1720971459,4U16D7OBRSOBFAAQN6OSY6RU7,power_slug_yellow,BP_Crystal_mk2_C,1783.65,-1173.8,129.8,++FactoryGame+rel-main-anniversary-2026-CL-502094,2c1ba76bf6aeb7593d53fb8278c48df9a639f7002d1cc09eeb4024fb67406337
poi_502094_1394,power_slug_yellow,Persistent_Level:PersistentLevel.BP_Crystal_mk88,4U16D7OBRSOBFAAQN6OSY6RU7,power_slug_yellow,BP_Crystal_mk2_C,1746.57,-1299.03,163.34,++FactoryGame+rel-main-anniversary-2026-CL-502094,2c1ba76bf6aeb7593d53fb8278c48df9a639f7002d1cc09eeb4024fb67406337
poi_502094_1395,power_slug_yellow,Persistent_Level:PersistentLevel.BP_Crystal_mk94,4U16D7OBRSOBFAAQN6OSY6RU7,power_slug_yellow,BP_Crystal_mk2_C,1843.21,-1310.52,159.02,++FactoryGame+rel-main-anniversary-2026-CL-502094,2c1ba76bf6aeb7593d53fb8278c48df9a639f7002d1cc09eeb4024fb67406337
poi_502094_1396,power_slug_yellow,Persistent_Level:PersistentLevel.BP_Crystal_mk75_2,4U9TA1DBVMVT2L2U8CTNXDC05,power_slug_yellow,BP_Crystal_mk2_C,2286.6,-1336.83,-57.41,++FactoryGame+rel-main-anniversary-2026-CL-502094,2c1ba76bf6aeb7593d53fb8278c48df9a639f7002d1cc09eeb4024fb67406337
poi_502094_1397,power_slug_yellow,Persistent_Level:PersistentLevel.BP_Crystal_mk2_C_UAID_04421A9713F0595301_1302912499,4UF1VFL3XHULB4L6SARUH3Z59,power_slug_yellow,BP_Crystal_mk2_C,1520.14,2835.55,29.76,++FactoryGame+rel-main-anniversary-2026-CL-502094,2c1ba76bf6aeb7593d53fb8278c48df9a639f7002d1cc09eeb4024fb67406337
poi_502094_1398,power_slug_yellow,Persistent_Level:PersistentLevel.BP_Crystal_mk2_C_UAID_04421A9713F0EE7A01_1935774906,51RJJ5B514PFPFP2MP7CJ7WY9,power_slug_yellow,BP_Crystal_mk2_C,1100.69,-123.51,210.5,++FactoryGame+rel-main-anniversary-2026-CL-502094,2c1ba76bf6aeb7593d53fb8278c48df9a639f7002d1cc09eeb4024fb67406337
poi_502094_1399,power_slug_yellow,Persistent_Level:PersistentLevel.BP_Crystal_mk210_0,54U85HWV354F79ED2WXQPYIUG,power_slug_yellow,BP_Crystal_mk2_C,-413.15,-827.668,273.011,++FactoryGame+rel-main-anniversary-2026-CL-502094,2c1ba76bf6aeb7593d53fb8278c48df9a639f7002d1cc09eeb4024fb67406337
poi_502094_1400,power_slug_yellow,Persistent_Level:PersistentLevel.BP_Crystal_mk211_15,57DZUJI0BTI1QVIDG9YS5HGLI,power_slug_yellow,BP_Crystal_mk2_C,182.473,-883.324,248.139,++FactoryGame+rel-main-anniversary-2026-CL-502094,2c1ba76bf6aeb7593d53fb8278c48df9a639f7002d1cc09eeb4024fb67406337
poi_502094_1401,power_slug_yellow,Persistent_Level:PersistentLevel.BP_Crystal_mk2_5,5BXKQFQZ2OQ0HHS5UJ59QWITW,power_slug_yellow,BP_Crystal_mk2_C,-1401.191,153.837,104.269,++FactoryGame+rel-main-anniversary-2026-CL-502094,2c1ba76bf6aeb7593d53fb8278c48df9a639f7002d1cc09eeb4024fb67406337
poi_502094_1402,power_slug_yellow,Persistent_Level:PersistentLevel.BP_Crystal_mk25_26,5CPLFSL53T8CJJYI8JOBJREDF,power_slug_yellow,BP_Crystal_mk2_C,659.353,17.044,134.964,++FactoryGame+rel-main-anniversary-2026-CL-502094,2c1ba76bf6aeb7593d53fb8278c48df9a639f7002d1cc09eeb4024fb67406337
poi_502094_1403,power_slug_yellow,Persistent_Level:PersistentLevel.BP_Crystal_mk2_1,5D18LGHY9DZIHXZ66KQZ9OLUR,power_slug_yellow,BP_Crystal_mk2_C,-2802.275,293.358,29.44,++FactoryGame+rel-main-anniversary-2026-CL-502094,2c1ba76bf6aeb7593d53fb8278c48df9a639f7002d1cc09eeb4024fb67406337
poi_502094_1404,power_slug_yellow,Persistent_Level:PersistentLevel.BP_Crystal_mk21,5DTDVMJE226X4RC4RXBQL4DZ1,power_slug_yellow,BP_Crystal_mk2_C,-1265.174,-1693.45,-57.13,++FactoryGame+rel-main-anniversary-2026-CL-502094,2c1ba76bf6aeb7593d53fb8278c48df9a639f7002d1cc09eeb4024fb67406337
poi_502094_1405,power_slug_yellow,Persistent_Level:PersistentLevel.BP_Crystal_mk2_C_UAID_04421A9713F07F5B01_2043697625,5FNJHCZYFIIET9A9YQL2BODM8,power_slug_yellow,BP_Crystal_mk2_C,1166.87,1728.44,59.54,++FactoryGame+rel-main-anniversary-2026-CL-502094,2c1ba76bf6aeb7593d53fb8278c48df9a639f7002d1cc09eeb4024fb67406337
poi_502094_1406,power_slug_yellow,Persistent_Level:PersistentLevel.BP_Crystal_mk2_C_UAID_04421A9713F0815B01_1488038982,5FNJHCZYFIIET9A9YQL2BODM8,power_slug_yellow,BP_Crystal_mk2_C,1256.81,1561.74,52.59,++FactoryGame+rel-main-anniversary-2026-CL-502094,2c1ba76bf6aeb7593d53fb8278c48df9a639f7002d1cc09eeb4024fb67406337
poi_502094_1407,power_slug_yellow,Persistent_Level:PersistentLevel.BP_Crystal_mk2_C_UAID_04421A9713F0825B01_1335318165,5FNJHCZYFIIET9A9YQL2BODM8,power_slug_yellow,BP_Crystal_mk2_C,1149.92,1641.53,74.42,++FactoryGame+rel-main-anniversary-2026-CL-502094,2c1ba76bf6aeb7593d53fb8278c48df9a639f7002d1cc09eeb4024fb67406337
poi_502094_1408,power_slug_yellow,Persistent_Level:PersistentLevel.BP_Crystal_mk63,5FNJHCZYFIIET9A9YQL2BODM8,power_slug_yellow,BP_Crystal_mk2_C,1276.05,1680.5,76.6,++FactoryGame+rel-main-anniversary-2026-CL-502094,2c1ba76bf6aeb7593d53fb8278c48df9a639f7002d1cc09eeb4024fb67406337
poi_502094_1409,power_slug_yellow,Persistent_Level:PersistentLevel.BP_Crystal_mk23_11,5HHJWKQ4D5HK4Q2PQW00AN360,power_slug_yellow,BP_Crystal_mk2_C,-2166.27,-1277.903,-7.789,++FactoryGame+rel-main-anniversary-2026-CL-502094,2c1ba76bf6aeb7593d53fb8278c48df9a639f7002d1cc09eeb4024fb67406337
poi_502094_1410,power_slug_yellow,Persistent_Level:PersistentLevel.BP_Crystal_mk24_17,5J93KTUXR5KFDZHEQNREWU9K9,power_slug_yellow,BP_Crystal_mk2_C,2417.579,3024.668,25.064,++FactoryGame+rel-main-anniversary-2026-CL-502094,2c1ba76bf6aeb7593d53fb8278c48df9a639f7002d1cc09eeb4024fb67406337
poi_502094_1411,power_slug_yellow,Persistent_Level:PersistentLevel.BP_Crystal_mk218,5M0409D7G44D847WK8Q86OMQI,power_slug_yellow,BP_Crystal_mk2_C,-515.259,-557.507,246.33,++FactoryGame+rel-main-anniversary-2026-CL-502094,2c1ba76bf6aeb7593d53fb8278c48df9a639f7002d1cc09eeb4024fb67406337
poi_502094_1412,power_slug_yellow,Persistent_Level:PersistentLevel.BP_Crystal_mk26_81,5M0409D7G44D847WK8Q86OMQI,power_slug_yellow,BP_Crystal_mk2_C,-644.027,-512.256,207.487,++FactoryGame+rel-main-anniversary-2026-CL-502094,2c1ba76bf6aeb7593d53fb8278c48df9a639f7002d1cc09eeb4024fb67406337
poi_502094_1413,power_slug_yellow,Persistent_Level:PersistentLevel.BP_Crystal_mk22_88,5SC23EG241SHHPRDRPB9YYWXA,power_slug_yellow,BP_Crystal_mk2_C,2784.447,113.788,107.414,++FactoryGame+rel-main-anniversary-2026-CL-502094,2c1ba76bf6aeb7593d53fb8278c48df9a639f7002d1cc09eeb4024fb67406337
poi_502094_1414,power_slug_yellow,Persistent_Level:PersistentLevel.BP_Crystal_mk213_22,5T2A90MFJW7DPVKJB0C2ZZMNG,power_slug_yellow,BP_Crystal_mk2_C,-1372.292,1712.612,373.62,++FactoryGame+rel-main-anniversary-2026-CL-502094,2c1ba76bf6aeb7593d53fb8278c48df9a639f7002d1cc09eeb4024fb67406337
poi_502094_1415,power_slug_yellow,Persistent_Level:PersistentLevel.BP_Crystal_mk25_2,5T2A90MFJW7DPVKJB0C2ZZMNG,power_slug_yellow,BP_Crystal_mk2_C,-1452.287,1537.499,192.47,++FactoryGame+rel-main-anniversary-2026-CL-502094,2c1ba76bf6aeb7593d53fb8278c48df9a639f7002d1cc09eeb4024fb67406337
poi_502094_1416,power_slug_yellow,Persistent_Level:PersistentLevel.BP_Crystal_mk2_C_UAID_04421A9713F0785B01_1533531383,5UAWB7QBPXMB9LX8AXJHVYASF,power_slug_yellow,BP_Crystal_mk2_C,1415.95,1686.54,25.92,++FactoryGame+rel-main-anniversary-2026-CL-502094,2c1ba76bf6aeb7593d53fb8278c48df9a639f7002d1cc09eeb4024fb67406337
poi_502094_1417,power_slug_yellow,Persistent_Level:PersistentLevel.BP_Crystal_mk67,5UAWB7QBPXMB9LX8AXJHVYASF,power_slug_yellow,BP_Crystal_mk2_C,1376.9,1677.25,70.75,++FactoryGame+rel-main-anniversary-2026-CL-502094,2c1ba76bf6aeb7593d53fb8278c48df9a639f7002d1cc09eeb4024fb67406337
poi_502094_1418,power_slug_yellow,Persistent_Level:PersistentLevel.BP_Crystal_mk72_2,5UAWB7QBPXMB9LX8AXJHVYASF,power_slug_yellow,BP_Crystal_mk2_C,1439.3,1656.5,82.15,++FactoryGame+rel-main-anniversary-2026-CL-502094,2c1ba76bf6aeb7593d53fb8278c48df9a639f7002d1cc09eeb4024fb67406337
poi_502094_1419,power_slug_yellow,Persistent_Level:PersistentLevel.BP_Crystal_mk28_34,5UF96OL8F0YYFCNY82DC5HAOE,power_slug_yellow,BP_Crystal_mk2_C,1344.712,-1037.069,134.072,++FactoryGame+rel-main-anniversary-2026-CL-502094,2c1ba76bf6aeb7593d53fb8278c48df9a639f7002d1cc09eeb4024fb67406337
poi_502094_1420,power_slug_yellow,Persistent_Level:PersistentLevel.BP_Crystal_mk2_C_UAID_04421A9713F0595D01_1702343033,5X4541XY3J1PI0ZDF7MDV67EC,power_slug_yellow,BP_Crystal_mk2_C,2282.55,-1095.53,34.14,++FactoryGame+rel-main-anniversary-2026-CL-502094,2c1ba76bf6aeb7593d53fb8278c48df9a639f7002d1cc09eeb4024fb67406337
poi_502094_1421,power_slug_yellow,Persistent_Level:PersistentLevel.BP_Crystal_mk2_C_UAID_04421A9713F0635D01_1402584822,5X4541XY3J1PI0ZDF7MDV67EC,power_slug_yellow,BP_Crystal_mk2_C,2224.66,-1120.35,104.84,++FactoryGame+rel-main-anniversary-2026-CL-502094,2c1ba76bf6aeb7593d53fb8278c48df9a639f7002d1cc09eeb4024fb67406337
poi_502094_1422,power_slug_yellow,Persistent_Level:PersistentLevel.BP_Crystal_mk27_2,5XEHJ9D4NSXG10GSCFKJI7PFZ,power_slug_yellow,BP_Crystal_mk2_C,2214.4,2469.35,116.23,++FactoryGame+rel-main-anniversary-2026-CL-502094,2c1ba76bf6aeb7593d53fb8278c48df9a639f7002d1cc09eeb4024fb67406337
poi_502094_1423,power_slug_yellow,Persistent_Level:PersistentLevel.BP_Crystal_mk2_C_8,5YRNRCOMWW8GWTAWGM92RFCXZ,power_slug_yellow,BP_Crystal_mk2_C,635.286,-1356.988,68.6,++FactoryGame+rel-main-anniversary-2026-CL-502094,2c1ba76bf6aeb7593d53fb8278c48df9a639f7002d1cc09eeb4024fb67406337
poi_502094_1424,power_slug_yellow,Persistent_Level:PersistentLevel.BP_Crystal_mk24_89,61LR17L4FDQODBCBNHIZ59GSC,power_slug_yellow,BP_Crystal_mk2_C,2899.367,-131.388,52.617,++FactoryGame+rel-main-anniversary-2026-CL-502094,2c1ba76bf6aeb7593d53fb8278c48df9a639f7002d1cc09eeb4024fb67406337
poi_502094_1425,power_slug_yellow,Persistent_Level:PersistentLevel.BP_Crystal_C_UAID_40B076DF2F79CC6201_1781367576,62OWD1MCVA5QQRQP2066BVTDR,power_slug_yellow,BP_Crystal_mk2_C,-391.669,2523.184,-13.292,++FactoryGame+rel-main-anniversary-2026-CL-502094,2c1ba76bf6aeb7593d53fb8278c48df9a639f7002d1cc09eeb4024fb67406337
poi_502094_1426,power_slug_yellow,Persistent_Level:PersistentLevel.BP_Crystal_mk21_11,64NSTAV3WDLM6DA81AFIGQEEG,power_slug_yellow,BP_Crystal_mk2_C,-829.834,39.026,240.932,++FactoryGame+rel-main-anniversary-2026-CL-502094,2c1ba76bf6aeb7593d53fb8278c48df9a639f7002d1cc09eeb4024fb67406337
poi_502094_1427,power_slug_yellow,Persistent_Level:PersistentLevel.BP_Crystal_mk213_19,64T0U86SR48FB2NMSXXJ0Z63G,power_slug_yellow,BP_Crystal_mk2_C,1527.688,-2321.766,-94.097,++FactoryGame+rel-main-anniversary-2026-CL-502094,2c1ba76bf6aeb7593d53fb8278c48df9a639f7002d1cc09eeb4024fb67406337
poi_502094_1428,power_slug_yellow,Persistent_Level:PersistentLevel.BP_Crystal_mk23_9,64T0U86SR48FB2NMSXXJ0Z63G,power_slug_yellow,BP_Crystal_mk2_C,1346.389,-2186.829,8.76,++FactoryGame+rel-main-anniversary-2026-CL-502094,2c1ba76bf6aeb7593d53fb8278c48df9a639f7002d1cc09eeb4024fb67406337
poi_502094_1429,power_slug_yellow,Persistent_Level:PersistentLevel.BP_Crystal_mk63_10,65TWDXCAJQT8ULQ0K3W90PF5K,power_slug_yellow,BP_Crystal_mk2_C,2035.44,2864.37,221.47,++FactoryGame+rel-main-anniversary-2026-CL-502094,2c1ba76bf6aeb7593d53fb8278c48df9a639f7002d1cc09eeb4024fb67406337
poi_502094_1430,power_slug_yellow,Persistent_Level:PersistentLevel.BP_Crystal_mk26_5,661ZB7NBHJOV13FDKD7MLR8Y6,power_slug_yellow,BP_Crystal_mk2_C,-711.789,-2825.73,-36.904,++FactoryGame+rel-main-anniversary-2026-CL-502094,2c1ba76bf6aeb7593d53fb8278c48df9a639f7002d1cc09eeb4024fb67406337
poi_502094_1431,power_slug_yellow,Persistent_Level:PersistentLevel.BP_Crystal_mk2_C_UAID_04421A9713F03E6501_1921080728,67PIEMADP5Y0C0Q98MP4HZF1I,power_slug_yellow,BP_Crystal_mk2_C,-1115.93,368.85,242.04,++FactoryGame+rel-main-anniversary-2026-CL-502094,2c1ba76bf6aeb7593d53fb8278c48df9a639f7002d1cc09eeb4024fb67406337
poi_502094_1432,power_slug_yellow,Persistent_Level:PersistentLevel.BP_Crystal_C_UAID_40B076DF2F798E5F01_1854991497,690BQA85E0ETP0CWXSMMTEISH,power_slug_yellow,BP_Crystal_mk2_C,369.29,2016.51,-7.89,++FactoryGame+rel-main-anniversary-2026-CL-502094,2c1ba76bf6aeb7593d53fb8278c48df9a639f7002d1cc09eeb4024fb67406337
poi_502094_1433,power_slug_yellow,Persistent_Level:PersistentLevel.BP_Crystal_mk47,690BQA85E0ETP0CWXSMMTEISH,power_slug_yellow,BP_Crystal_mk2_C,316.96,2148.882,-17.636,++FactoryGame+rel-main-anniversary-2026-CL-502094,2c1ba76bf6aeb7593d53fb8278c48df9a639f7002d1cc09eeb4024fb67406337
poi_502094_1434,power_slug_yellow,Persistent_Level:PersistentLevel.BP_Crystal_C_70,6CWB96QBCFR7EBIDKUVPGWJDY,power_slug_yellow,BP_Crystal_mk2_C,2204.2,-1222.85,40.15,++FactoryGame+rel-main-anniversary-2026-CL-502094,2c1ba76bf6aeb7593d53fb8278c48df9a639f7002d1cc09eeb4024fb67406337
poi_502094_1435,power_slug_yellow,Persistent_Level:PersistentLevel.BP_Crystal_C_73,6CWB96QBCFR7EBIDKUVPGWJDY,power_slug_yellow,BP_Crystal_mk2_C,2249.29,-1318.25,47.23,++FactoryGame+rel-main-anniversary-2026-CL-502094,2c1ba76bf6aeb7593d53fb8278c48df9a639f7002d1cc09eeb4024fb67406337
poi_502094_1436,power_slug_yellow,Persistent_Level:PersistentLevel.BP_Crystal_mk2_C_UAID_04421A9713F05B5D01_1459628393,6CWB96QBCFR7EBIDKUVPGWJDY,power_slug_yellow,BP_Crystal_mk2_C,2284.51,-1157.13,71.22,++FactoryGame+rel-main-anniversary-2026-CL-502094,2c1ba76bf6aeb7593d53fb8278c48df9a639f7002d1cc09eeb4024fb67406337
poi_502094_1437,power_slug_yellow,Persistent_Level:PersistentLevel.BP_Crystal_C_62,6D46LIVRKWD126AG6KZY6CWS0,power_slug_yellow,BP_Crystal_mk2_C,1494.617,1765.377,-9.153,++FactoryGame+rel-main-anniversary-2026-CL-502094,2c1ba76bf6aeb7593d53fb8278c48df9a639f7002d1cc09eeb4024fb67406337
poi_502094_1438,power_slug_yellow,Persistent_Level:PersistentLevel.BP_Crystal_mk2_C_UAID_04421A9713F0805B01_1612786803,6D46LIVRKWD126AG6KZY6CWS0,power_slug_yellow,BP_Crystal_mk2_C,1369.78,1859.59,23.88,++FactoryGame+rel-main-anniversary-2026-CL-502094,2c1ba76bf6aeb7593d53fb8278c48df9a639f7002d1cc09eeb4024fb67406337
poi_502094_1439,power_slug_yellow,Persistent_Level:PersistentLevel.BP_Crystal_mk2_C_UAID_04421A9713F0BD5201_1079947071,6D46LIVRKWD126AG6KZY6CWS0,power_slug_yellow,BP_Crystal_mk2_C,1363.25,1810.35,89.58,++FactoryGame+rel-main-anniversary-2026-CL-502094,2c1ba76bf6aeb7593d53fb8278c48df9a639f7002d1cc09eeb4024fb67406337
poi_502094_1440,power_slug_yellow,Persistent_Level:PersistentLevel.BP_Crystal_mk73_3,6D46LIVRKWD126AG6KZY6CWS0,power_slug_yellow,BP_Crystal_mk2_C,1480.0,1857.0,64.4,++FactoryGame+rel-main-anniversary-2026-CL-502094,2c1ba76bf6aeb7593d53fb8278c48df9a639f7002d1cc09eeb4024fb67406337
poi_502094_1441,power_slug_yellow,Persistent_Level:PersistentLevel.BP_Crystal_mk21_4,6EZ8OPSNH33JVBXTSR3WG46IV,power_slug_yellow,BP_Crystal_mk2_C,3591.529,1128.706,93.597,++FactoryGame+rel-main-anniversary-2026-CL-502094,2c1ba76bf6aeb7593d53fb8278c48df9a639f7002d1cc09eeb4024fb67406337
poi_502094_1442,power_slug_yellow,Persistent_Level:PersistentLevel.BP_Crystal_mk21_7,6H66RI7OBR6IWMW9YZ96MANGZ,power_slug_yellow,BP_Crystal_mk2_C,1574.442,-1652.667,-32.961,++FactoryGame+rel-main-anniversary-2026-CL-502094,2c1ba76bf6aeb7593d53fb8278c48df9a639f7002d1cc09eeb4024fb67406337
poi_502094_1443,power_slug_yellow,Persistent_Level:PersistentLevel.BP_Crystal_mk22_34,6JPHPQ77DT3KZS61I6UEKEOQM,power_slug_yellow,BP_Crystal_mk2_C,1600.26,349.084,93.592,++FactoryGame+rel-main-anniversary-2026-CL-502094,2c1ba76bf6aeb7593d53fb8278c48df9a639f7002d1cc09eeb4024fb67406337
poi_502094_1444,power_slug_yellow,Persistent_Level:PersistentLevel.BP_Crystal_mk2_C_30,6KX3W8KN4777PL5AIQYN62PXP,power_slug_yellow,BP_Crystal_mk2_C,1425.65,1358.39,140.01,++FactoryGame+rel-main-anniversary-2026-CL-502094,2c1ba76bf6aeb7593d53fb8278c48df9a639f7002d1cc09eeb4024fb67406337
poi_502094_1445,power_slug_yellow,Persistent_Level:PersistentLevel.BP_Crystal_mk2_C_UAID_04421A9713F0815B01_1988173986,6KX3W8KN4777PL5AIQYN62PXP,power_slug_yellow,BP_Crystal_mk2_C,1335.53,1422.6,84.75,++FactoryGame+rel-main-anniversary-2026-CL-502094,2c1ba76bf6aeb7593d53fb8278c48df9a639f7002d1cc09eeb4024fb67406337
poi_502094_1446,power_slug_yellow,Persistent_Level:PersistentLevel.BP_Crystal_mk2_C_UAID_04421A9713F0D25B01_1831343223,6KX3W8KN4777PL5AIQYN62PXP,power_slug_yellow,BP_Crystal_mk2_C,1392.46,1462.26,156.97,++FactoryGame+rel-main-anniversary-2026-CL-502094,2c1ba76bf6aeb7593d53fb8278c48df9a639f7002d1cc09eeb4024fb67406337
poi_502094_1447,power_slug_yellow,Persistent_Level:PersistentLevel.BP_Crystal_mk229,6LM457N0FPZ2S25SLLGCLDSPT,power_slug_yellow,BP_Crystal_mk2_C,2208.47,-657.112,-11.929,++FactoryGame+rel-main-anniversary-2026-CL-502094,2c1ba76bf6aeb7593d53fb8278c48df9a639f7002d1cc09eeb4024fb67406337
poi_502094_1448,power_slug_yellow,Persistent_Level:PersistentLevel.BP_Crystal_C_UAID_04421A9713F0AE7301_1236769225,6OH3OUDS6PFXXMI3RUKALLYJN,power_slug_yellow,BP_Crystal_mk2_C,1996.23,237.49,124.29,++FactoryGame+rel-main-anniversary-2026-CL-502094,2c1ba76bf6aeb7593d53fb8278c48df9a639f7002d1cc09eeb4024fb67406337
poi_502094_1449,power_slug_yellow,Persistent_Level:PersistentLevel.BP_Crystal_UAID_40B076DF2F79FD6301_1735716241,6PBVSQLWKLS65A7UFGKPRZWMC,power_slug_yellow,BP_Crystal_mk2_C,-304.616,2565.008,-1.062,++FactoryGame+rel-main-anniversary-2026-CL-502094,2c1ba76bf6aeb7593d53fb8278c48df9a639f7002d1cc09eeb4024fb67406337
poi_502094_1450,power_slug_yellow,Persistent_Level:PersistentLevel.BP_Crystal_mk2_C_UAID_04421A9713F0E87A01_1547094844,6PQ7314XUVCWR8O04N45EBK4X,power_slug_yellow,BP_Crystal_mk2_C,762.89,-413.02,195.81,++FactoryGame+rel-main-anniversary-2026-CL-502094,2c1ba76bf6aeb7593d53fb8278c48df9a639f7002d1cc09eeb4024fb67406337
poi_502094_1451,power_slug_yellow,Persistent_Level:PersistentLevel.BP_Crystal_mk213_87,6RVU2BO0US5OEEF6Y4821XLPS,power_slug_yellow,BP_Crystal_mk2_C,-999.92,-264.483,214.355,++FactoryGame+rel-main-anniversary-2026-CL-502094,2c1ba76bf6aeb7593d53fb8278c48df9a639f7002d1cc09eeb4024fb67406337
poi_502094_1452,power_slug_yellow,Persistent_Level:PersistentLevel.BP_Crystal_mk2_C_14,6T50M87WGH05FVSSOYHHCI2WT,power_slug_yellow,BP_Crystal_mk2_C,253.661,1702.065,28.132,++FactoryGame+rel-main-anniversary-2026-CL-502094,2c1ba76bf6aeb7593d53fb8278c48df9a639f7002d1cc09eeb4024fb67406337
poi_502094_1453,power_slug_yellow,Persistent_Level:PersistentLevel.BP_Crystal_mk59,6T50M87WGH05FVSSOYHHCI2WT,power_slug_yellow,BP_Crystal_mk2_C,176.638,1549.463,122.639,++FactoryGame+rel-main-anniversary-2026-CL-502094,2c1ba76bf6aeb7593d53fb8278c48df9a639f7002d1cc09eeb4024fb67406337
poi_502094_1454,power_slug_yellow,Persistent_Level:PersistentLevel.BP_Crystal_mk60_UAID_40B076DF2F794D6401_1849768319,6T50M87WGH05FVSSOYHHCI2WT,power_slug_yellow,BP_Crystal_mk2_C,191.703,1708.474,45.313,++FactoryGame+rel-main-anniversary-2026-CL-502094,2c1ba76bf6aeb7593d53fb8278c48df9a639f7002d1cc09eeb4024fb67406337
poi_502094_1455,power_slug_yellow,Persistent_Level:PersistentLevel.BP_Crystal_mk60_UAID_40B076DF2F79F35F01_1959731276,6T50M87WGH05FVSSOYHHCI2WT,power_slug_yellow,BP_Crystal_mk2_C,193.766,1637.732,142.607,++FactoryGame+rel-main-anniversary-2026-CL-502094,2c1ba76bf6aeb7593d53fb8278c48df9a639f7002d1cc09eeb4024fb67406337
poi_502094_1456,power_slug_yellow,Persistent_Level:PersistentLevel.BP_Crystal_mk2_C_UAID_04421A9713F063A401_1791316779,6TN87CLPBC24QBX6SQZBUOQ06,power_slug_yellow,BP_Crystal_mk2_C,-1635.52,-1347.66,127.93,++FactoryGame+rel-main-anniversary-2026-CL-502094,2c1ba76bf6aeb7593d53fb8278c48df9a639f7002d1cc09eeb4024fb67406337
poi_502094_1457,power_slug_yellow,Persistent_Level:PersistentLevel.BP_Crystal_mk23_24,6VG06HS27LTCQ0FW1E59SFPG8,power_slug_yellow,BP_Crystal_mk2_C,-48.384,253.533,194.361,++FactoryGame+rel-main-anniversary-2026-CL-502094,2c1ba76bf6aeb7593d53fb8278c48df9a639f7002d1cc09eeb4024fb67406337
poi_502094_1458,power_slug_yellow,Persistent_Level:PersistentLevel.BP_Crystal_mk26,6VPS1394N4OBPTWLU7LTJSPQ2,power_slug_yellow,BP_Crystal_mk2_C,-182.064,1167.449,90.197,++FactoryGame+rel-main-anniversary-2026-CL-502094,2c1ba76bf6aeb7593d53fb8278c48df9a639f7002d1cc09eeb4024fb67406337
poi_502094_1459,power_slug_yellow,Persistent_Level:PersistentLevel.BP_Crystal_mk20_11,6VYGPAIW7YS68RYXRQ2DMCL9Z,power_slug_yellow,BP_Crystal_mk2_C,1639.8,2061.76,207.55,++FactoryGame+rel-main-anniversary-2026-CL-502094,2c1ba76bf6aeb7593d53fb8278c48df9a639f7002d1cc09eeb4024fb67406337
poi_502094_1460,power_slug_yellow,Persistent_Level:PersistentLevel.BP_Crystal_mk2_C_UAID_04421A9713F0855B01_1254483667,6VYGPAIW7YS68RYXRQ2DMCL9Z,power_slug_yellow,BP_Crystal_mk2_C,1612.92,2134.05,20.17,++FactoryGame+rel-main-anniversary-2026-CL-502094,2c1ba76bf6aeb7593d53fb8278c48df9a639f7002d1cc09eeb4024fb67406337
poi_502094_1461,power_slug_yellow,Persistent_Level:PersistentLevel.BP_Crystal_mk21_3,6ZHS3BL31F3K2BQNUYDXFMZDH,power_slug_yellow,BP_Crystal_mk2_C,-2647.447,-740.824,-9.104,++FactoryGame+rel-main-anniversary-2026-CL-502094,2c1ba76bf6aeb7593d53fb8278c48df9a639f7002d1cc09eeb4024fb67406337
poi_502094_1462,power_slug_yellow,Persistent_Level:PersistentLevel.BP_Crystal_mk9_14,7350GF2H0RJTV1JNVAOSS3704,power_slug_yellow,BP_Crystal_mk2_C,1819.35,2536.45,142.35,++FactoryGame+rel-main-anniversary-2026-CL-502094,2c1ba76bf6aeb7593d53fb8278c48df9a639f7002d1cc09eeb4024fb67406337
poi_502094_1463,power_slug_yellow,Persistent_Level:PersistentLevel.BP_Crystal_mk2_C_31,74YY17GA236340LEPB7A0RCJ8,power_slug_yellow,BP_Crystal_mk2_C,1988.29,1632.07,272.78,++FactoryGame+rel-main-anniversary-2026-CL-502094,2c1ba76bf6aeb7593d53fb8278c48df9a639f7002d1cc09eeb4024fb67406337
poi_502094_1464,power_slug_yellow,Persistent_Level:PersistentLevel.BP_Crystal_mk2_C_UAID_04421A9713F0E85F01_1340931312,75I76FMJSKATNK99L8G2QI9BF,power_slug_yellow,BP_Crystal_mk2_C,1946.1,1949.75,262.5,++FactoryGame+rel-main-anniversary-2026-CL-502094,2c1ba76bf6aeb7593d53fb8278c48df9a639f7002d1cc09eeb4024fb67406337
poi_502094_1465,power_slug_yellow,Persistent_Level:PersistentLevel.BP_Crystal_mk213_52,76SX5YECCXCBHHVRPN8K5M9AH,power_slug_yellow,BP_Crystal_mk2_C,1624.426,596.505,103.62,++FactoryGame+rel-main-anniversary-2026-CL-502094,2c1ba76bf6aeb7593d53fb8278c48df9a639f7002d1cc09eeb4024fb67406337
poi_502094_1466,power_slug_yellow,Persistent_Level:PersistentLevel.BP_Crystal_mk23_25,78LIX115PUIWUPGZJX0KA4SBG,power_slug_yellow,BP_Crystal_mk2_C,-551.934,-231.464,217.057,++FactoryGame+rel-main-anniversary-2026-CL-502094,2c1ba76bf6aeb7593d53fb8278c48df9a639f7002d1cc09eeb4024fb67406337
poi_502094_1467,power_slug_yellow,Persistent_Level:PersistentLevel.BP_Crystal_mk2_C_10,7C25HL90O7SE80GWY5RRVUQMW,power_slug_yellow,BP_Crystal_mk2_C,415.655,687.612,94.505,++FactoryGame+rel-main-anniversary-2026-CL-502094,2c1ba76bf6aeb7593d53fb8278c48df9a639f7002d1cc09eeb4024fb67406337
poi_502094_1468,power_slug_yellow,Persistent_Level:PersistentLevel.BP_Crystal_mk2_C_34,7D7OQT7C59XPI9USE4REHDKWD,power_slug_yellow,BP_Crystal_mk2_C,1200.3,1427.4,184.9,++FactoryGame+rel-main-anniversary-2026-CL-502094,2c1ba76bf6aeb7593d53fb8278c48df9a639f7002d1cc09eeb4024fb67406337
poi_502094_1469,power_slug_yellow,Persistent_Level:PersistentLevel.BP_Crystal_mk2_C_UAID_04421A9713F0795B01_1357525561,7D7OQT7C59XPI9USE4REHDKWD,power_slug_yellow,BP_Crystal_mk2_C,1246.96,1471.64,75.21,++FactoryGame+rel-main-anniversary-2026-CL-502094,2c1ba76bf6aeb7593d53fb8278c48df9a639f7002d1cc09eeb4024fb67406337
poi_502094_1470,power_slug_yellow,Persistent_Level:PersistentLevel.BP_Crystal_mk25_5,7E6CNWWM0QHJHQZ5JZEHFNI41,power_slug_yellow,BP_Crystal_mk2_C,2972.312,2891.181,16.152,++FactoryGame+rel-main-anniversary-2026-CL-502094,2c1ba76bf6aeb7593d53fb8278c48df9a639f7002d1cc09eeb4024fb67406337
poi_502094_1471,power_slug_yellow,Persistent_Level:PersistentLevel.BP_Crystal_mk53_UAID_40B076DF2F79105301_1728144638,7E6ZXF8PZ1T7OBGD2TC0SGYCP,power_slug_yellow,BP_Crystal_mk2_C,-512.606,2503.27,33.41,++FactoryGame+rel-main-anniversary-2026-CL-502094,2c1ba76bf6aeb7593d53fb8278c48df9a639f7002d1cc09eeb4024fb67406337
poi_502094_1472,power_slug_yellow,Persistent_Level:PersistentLevel.BP_Crystal_mk21_1,7ECHWL6WKQE8EBWVDWYDXWMSP,power_slug_yellow,BP_Crystal_mk2_C,3739.484,2419.973,41.059,++FactoryGame+rel-main-anniversary-2026-CL-502094,2c1ba76bf6aeb7593d53fb8278c48df9a639f7002d1cc09eeb4024fb67406337
poi_502094_1473,power_slug_yellow,Persistent_Level:PersistentLevel.BP_Crystal_mk26_26,7HQ6ZKDEPDYF6WCFQ02KKTF9U,power_slug_yellow,BP_Crystal_mk2_C,1004.07,11.802,106.281,++FactoryGame+rel-main-anniversary-2026-CL-502094,2c1ba76bf6aeb7593d53fb8278c48df9a639f7002d1cc09eeb4024fb67406337
poi_502094_1474,power_slug_yellow,Persistent_Level:PersistentLevel.BP_Crystal_mk26_27,7HQ6ZKDEPDYF6WCFQ02KKTF9U,power_slug_yellow,BP_Crystal_mk2_C,973.415,90.326,126.072,++FactoryGame+rel-main-anniversary-2026-CL-502094,2c1ba76bf6aeb7593d53fb8278c48df9a639f7002d1cc09eeb4024fb67406337
poi_502094_1475,power_slug_yellow,Persistent_Level:PersistentLevel.BP_Crystal_mk214_18,7ITPAXKLKDQL1MV5KZOON9MKA,power_slug_yellow,BP_Crystal_mk2_C,80.234,-163.066,233.357,++FactoryGame+rel-main-anniversary-2026-CL-502094,2c1ba76bf6aeb7593d53fb8278c48df9a639f7002d1cc09eeb4024fb67406337
poi_502094_1476,power_slug_yellow,Persistent_Level:PersistentLevel.BP_Crystal_mk22_8,7J3WGU1S94D8JCWCOKXE7KBOY,power_slug_yellow,BP_Crystal_mk2_C,1750.106,-1616.69,131.009,++FactoryGame+rel-main-anniversary-2026-CL-502094,2c1ba76bf6aeb7593d53fb8278c48df9a639f7002d1cc09eeb4024fb67406337
poi_502094_1477,power_slug_yellow,Persistent_Level:PersistentLevel.BP_Crystal_mk21_22,7JRKVZWV0QPT5VXMRN8QD06DI,power_slug_yellow,BP_Crystal_mk2_C,259.952,472.468,186.689,++FactoryGame+rel-main-anniversary-2026-CL-502094,2c1ba76bf6aeb7593d53fb8278c48df9a639f7002d1cc09eeb4024fb67406337
poi_502094_1478,power_slug_yellow,Persistent_Level:PersistentLevel.BP_Crystal_mk21_5,7LEG1LSOCK9EMOZ6R60ZT8EE9,power_slug_yellow,BP_Crystal_mk2_C,-2486.844,1683.649,50.78,++FactoryGame+rel-main-anniversary-2026-CL-502094,2c1ba76bf6aeb7593d53fb8278c48df9a639f7002d1cc09eeb4024fb67406337
poi_502094_1479,power_slug_yellow,Persistent_Level:PersistentLevel.BP_Crystal_mk24_30,7M2N6R92SDHZC4M6ZR0L37AZB,power_slug_yellow,BP_Crystal_mk2_C,1478.065,-865.627,176.882,++FactoryGame+rel-main-anniversary-2026-CL-502094,2c1ba76bf6aeb7593d53fb8278c48df9a639f7002d1cc09eeb4024fb67406337
poi_502094_1480,power_slug_yellow,Persistent_Level:PersistentLevel.BP_Crystal_mk2_C_UAID_04421A9713F0AA5201_1255154679,7R2UDSS1Y1UI480ZZNICLGL6B,power_slug_yellow,BP_Crystal_mk2_C,1932.82,1893.05,246.04,++FactoryGame+rel-main-anniversary-2026-CL-502094,2c1ba76bf6aeb7593d53fb8278c48df9a639f7002d1cc09eeb4024fb67406337
poi_502094_1481,power_slug_yellow,Persistent_Level:PersistentLevel.BP_Crystal_mk2_C_UAID_04421A9713F0AA5201_1338657684,7R2UDSS1Y1UI480ZZNICLGL6B,power_slug_yellow,BP_Crystal_mk2_C,1925.38,1871.76,261.34,++FactoryGame+rel-main-anniversary-2026-CL-502094,2c1ba76bf6aeb7593d53fb8278c48df9a639f7002d1cc09eeb4024fb67406337
poi_502094_1482,power_slug_yellow,Persistent_Level:PersistentLevel.BP_Crystal_mk28_6,7R9ZQBR1XDJ9QUW5577MHIPFS,power_slug_yellow,BP_Crystal_mk2_C,-1221.399,-987.825,71.654,++FactoryGame+rel-main-anniversary-2026-CL-502094,2c1ba76bf6aeb7593d53fb8278c48df9a639f7002d1cc09eeb4024fb67406337
poi_502094_1483,power_slug_yellow,Persistent_Level:PersistentLevel.BP_Crystal_mk2_C_UAID_04421A9713F0795B01_2008124563,7TYHGRSR5RC6UM6H8SQSJP5RS,power_slug_yellow,BP_Crystal_mk2_C,1077.82,1613.84,41.22,++FactoryGame+rel-main-anniversary-2026-CL-502094,2c1ba76bf6aeb7593d53fb8278c48df9a639f7002d1cc09eeb4024fb67406337
poi_502094_1484,power_slug_yellow,Persistent_Level:PersistentLevel.BP_Crystal_mk2_C_UAID_04421A9713F0D45B01_1937028581,7TYHGRSR5RC6UM6H8SQSJP5RS,power_slug_yellow,BP_Crystal_mk2_C,1110.32,1660.69,93.45,++FactoryGame+rel-main-anniversary-2026-CL-502094,2c1ba76bf6aeb7593d53fb8278c48df9a639f7002d1cc09eeb4024fb67406337
poi_502094_1485,power_slug_yellow,Persistent_Level:PersistentLevel.BP_Crystal_mk82,7TYHGRSR5RC6UM6H8SQSJP5RS,power_slug_yellow,BP_Crystal_mk2_C,984.806,1580.49,78.122,++FactoryGame+rel-main-anniversary-2026-CL-502094,2c1ba76bf6aeb7593d53fb8278c48df9a639f7002d1cc09eeb4024fb67406337
poi_502094_1486,power_slug_yellow,Persistent_Level:PersistentLevel.BP_Crystal_mk2_C_29,7VFRGT5X5XQCY4997VFIO71UK,power_slug_yellow,BP_Crystal_mk2_C,1902.271,571.431,80.16,++FactoryGame+rel-main-anniversary-2026-CL-502094,2c1ba76bf6aeb7593d53fb8278c48df9a639f7002d1cc09eeb4024fb67406337
poi_502094_1487,power_slug_yellow,Persistent_Level:PersistentLevel.BP_Crystal_mk29_22,7W9UDNX3KCC84L5VX4O792S6Q,power_slug_yellow,BP_Crystal_mk2_C,2832.105,765.339,73.127,++FactoryGame+rel-main-anniversary-2026-CL-502094,2c1ba76bf6aeb7593d53fb8278c48df9a639f7002d1cc09eeb4024fb67406337
poi_502094_1488,power_slug_yellow,Persistent_Level:PersistentLevel.BP_Crystal_mk2_C_UAID_04421A9713F0575301_1826590140,81JRN8EL56I1O9V4NB4Y7359I,power_slug_yellow,BP_Crystal_mk2_C,1679.21,2641.1,39.51,++FactoryGame+rel-main-anniversary-2026-CL-502094,2c1ba76bf6aeb7593d53fb8278c48df9a639f7002d1cc09eeb4024fb67406337
poi_502094_1489,power_slug_yellow,Persistent_Level:PersistentLevel.BP_Crystal_mk29_15,823XRZORVFGOQVHQCDXISRIZI,power_slug_yellow,BP_Crystal_mk2_C,1418.305,-1901.453,-57.927,++FactoryGame+rel-main-anniversary-2026-CL-502094,2c1ba76bf6aeb7593d53fb8278c48df9a639f7002d1cc09eeb4024fb67406337
poi_502094_1490,power_slug_yellow,Persistent_Level:PersistentLevel.BP_Crystal_mk2_6,83G90FWV7FU6QMZ97XL34NV10,power_slug_yellow,BP_Crystal_mk2_C,-1765.082,697.152,11.015,++FactoryGame+rel-main-anniversary-2026-CL-502094,2c1ba76bf6aeb7593d53fb8278c48df9a639f7002d1cc09eeb4024fb67406337
poi_502094_1491,power_slug_yellow,Persistent_Level:PersistentLevel.BP_Crystal_mk50,872IFPRNU7001D9S5IPJQXBZU,power_slug_yellow,BP_Crystal_mk2_C,-455.298,1777.783,93.885,++FactoryGame+rel-main-anniversary-2026-CL-502094,2c1ba76bf6aeb7593d53fb8278c48df9a639f7002d1cc09eeb4024fb67406337
poi_502094_1492,power_slug_yellow,Persistent_Level:PersistentLevel.BP_Crystal_mk210_1,875H5TT0JWN6YR85XE2XYDHXA,power_slug_yellow,BP_Crystal_mk2_C,-897.931,-190.217,209.846,++FactoryGame+rel-main-anniversary-2026-CL-502094,2c1ba76bf6aeb7593d53fb8278c48df9a639f7002d1cc09eeb4024fb67406337
poi_502094_1493,power_slug_yellow,Persistent_Level:PersistentLevel.BP_Crystal_mk2_C_36,87MCMO2MOYGCY76U58NG9QTRF,power_slug_yellow,BP_Crystal_mk2_C,2805.054,-1054.88,-1.347,++FactoryGame+rel-main-anniversary-2026-CL-502094,2c1ba76bf6aeb7593d53fb8278c48df9a639f7002d1cc09eeb4024fb67406337
poi_502094_1494,power_slug_yellow,Persistent_Level:PersistentLevel.BP_Crystal_mk45_UAID_40B076DF2F79BF6101_1113212209,8CYMZLYM4T5E2AA19O6K6GH0T,power_slug_yellow,BP_Crystal_mk2_C,1006.984,1982.194,-10.71,++FactoryGame+rel-main-anniversary-2026-CL-502094,2c1ba76bf6aeb7593d53fb8278c48df9a639f7002d1cc09eeb4024fb67406337
poi_502094_1495,power_slug_yellow,Persistent_Level:PersistentLevel.BP_Crystal_mk210,8EH98VM2LMQSP72D81BMCXX69,power_slug_yellow,BP_Crystal_mk2_C,-540.94,-1721.478,18.325,++FactoryGame+rel-main-anniversary-2026-CL-502094,2c1ba76bf6aeb7593d53fb8278c48df9a639f7002d1cc09eeb4024fb67406337
poi_502094_1496,power_slug_yellow,Persistent_Level:PersistentLevel.BP_Crystal_mk27_20,8FIN8GZNGKFVW7D1HMNF3LJVD,power_slug_yellow,BP_Crystal_mk2_C,2385.378,2795.236,27.867,++FactoryGame+rel-main-anniversary-2026-CL-502094,2c1ba76bf6aeb7593d53fb8278c48df9a639f7002d1cc09eeb4024fb67406337
poi_502094_1497,power_slug_yellow,Persistent_Level:PersistentLevel.BP_Crystal_mk2_C_23,8H8FE6U0Z98VIWI6K9ZABMR2G,power_slug_yellow,BP_Crystal_mk2_C,1923.138,-257.28,-14.512,++FactoryGame+rel-main-anniversary-2026-CL-502094,2c1ba76bf6aeb7593d53fb8278c48df9a639f7002d1cc09eeb4024fb67406337
poi_502094_1498,power_slug_yellow,Persistent_Level:PersistentLevel.BP_Crystal_mk2_C_UAID_04421A9713F0E57A01_1590485297,8H8FE6U0Z98VIWI6K9ZABMR2G,power_slug_yellow,BP_Crystal_mk2_C,1806.96,-144.61,185.96,++FactoryGame+rel-main-anniversary-2026-CL-502094,2c1ba76bf6aeb7593d53fb8278c48df9a639f7002d1cc09eeb4024fb67406337
poi_502094_1499,power_slug_yellow,Persistent_Level:PersistentLevel.BP_Crystal_mk3_C_UAID_04421A9713F0F77A01_1321147532,8H8FE6U0Z98VIWI6K9ZABMR2G,power_slug_yellow,BP_Crystal_mk2_C,1804.44,-267.4,20.49,++FactoryGame+rel-main-anniversary-2026-CL-502094,2c1ba76bf6aeb7593d53fb8278c48df9a639f7002d1cc09eeb4024fb67406337
poi_502094_1500,power_slug_yellow,Persistent_Level:PersistentLevel.BP_Crystal_C_UAID_40B076DF2F79CB6201_1211861396,8HUPNBHBEVTTJ243KMRT34H79,power_slug_yellow,BP_Crystal_mk2_C,-208.839,2183.214,-12.052,++FactoryGame+rel-main-anniversary-2026-CL-502094,2c1ba76bf6aeb7593d53fb8278c48df9a639f7002d1cc09eeb4024fb67406337
poi_502094_1501,power_slug_yellow,Persistent_Level:PersistentLevel.BP_Crystal_mk21_8,8I54SY36H3X03L00CIAIBLOK2,power_slug_yellow,BP_Crystal_mk2_C,2442.65,2152.838,54.735,++FactoryGame+rel-main-anniversary-2026-CL-502094,2c1ba76bf6aeb7593d53fb8278c48df9a639f7002d1cc09eeb4024fb67406337
poi_502094_1502,power_slug_yellow,Persistent_Level:PersistentLevel.BP_Crystal_mk2_C_UAID_04421A9713F0397B01_1952176084,8J2GQN49KF46TFD2R75NX4ZG0,power_slug_yellow,BP_Crystal_mk2_C,1431.92,-75.31,174.35,++FactoryGame+rel-main-anniversary-2026-CL-502094,2c1ba76bf6aeb7593d53fb8278c48df9a639f7002d1cc09eeb4024fb67406337
poi_502094_1503,power_slug_yellow,Persistent_Level:PersistentLevel.BP_Crystal_mk21_12,8LYWIQ30CZMFD5Y8PRQULM6DM,power_slug_yellow,BP_Crystal_mk2_C,3248.938,326.727,5.567,++FactoryGame+rel-main-anniversary-2026-CL-502094,2c1ba76bf6aeb7593d53fb8278c48df9a639f7002d1cc09eeb4024fb67406337
poi_502094_1504,power_slug_yellow,Persistent_Level:PersistentLevel.BP_Crystal_mk2_12,8LYWIQ30CZMFD5Y8PRQULM6DM,power_slug_yellow,BP_Crystal_mk2_C,3280.782,394.461,60.011,++FactoryGame+rel-main-anniversary-2026-CL-502094,2c1ba76bf6aeb7593d53fb8278c48df9a639f7002d1cc09eeb4024fb67406337
poi_502094_1505,power_slug_yellow,Persistent_Level:PersistentLevel.BP_Crystal_mk29_1,8N2VMA5OF6AFNVOK7EXFVL8AM,power_slug_yellow,BP_Crystal_mk2_C,-171.593,-890.115,208.887,++FactoryGame+rel-main-anniversary-2026-CL-502094,2c1ba76bf6aeb7593d53fb8278c48df9a639f7002d1cc09eeb4024fb67406337
poi_502094_1506,power_slug_yellow,Persistent_Level:PersistentLevel.BP_Crystal_C_72,8NEQHW2ZVLZTEB9ZO78BQBK89,power_slug_yellow,BP_Crystal_mk2_C,2100.46,-1345.83,-0.81,++FactoryGame+rel-main-anniversary-2026-CL-502094,2c1ba76bf6aeb7593d53fb8278c48df9a639f7002d1cc09eeb4024fb67406337
poi_502094_1507,power_slug_yellow,Persistent_Level:PersistentLevel.BP_Crystal_mk2_C_UAID_04421A9713F0AE5D01_1615859992,8NEQHW2ZVLZTEB9ZO78BQBK89,power_slug_yellow,BP_Crystal_mk2_C,1965.66,-1531.28,86.69,++FactoryGame+rel-main-anniversary-2026-CL-502094,2c1ba76bf6aeb7593d53fb8278c48df9a639f7002d1cc09eeb4024fb67406337
poi_502094_1508,power_slug_yellow,Persistent_Level:PersistentLevel.BP_Crystal_mk70_3,8PJWGHVFAG5DDBOT32JJDF66R,power_slug_yellow,BP_Crystal_mk2_C,2153.8,2133.9,146.6,++FactoryGame+rel-main-anniversary-2026-CL-502094,2c1ba76bf6aeb7593d53fb8278c48df9a639f7002d1cc09eeb4024fb67406337
poi_502094_1509,power_slug_yellow,Persistent_Level:PersistentLevel.BP_Crystal_mk212_25,8V2S7IJRF1X66U2PPNU3LQ6H5,power_slug_yellow,BP_Crystal_mk2_C,2687.544,2638.213,42.301,++FactoryGame+rel-main-anniversary-2026-CL-502094,2c1ba76bf6aeb7593d53fb8278c48df9a639f7002d1cc09eeb4024fb67406337
poi_502094_1510,power_slug_yellow,Persistent_Level:PersistentLevel.BP_Crystal_mk230,8V2S7IJRF1X66U2PPNU3LQ6H5,power_slug_yellow,BP_Crystal_mk2_C,2716.753,2674.063,122.226,++FactoryGame+rel-main-anniversary-2026-CL-502094,2c1ba76bf6aeb7593d53fb8278c48df9a639f7002d1cc09eeb4024fb67406337
poi_502094_1511,power_slug_yellow,Persistent_Level:PersistentLevel.BP_Crystal_mk28_21,8V2S7IJRF1X66U2PPNU3LQ6H5,power_slug_yellow,BP_Crystal_mk2_C,2639.008,2701.605,67.23,++FactoryGame+rel-main-anniversary-2026-CL-502094,2c1ba76bf6aeb7593d53fb8278c48df9a639f7002d1cc09eeb4024fb67406337
poi_502094_1512,power_slug_yellow,Persistent_Level:PersistentLevel.BP_Crystal_mk222_6,8XH3IUJQKSLT018FWIW7QPUIR,power_slug_yellow,BP_Crystal_mk2_C,2261.647,-124.139,-16.55,++FactoryGame+rel-main-anniversary-2026-CL-502094,2c1ba76bf6aeb7593d53fb8278c48df9a639f7002d1cc09eeb4024fb67406337
poi_502094_1513,power_slug_yellow,Persistent_Level:PersistentLevel.BP_Crystal_mk2_C_40,8Z3WQ3R9YJEN573SFVF28IKKT,power_slug_yellow,BP_Crystal_mk2_C,2136.764,-1000.094,-5.875,++FactoryGame+rel-main-anniversary-2026-CL-502094,2c1ba76bf6aeb7593d53fb8278c48df9a639f7002d1cc09eeb4024fb67406337
poi_502094_1514,power_slug_yellow,Persistent_Level:PersistentLevel.BP_Crystal_mk22_0,95SBXXGTKE4FGDHZLC1T858DF,power_slug_yellow,BP_Crystal_mk2_C,-1743.299,-1808.241,62.871,++FactoryGame+rel-main-anniversary-2026-CL-502094,2c1ba76bf6aeb7593d53fb8278c48df9a639f7002d1cc09eeb4024fb67406337
poi_502094_1515,power_slug_yellow,Persistent_Level:PersistentLevel.BP_Crystal_mk2_C_UAID_04421A9713F0F77A01_2016858540,9A1DJC9NFO49Q45LHQU1RKE1D,power_slug_yellow,BP_Crystal_mk2_C,2065.43,430.3,152.64,++FactoryGame+rel-main-anniversary-2026-CL-502094,2c1ba76bf6aeb7593d53fb8278c48df9a639f7002d1cc09eeb4024fb67406337
poi_502094_1516,power_slug_yellow,Persistent_Level:PersistentLevel.BP_Crystal_mk28_14,9A50O30DW1N4OMG4JBVKR8OUN,power_slug_yellow,BP_Crystal_mk2_C,1182.709,-1847.145,-27.999,++FactoryGame+rel-main-anniversary-2026-CL-502094,2c1ba76bf6aeb7593d53fb8278c48df9a639f7002d1cc09eeb4024fb67406337
poi_502094_1517,power_slug_yellow,Persistent_Level:PersistentLevel.BP_Crystal_mk213,9A559UZQCLMBH0WVQU22ETSCY,power_slug_yellow,BP_Crystal_mk2_C,-1436.549,-1455.137,43.749,++FactoryGame+rel-main-anniversary-2026-CL-502094,2c1ba76bf6aeb7593d53fb8278c48df9a639f7002d1cc09eeb4024fb67406337
poi_502094_1518,power_slug_yellow,Persistent_Level:PersistentLevel.BP_Crystal_mk213_17,9DDXZ423KQ2MY1QQ06OUAJY5F,power_slug_yellow,BP_Crystal_mk2_C,49.605,45.76,234.761,++FactoryGame+rel-main-anniversary-2026-CL-502094,2c1ba76bf6aeb7593d53fb8278c48df9a639f7002d1cc09eeb4024fb67406337
poi_502094_1519,power_slug_yellow,Persistent_Level:PersistentLevel.BP_Crystal_C_67,9ESMK9H2QEDHJ9A5S015TJ0TP,power_slug_yellow,BP_Crystal_mk2_C,2093.09,-1548.59,0.5,++FactoryGame+rel-main-anniversary-2026-CL-502094,2c1ba76bf6aeb7593d53fb8278c48df9a639f7002d1cc09eeb4024fb67406337
poi_502094_1520,power_slug_yellow,Persistent_Level:PersistentLevel.BP_Crystal_C_69,9ESMK9H2QEDHJ9A5S015TJ0TP,power_slug_yellow,BP_Crystal_mk2_C,2013.15,-1693.08,114.48,++FactoryGame+rel-main-anniversary-2026-CL-502094,2c1ba76bf6aeb7593d53fb8278c48df9a639f7002d1cc09eeb4024fb67406337
poi_502094_1521,power_slug_yellow,Persistent_Level:PersistentLevel.BP_Crystal_mk2_C_37,9ESMK9H2QEDHJ9A5S015TJ0TP,power_slug_yellow,BP_Crystal_mk2_C,2099.1,-1738.7,166.15,++FactoryGame+rel-main-anniversary-2026-CL-502094,2c1ba76bf6aeb7593d53fb8278c48df9a639f7002d1cc09eeb4024fb67406337
poi_502094_1522,power_slug_yellow,Persistent_Level:PersistentLevel.BP_Crystal_mk210_23,9FHXKO90N85VOFVSW61TDZOH3,power_slug_yellow,BP_Crystal_mk2_C,2507.239,2702.939,18.621,++FactoryGame+rel-main-anniversary-2026-CL-502094,2c1ba76bf6aeb7593d53fb8278c48df9a639f7002d1cc09eeb4024fb67406337
poi_502094_1523,power_slug_yellow,Persistent_Level:PersistentLevel.BP_Crystal_mk211_24,9FHXKO90N85VOFVSW61TDZOH3,power_slug_yellow,BP_Crystal_mk2_C,2373.193,2718.739,63.018,++FactoryGame+rel-main-anniversary-2026-CL-502094,2c1ba76bf6aeb7593d53fb8278c48df9a639f7002d1cc09eeb4024fb67406337
poi_502094_1524,power_slug_yellow,Persistent_Level:PersistentLevel.BP_Crystal_mk21_13,9FHXKO90N85VOFVSW61TDZOH3,power_slug_yellow,BP_Crystal_mk2_C,2522.894,2755.668,93.976,++FactoryGame+rel-main-anniversary-2026-CL-502094,2c1ba76bf6aeb7593d53fb8278c48df9a639f7002d1cc09eeb4024fb67406337
poi_502094_1525,power_slug_yellow,Persistent_Level:PersistentLevel.BP_Crystal_mk2_C_UAID_04421A9713F0E95F01_1115335496,9FHXKO90N85VOFVSW61TDZOH3,power_slug_yellow,BP_Crystal_mk2_C,2430.82,2728.59,267.53,++FactoryGame+rel-main-anniversary-2026-CL-502094,2c1ba76bf6aeb7593d53fb8278c48df9a639f7002d1cc09eeb4024fb67406337
poi_502094_1526,power_slug_yellow,Persistent_Level:PersistentLevel.BP_Crystal_C_UAID_40B076DF2F798E5F01_1514525492,9GBDGOZSJX3B39FFI69CQM7EC,power_slug_yellow,BP_Crystal_mk2_C,904.085,1953.649,-8.865,++FactoryGame+rel-main-anniversary-2026-CL-502094,2c1ba76bf6aeb7593d53fb8278c48df9a639f7002d1cc09eeb4024fb67406337
poi_502094_1527,power_slug_yellow,Persistent_Level:PersistentLevel.BP_Crystal_mk2_C_UAID_40B076DF2F799E5F01_1558324292,9GBDGOZSJX3B39FFI69CQM7EC,power_slug_yellow,BP_Crystal_mk2_C,859.503,2148.415,41.727,++FactoryGame+rel-main-anniversary-2026-CL-502094,2c1ba76bf6aeb7593d53fb8278c48df9a639f7002d1cc09eeb4024fb67406337
poi_502094_1528,power_slug_yellow,Persistent_Level:PersistentLevel.BP_Crystal_mk28_2,9IT22KPU3A7WXFYNS1QBZICKI,power_slug_yellow,BP_Crystal_mk2_C,254.689,722.038,101.567,++FactoryGame+rel-main-anniversary-2026-CL-502094,2c1ba76bf6aeb7593d53fb8278c48df9a639f7002d1cc09eeb4024fb67406337
poi_502094_1529,power_slug_yellow,Persistent_Level:PersistentLevel.BP_Crystal_mk58,9NI6AQ2XVPJXYUNTNR9V9P1OK,power_slug_yellow,BP_Crystal_mk2_C,216.611,1762.907,110.122,++FactoryGame+rel-main-anniversary-2026-CL-502094,2c1ba76bf6aeb7593d53fb8278c48df9a639f7002d1cc09eeb4024fb67406337
poi_502094_1530,power_slug_yellow,Persistent_Level:PersistentLevel.BP_Crystal_mk2_8,9OWXU7JD01UOUBNJUXYAKLM0W,power_slug_yellow,BP_Crystal_mk2_C,-1541.561,620.499,47.528,++FactoryGame+rel-main-anniversary-2026-CL-502094,2c1ba76bf6aeb7593d53fb8278c48df9a639f7002d1cc09eeb4024fb67406337
poi_502094_1531,power_slug_yellow,Persistent_Level:PersistentLevel.BP_Crystal_mk76_2,9SRHX1B6DG1OMS1ZMV4RL34NE,power_slug_yellow,BP_Crystal_mk2_C,2089.82,-1159.08,116.68,++FactoryGame+rel-main-anniversary-2026-CL-502094,2c1ba76bf6aeb7593d53fb8278c48df9a639f7002d1cc09eeb4024fb67406337
poi_502094_1532,power_slug_yellow,Persistent_Level:PersistentLevel.BP_Crystal_mk21_21,9T3US14CYWS7B8323CIT374LW,power_slug_yellow,BP_Crystal_mk2_C,-1672.042,-458.92,219.134,++FactoryGame+rel-main-anniversary-2026-CL-502094,2c1ba76bf6aeb7593d53fb8278c48df9a639f7002d1cc09eeb4024fb67406337
poi_502094_1533,power_slug_yellow,Persistent_Level:PersistentLevel.BP_Crystal_mk25_27,9T3US14CYWS7B8323CIT374LW,power_slug_yellow,BP_Crystal_mk2_C,-1546.595,-491.701,240.595,++FactoryGame+rel-main-anniversary-2026-CL-502094,2c1ba76bf6aeb7593d53fb8278c48df9a639f7002d1cc09eeb4024fb67406337
poi_502094_1534,power_slug_yellow,Persistent_Level:PersistentLevel.BP_Crystal_mk217,9T5UANXRJTJHRGRD794IIZBZZ,power_slug_yellow,BP_Crystal_mk2_C,293.847,-559.062,38.545,++FactoryGame+rel-main-anniversary-2026-CL-502094,2c1ba76bf6aeb7593d53fb8278c48df9a639f7002d1cc09eeb4024fb67406337
poi_502094_1535,power_slug_yellow,Persistent_Level:PersistentLevel.BP_Crystal_mk25_14,9T5UANXRJTJHRGRD794IIZBZZ,power_slug_yellow,BP_Crystal_mk2_C,230.688,-560.432,218.812,++FactoryGame+rel-main-anniversary-2026-CL-502094,2c1ba76bf6aeb7593d53fb8278c48df9a639f7002d1cc09eeb4024fb67406337
poi_502094_1536,power_slug_yellow,Persistent_Level:PersistentLevel.BP_Crystal_mk225,9UFMWACNFBI7PUU2FL99RF8OJ,power_slug_yellow,BP_Crystal_mk2_C,2497.654,-1104.592,-19.583,++FactoryGame+rel-main-anniversary-2026-CL-502094,2c1ba76bf6aeb7593d53fb8278c48df9a639f7002d1cc09eeb4024fb67406337
poi_502094_1537,power_slug_yellow,Persistent_Level:PersistentLevel.BP_Crystal_mk25_11,9V7BET3SLEAIVTLOZY0TKZ22O,power_slug_yellow,BP_Crystal_mk2_C,1852.305,-2091.992,48.08,++FactoryGame+rel-main-anniversary-2026-CL-502094,2c1ba76bf6aeb7593d53fb8278c48df9a639f7002d1cc09eeb4024fb67406337
poi_502094_1538,power_slug_yellow,Persistent_Level:PersistentLevel.BP_Crystal_mk74_4,A0NXJCF5IYQ8579ZEDKMM5BWE,power_slug_yellow,BP_Crystal_mk2_C,1562.51,1785.58,0.23,++FactoryGame+rel-main-anniversary-2026-CL-502094,2c1ba76bf6aeb7593d53fb8278c48df9a639f7002d1cc09eeb4024fb67406337
poi_502094_1539,power_slug_yellow,Persistent_Level:PersistentLevel.BP_Crystal_mk215_95,A62OIFRWFVMJ69NL15PQXV8SK,power_slug_yellow,BP_Crystal_mk2_C,-862.136,-733.903,208.051,++FactoryGame+rel-main-anniversary-2026-CL-502094,2c1ba76bf6aeb7593d53fb8278c48df9a639f7002d1cc09eeb4024fb67406337
poi_502094_1540,power_slug_yellow,Persistent_Level:PersistentLevel.BP_Crystal_C_UAID_40B076DF2F79A35901_1559939832,A83ST7K8BTOU8Q9OKEMQIOSXE,power_slug_yellow,BP_Crystal_mk2_C,256.049,2208.366,-17.452,++FactoryGame+rel-main-anniversary-2026-CL-502094,2c1ba76bf6aeb7593d53fb8278c48df9a639f7002d1cc09eeb4024fb67406337
poi_502094_1541,power_slug_yellow,Persistent_Level:PersistentLevel.BP_Crystal_C_UAID_40B076DF2F79B56201_1247281510,A83ST7K8BTOU8Q9OKEMQIOSXE,power_slug_yellow,BP_Crystal_mk2_C,298.794,2347.115,17.982,++FactoryGame+rel-main-anniversary-2026-CL-502094,2c1ba76bf6aeb7593d53fb8278c48df9a639f7002d1cc09eeb4024fb67406337
poi_502094_1542,power_slug_yellow,Persistent_Level:PersistentLevel.BP_Crystal_mk27_5,AAFNRS5IX4V50HCFMY2POU6EE,power_slug_yellow,BP_Crystal_mk2_C,-1531.753,-1089.618,79.601,++FactoryGame+rel-main-anniversary-2026-CL-502094,2c1ba76bf6aeb7593d53fb8278c48df9a639f7002d1cc09eeb4024fb67406337
poi_502094_1543,power_slug_yellow,Persistent_Level:PersistentLevel.BP_Crystal_mk2_C_UAID_04421A9713F03A5B01_1502427478,ABV1USTVLMPPKNABWDX60SHJY,power_slug_yellow,BP_Crystal_mk2_C,1859.62,1363.93,212.62,++FactoryGame+rel-main-anniversary-2026-CL-502094,2c1ba76bf6aeb7593d53fb8278c48df9a639f7002d1cc09eeb4024fb67406337
poi_502094_1544,power_slug_yellow,Persistent_Level:PersistentLevel.BP_Crystal_mk43_3,AHN7H39UR2BDRFT44VSDF404O,power_slug_yellow,BP_Crystal_mk2_C,1908.53,2229.9,239.33,++FactoryGame+rel-main-anniversary-2026-CL-502094,2c1ba76bf6aeb7593d53fb8278c48df9a639f7002d1cc09eeb4024fb67406337
poi_502094_1545,power_slug_yellow,Persistent_Level:PersistentLevel.BP_Crystal_mk2_C_UAID_04421A9713F049B201_2036002976,AIH3C4LI19ODUG77WR1KF9XJF,power_slug_yellow,BP_Crystal_mk2_C,631.19,-2103.96,16.68,++FactoryGame+rel-main-anniversary-2026-CL-502094,2c1ba76bf6aeb7593d53fb8278c48df9a639f7002d1cc09eeb4024fb67406337
poi_502094_1546,power_slug_yellow,Persistent_Level:PersistentLevel.BP_Crystal_mk2_C_UAID_04421A9713F071A401_1739232248,AL5STOI1F7GHQLHHUZBP6VNO2,power_slug_yellow,BP_Crystal_mk2_C,-1787.42,-930.06,208.88,++FactoryGame+rel-main-anniversary-2026-CL-502094,2c1ba76bf6aeb7593d53fb8278c48df9a639f7002d1cc09eeb4024fb67406337
poi_502094_1547,power_slug_yellow,Persistent_Level:PersistentLevel.BP_Crystal_mk2_C_UAID_04421A9713F0F67A01_1684184353,ANFQIX0XYM1R5SJZNS9CZAT22,power_slug_yellow,BP_Crystal_mk2_C,1664.24,-388.92,118.12,++FactoryGame+rel-main-anniversary-2026-CL-502094,2c1ba76bf6aeb7593d53fb8278c48df9a639f7002d1cc09eeb4024fb67406337
poi_502094_1548,power_slug_yellow,Persistent_Level:PersistentLevel.BP_Crystal_mk2_10,ANKF0W3PGROOFBIZ14ULIRF67,power_slug_yellow,BP_Crystal_mk2_C,3542.791,1768.627,84.244,++FactoryGame+rel-main-anniversary-2026-CL-502094,2c1ba76bf6aeb7593d53fb8278c48df9a639f7002d1cc09eeb4024fb67406337
poi_502094_1549,power_slug_yellow,Persistent_Level:PersistentLevel.BP_Crystal_mk210_20,ASJDTQ7TH640QX11CY0U7IP88,power_slug_yellow,BP_Crystal_mk2_C,-1425.188,-1858.837,22.705,++FactoryGame+rel-main-anniversary-2026-CL-502094,2c1ba76bf6aeb7593d53fb8278c48df9a639f7002d1cc09eeb4024fb67406337
poi_502094_1550,power_slug_yellow,Persistent_Level:PersistentLevel.BP_Crystal_mk210_47,ASVXL0FV8APESRV4T6EM1SYBV,power_slug_yellow,BP_Crystal_mk2_C,1948.529,692.601,44.539,++FactoryGame+rel-main-anniversary-2026-CL-502094,2c1ba76bf6aeb7593d53fb8278c48df9a639f7002d1cc09eeb4024fb67406337
poi_502094_1551,power_slug_yellow,Persistent_Level:PersistentLevel.BP_Crystal_mk2_C_UAID_04421A9713F0245C01_1697523667,AUPCC2CRW843YTL7JGYXVGVRH,power_slug_yellow,BP_Crystal_mk2_C,2030.3,2575.67,93.68,++FactoryGame+rel-main-anniversary-2026-CL-502094,2c1ba76bf6aeb7593d53fb8278c48df9a639f7002d1cc09eeb4024fb67406337
poi_502094_1552,power_slug_yellow,Persistent_Level:PersistentLevel.BP_Crystal_mk2_C_UAID_04421A9713F0775B01_1268218200,AUPCC2CRW843YTL7JGYXVGVRH,power_slug_yellow,BP_Crystal_mk2_C,1971.67,2737.36,120.56,++FactoryGame+rel-main-anniversary-2026-CL-502094,2c1ba76bf6aeb7593d53fb8278c48df9a639f7002d1cc09eeb4024fb67406337
poi_502094_1553,power_slug_yellow,Persistent_Level:PersistentLevel.BP_Crystal_mk24_15,AVODEMQDNCSANG0CFNAB282QH,power_slug_yellow,BP_Crystal_mk2_C,-1011.682,682.679,138.17,++FactoryGame+rel-main-anniversary-2026-CL-502094,2c1ba76bf6aeb7593d53fb8278c48df9a639f7002d1cc09eeb4024fb67406337
poi_502094_1554,power_slug_yellow,Persistent_Level:PersistentLevel.BP_Crystal_mk2_C_24,AWMSV1XNEUXQXNWYWI76PKKAM,power_slug_yellow,BP_Crystal_mk2_C,1775.89,-662.78,160.09,++FactoryGame+rel-main-anniversary-2026-CL-502094,2c1ba76bf6aeb7593d53fb8278c48df9a639f7002d1cc09eeb4024fb67406337
poi_502094_1555,power_slug_yellow,Persistent_Level:PersistentLevel.BP_Crystal_mk2_C_26,AWMSV1XNEUXQXNWYWI76PKKAM,power_slug_yellow,BP_Crystal_mk2_C,1816.25,-679.03,95.71,++FactoryGame+rel-main-anniversary-2026-CL-502094,2c1ba76bf6aeb7593d53fb8278c48df9a639f7002d1cc09eeb4024fb67406337
poi_502094_1556,power_slug_yellow,Persistent_Level:PersistentLevel.BP_Crystal_mk212_9,AWYW7A2YED4QTSEISWNVZULIO,power_slug_yellow,BP_Crystal_mk2_C,33.365,-1218.701,21.065,++FactoryGame+rel-main-anniversary-2026-CL-502094,2c1ba76bf6aeb7593d53fb8278c48df9a639f7002d1cc09eeb4024fb67406337
poi_502094_1557,power_slug_yellow,Persistent_Level:PersistentLevel.BP_Crystal_C_UAID_40B076DF2F79F35F01_1207047265,AXKBSCFFF3H53IWL29V0XIW6V,power_slug_yellow,BP_Crystal_mk2_C,709.76,1601.64,174.95,++FactoryGame+rel-main-anniversary-2026-CL-502094,2c1ba76bf6aeb7593d53fb8278c48df9a639f7002d1cc09eeb4024fb67406337
poi_502094_1558,power_slug_yellow,Persistent_Level:PersistentLevel.BP_Crystal_mk2_C_15,AXKBSCFFF3H53IWL29V0XIW6V,power_slug_yellow,BP_Crystal_mk2_C,709.8,1675.144,50.025,++FactoryGame+rel-main-anniversary-2026-CL-502094,2c1ba76bf6aeb7593d53fb8278c48df9a639f7002d1cc09eeb4024fb67406337
poi_502094_1559,power_slug_yellow,Persistent_Level:PersistentLevel.BP_Crystal_mk79,AXKBSCFFF3H53IWL29V0XIW6V,power_slug_yellow,BP_Crystal_mk2_C,663.565,1609.593,71.636,++FactoryGame+rel-main-anniversary-2026-CL-502094,2c1ba76bf6aeb7593d53fb8278c48df9a639f7002d1cc09eeb4024fb67406337
poi_502094_1560,power_slug_yellow,Persistent_Level:PersistentLevel.BP_Crystal_mk29_19,AYGLQNU3ZR1Q1G7GMTNXOP87R,power_slug_yellow,BP_Crystal_mk2_C,-1696.579,-656.586,176.824,++FactoryGame+rel-main-anniversary-2026-CL-502094,2c1ba76bf6aeb7593d53fb8278c48df9a639f7002d1cc09eeb4024fb67406337
poi_502094_1561,power_slug_yellow,Persistent_Level:PersistentLevel.BP_Crystal_mk26_4,AZ6FKAJPSWV8B78XOT6NDA7K9,power_slug_yellow,BP_Crystal_mk2_C,-1914.413,-821.225,1.216,++FactoryGame+rel-main-anniversary-2026-CL-502094,2c1ba76bf6aeb7593d53fb8278c48df9a639f7002d1cc09eeb4024fb67406337
poi_502094_1562,power_slug_yellow,Persistent_Level:PersistentLevel.BP_Crystal_mk25_4,B3Q0O4GVDCSVF5DM4FWX8AJ74,power_slug_yellow,BP_Crystal_mk2_C,-318.631,-3041.961,-14.713,++FactoryGame+rel-main-anniversary-2026-CL-502094,2c1ba76bf6aeb7593d53fb8278c48df9a639f7002d1cc09eeb4024fb67406337
poi_502094_1563,power_slug_yellow,Persistent_Level:PersistentLevel.BP_Crystal_mk212_18,B4380ILYSOXIJX4GG9DTR191W,power_slug_yellow,BP_Crystal_mk2_C,1422.392,-1613.054,52.054,++FactoryGame+rel-main-anniversary-2026-CL-502094,2c1ba76bf6aeb7593d53fb8278c48df9a639f7002d1cc09eeb4024fb67406337
poi_502094_1564,power_slug_yellow,Persistent_Level:PersistentLevel.BP_Crystal_mk27_13,B7IC3GZ9K7T6D4PNRRTZGKM7D,power_slug_yellow,BP_Crystal_mk2_C,2031.409,-2090.193,132.539,++FactoryGame+rel-main-anniversary-2026-CL-502094,2c1ba76bf6aeb7593d53fb8278c48df9a639f7002d1cc09eeb4024fb67406337
poi_502094_1565,power_slug_yellow,Persistent_Level:PersistentLevel.BP_Crystal_mk27_92,B97U49TD9NY5LVZMF4EI5M193,power_slug_yellow,BP_Crystal_mk2_C,2221.512,-401.819,4.434,++FactoryGame+rel-main-anniversary-2026-CL-502094,2c1ba76bf6aeb7593d53fb8278c48df9a639f7002d1cc09eeb4024fb67406337
poi_502094_1566,power_slug_yellow,Persistent_Level:PersistentLevel.BP_Crystal_mk24,B9W06MBUGG3A929ZCNLUH99W4,power_slug_yellow,BP_Crystal_mk2_C,915.938,552.026,89.204,++FactoryGame+rel-main-anniversary-2026-CL-502094,2c1ba76bf6aeb7593d53fb8278c48df9a639f7002d1cc09eeb4024fb67406337
poi_502094_1567,power_slug_yellow,Persistent_Level:PersistentLevel.BP_Crystal_mk24_25,BBAP4L83UFHS4U08VLZ7YKB3W,power_slug_yellow,BP_Crystal_mk2_C,548.172,-143.388,134.984,++FactoryGame+rel-main-anniversary-2026-CL-502094,2c1ba76bf6aeb7593d53fb8278c48df9a639f7002d1cc09eeb4024fb67406337
poi_502094_1568,power_slug_yellow,Persistent_Level:PersistentLevel.BP_Crystal_mk2_C_UAID_04421A9713F0E87A01_1147893840,BBAP4L83UFHS4U08VLZ7YKB3W,power_slug_yellow,BP_Crystal_mk2_C,630.94,-119.31,190.57,++FactoryGame+rel-main-anniversary-2026-CL-502094,2c1ba76bf6aeb7593d53fb8278c48df9a639f7002d1cc09eeb4024fb67406337
poi_502094_1569,power_slug_yellow,Persistent_Level:PersistentLevel.BP_Crystal_mk28_83,BEH3PCTHNNOMPZOV7UFF5H29S,power_slug_yellow,BP_Crystal_mk2_C,-1840.983,-310.153,227.156,++FactoryGame+rel-main-anniversary-2026-CL-502094,2c1ba76bf6aeb7593d53fb8278c48df9a639f7002d1cc09eeb4024fb67406337
poi_502094_1570,power_slug_yellow,Persistent_Level:PersistentLevel.BP_Crystal_mk22_18,BJ90CDRRW7NBKK9DQSQFAW3R9,power_slug_yellow,BP_Crystal_mk2_C,3434.416,769.685,58.614,++FactoryGame+rel-main-anniversary-2026-CL-502094,2c1ba76bf6aeb7593d53fb8278c48df9a639f7002d1cc09eeb4024fb67406337
poi_502094_1571,power_slug_yellow,Persistent_Level:PersistentLevel.BP_Crystal_mk24_3,BKJ1X6KDE2HVJHANV17PXMUUY,power_slug_yellow,BP_Crystal_mk2_C,-59.442,-2660.083,6.77,++FactoryGame+rel-main-anniversary-2026-CL-502094,2c1ba76bf6aeb7593d53fb8278c48df9a639f7002d1cc09eeb4024fb67406337
poi_502094_1572,power_slug_yellow,Persistent_Level:PersistentLevel.BP_Crystal_mk23_29,BPLT883EAQO3PEGDRAPZ8D940,power_slug_yellow,BP_Crystal_mk2_C,1317.724,-1337.913,129.027,++FactoryGame+rel-main-anniversary-2026-CL-502094,2c1ba76bf6aeb7593d53fb8278c48df9a639f7002d1cc09eeb4024fb67406337
poi_502094_1573,power_slug_yellow,Persistent_Level:PersistentLevel.BP_Crystal_mk2_C_22,BQDNWBSWKZHFBS12547YMI6MG,power_slug_yellow,BP_Crystal_mk2_C,1043.009,-1527.34,66.345,++FactoryGame+rel-main-anniversary-2026-CL-502094,2c1ba76bf6aeb7593d53fb8278c48df9a639f7002d1cc09eeb4024fb67406337
poi_502094_1574,power_slug_yellow,Persistent_Level:PersistentLevel.BP_Crystal_mk219,BRJ2ADJWSYWB7MOC3UZBE3TB8,power_slug_yellow,BP_Crystal_mk2_C,-1223.077,-284.728,198.452,++FactoryGame+rel-main-anniversary-2026-CL-502094,2c1ba76bf6aeb7593d53fb8278c48df9a639f7002d1cc09eeb4024fb67406337
poi_502094_1575,power_slug_yellow,Persistent_Level:PersistentLevel.BP_Crystal_C_49,BSTIJIBBSJLWHWZ5AT1VYZCE6,power_slug_yellow,BP_Crystal_mk2_C,1571.17,-785.93,125.39,++FactoryGame+rel-main-anniversary-2026-CL-502094,2c1ba76bf6aeb7593d53fb8278c48df9a639f7002d1cc09eeb4024fb67406337
poi_502094_1576,power_slug_yellow,Persistent_Level:PersistentLevel.BP_Crystal_mk2_C_UAID_4CEDFB3E2F7F8B9201_1245751815,BSTIJIBBSJLWHWZ5AT1VYZCE6,power_slug_yellow,BP_Crystal_mk2_C,1670.4,-836.2,19.2,++FactoryGame+rel-main-anniversary-2026-CL-502094,2c1ba76bf6aeb7593d53fb8278c48df9a639f7002d1cc09eeb4024fb67406337
poi_502094_1577,power_slug_yellow,Persistent_Level:PersistentLevel.BP_Crystal_mk2_C_UAID_04421A9713F0E57A01_1469842296,BU630G8AEO2LFQYRM1VR5O8D8,power_slug_yellow,BP_Crystal_mk2_C,1551.32,-270.74,192.68,++FactoryGame+rel-main-anniversary-2026-CL-502094,2c1ba76bf6aeb7593d53fb8278c48df9a639f7002d1cc09eeb4024fb67406337
poi_502094_1578,power_slug_yellow,Persistent_Level:PersistentLevel.BP_Crystal_mk2_C_UAID_04421A9713F0E67A01_1084770479,BU630G8AEO2LFQYRM1VR5O8D8,power_slug_yellow,BP_Crystal_mk2_C,1568.82,-177.76,182.79,++FactoryGame+rel-main-anniversary-2026-CL-502094,2c1ba76bf6aeb7593d53fb8278c48df9a639f7002d1cc09eeb4024fb67406337
poi_502094_1579,power_slug_yellow,Persistent_Level:PersistentLevel.BP_Crystal_mk55,BV3J6S3HGK1XQ0GTC1PUYN6PD,power_slug_yellow,BP_Crystal_mk2_C,-90.318,1654.619,60.122,++FactoryGame+rel-main-anniversary-2026-CL-502094,2c1ba76bf6aeb7593d53fb8278c48df9a639f7002d1cc09eeb4024fb67406337
poi_502094_1580,power_slug_yellow,Persistent_Level:PersistentLevel.BP_Crystal_mk56,BV3J6S3HGK1XQ0GTC1PUYN6PD,power_slug_yellow,BP_Crystal_mk2_C,90.928,1691.123,46.813,++FactoryGame+rel-main-anniversary-2026-CL-502094,2c1ba76bf6aeb7593d53fb8278c48df9a639f7002d1cc09eeb4024fb67406337
poi_502094_1581,power_slug_yellow,Persistent_Level:PersistentLevel.BP_Crystal_C_UAID_40B076DF2F790F6201_1248400288,BXV0B0WA2UKMDBHQR4Z3U8U13,power_slug_yellow,BP_Crystal_mk2_C,1215.22,2069.779,2.66,++FactoryGame+rel-main-anniversary-2026-CL-502094,2c1ba76bf6aeb7593d53fb8278c48df9a639f7002d1cc09eeb4024fb67406337
poi_502094_1582,power_slug_yellow,Persistent_Level:PersistentLevel.BP_Crystal_mk2_C_UAID_04421A9713F0FC5201_1997354134,BXV0B0WA2UKMDBHQR4Z3U8U13,power_slug_yellow,BP_Crystal_mk2_C,1309.2,1995.55,130.02,++FactoryGame+rel-main-anniversary-2026-CL-502094,2c1ba76bf6aeb7593d53fb8278c48df9a639f7002d1cc09eeb4024fb67406337
poi_502094_1583,power_slug_yellow,Persistent_Level:PersistentLevel.BP_Crystal_mk51,BXV0B0WA2UKMDBHQR4Z3U8U13,power_slug_yellow,BP_Crystal_mk2_C,1322.3,2007.25,62.3,++FactoryGame+rel-main-anniversary-2026-CL-502094,2c1ba76bf6aeb7593d53fb8278c48df9a639f7002d1cc09eeb4024fb67406337
poi_502094_1584,power_slug_yellow,Persistent_Level:PersistentLevel.BP_Crystal_mk51_28,BXV0B0WA2UKMDBHQR4Z3U8U13,power_slug_yellow,BP_Crystal_mk2_C,1244.95,2028.2,54.05,++FactoryGame+rel-main-anniversary-2026-CL-502094,2c1ba76bf6aeb7593d53fb8278c48df9a639f7002d1cc09eeb4024fb67406337
poi_502094_1585,power_slug_yellow,Persistent_Level:PersistentLevel.BP_Crystal_mk76_6,BXV0B0WA2UKMDBHQR4Z3U8U13,power_slug_yellow,BP_Crystal_mk2_C,1148.35,1963.15,31.6,++FactoryGame+rel-main-anniversary-2026-CL-502094,2c1ba76bf6aeb7593d53fb8278c48df9a639f7002d1cc09eeb4024fb67406337
poi_502094_1586,power_slug_yellow,Persistent_Level:PersistentLevel.BP_Crystal_mk23_1,BYHD5SPK5FHBB1YPGB44I7U5H,power_slug_yellow,BP_Crystal_mk2_C,-1866.82,-559.101,108.713,++FactoryGame+rel-main-anniversary-2026-CL-502094,2c1ba76bf6aeb7593d53fb8278c48df9a639f7002d1cc09eeb4024fb67406337
poi_502094_1587,power_slug_yellow,Persistent_Level:PersistentLevel.BP_Crystal_mk2_C_UAID_40B076DF2F79AB5201_1083372854,BZEVNLO9HJHB5BH8TBRM90F2J,power_slug_yellow,BP_Crystal_mk2_C,829.173,2322.885,4.377,++FactoryGame+rel-main-anniversary-2026-CL-502094,2c1ba76bf6aeb7593d53fb8278c48df9a639f7002d1cc09eeb4024fb67406337
poi_502094_1588,power_slug_yellow,Persistent_Level:PersistentLevel.BP_Crystal_mk10,C0JTYPHPTD6ZKA9K67PR04Z44,power_slug_yellow,BP_Crystal_mk2_C,89.084,2207.317,22.03,++FactoryGame+rel-main-anniversary-2026-CL-502094,2c1ba76bf6aeb7593d53fb8278c48df9a639f7002d1cc09eeb4024fb67406337
poi_502094_1589,power_slug_yellow,Persistent_Level:PersistentLevel.BP_Crystal_mk211,C1FHOGHSV3V75SWKPA04MEM8T,power_slug_yellow,BP_Crystal_mk2_C,-121.95,-2832.512,33.482,++FactoryGame+rel-main-anniversary-2026-CL-502094,2c1ba76bf6aeb7593d53fb8278c48df9a639f7002d1cc09eeb4024fb67406337
poi_502094_1590,power_slug_yellow,Persistent_Level:PersistentLevel.BP_Crystal_C_UAID_04421A9713F0607801_1667283784,C1RQPXAX4V4HC6M9BKCCNKP47,power_slug_yellow,BP_Crystal_mk2_C,2486.12,352.91,140.55,++FactoryGame+rel-main-anniversary-2026-CL-502094,2c1ba76bf6aeb7593d53fb8278c48df9a639f7002d1cc09eeb4024fb67406337
poi_502094_1591,power_slug_yellow,Persistent_Level:PersistentLevel.BP_Crystal_mk28_7,C5UNUIWQ1BGSGG9Y27426O9SN,power_slug_yellow,BP_Crystal_mk2_C,-1219.734,-2069.406,-3.034,++FactoryGame+rel-main-anniversary-2026-CL-502094,2c1ba76bf6aeb7593d53fb8278c48df9a639f7002d1cc09eeb4024fb67406337
poi_502094_1592,power_slug_yellow,Persistent_Level:PersistentLevel.BP_Crystal_mk2_C_3,C78DSIB7NN2YDBWI8OSKGXMGR,power_slug_yellow,BP_Crystal_mk2_C,305.786,-2420.521,-34.93,++FactoryGame+rel-main-anniversary-2026-CL-502094,2c1ba76bf6aeb7593d53fb8278c48df9a639f7002d1cc09eeb4024fb67406337
poi_502094_1593,power_slug_yellow,Persistent_Level:PersistentLevel.BP_Crystal_mk2_C_UAID_40B076DF2F79738301_1516430745,CAXR2PU5R6GEYC55KHC6XQRDL,power_slug_yellow,BP_Crystal_mk2_C,-276.0,-1396.9,-69.6,++FactoryGame+rel-main-anniversary-2026-CL-502094,2c1ba76bf6aeb7593d53fb8278c48df9a639f7002d1cc09eeb4024fb67406337
poi_502094_1594,power_slug_yellow,Persistent_Level:PersistentLevel.BP_Crystal_C_UAID_40B076DF2F79016301_2047367890,CBLQOVJE72F63HHDW2N1Q96UP,power_slug_yellow,BP_Crystal_mk2_C,710.17,2038.99,-11.74,++FactoryGame+rel-main-anniversary-2026-CL-502094,2c1ba76bf6aeb7593d53fb8278c48df9a639f7002d1cc09eeb4024fb67406337
poi_502094_1595,power_slug_yellow,Persistent_Level:PersistentLevel.BP_Crystal_mk2_C_21,CBLQOVJE72F63HHDW2N1Q96UP,power_slug_yellow,BP_Crystal_mk2_C,689.386,2146.323,13.713,++FactoryGame+rel-main-anniversary-2026-CL-502094,2c1ba76bf6aeb7593d53fb8278c48df9a639f7002d1cc09eeb4024fb67406337
poi_502094_1596,power_slug_yellow,Persistent_Level:PersistentLevel.BP_Crystal_mk24_2,CBWK05FM6Y1IKFIK82DSTCNQR,power_slug_yellow,BP_Crystal_mk2_C,-1402.017,-624.858,117.971,++FactoryGame+rel-main-anniversary-2026-CL-502094,2c1ba76bf6aeb7593d53fb8278c48df9a639f7002d1cc09eeb4024fb67406337
poi_502094_1597,power_slug_yellow,Persistent_Level:PersistentLevel.BP_Crystal_mk217_91,CD56CV6662RIWBR8UHUFMMSRB,power_slug_yellow,BP_Crystal_mk2_C,-768.311,-611.496,206.363,++FactoryGame+rel-main-anniversary-2026-CL-502094,2c1ba76bf6aeb7593d53fb8278c48df9a639f7002d1cc09eeb4024fb67406337
poi_502094_1598,power_slug_yellow,Persistent_Level:PersistentLevel.BP_Crystal_mk215,CEITTSM2HPGFPMS0FKPD8DG9S,power_slug_yellow,BP_Crystal_mk2_C,-2066.891,1918.202,76.089,++FactoryGame+rel-main-anniversary-2026-CL-502094,2c1ba76bf6aeb7593d53fb8278c48df9a639f7002d1cc09eeb4024fb67406337
poi_502094_1599,power_slug_yellow,Persistent_Level:PersistentLevel.BP_Crystal_mk220,CES7K8R0XDMYUD9PX099DTYXK,power_slug_yellow,BP_Crystal_mk2_C,-622.544,-741.702,203.704,++FactoryGame+rel-main-anniversary-2026-CL-502094,2c1ba76bf6aeb7593d53fb8278c48df9a639f7002d1cc09eeb4024fb67406337
poi_502094_1600,power_slug_yellow,Persistent_Level:PersistentLevel.BP_Crystal_mk22_1,CEUR68CD6DEFP4KQJDMOXOZWK,power_slug_yellow,BP_Crystal_mk2_C,-249.151,-1849.68,-9.218,++FactoryGame+rel-main-anniversary-2026-CL-502094,2c1ba76bf6aeb7593d53fb8278c48df9a639f7002d1cc09eeb4024fb67406337
poi_502094_1601,power_slug_yellow,Persistent_Level:PersistentLevel.BP_Crystal_mk24_0,CLPT6B78ZVZTLM2YNJ172UJZS,power_slug_yellow,BP_Crystal_mk2_C,-113.433,1493.647,122.131,++FactoryGame+rel-main-anniversary-2026-CL-502094,2c1ba76bf6aeb7593d53fb8278c48df9a639f7002d1cc09eeb4024fb67406337
poi_502094_1602,power_slug_yellow,Persistent_Level:PersistentLevel.BP_Crystal_mk26_6,CLTABPAREQ7Z1WOHDR1AISPRR,power_slug_yellow,BP_Crystal_mk2_C,-481.386,-939.466,223.69,++FactoryGame+rel-main-anniversary-2026-CL-502094,2c1ba76bf6aeb7593d53fb8278c48df9a639f7002d1cc09eeb4024fb67406337
poi_502094_1603,power_slug_yellow,Persistent_Level:PersistentLevel.BP_Crystal_mk2_C_UAID_04421A9713F06FA401_2035551894,CLTEKSRRDYHLXQL2PCFAB56VP,power_slug_yellow,BP_Crystal_mk2_C,-1443.24,-1568.56,143.38,++FactoryGame+rel-main-anniversary-2026-CL-502094,2c1ba76bf6aeb7593d53fb8278c48df9a639f7002d1cc09eeb4024fb67406337
poi_502094_1604,power_slug_yellow,Persistent_Level:PersistentLevel.BP_Crystal_mk2_C_UAID_04421A9713F0B65201_2137568813,CPQQ8A0UUO7EOZ92IO7NDRIXC,power_slug_yellow,BP_Crystal_mk2_C,1701.42,1302.03,196.2,++FactoryGame+rel-main-anniversary-2026-CL-502094,2c1ba76bf6aeb7593d53fb8278c48df9a639f7002d1cc09eeb4024fb67406337
poi_502094_1605,power_slug_yellow,Persistent_Level:PersistentLevel.BP_Crystal_mk2_C_9,CQ0CKTZT5E0ASGUGG57K4U301,power_slug_yellow,BP_Crystal_mk2_C,710.371,521.303,95.062,++FactoryGame+rel-main-anniversary-2026-CL-502094,2c1ba76bf6aeb7593d53fb8278c48df9a639f7002d1cc09eeb4024fb67406337
poi_502094_1606,power_slug_yellow,Persistent_Level:PersistentLevel.BP_Crystal8_18,CR0SO3LMRNOSVU7S7U7MFZ92N,power_slug_yellow,BP_Crystal_mk2_C,1438.273,-1259.493,162.4,++FactoryGame+rel-main-anniversary-2026-CL-502094,2c1ba76bf6aeb7593d53fb8278c48df9a639f7002d1cc09eeb4024fb67406337
poi_502094_1607,power_slug_yellow,Persistent_Level:PersistentLevel.BP_Crystal_C_42,CR0SO3LMRNOSVU7S7U7MFZ92N,power_slug_yellow,BP_Crystal_mk2_C,1534.21,-1138.02,79.41,++FactoryGame+rel-main-anniversary-2026-CL-502094,2c1ba76bf6aeb7593d53fb8278c48df9a639f7002d1cc09eeb4024fb67406337
poi_502094_1608,power_slug_yellow,Persistent_Level:PersistentLevel.BP_Crystal_mk227,CWC9G8JCM8201E2UDN27U5SXG,power_slug_yellow,BP_Crystal_mk2_C,2572.774,145.749,56.815,++FactoryGame+rel-main-anniversary-2026-CL-502094,2c1ba76bf6aeb7593d53fb8278c48df9a639f7002d1cc09eeb4024fb67406337
poi_502094_1609,power_slug_yellow,Persistent_Level:PersistentLevel.BP_Crystal_mk216_19,CYIG9OCBFVQJ01L07CNML4VKC,power_slug_yellow,BP_Crystal_mk2_C,296.261,46.329,223.912,++FactoryGame+rel-main-anniversary-2026-CL-502094,2c1ba76bf6aeb7593d53fb8278c48df9a639f7002d1cc09eeb4024fb67406337
poi_502094_1610,power_slug_yellow,Persistent_Level:PersistentLevel.BP_Crystal_C_50,CZHFQ4Q181DWOGR3ZVTIBHQLC,power_slug_yellow,BP_Crystal_mk2_C,1649.06,-948.81,87.01,++FactoryGame+rel-main-anniversary-2026-CL-502094,2c1ba76bf6aeb7593d53fb8278c48df9a639f7002d1cc09eeb4024fb67406337
poi_502094_1611,power_slug_yellow,Persistent_Level:PersistentLevel.BP_Crystal_mk22_22,D1FFLTHEARRNUZAIW2X4OWIS2,power_slug_yellow,BP_Crystal_mk2_C,-699.61,147.958,236.412,++FactoryGame+rel-main-anniversary-2026-CL-502094,2c1ba76bf6aeb7593d53fb8278c48df9a639f7002d1cc09eeb4024fb67406337
poi_502094_1612,power_slug_yellow,Persistent_Level:PersistentLevel.BP_Crystal_mk3_C_UAID_04421A9713F0747801_1178299322,D2U6VEGID4QK8XYHA1P94YXFP,power_slug_yellow,BP_Crystal_mk2_C,1646.76,39.15,212.56,++FactoryGame+rel-main-anniversary-2026-CL-502094,2c1ba76bf6aeb7593d53fb8278c48df9a639f7002d1cc09eeb4024fb67406337
poi_502094_1613,power_slug_yellow,Persistent_Level:PersistentLevel.BP_Crystal_mk2_C_42,D50JE516JR21IVYL84YNJQ75U,power_slug_yellow,BP_Crystal_mk2_C,2091.163,-594.162,14.993,++FactoryGame+rel-main-anniversary-2026-CL-502094,2c1ba76bf6aeb7593d53fb8278c48df9a639f7002d1cc09eeb4024fb67406337
poi_502094_1614,power_slug_yellow,Persistent_Level:PersistentLevel.BP_Crystal_mk29_23,D74U74OPJE9V0KNNK852HH1P8,power_slug_yellow,BP_Crystal_mk2_C,1453.32,2382.6,59.83,++FactoryGame+rel-main-anniversary-2026-CL-502094,2c1ba76bf6aeb7593d53fb8278c48df9a639f7002d1cc09eeb4024fb67406337
poi_502094_1615,power_slug_yellow,Persistent_Level:PersistentLevel.BP_Crystal17_UAID_40B076DF2F79245C01_1529847652,D9TRPKE33S98PUN1VEU3MM5MY,power_slug_yellow,BP_Crystal_mk2_C,859.248,1824.995,-4.875,++FactoryGame+rel-main-anniversary-2026-CL-502094,2c1ba76bf6aeb7593d53fb8278c48df9a639f7002d1cc09eeb4024fb67406337
poi_502094_1616,power_slug_yellow,Persistent_Level:PersistentLevel.BP_Crystal_mk2_C_UAID_40B076DF2F79245C01_1676679653,D9TRPKE33S98PUN1VEU3MM5MY,power_slug_yellow,BP_Crystal_mk2_C,871.54,1820.114,19.455,++FactoryGame+rel-main-anniversary-2026-CL-502094,2c1ba76bf6aeb7593d53fb8278c48df9a639f7002d1cc09eeb4024fb67406337
poi_502094_1617,power_slug_yellow,Persistent_Level:PersistentLevel.BP_Crystal_mk2_C_UAID_04421A9713F0327B01_1576760848,DA0MFSEDIV8SMDUYDEN6II96E,power_slug_yellow,BP_Crystal_mk2_C,1162.33,-193.36,167.08,++FactoryGame+rel-main-anniversary-2026-CL-502094,2c1ba76bf6aeb7593d53fb8278c48df9a639f7002d1cc09eeb4024fb67406337
poi_502094_1618,power_slug_yellow,Persistent_Level:PersistentLevel.BP_Crystal_mk2_C_UAID_04421A9713F0327B01_2054731851,DA0MFSEDIV8SMDUYDEN6II96E,power_slug_yellow,BP_Crystal_mk2_C,1298.29,-274.14,155.65,++FactoryGame+rel-main-anniversary-2026-CL-502094,2c1ba76bf6aeb7593d53fb8278c48df9a639f7002d1cc09eeb4024fb67406337
poi_502094_1619,power_slug_yellow,Persistent_Level:PersistentLevel.BP_Crystal_mk29_84,DE0JWSHJUML4JVA3E0SZV3MKV,power_slug_yellow,BP_Crystal_mk2_C,-1419.072,-477.024,194.676,++FactoryGame+rel-main-anniversary-2026-CL-502094,2c1ba76bf6aeb7593d53fb8278c48df9a639f7002d1cc09eeb4024fb67406337
poi_502094_1620,power_slug_yellow,Persistent_Level:PersistentLevel.BP_Crystal_mk24_10,DEJKE104EL5ZVDR1H6UQCPPXL,power_slug_yellow,BP_Crystal_mk2_C,1483.462,-2630.326,99.098,++FactoryGame+rel-main-anniversary-2026-CL-502094,2c1ba76bf6aeb7593d53fb8278c48df9a639f7002d1cc09eeb4024fb67406337
poi_502094_1621,power_slug_yellow,Persistent_Level:PersistentLevel.BP_Crystal_mk22_28,DFTEM3CBU6AYLSJVB3NTYGRQY,power_slug_yellow,BP_Crystal_mk2_C,607.444,-987.176,127.219,++FactoryGame+rel-main-anniversary-2026-CL-502094,2c1ba76bf6aeb7593d53fb8278c48df9a639f7002d1cc09eeb4024fb67406337
poi_502094_1622,power_slug_yellow,Persistent_Level:PersistentLevel.BP_Crystal_mk221,DGJVLG938BV6CSLV0H3GISTFX,power_slug_yellow,BP_Crystal_mk2_C,2511.119,-790.261,-16.712,++FactoryGame+rel-main-anniversary-2026-CL-502094,2c1ba76bf6aeb7593d53fb8278c48df9a639f7002d1cc09eeb4024fb67406337
poi_502094_1623,power_slug_yellow,Persistent_Level:PersistentLevel.BP_Crystal_mk2_C_41,DGJVLG938BV6CSLV0H3GISTFX,power_slug_yellow,BP_Crystal_mk2_C,2374.159,-854.659,23.69,++FactoryGame+rel-main-anniversary-2026-CL-502094,2c1ba76bf6aeb7593d53fb8278c48df9a639f7002d1cc09eeb4024fb67406337
poi_502094_1624,power_slug_yellow,Persistent_Level:PersistentLevel.BP_Crystal_mk21_0,DHYPMUZPAEXYJ62HH7DLYJE9D,power_slug_yellow,BP_Crystal_mk2_C,105.392,-2679.424,-37.65,++FactoryGame+rel-main-anniversary-2026-CL-502094,2c1ba76bf6aeb7593d53fb8278c48df9a639f7002d1cc09eeb4024fb67406337
poi_502094_1625,power_slug_yellow,Persistent_Level:PersistentLevel.BP_Crystal_mk2_2,DSG7ACJQX0WF3C9K5Q8MLZB9K,power_slug_yellow,BP_Crystal_mk2_C,-1146.623,575.625,137.284,++FactoryGame+rel-main-anniversary-2026-CL-502094,2c1ba76bf6aeb7593d53fb8278c48df9a639f7002d1cc09eeb4024fb67406337
poi_502094_1626,power_slug_yellow,Persistent_Level:PersistentLevel.BP_Crystal_mk224,DSKZ69WJZHRUE5OEAZDDR4QVK,power_slug_yellow,BP_Crystal_mk2_C,2915.022,-313.794,-9.307,++FactoryGame+rel-main-anniversary-2026-CL-502094,2c1ba76bf6aeb7593d53fb8278c48df9a639f7002d1cc09eeb4024fb67406337
poi_502094_1627,power_slug_yellow,Persistent_Level:PersistentLevel.BP_Crystal_mk228,DSKZ69WJZHRUE5OEAZDDR4QVK,power_slug_yellow,BP_Crystal_mk2_C,2873.749,-383.883,-14.743,++FactoryGame+rel-main-anniversary-2026-CL-502094,2c1ba76bf6aeb7593d53fb8278c48df9a639f7002d1cc09eeb4024fb67406337
poi_502094_1628,power_slug_yellow,Persistent_Level:PersistentLevel.BP_Crystal_mk2_C_UAID_04421A9713F02A8701_1121902119,DXC5RAGZNI3PIABGHHN1A7CNH,power_slug_yellow,BP_Crystal_mk2_C,-854.04,1436.07,-8.88,++FactoryGame+rel-main-anniversary-2026-CL-502094,2c1ba76bf6aeb7593d53fb8278c48df9a639f7002d1cc09eeb4024fb67406337
poi_502094_1629,power_slug_yellow,Persistent_Level:PersistentLevel.BP_Crystal_mk212_86,DXVYYD8BKKT09X26V4GQSEQMA,power_slug_yellow,BP_Crystal_mk2_C,-1698.263,-2.063,204.868,++FactoryGame+rel-main-anniversary-2026-CL-502094,2c1ba76bf6aeb7593d53fb8278c48df9a639f7002d1cc09eeb4024fb67406337
poi_502094_1630,power_slug_yellow,Persistent_Level:PersistentLevel.BP_Crystal_C_UAID_04421A9713F09E7401_1282285465,DZA468DWIP9BBC1RLD003U4AQ,power_slug_yellow,BP_Crystal_mk2_C,1515.96,110.18,188.9,++FactoryGame+rel-main-anniversary-2026-CL-502094,2c1ba76bf6aeb7593d53fb8278c48df9a639f7002d1cc09eeb4024fb67406337
poi_502094_1631,power_slug_yellow,Persistent_Level:PersistentLevel.BP_Crystal_mk213_26,E585XSZXSVCUWML42ZRPIMGLF,power_slug_yellow,BP_Crystal_mk2_C,1924.909,3141.045,40.724,++FactoryGame+rel-main-anniversary-2026-CL-502094,2c1ba76bf6aeb7593d53fb8278c48df9a639f7002d1cc09eeb4024fb67406337
poi_502094_1632,power_slug_yellow,Persistent_Level:PersistentLevel.BP_Crystal_mk25_90,E61UU3MR6SINIIVNXEYQVK4R4,power_slug_yellow,BP_Crystal_mk2_C,2418.252,-1210.738,57.347,++FactoryGame+rel-main-anniversary-2026-CL-502094,2c1ba76bf6aeb7593d53fb8278c48df9a639f7002d1cc09eeb4024fb67406337
poi_502094_1633,power_slug_yellow,Persistent_Level:PersistentLevel.BP_Crystal_mk211_48,E6VDO3IRB8GYFL0D6AZYCE988,power_slug_yellow,BP_Crystal_mk2_C,455.806,1254.345,23.079,++FactoryGame+rel-main-anniversary-2026-CL-502094,2c1ba76bf6aeb7593d53fb8278c48df9a639f7002d1cc09eeb4024fb67406337
poi_502094_1634,power_slug_yellow,Persistent_Level:PersistentLevel.BP_Crystal_mk14,EBEOX8OTF7IRH1NGOSQHFCPDU,power_slug_yellow,BP_Crystal_mk2_C,474.543,2395.452,-5.18,++FactoryGame+rel-main-anniversary-2026-CL-502094,2c1ba76bf6aeb7593d53fb8278c48df9a639f7002d1cc09eeb4024fb67406337
poi_502094_1635,power_slug_yellow,Persistent_Level:PersistentLevel.BP_Crystal_mk2_C_18,EBEOX8OTF7IRH1NGOSQHFCPDU,power_slug_yellow,BP_Crystal_mk2_C,374.748,2374.85,-1.182,++FactoryGame+rel-main-anniversary-2026-CL-502094,2c1ba76bf6aeb7593d53fb8278c48df9a639f7002d1cc09eeb4024fb67406337
poi_502094_1636,power_slug_yellow,Persistent_Level:PersistentLevel.BP_Crystal_mk2_C_19,EBEOX8OTF7IRH1NGOSQHFCPDU,power_slug_yellow,BP_Crystal_mk2_C,503.274,2554.169,17.026,++FactoryGame+rel-main-anniversary-2026-CL-502094,2c1ba76bf6aeb7593d53fb8278c48df9a639f7002d1cc09eeb4024fb67406337
poi_502094_1637,power_slug_yellow,Persistent_Level:PersistentLevel.BP_Crystal_mk25_3,EBLW1W32WZXFGXW81BCL99R3I,power_slug_yellow,BP_Crystal_mk2_C,-640.675,-1239.689,148.667,++FactoryGame+rel-main-anniversary-2026-CL-502094,2c1ba76bf6aeb7593d53fb8278c48df9a639f7002d1cc09eeb4024fb67406337
poi_502094_1638,power_slug_yellow,Persistent_Level:PersistentLevel.BP_Crystal_mk25_31,ECAU7J7ILAR7S0K7CD5PS9B6F,power_slug_yellow,BP_Crystal_mk2_C,918.258,-765.808,135.872,++FactoryGame+rel-main-anniversary-2026-CL-502094,2c1ba76bf6aeb7593d53fb8278c48df9a639f7002d1cc09eeb4024fb67406337
poi_502094_1639,power_slug_yellow,Persistent_Level:PersistentLevel.BP_Crystal_mk9,EF9SQDOUFQGSGW9HGMWVGYM4T,power_slug_yellow,BP_Crystal_mk2_C,146.73,2425.18,-9.438,++FactoryGame+rel-main-anniversary-2026-CL-502094,2c1ba76bf6aeb7593d53fb8278c48df9a639f7002d1cc09eeb4024fb67406337
poi_502094_1640,power_slug_yellow,Persistent_Level:PersistentLevel.BP_Crystal_mk27,EG17UGQ9OLIBOM5HIO8CK9LD2,power_slug_yellow,BP_Crystal_mk2_C,-8.606,1925.146,-11.156,++FactoryGame+rel-main-anniversary-2026-CL-502094,2c1ba76bf6aeb7593d53fb8278c48df9a639f7002d1cc09eeb4024fb67406337
poi_502094_1641,power_slug_yellow,Persistent_Level:PersistentLevel.BP_Crystal_mk57,EG17UGQ9OLIBOM5HIO8CK9LD2,power_slug_yellow,BP_Crystal_mk2_C,79.263,1785.516,49.521,++FactoryGame+rel-main-anniversary-2026-CL-502094,2c1ba76bf6aeb7593d53fb8278c48df9a639f7002d1cc09eeb4024fb67406337
poi_502094_1642,power_slug_yellow,Persistent_Level:PersistentLevel.BP_Crystal_mk26_1,EPMAZI6T5VBFOK5GMXTKR9THH,power_slug_yellow,BP_Crystal_mk2_C,2192.6,2670.56,166.43,++FactoryGame+rel-main-anniversary-2026-CL-502094,2c1ba76bf6aeb7593d53fb8278c48df9a639f7002d1cc09eeb4024fb67406337
poi_502094_1643,power_slug_yellow,Persistent_Level:PersistentLevel.BP_Crystal_mk28,EPNKO53YJKXUZRUS8MU7JYU4Q,power_slug_yellow,BP_Crystal_mk2_C,-2717.568,1923.574,27.671,++FactoryGame+rel-main-anniversary-2026-CL-502094,2c1ba76bf6aeb7593d53fb8278c48df9a639f7002d1cc09eeb4024fb67406337
poi_502094_1644,power_slug_yellow,Persistent_Level:PersistentLevel.BP_Crystal_mk2_C_UAID_04421A9713F062A401_1920904598,EQ3RXAR8YVCMQ5LYPC1XVLOZ4,power_slug_yellow,BP_Crystal_mk2_C,-1471.46,-906.92,191.52,++FactoryGame+rel-main-anniversary-2026-CL-502094,2c1ba76bf6aeb7593d53fb8278c48df9a639f7002d1cc09eeb4024fb67406337
poi_502094_1645,power_slug_yellow,Persistent_Level:PersistentLevel.BP_Crystal_mk212,EQV6F4YDIXBQYSESRGVEPSI4M,power_slug_yellow,BP_Crystal_mk2_C,1928.125,414.91,57.802,++FactoryGame+rel-main-anniversary-2026-CL-502094,2c1ba76bf6aeb7593d53fb8278c48df9a639f7002d1cc09eeb4024fb67406337
poi_502094_1646,power_slug_yellow,Persistent_Level:PersistentLevel.BP_Crystal_mk27_82,ETEOVC1GUM2RGVC7YAFZTOR78,power_slug_yellow,BP_Crystal_mk2_C,-2021.232,10.798,203.764,++FactoryGame+rel-main-anniversary-2026-CL-502094,2c1ba76bf6aeb7593d53fb8278c48df9a639f7002d1cc09eeb4024fb67406337
poi_502094_1647,power_slug_yellow,Persistent_Level:PersistentLevel.BP_Crystal_mk23_20,ETKG8NSAO6YFJTFIDYRLKXII5,power_slug_yellow,BP_Crystal_mk2_C,-804.892,-477.011,215.696,++FactoryGame+rel-main-anniversary-2026-CL-502094,2c1ba76bf6aeb7593d53fb8278c48df9a639f7002d1cc09eeb4024fb67406337
poi_502094_1648,power_slug_yellow,Persistent_Level:PersistentLevel.BP_Crystal_mk22,EV6PY2SCQ9RRWQM730T1IJ0TP,power_slug_yellow,BP_Crystal_mk2_C,-1440.883,1825.469,-9.768,++FactoryGame+rel-main-anniversary-2026-CL-502094,2c1ba76bf6aeb7593d53fb8278c48df9a639f7002d1cc09eeb4024fb67406337
poi_502094_1649,power_slug_yellow,Persistent_Level:PersistentLevel.BP_Crystal_mk19,EVOBVNIZXZH3P171HK2AF9NJ5,power_slug_yellow,BP_Crystal_mk2_C,-237.74,1860.558,25.712,++FactoryGame+rel-main-anniversary-2026-CL-502094,2c1ba76bf6aeb7593d53fb8278c48df9a639f7002d1cc09eeb4024fb67406337
poi_502094_1650,power_slug_yellow,Persistent_Level:PersistentLevel.BP_Crystal_mk23,EVOBVNIZXZH3P171HK2AF9NJ5,power_slug_yellow,BP_Crystal_mk2_C,-138.057,1873.502,41.935,++FactoryGame+rel-main-anniversary-2026-CL-502094,2c1ba76bf6aeb7593d53fb8278c48df9a639f7002d1cc09eeb4024fb67406337
poi_502094_1651,power_slug_yellow,Persistent_Level:PersistentLevel.BP_Crystal_mk2_C_UAID_40B076DF2F79BC5D01_1825052456,EVOBVNIZXZH3P171HK2AF9NJ5,power_slug_yellow,BP_Crystal_mk2_C,-294.187,1741.175,59.767,++FactoryGame+rel-main-anniversary-2026-CL-502094,2c1ba76bf6aeb7593d53fb8278c48df9a639f7002d1cc09eeb4024fb67406337
poi_502094_1652,power_slug_yellow,Persistent_Level:PersistentLevel.BP_Crystal_mk25_18,EWIJP7FIYVAU0SU3DOTE464OF,power_slug_yellow,BP_Crystal_mk2_C,2647.679,3071.568,12.178,++FactoryGame+rel-main-anniversary-2026-CL-502094,2c1ba76bf6aeb7593d53fb8278c48df9a639f7002d1cc09eeb4024fb67406337
poi_502094_1653,power_slug_yellow,Persistent_Level:PersistentLevel.BP_Crystal_mk61,EX86OPVVFD834Z9LEG2JI00UU,power_slug_yellow,BP_Crystal_mk2_C,1238.5,1768.25,80.7,++FactoryGame+rel-main-anniversary-2026-CL-502094,2c1ba76bf6aeb7593d53fb8278c48df9a639f7002d1cc09eeb4024fb67406337
poi_502094_1654,power_slug_yellow,Persistent_Level:PersistentLevel.BP_Crystal_mk22_24,EYQDSRWTR3WATXLYMRU2AZTPN,power_slug_yellow,BP_Crystal_mk2_C,-534.462,4.86,230.392,++FactoryGame+rel-main-anniversary-2026-CL-502094,2c1ba76bf6aeb7593d53fb8278c48df9a639f7002d1cc09eeb4024fb67406337
poi_502094_1655,power_slug_yellow,Persistent_Level:PersistentLevel.BP_Crystal_mk2_C_UAID_04421A9713F0F67A01_1837729354,F1OVL33BAIA1H4OCNI68V1FS9,power_slug_yellow,BP_Crystal_mk2_C,2090.97,29.89,72.36,++FactoryGame+rel-main-anniversary-2026-CL-502094,2c1ba76bf6aeb7593d53fb8278c48df9a639f7002d1cc09eeb4024fb67406337
poi_502094_1656,power_slug_yellow,Persistent_Level:PersistentLevel.BP_Crystal_mk2_C_47,F2BV4JE1KASGZFKEV5BQ7U0EI,power_slug_yellow,BP_Crystal_mk2_C,3444.91,1438.973,45.348,++FactoryGame+rel-main-anniversary-2026-CL-502094,2c1ba76bf6aeb7593d53fb8278c48df9a639f7002d1cc09eeb4024fb67406337
poi_502094_1657,power_slug_yellow,Persistent_Level:PersistentLevel.BP_Crystal_mk214,F3M0O0KSWNVIEN5FLVZZLNU8D,power_slug_yellow,BP_Crystal_mk2_C,858.022,1351.444,78.828,++FactoryGame+rel-main-anniversary-2026-CL-502094,2c1ba76bf6aeb7593d53fb8278c48df9a639f7002d1cc09eeb4024fb67406337
poi_502094_1658,power_slug_yellow,Persistent_Level:PersistentLevel.BP_Crystal_mk81,F3M0O0KSWNVIEN5FLVZZLNU8D,power_slug_yellow,BP_Crystal_mk2_C,908.728,1480.56,100.854,++FactoryGame+rel-main-anniversary-2026-CL-502094,2c1ba76bf6aeb7593d53fb8278c48df9a639f7002d1cc09eeb4024fb67406337
poi_502094_1659,somersloop,Persistent_Level:PersistentLevel.BP_WAT1_C_UAID_04421A9713F0F37A01_1079321804,04HYN5W55FAATI40HRK7JCCK7,somersloop,BP_WAT1_C,1383.97,-612.87,200.0,++FactoryGame+rel-main-anniversary-2026-CL-502094,2c1ba76bf6aeb7593d53fb8278c48df9a639f7002d1cc09eeb4024fb67406337
poi_502094_1660,somersloop,Persistent_Level:PersistentLevel.BP_WAT1_C_UAID_04421A9713F0F57A01_1575931164,04HYN5W55FAATI40HRK7JCCK7,somersloop,BP_WAT1_C,1479.004,-664.748,-2.118,++FactoryGame+rel-main-anniversary-2026-CL-502094,2c1ba76bf6aeb7593d53fb8278c48df9a639f7002d1cc09eeb4024fb67406337
poi_502094_1661,somersloop,Persistent_Level:PersistentLevel.BP_WAT19_39,07L1K4YHHUECRA3UK0QSMBGWD,somersloop,BP_WAT1_C,-1066.503,15.372,242.469,++FactoryGame+rel-main-anniversary-2026-CL-502094,2c1ba76bf6aeb7593d53fb8278c48df9a639f7002d1cc09eeb4024fb67406337
poi_502094_1662,somersloop,Persistent_Level:PersistentLevel.BP_WAT17_7,0C44TGT131O4WLXQMYKK61TPY,somersloop,BP_WAT1_C,384.25,-2757.871,1.858,++FactoryGame+rel-main-anniversary-2026-CL-502094,2c1ba76bf6aeb7593d53fb8278c48df9a639f7002d1cc09eeb4024fb67406337
poi_502094_1663,somersloop,Persistent_Level:PersistentLevel.BP_WAT83_2,0IRH6DGFR7LBSRJZSGQTC0OCN,somersloop,BP_WAT1_C,2232.384,2901.104,152.663,++FactoryGame+rel-main-anniversary-2026-CL-502094,2c1ba76bf6aeb7593d53fb8278c48df9a639f7002d1cc09eeb4024fb67406337
poi_502094_1664,somersloop,Persistent_Level:PersistentLevel.BP_WAT14_2,0JMESHD2WUF1ZM0KQ6ON3JKG9,somersloop,BP_WAT1_C,-234.974,371.266,126.912,++FactoryGame+rel-main-anniversary-2026-CL-502094,2c1ba76bf6aeb7593d53fb8278c48df9a639f7002d1cc09eeb4024fb67406337
poi_502094_1665,somersloop,Persistent_Level:PersistentLevel.BP_WAT3_5,0OX6O83Q7SN4HUKQNYF26PUG1,somersloop,BP_WAT1_C,855.227,1318.614,149.766,++FactoryGame+rel-main-anniversary-2026-CL-502094,2c1ba76bf6aeb7593d53fb8278c48df9a639f7002d1cc09eeb4024fb67406337
poi_502094_1666,somersloop,Persistent_Level:PersistentLevel.BP_WAT1_C_6,0TLB52EUQXD6VSQJ9FRYLHJGE,somersloop,BP_WAT1_C,449.359,120.947,232.728,++FactoryGame+rel-main-anniversary-2026-CL-502094,2c1ba76bf6aeb7593d53fb8278c48df9a639f7002d1cc09eeb4024fb67406337
poi_502094_1667,somersloop,Persistent_Level:PersistentLevel.BP_WAT66,0Y65ZWH4U5LIQZ0W3QGPOFZDS,somersloop,BP_WAT1_C,2933.927,1644.353,14.23,++FactoryGame+rel-main-anniversary-2026-CL-502094,2c1ba76bf6aeb7593d53fb8278c48df9a639f7002d1cc09eeb4024fb67406337
poi_502094_1668,somersloop,Persistent_Level:PersistentLevel.BP_WAT1_C_10,11MSWN6NQ4TW6L7DRTKESBKZM,somersloop,BP_WAT1_C,1276.142,467.881,130.458,++FactoryGame+rel-main-anniversary-2026-CL-502094,2c1ba76bf6aeb7593d53fb8278c48df9a639f7002d1cc09eeb4024fb67406337
poi_502094_1669,somersloop,Persistent_Level:PersistentLevel.BP_WAT1_C_4,169UXRGGIBMFWLDU2L97JF3C9,somersloop,BP_WAT1_C,169.849,652.988,102.493,++FactoryGame+rel-main-anniversary-2026-CL-502094,2c1ba76bf6aeb7593d53fb8278c48df9a639f7002d1cc09eeb4024fb67406337
poi_502094_1670,somersloop,Persistent_Level:PersistentLevel.BP_WAT123_1,16TS5SGLAB5OGQMHLQT1K027S,somersloop,BP_WAT1_C,2098.93,1864.45,74.3,++FactoryGame+rel-main-anniversary-2026-CL-502094,2c1ba76bf6aeb7593d53fb8278c48df9a639f7002d1cc09eeb4024fb67406337
poi_502094_1671,somersloop,Persistent_Level:PersistentLevel.BP_WAT2_C_UAID_04421A9713F0F27A01_1759969627,1B198QDSOEJ9XXTT8CAAJA7OA,somersloop,BP_WAT1_C,1487.5,-370.26,108.48,++FactoryGame+rel-main-anniversary-2026-CL-502094,2c1ba76bf6aeb7593d53fb8278c48df9a639f7002d1cc09eeb4024fb67406337
poi_502094_1672,somersloop,Persistent_Level:PersistentLevel.BP_WAT1_2,1HV28XR4NNA4Z5C08E7LC6S1M,somersloop,BP_WAT1_C,1824.982,-1075.678,122.54,++FactoryGame+rel-main-anniversary-2026-CL-502094,2c1ba76bf6aeb7593d53fb8278c48df9a639f7002d1cc09eeb4024fb67406337
poi_502094_1673,somersloop,Persistent_Level:PersistentLevel.BP_WAT17_30,1KT8ZTFVIXKFKMYRZ1IK5ZZTZ,somersloop,BP_WAT1_C,-1646.57,-217.703,219.012,++FactoryGame+rel-main-anniversary-2026-CL-502094,2c1ba76bf6aeb7593d53fb8278c48df9a639f7002d1cc09eeb4024fb67406337
poi_502094_1674,somersloop,Persistent_Level:PersistentLevel.BP_WAT1_C_UAID_04421A9713F0F27A01_1137768619,1LWB7EEW7VWM46JM7OXFQ4UH1,somersloop,BP_WAT1_C,1890.71,-78.49,197.16,++FactoryGame+rel-main-anniversary-2026-CL-502094,2c1ba76bf6aeb7593d53fb8278c48df9a639f7002d1cc09eeb4024fb67406337
poi_502094_1675,somersloop,Persistent_Level:PersistentLevel.BP_WAT18_1,29BXB577SDZK5OPP3KIWKLD1Y,somersloop,BP_WAT1_C,3316.603,2226.612,45.844,++FactoryGame+rel-main-anniversary-2026-CL-502094,2c1ba76bf6aeb7593d53fb8278c48df9a639f7002d1cc09eeb4024fb67406337
poi_502094_1676,somersloop,Persistent_Level:PersistentLevel.BP_WAT147,2IKT546XO9TX3096D92RH72KG,somersloop,BP_WAT1_C,-2287.365,-482.276,144.351,++FactoryGame+rel-main-anniversary-2026-CL-502094,2c1ba76bf6aeb7593d53fb8278c48df9a639f7002d1cc09eeb4024fb67406337
poi_502094_1677,somersloop,Persistent_Level:PersistentLevel.BP_WAT1_C_UAID_04421A9713F024A401_1924847685,2JNBDBX51W78PE3RP6RKVN24S,somersloop,BP_WAT1_C,-1548.38,-916.83,212.93,++FactoryGame+rel-main-anniversary-2026-CL-502094,2c1ba76bf6aeb7593d53fb8278c48df9a639f7002d1cc09eeb4024fb67406337
poi_502094_1678,somersloop,Persistent_Level:PersistentLevel.BP_WAT121,2LUY6P7VRDU9JLGK9YCCZDWGT,somersloop,BP_WAT1_C,2102.29,2488.67,202.68,++FactoryGame+rel-main-anniversary-2026-CL-502094,2c1ba76bf6aeb7593d53fb8278c48df9a639f7002d1cc09eeb4024fb67406337
poi_502094_1679,somersloop,Persistent_Level:PersistentLevel.BP_WAT35_7,2UBUQ11WG22HVCDJ8VGN2S2WZ,somersloop,BP_WAT1_C,1940.989,818.189,14.159,++FactoryGame+rel-main-anniversary-2026-CL-502094,2c1ba76bf6aeb7593d53fb8278c48df9a639f7002d1cc09eeb4024fb67406337
poi_502094_1680,somersloop,Persistent_Level:PersistentLevel.BP_WAT1_C_UAID_04421A9713F0F57A01_1942877174,36Y6EBK5ARXAZ8VXV7RR1SH9A,somersloop,BP_WAT1_C,2386.35,215.07,-1.95,++FactoryGame+rel-main-anniversary-2026-CL-502094,2c1ba76bf6aeb7593d53fb8278c48df9a639f7002d1cc09eeb4024fb67406337
poi_502094_1681,somersloop,Persistent_Level:PersistentLevel.BP_WAT1_C_UAID_04421A9713F0E57A01_1732622300,3AIP3ZQWAIB10GWEBRSJ0BIH3,somersloop,BP_WAT1_C,1435.912,-200.11,148.609,++FactoryGame+rel-main-anniversary-2026-CL-502094,2c1ba76bf6aeb7593d53fb8278c48df9a639f7002d1cc09eeb4024fb67406337
poi_502094_1682,somersloop,Persistent_Level:PersistentLevel.BP_WAT133,3QPH2QP37DJE7FL4IKZYY947L,somersloop,BP_WAT1_C,-2633.691,425.977,21.147,++FactoryGame+rel-main-anniversary-2026-CL-502094,2c1ba76bf6aeb7593d53fb8278c48df9a639f7002d1cc09eeb4024fb67406337
poi_502094_1683,somersloop,Persistent_Level:PersistentLevel.BP_WAT15,3R376PHWWS8YKBRQ91PCVT4CE,somersloop,BP_WAT1_C,-1506.188,1052.223,-28.415,++FactoryGame+rel-main-anniversary-2026-CL-502094,2c1ba76bf6aeb7593d53fb8278c48df9a639f7002d1cc09eeb4024fb67406337
poi_502094_1684,somersloop,Persistent_Level:PersistentLevel.BP_WAT18,40YUL6RFY0JT0NJGTQRSXJPRD,somersloop,BP_WAT1_C,-952.37,-1847.377,27.877,++FactoryGame+rel-main-anniversary-2026-CL-502094,2c1ba76bf6aeb7593d53fb8278c48df9a639f7002d1cc09eeb4024fb67406337
poi_502094_1685,somersloop,Persistent_Level:PersistentLevel.BP_WAT14_26,45UWPTO34PXL4KQTGRUE81XMI,somersloop,BP_WAT1_C,462.159,-300.786,219.851,++FactoryGame+rel-main-anniversary-2026-CL-502094,2c1ba76bf6aeb7593d53fb8278c48df9a639f7002d1cc09eeb4024fb67406337
poi_502094_1686,somersloop,Persistent_Level:PersistentLevel.BP_WAT19_3,47RQINNJWGEHX3TKQC5CZ66GS,somersloop,BP_WAT1_C,3914.931,2414.671,54.241,++FactoryGame+rel-main-anniversary-2026-CL-502094,2c1ba76bf6aeb7593d53fb8278c48df9a639f7002d1cc09eeb4024fb67406337
poi_502094_1687,somersloop,Persistent_Level:PersistentLevel.BP_WAT110_47,480500QTXQZ43TVF4H7651HK9,somersloop,BP_WAT1_C,-441.041,-311.218,236.112,++FactoryGame+rel-main-anniversary-2026-CL-502094,2c1ba76bf6aeb7593d53fb8278c48df9a639f7002d1cc09eeb4024fb67406337
poi_502094_1688,somersloop,Persistent_Level:PersistentLevel.BP_WAT2_C_22,4L5W3OPPMIN8IKH7VGL7XJYFB,somersloop,BP_WAT1_C,2493.2,-1485.4,148.72,++FactoryGame+rel-main-anniversary-2026-CL-502094,2c1ba76bf6aeb7593d53fb8278c48df9a639f7002d1cc09eeb4024fb67406337
poi_502094_1689,somersloop,Persistent_Level:PersistentLevel.BP_WAT17_6,4P5GAUADJ4T13LMJ6IRNWHNBD,somersloop,BP_WAT1_C,3145.912,597.777,59.279,++FactoryGame+rel-main-anniversary-2026-CL-502094,2c1ba76bf6aeb7593d53fb8278c48df9a639f7002d1cc09eeb4024fb67406337
poi_502094_1690,somersloop,Persistent_Level:PersistentLevel.BP_WAT1_C_15,4U9TA1DBVMVT2L2U8CTNXDC05,somersloop,BP_WAT1_C,2325.752,-1358.46,-113.309,++FactoryGame+rel-main-anniversary-2026-CL-502094,2c1ba76bf6aeb7593d53fb8278c48df9a639f7002d1cc09eeb4024fb67406337
poi_502094_1691,somersloop,Persistent_Level:PersistentLevel.BP_WAT2_C_24,4U9TA1DBVMVT2L2U8CTNXDC05,somersloop,BP_WAT1_C,2167.817,-1456.822,79.844,++FactoryGame+rel-main-anniversary-2026-CL-502094,2c1ba76bf6aeb7593d53fb8278c48df9a639f7002d1cc09eeb4024fb67406337
poi_502094_1692,somersloop,Persistent_Level:PersistentLevel.BP_WAT1_C_UAID_04421A9713F0EE7A01_1306830904,51RJJ5B514PFPFP2MP7CJ7WY9,somersloop,BP_WAT1_C,963.871,-302.92,183.235,++FactoryGame+rel-main-anniversary-2026-CL-502094,2c1ba76bf6aeb7593d53fb8278c48df9a639f7002d1cc09eeb4024fb67406337
poi_502094_1693,somersloop,Persistent_Level:PersistentLevel.BP_WAT11_2,57DZUJI0BTI1QVIDG9YS5HGLI,somersloop,BP_WAT1_C,241.291,-742.588,228.642,++FactoryGame+rel-main-anniversary-2026-CL-502094,2c1ba76bf6aeb7593d53fb8278c48df9a639f7002d1cc09eeb4024fb67406337
poi_502094_1694,somersloop,Persistent_Level:PersistentLevel.BP_WAT3,5BNGT9DFF02Q8PCF6ZBKP658S,somersloop,BP_WAT1_C,3290.811,128.662,-11.056,++FactoryGame+rel-main-anniversary-2026-CL-502094,2c1ba76bf6aeb7593d53fb8278c48df9a639f7002d1cc09eeb4024fb67406337
poi_502094_1695,somersloop,Persistent_Level:PersistentLevel.BP_WAT19,5C4P2CT99FG4VOK0CKXE8GPV3,somersloop,BP_WAT1_C,-681.808,-3041.845,-60.195,++FactoryGame+rel-main-anniversary-2026-CL-502094,2c1ba76bf6aeb7593d53fb8278c48df9a639f7002d1cc09eeb4024fb67406337
poi_502094_1696,somersloop,Persistent_Level:PersistentLevel.BP_WAT13,5T2A90MFJW7DPVKJB0C2ZZMNG,somersloop,BP_WAT1_C,-1424.53,1542.719,-17.398,++FactoryGame+rel-main-anniversary-2026-CL-502094,2c1ba76bf6aeb7593d53fb8278c48df9a639f7002d1cc09eeb4024fb67406337
poi_502094_1697,somersloop,Persistent_Level:PersistentLevel.BP_WAT1_C_12,5UAWB7QBPXMB9LX8AXJHVYASF,somersloop,BP_WAT1_C,1372.328,1560.604,161.18,++FactoryGame+rel-main-anniversary-2026-CL-502094,2c1ba76bf6aeb7593d53fb8278c48df9a639f7002d1cc09eeb4024fb67406337
poi_502094_1698,somersloop,Persistent_Level:PersistentLevel.BP_WAT12_16,5UF96OL8F0YYFCNY82DC5HAOE,somersloop,BP_WAT1_C,1514.061,-961.984,256.834,++FactoryGame+rel-main-anniversary-2026-CL-502094,2c1ba76bf6aeb7593d53fb8278c48df9a639f7002d1cc09eeb4024fb67406337
poi_502094_1699,somersloop,Persistent_Level:PersistentLevel.BP_WAT1_C_7,5XHD5LD7LFXCYHGVP956D1C6E,somersloop,BP_WAT1_C,940.211,558.943,163.294,++FactoryGame+rel-main-anniversary-2026-CL-502094,2c1ba76bf6aeb7593d53fb8278c48df9a639f7002d1cc09eeb4024fb67406337
poi_502094_1700,somersloop,Persistent_Level:PersistentLevel.BP_WAT24,655A7IUW5FHON6N4WEQIT2BPM,somersloop,BP_WAT1_C,-2301.819,1138.294,-6.608,++FactoryGame+rel-main-anniversary-2026-CL-502094,2c1ba76bf6aeb7593d53fb8278c48df9a639f7002d1cc09eeb4024fb67406337
poi_502094_1701,somersloop,Persistent_Level:PersistentLevel.BP_WAT13_3,661ZB7NBHJOV13FDKD7MLR8Y6,somersloop,BP_WAT1_C,-621.273,-2787.431,-8.007,++FactoryGame+rel-main-anniversary-2026-CL-502094,2c1ba76bf6aeb7593d53fb8278c48df9a639f7002d1cc09eeb4024fb67406337
poi_502094_1702,somersloop,Persistent_Level:PersistentLevel.BP_WAT62,68MHEYBMF0F2EG5AGYKNGP7EG,somersloop,BP_WAT1_C,3112.468,898.807,83.153,++FactoryGame+rel-main-anniversary-2026-CL-502094,2c1ba76bf6aeb7593d53fb8278c48df9a639f7002d1cc09eeb4024fb67406337
poi_502094_1703,somersloop,Persistent_Level:PersistentLevel.BP_WAT49,6EZ8OPSNH33JVBXTSR3WG46IV,somersloop,BP_WAT1_C,3783.066,1205.832,72.58,++FactoryGame+rel-main-anniversary-2026-CL-502094,2c1ba76bf6aeb7593d53fb8278c48df9a639f7002d1cc09eeb4024fb67406337
poi_502094_1704,somersloop,Persistent_Level:PersistentLevel.BP_WAT17_8,6H66RI7OBR6IWMW9YZ96MANGZ,somersloop,BP_WAT1_C,1618.883,-1580.803,101.891,++FactoryGame+rel-main-anniversary-2026-CL-502094,2c1ba76bf6aeb7593d53fb8278c48df9a639f7002d1cc09eeb4024fb67406337
poi_502094_1705,somersloop,Persistent_Level:PersistentLevel.BP_WAT1_C_0,6JSYFN4F11W1FK8DBEL9MJKMC,somersloop,BP_WAT1_C,-3.406,524.054,137.023,++FactoryGame+rel-main-anniversary-2026-CL-502094,2c1ba76bf6aeb7593d53fb8278c48df9a639f7002d1cc09eeb4024fb67406337
poi_502094_1706,somersloop,Persistent_Level:PersistentLevel.BP_WAT1_C_18,6LM457N0FPZ2S25SLLGCLDSPT,somersloop,BP_WAT1_C,2183.625,-537.99,-13.618,++FactoryGame+rel-main-anniversary-2026-CL-502094,2c1ba76bf6aeb7593d53fb8278c48df9a639f7002d1cc09eeb4024fb67406337
poi_502094_1707,somersloop,Persistent_Level:PersistentLevel.BP_WAT11_1,6U6NNE5ECR2K71GNEDVZT12MT,somersloop,BP_WAT1_C,-509.284,-2200.086,-37.98,++FactoryGame+rel-main-anniversary-2026-CL-502094,2c1ba76bf6aeb7593d53fb8278c48df9a639f7002d1cc09eeb4024fb67406337
poi_502094_1708,somersloop,Persistent_Level:PersistentLevel.BP_WAT14_18,6ZV5OUR3A4IUW8OYTZT32X7SP,somersloop,BP_WAT1_C,218.144,-1264.378,138.759,++FactoryGame+rel-main-anniversary-2026-CL-502094,2c1ba76bf6aeb7593d53fb8278c48df9a639f7002d1cc09eeb4024fb67406337
poi_502094_1709,somersloop,Persistent_Level:PersistentLevel.BP_WAT13_17,6ZVPF9UC2EKDMVRXH9PAUWUTQ,somersloop,BP_WAT1_C,1270.426,-813.698,175.97,++FactoryGame+rel-main-anniversary-2026-CL-502094,2c1ba76bf6aeb7593d53fb8278c48df9a639f7002d1cc09eeb4024fb67406337
poi_502094_1710,somersloop,Persistent_Level:PersistentLevel.BP_WAT80_2,7350GF2H0RJTV1JNVAOSS3704,somersloop,BP_WAT1_C,1900.453,2497.917,135.646,++FactoryGame+rel-main-anniversary-2026-CL-502094,2c1ba76bf6aeb7593d53fb8278c48df9a639f7002d1cc09eeb4024fb67406337
poi_502094_1711,somersloop,Persistent_Level:PersistentLevel.BP_WAT1_C_20,74YY17GA236340LEPB7A0RCJ8,somersloop,BP_WAT1_C,2027.35,1615.15,305.23,++FactoryGame+rel-main-anniversary-2026-CL-502094,2c1ba76bf6aeb7593d53fb8278c48df9a639f7002d1cc09eeb4024fb67406337
poi_502094_1712,somersloop,Persistent_Level:PersistentLevel.BP_WAT86,74YY17GA236340LEPB7A0RCJ8,somersloop,BP_WAT1_C,1958.497,1688.816,153.325,++FactoryGame+rel-main-anniversary-2026-CL-502094,2c1ba76bf6aeb7593d53fb8278c48df9a639f7002d1cc09eeb4024fb67406337
poi_502094_1713,somersloop,Persistent_Level:PersistentLevel.BP_WAT13_5,78LIX115PUIWUPGZJX0KA4SBG,somersloop,BP_WAT1_C,-681.068,-155.702,228.811,++FactoryGame+rel-main-anniversary-2026-CL-502094,2c1ba76bf6aeb7593d53fb8278c48df9a639f7002d1cc09eeb4024fb67406337
poi_502094_1714,somersloop,Persistent_Level:PersistentLevel.BP_WAT7_3,78WOWCKRH48OGNK8WKKW5BSXI,somersloop,BP_WAT1_C,-751.466,1128.629,60.966,++FactoryGame+rel-main-anniversary-2026-CL-502094,2c1ba76bf6aeb7593d53fb8278c48df9a639f7002d1cc09eeb4024fb67406337
poi_502094_1715,somersloop,Persistent_Level:PersistentLevel.BP_WAT1_C_3,7E6ZXF8PZ1T7OBGD2TC0SGYCP,somersloop,BP_WAT1_C,-626.22,2435.728,19.983,++FactoryGame+rel-main-anniversary-2026-CL-502094,2c1ba76bf6aeb7593d53fb8278c48df9a639f7002d1cc09eeb4024fb67406337
poi_502094_1716,somersloop,Persistent_Level:PersistentLevel.BP_WAT1_C_21,7FWXJNKAT1JDCKOG7KGN4FSI5,somersloop,BP_WAT1_C,3095.684,89.155,55.728,++FactoryGame+rel-main-anniversary-2026-CL-502094,2c1ba76bf6aeb7593d53fb8278c48df9a639f7002d1cc09eeb4024fb67406337
poi_502094_1717,somersloop,Persistent_Level:PersistentLevel.BP_WAT92,7J7ZD9LDME6Y8QV9VYPX3QPRM,somersloop,BP_WAT1_C,605.406,-2317.493,-34.341,++FactoryGame+rel-main-anniversary-2026-CL-502094,2c1ba76bf6aeb7593d53fb8278c48df9a639f7002d1cc09eeb4024fb67406337
poi_502094_1718,somersloop,Persistent_Level:PersistentLevel.BP_WAT74,7WP5162UQFDTL52KOO9KJTAOE,somersloop,BP_WAT1_C,2647.156,2883.639,228.33,++FactoryGame+rel-main-anniversary-2026-CL-502094,2c1ba76bf6aeb7593d53fb8278c48df9a639f7002d1cc09eeb4024fb67406337
poi_502094_1719,somersloop,Persistent_Level:PersistentLevel.BP_WAT1_C_UAID_04421A9713F0565301_1886270961,81JRN8EL56I1O9V4NB4Y7359I,somersloop,BP_WAT1_C,1710.62,2667.734,6.631,++FactoryGame+rel-main-anniversary-2026-CL-502094,2c1ba76bf6aeb7593d53fb8278c48df9a639f7002d1cc09eeb4024fb67406337
poi_502094_1720,somersloop,Persistent_Level:PersistentLevel.BP_WAT1_C_11,8CYMZLYM4T5E2AA19O6K6GH0T,somersloop,BP_WAT1_C,1121.446,2113.424,16.13,++FactoryGame+rel-main-anniversary-2026-CL-502094,2c1ba76bf6aeb7593d53fb8278c48df9a639f7002d1cc09eeb4024fb67406337
poi_502094_1721,somersloop,Persistent_Level:PersistentLevel.BP_WAT14_UAID_04421A9713F0E56401_1503060069,8E7005F5EOO8MBKCC0PKG5ETS,somersloop,BP_WAT1_C,-469.144,207.42,186.631,++FactoryGame+rel-main-anniversary-2026-CL-502094,2c1ba76bf6aeb7593d53fb8278c48df9a639f7002d1cc09eeb4024fb67406337
poi_502094_1722,somersloop,Persistent_Level:PersistentLevel.BP_WAT1_C_UAID_04421A9713F05F6901_1130070767,8GXUIQI242HY1FZA903L8CM7L,somersloop,BP_WAT1_C,-2331.03,-1023.45,-0.14,++FactoryGame+rel-main-anniversary-2026-CL-502094,2c1ba76bf6aeb7593d53fb8278c48df9a639f7002d1cc09eeb4024fb67406337
poi_502094_1723,somersloop,Persistent_Level:PersistentLevel.BP_WAT1_C_2,8HUPNBHBEVTTJ243KMRT34H79,somersloop,BP_WAT1_C,-284.301,2264.248,-17.177,++FactoryGame+rel-main-anniversary-2026-CL-502094,2c1ba76bf6aeb7593d53fb8278c48df9a639f7002d1cc09eeb4024fb67406337
poi_502094_1724,somersloop,Persistent_Level:PersistentLevel.BP_WAT11_35,8N2VMA5OF6AFNVOK7EXFVL8AM,somersloop,BP_WAT1_C,-294.563,-813.2,213.284,++FactoryGame+rel-main-anniversary-2026-CL-502094,2c1ba76bf6aeb7593d53fb8278c48df9a639f7002d1cc09eeb4024fb67406337
poi_502094_1725,somersloop,Persistent_Level:PersistentLevel.BP_WAT52,8V2S7IJRF1X66U2PPNU3LQ6H5,somersloop,BP_WAT1_C,2649.684,2595.647,175.904,++FactoryGame+rel-main-anniversary-2026-CL-502094,2c1ba76bf6aeb7593d53fb8278c48df9a639f7002d1cc09eeb4024fb67406337
poi_502094_1726,somersloop,Persistent_Level:PersistentLevel.BP_WAT1_C_UAID_04421A9713F0416401_2093804204,8Z3WQ3R9YJEN573SFVF28IKKT,somersloop,BP_WAT1_C,2120.998,-1114.346,-51.634,++FactoryGame+rel-main-anniversary-2026-CL-502094,2c1ba76bf6aeb7593d53fb8278c48df9a639f7002d1cc09eeb4024fb67406337
poi_502094_1727,somersloop,Persistent_Level:PersistentLevel.BP_WAT137,9035PN0WV6AX27513QZLUU3T2,somersloop,BP_WAT1_C,-1283.787,-735.665,49.497,++FactoryGame+rel-main-anniversary-2026-CL-502094,2c1ba76bf6aeb7593d53fb8278c48df9a639f7002d1cc09eeb4024fb67406337
poi_502094_1728,somersloop,Persistent_Level:PersistentLevel.BP_WAT70,9A1DJC9NFO49Q45LHQU1RKE1D,somersloop,BP_WAT1_C,2135.038,453.845,158.813,++FactoryGame+rel-main-anniversary-2026-CL-502094,2c1ba76bf6aeb7593d53fb8278c48df9a639f7002d1cc09eeb4024fb67406337
poi_502094_1729,somersloop,Persistent_Level:PersistentLevel.BP_WAT12_3,9A50O30DW1N4OMG4JBVKR8OUN,somersloop,BP_WAT1_C,1214.333,-1929.464,-50.005,++FactoryGame+rel-main-anniversary-2026-CL-502094,2c1ba76bf6aeb7593d53fb8278c48df9a639f7002d1cc09eeb4024fb67406337
poi_502094_1730,somersloop,Persistent_Level:PersistentLevel.BP_WAT1_C_UAID_04421A9713F022A401_1406932331,9A559UZQCLMBH0WVQU22ETSCY,somersloop,BP_WAT1_C,-1395.09,-1394.3,154.53,++FactoryGame+rel-main-anniversary-2026-CL-502094,2c1ba76bf6aeb7593d53fb8278c48df9a639f7002d1cc09eeb4024fb67406337
poi_502094_1731,somersloop,Persistent_Level:PersistentLevel.BP_WAT19_14,9DDXZ423KQ2MY1QQ06OUAJY5F,somersloop,BP_WAT1_C,-93.386,-1.921,241.365,++FactoryGame+rel-main-anniversary-2026-CL-502094,2c1ba76bf6aeb7593d53fb8278c48df9a639f7002d1cc09eeb4024fb67406337
poi_502094_1732,somersloop,Persistent_Level:PersistentLevel.BP_Crystal_mk3_C_36,9ESMK9H2QEDHJ9A5S015TJ0TP,somersloop,BP_WAT1_C,2065.951,-1712.848,223.667,++FactoryGame+rel-main-anniversary-2026-CL-502094,2c1ba76bf6aeb7593d53fb8278c48df9a639f7002d1cc09eeb4024fb67406337
poi_502094_1733,somersloop,Persistent_Level:PersistentLevel.BP_WAT64,9FHXKO90N85VOFVSW61TDZOH3,somersloop,BP_WAT1_C,2429.524,2576.774,-3.239,++FactoryGame+rel-main-anniversary-2026-CL-502094,2c1ba76bf6aeb7593d53fb8278c48df9a639f7002d1cc09eeb4024fb67406337
poi_502094_1734,somersloop,Persistent_Level:PersistentLevel.BP_WAT1_C_UAID_04421A9713F0C46101_1282102099,9OWXU7JD01UOUBNJUXYAKLM0W,somersloop,BP_WAT1_C,-1584.23,558.12,9.54,++FactoryGame+rel-main-anniversary-2026-CL-502094,2c1ba76bf6aeb7593d53fb8278c48df9a639f7002d1cc09eeb4024fb67406337
poi_502094_1735,somersloop,Persistent_Level:PersistentLevel.BP_WAT134,9PHBR4CXSLSCO69QLQUB48PH6,somersloop,BP_WAT1_C,-985.967,725.617,73.214,++FactoryGame+rel-main-anniversary-2026-CL-502094,2c1ba76bf6aeb7593d53fb8278c48df9a639f7002d1cc09eeb4024fb67406337
poi_502094_1736,somersloop,Persistent_Level:PersistentLevel.BP_WAT1_C_5,9QTJTPSW5RFGI60P4JCL21Z23,somersloop,BP_WAT1_C,782.488,456.873,65.087,++FactoryGame+rel-main-anniversary-2026-CL-502094,2c1ba76bf6aeb7593d53fb8278c48df9a639f7002d1cc09eeb4024fb67406337
poi_502094_1737,somersloop,Persistent_Level:PersistentLevel.BP_WAT55,9SQGN46B78LMSDVYH635YJ6GM,somersloop,BP_WAT1_C,2806.209,3082.747,30.411,++FactoryGame+rel-main-anniversary-2026-CL-502094,2c1ba76bf6aeb7593d53fb8278c48df9a639f7002d1cc09eeb4024fb67406337
poi_502094_1738,somersloop,Persistent_Level:PersistentLevel.BP_WAT12_25,9T3US14CYWS7B8323CIT374LW,somersloop,BP_WAT1_C,-1649.809,-406.232,178.453,++FactoryGame+rel-main-anniversary-2026-CL-502094,2c1ba76bf6aeb7593d53fb8278c48df9a639f7002d1cc09eeb4024fb67406337
poi_502094_1739,somersloop,Persistent_Level:PersistentLevel.BP_WAT110,9ZI97U85BHEMNEFSBAN8Q97HH,somersloop,BP_WAT1_C,-251.187,-2677.632,-114.903,++FactoryGame+rel-main-anniversary-2026-CL-502094,2c1ba76bf6aeb7593d53fb8278c48df9a639f7002d1cc09eeb4024fb67406337
poi_502094_1740,somersloop,Persistent_Level:PersistentLevel.BP_WAT100_3119,A5MZ4ELKEXAYTDFLMKGMQZLMM,somersloop,BP_WAT1_C,411.496,-1735.254,15.461,++FactoryGame+rel-main-anniversary-2026-CL-502094,2c1ba76bf6aeb7593d53fb8278c48df9a639f7002d1cc09eeb4024fb67406337
poi_502094_1741,somersloop,Persistent_Level:PersistentLevel.BP_WAT10_UAID_40B076DF2F79B75201_1879979970,A83ST7K8BTOU8Q9OKEMQIOSXE,somersloop,BP_WAT1_C,260.129,2329.173,-17.825,++FactoryGame+rel-main-anniversary-2026-CL-502094,2c1ba76bf6aeb7593d53fb8278c48df9a639f7002d1cc09eeb4024fb67406337
poi_502094_1742,somersloop,Persistent_Level:PersistentLevel.BP_WAT11_0,ACPR6AYP6K6QNWA52I94OZEFI,somersloop,BP_WAT1_C,1700.521,-2323.252,-85.666,++FactoryGame+rel-main-anniversary-2026-CL-502094,2c1ba76bf6aeb7593d53fb8278c48df9a639f7002d1cc09eeb4024fb67406337
poi_502094_1743,somersloop,Persistent_Level:PersistentLevel.BP_WAT45,ADBYB08LJ17EVC7XRIMFQ6CPC,somersloop,BP_WAT1_C,4057.432,1613.078,55.251,++FactoryGame+rel-main-anniversary-2026-CL-502094,2c1ba76bf6aeb7593d53fb8278c48df9a639f7002d1cc09eeb4024fb67406337
poi_502094_1744,somersloop,Persistent_Level:PersistentLevel.BP_WAT78_0,AUPCC2CRW843YTL7JGYXVGVRH,somersloop,BP_WAT1_C,2111.492,2595.971,-16.011,++FactoryGame+rel-main-anniversary-2026-CL-502094,2c1ba76bf6aeb7593d53fb8278c48df9a639f7002d1cc09eeb4024fb67406337
poi_502094_1745,somersloop,Persistent_Level:PersistentLevel.BP_WAT12_1,AWMSV1XNEUXQXNWYWI76PKKAM,somersloop,BP_WAT1_C,1785.898,-578.092,42.823,++FactoryGame+rel-main-anniversary-2026-CL-502094,2c1ba76bf6aeb7593d53fb8278c48df9a639f7002d1cc09eeb4024fb67406337
poi_502094_1746,somersloop,Persistent_Level:PersistentLevel.BP_WAT1_C_UAID_04421A9713F023A401_1359406508,AYGLQNU3ZR1Q1G7GMTNXOP87R,somersloop,BP_WAT1_C,-1683.097,-637.314,110.527,++FactoryGame+rel-main-anniversary-2026-CL-502094,2c1ba76bf6aeb7593d53fb8278c48df9a639f7002d1cc09eeb4024fb67406337
poi_502094_1747,somersloop,Persistent_Level:PersistentLevel.BP_WAT15_6,B7IC3GZ9K7T6D4PNRRTZGKM7D,somersloop,BP_WAT1_C,1949.681,-1999.501,-48.516,++FactoryGame+rel-main-anniversary-2026-CL-502094,2c1ba76bf6aeb7593d53fb8278c48df9a639f7002d1cc09eeb4024fb67406337
poi_502094_1748,somersloop,Persistent_Level:PersistentLevel.BP_WAT16_7,B7IC3GZ9K7T6D4PNRRTZGKM7D,somersloop,BP_WAT1_C,2040.832,-1950.935,176.259,++FactoryGame+rel-main-anniversary-2026-CL-502094,2c1ba76bf6aeb7593d53fb8278c48df9a639f7002d1cc09eeb4024fb67406337
poi_502094_1749,somersloop,Persistent_Level:PersistentLevel.BP_WAT1_C_UAID_04421A9713F0E87A01_1449703843,BBAP4L83UFHS4U08VLZ7YKB3W,somersloop,BP_WAT1_C,633.644,-294.87,229.979,++FactoryGame+rel-main-anniversary-2026-CL-502094,2c1ba76bf6aeb7593d53fb8278c48df9a639f7002d1cc09eeb4024fb67406337
poi_502094_1750,somersloop,Persistent_Level:PersistentLevel.BP_WAT58,BF15AQ1KJCL19W9YP52HSKDUR,somersloop,BP_WAT1_C,2956.584,2376.905,54.196,++FactoryGame+rel-main-anniversary-2026-CL-502094,2c1ba76bf6aeb7593d53fb8278c48df9a639f7002d1cc09eeb4024fb67406337
poi_502094_1751,somersloop,Persistent_Level:PersistentLevel.BP_WAT37_13,BM8QC947E1X7IGEV64CXDVT15,somersloop,BP_WAT1_C,1513.905,734.815,113.148,++FactoryGame+rel-main-anniversary-2026-CL-502094,2c1ba76bf6aeb7593d53fb8278c48df9a639f7002d1cc09eeb4024fb67406337
poi_502094_1752,somersloop,Persistent_Level:PersistentLevel.BP_WAT15_13,BZFSOMYTKKSVVI1R618QPJYEH,somersloop,BP_WAT1_C,-160.971,-294.302,246.777,++FactoryGame+rel-main-anniversary-2026-CL-502094,2c1ba76bf6aeb7593d53fb8278c48df9a639f7002d1cc09eeb4024fb67406337
poi_502094_1753,somersloop,Persistent_Level:PersistentLevel.BP_WAT1_C_16,BZMDUF5VSYMR7KN629KNH1CKL,somersloop,BP_WAT1_C,2730.608,-815.787,-15.71,++FactoryGame+rel-main-anniversary-2026-CL-502094,2c1ba76bf6aeb7593d53fb8278c48df9a639f7002d1cc09eeb4024fb67406337
poi_502094_1754,somersloop,Persistent_Level:PersistentLevel.BP_WAT138,C5UNUIWQ1BGSGG9Y27426O9SN,somersloop,BP_WAT1_C,-1128.428,-2006.463,66.87,++FactoryGame+rel-main-anniversary-2026-CL-502094,2c1ba76bf6aeb7593d53fb8278c48df9a639f7002d1cc09eeb4024fb67406337
poi_502094_1755,somersloop,Persistent_Level:PersistentLevel.BP_WAT5_2,C72BVQAMZTS0KG90R1PCSMQ9T,somersloop,BP_WAT1_C,-787.15,1908.681,175.412,++FactoryGame+rel-main-anniversary-2026-CL-502094,2c1ba76bf6aeb7593d53fb8278c48df9a639f7002d1cc09eeb4024fb67406337
poi_502094_1756,somersloop,Persistent_Level:PersistentLevel.BP_WAT4_8,CKREWOBFRNALUT4MOSK1J5V77,somersloop,BP_WAT1_C,284.22,1300.042,162.095,++FactoryGame+rel-main-anniversary-2026-CL-502094,2c1ba76bf6aeb7593d53fb8278c48df9a639f7002d1cc09eeb4024fb67406337
poi_502094_1757,somersloop,Persistent_Level:PersistentLevel.BP_WAT41_6362,D2U6VEGID4QK8XYHA1P94YXFP,somersloop,BP_WAT1_C,1594.405,101.524,201.696,++FactoryGame+rel-main-anniversary-2026-CL-502094,2c1ba76bf6aeb7593d53fb8278c48df9a639f7002d1cc09eeb4024fb67406337
poi_502094_1758,somersloop,Persistent_Level:PersistentLevel.BP_WAT16,D95KDVDT5GFOHZE1OHCW48SFW,somersloop,BP_WAT1_C,-2324.894,1818.443,53.85,++FactoryGame+rel-main-anniversary-2026-CL-502094,2c1ba76bf6aeb7593d53fb8278c48df9a639f7002d1cc09eeb4024fb67406337
poi_502094_1759,somersloop,Persistent_Level:PersistentLevel.BP_WAT1_C_1,D9TRPKE33S98PUN1VEU3MM5MY,somersloop,BP_WAT1_C,877.751,1860.794,104.914,++FactoryGame+rel-main-anniversary-2026-CL-502094,2c1ba76bf6aeb7593d53fb8278c48df9a639f7002d1cc09eeb4024fb67406337
poi_502094_1760,somersloop,Persistent_Level:PersistentLevel.BP_WAT14_5,DEJKE104EL5ZVDR1H6UQCPPXL,somersloop,BP_WAT1_C,1353.583,-2630.508,52.206,++FactoryGame+rel-main-anniversary-2026-CL-502094,2c1ba76bf6aeb7593d53fb8278c48df9a639f7002d1cc09eeb4024fb67406337
poi_502094_1761,somersloop,Persistent_Level:PersistentLevel.BP_WAT1_C_UAID_04421A9713F0B36201_2077013154,DLAE066U88DGNZ7CU6J65THSX,somersloop,BP_WAT1_C,3701.56,2113.85,51.63,++FactoryGame+rel-main-anniversary-2026-CL-502094,2c1ba76bf6aeb7593d53fb8278c48df9a639f7002d1cc09eeb4024fb67406337
poi_502094_1762,somersloop,Persistent_Level:PersistentLevel.BP_WAT25_382,EBLW1W32WZXFGXW81BCL99R3I,somersloop,BP_WAT1_C,-579.551,-1280.677,50.698,++FactoryGame+rel-main-anniversary-2026-CL-502094,2c1ba76bf6aeb7593d53fb8278c48df9a639f7002d1cc09eeb4024fb67406337
poi_502094_1763,somersloop,Persistent_Level:PersistentLevel.BP_WAT10,EF9SQDOUFQGSGW9HGMWVGYM4T,somersloop,BP_WAT1_C,202.562,2507.545,49.216,++FactoryGame+rel-main-anniversary-2026-CL-502094,2c1ba76bf6aeb7593d53fb8278c48df9a639f7002d1cc09eeb4024fb67406337
poi_502094_1764,somersloop,Persistent_Level:PersistentLevel.BP_WAT57,EJCXTTREYCFD0KNJWI0ARFQYI,somersloop,BP_WAT1_C,2618.734,1942.282,39.638,++FactoryGame+rel-main-anniversary-2026-CL-502094,2c1ba76bf6aeb7593d53fb8278c48df9a639f7002d1cc09eeb4024fb67406337
