socket_id,source_object_id,source_class,source_kind,east_m,north_m,elevation_m,core_socket_id,source_game_build,source_sha256
BP_FrackingCore10,Persistent_Level:PersistentLevel.BP_FrackingCore10,BP_FrackingCore_C,fracking_core,3166.6325,2905.5725,10.674666,,CL-502094,1b6d2b740081eb56c0d77136aed0d330ea4696dee13d1075fc231574ee7552b0
BP_FrackingCore11,Persistent_Level:PersistentLevel.BP_FrackingCore11,BP_FrackingCore_C,fracking_core,1857.097969,572.628281,53.963594,,CL-502094,1b6d2b740081eb56c0d77136aed0d330ea4696dee13d1075fc231574ee7552b0
BP_FrackingCore12,Persistent_Level:PersistentLevel.BP_FrackingCore12,BP_FrackingCore_C,fracking_core,2405.129688,697.230781,55.202983,,CL-502094,1b6d2b740081eb56c0d77136aed0d330ea4696dee13d1075fc231574ee7552b0
BP_FrackingCore13,Persistent_Level:PersistentLevel.BP_FrackingCore13,BP_FrackingCore_C,fracking_core,992.097969,-837.130312,100.733594,,CL-502094,1b6d2b740081eb56c0d77136aed0d330ea4696dee13d1075fc231574ee7552b0
BP_FrackingCore14,Persistent_Level:PersistentLevel.BP_FrackingCore14,BP_FrackingCore_C,fracking_core,1043.392344,-1458.0275,54.277148,,CL-502094,1b6d2b740081eb56c0d77136aed0d330ea4696dee13d1075fc231574ee7552b0
BP_FrackingCore15,Persistent_Level:PersistentLevel.BP_FrackingCore15,BP_FrackingCore_C,fracking_core,69.322344,-1871.8475,-106.492852,,CL-502094,1b6d2b740081eb56c0d77136aed0d330ea4696dee13d1075fc231574ee7552b0
BP_FrackingCore17,Persistent_Level:PersistentLevel.BP_FrackingCore17,BP_FrackingCore_C,fracking_core,-194.142031,-1731.960312,-1.976406,,CL-502094,1b6d2b740081eb56c0d77136aed0d330ea4696dee13d1075fc231574ee7552b0
BP_FrackingCore18,Persistent_Level:PersistentLevel.BP_FrackingCore18,BP_FrackingCore_C,fracking_core,-1082.642031,-735.360312,30.023594,,CL-502094,1b6d2b740081eb56c0d77136aed0d330ea4696dee13d1075fc231574ee7552b0
BP_FrackingCore2,Persistent_Level:PersistentLevel.BP_FrackingCore2,BP_FrackingCore_C,fracking_core,2159.235781,-1359.17875,-4.382728,,CL-502094,1b6d2b740081eb56c0d77136aed0d330ea4696dee13d1075fc231574ee7552b0
BP_FrackingCore3,Persistent_Level:PersistentLevel.BP_FrackingCore3,BP_FrackingCore_C,fracking_core,2236.183594,3115.030938,76.741055,,CL-502094,1b6d2b740081eb56c0d77136aed0d330ea4696dee13d1075fc231574ee7552b0
BP_FrackingCore4,Persistent_Level:PersistentLevel.BP_FrackingCore4,BP_FrackingCore_C,fracking_core,-2513.950312,1870.708594,-16.68124,,CL-502094,1b6d2b740081eb56c0d77136aed0d330ea4696dee13d1075fc231574ee7552b0
BP_FrackingCore5,Persistent_Level:PersistentLevel.BP_FrackingCore5,BP_FrackingCore_C,fracking_core,-1438.960312,-1221.971406,151.33876,,CL-502094,1b6d2b740081eb56c0d77136aed0d330ea4696dee13d1075fc231574ee7552b0
BP_FrackingCore6,Persistent_Level:PersistentLevel.BP_FrackingCore6,BP_FrackingCore_C,fracking_core,849.791215,-1045.254029,100.678884,,CL-502094,1b6d2b740081eb56c0d77136aed0d330ea4696dee13d1075fc231574ee7552b0
BP_FrackingCore6_UAID_40B076DF2F79D3DF01_1961476789,Persistent_Level:PersistentLevel.BP_FrackingCore6_UAID_40B076DF2F79D3DF01_1961476789,BP_FrackingCore_C,fracking_core,-2615.721005,-747.049599,-13.445096,,CL-502094,1b6d2b740081eb56c0d77136aed0d330ea4696dee13d1075fc231574ee7552b0
BP_FrackingCore7,Persistent_Level:PersistentLevel.BP_FrackingCore7,BP_FrackingCore_C,fracking_core,2681.55625,-1127.975859,-1.730547,,CL-502094,1b6d2b740081eb56c0d77136aed0d330ea4696dee13d1075fc231574ee7552b0
BP_FrackingCore9,Persistent_Level:PersistentLevel.BP_FrackingCore9,BP_FrackingCore_C,fracking_core,-401.801328,79.11542,249.806621,,CL-502094,1b6d2b740081eb56c0d77136aed0d330ea4696dee13d1075fc231574ee7552b0
BP_FrackingCore_8,Persistent_Level:PersistentLevel.BP_FrackingCore_8,BP_FrackingCore_C,fracking_core,1283.1,-2567.59,2.69,,CL-502094,1b6d2b740081eb56c0d77136aed0d330ea4696dee13d1075fc231574ee7552b0
BP_FrackingSatellite10,Persistent_Level:PersistentLevel.BP_FrackingSatellite10,BP_FrackingSatellite_C,fracking_satellite,2124.924062,-1380.869062,-1.260258,BP_FrackingCore2,CL-502094,1b6d2b740081eb56c0d77136aed0d330ea4696dee13d1075fc231574ee7552b0
BP_FrackingSatellite100,Persistent_Level:PersistentLevel.BP_FrackingSatellite100,BP_FrackingSatellite_C,fracking_satellite,92.692188,-1902.017812,-104.408164,BP_FrackingCore15,CL-502094,1b6d2b740081eb56c0d77136aed0d330ea4696dee13d1075fc231574ee7552b0
BP_FrackingSatellite101,Persistent_Level:PersistentLevel.BP_FrackingSatellite101,BP_FrackingSatellite_C,fracking_satellite,35.82625,-1870.82125,-103.050586,BP_FrackingCore15,CL-502094,1b6d2b740081eb56c0d77136aed0d330ea4696dee13d1075fc231574ee7552b0
BP_FrackingSatellite102,Persistent_Level:PersistentLevel.BP_FrackingSatellite102,BP_FrackingSatellite_C,fracking_satellite,1856.937188,610.721797,54.317915,BP_FrackingCore11,CL-502094,1b6d2b740081eb56c0d77136aed0d330ea4696dee13d1075fc231574ee7552b0
BP_FrackingSatellite103_8,Persistent_Level:PersistentLevel.BP_FrackingSatellite103_8,BP_FrackingSatellite_C,fracking_satellite,3144.0825,2929.416875,12.532937,BP_FrackingCore10,CL-502094,1b6d2b740081eb56c0d77136aed0d330ea4696dee13d1075fc231574ee7552b0
BP_FrackingSatellite108,Persistent_Level:PersistentLevel.BP_FrackingSatellite108,BP_FrackingSatellite_C,fracking_satellite,-224.505469,-1717.142656,-0.278047,BP_FrackingCore17,CL-502094,1b6d2b740081eb56c0d77136aed0d330ea4696dee13d1075fc231574ee7552b0
BP_FrackingSatellite109,Persistent_Level:PersistentLevel.BP_FrackingSatellite109,BP_FrackingSatellite_C,fracking_satellite,-177.007812,-1748.767812,-0.708164,BP_FrackingCore17,CL-502094,1b6d2b740081eb56c0d77136aed0d330ea4696dee13d1075fc231574ee7552b0
BP_FrackingSatellite11,Persistent_Level:PersistentLevel.BP_FrackingSatellite11,BP_FrackingSatellite_C,fracking_satellite,2164.074062,-1394.999062,-2.120258,BP_FrackingCore2,CL-502094,1b6d2b740081eb56c0d77136aed0d330ea4696dee13d1075fc231574ee7552b0
BP_FrackingSatellite110,Persistent_Level:PersistentLevel.BP_FrackingSatellite110,BP_FrackingSatellite_C,fracking_satellite,-160.874062,-1703.505938,3.51418,BP_FrackingCore17,CL-502094,1b6d2b740081eb56c0d77136aed0d330ea4696dee13d1075fc231574ee7552b0
BP_FrackingSatellite111,Persistent_Level:PersistentLevel.BP_FrackingSatellite111,BP_FrackingSatellite_C,fracking_satellite,-156.119668,-1727.103906,2.392143,BP_FrackingCore17,CL-502094,1b6d2b740081eb56c0d77136aed0d330ea4696dee13d1075fc231574ee7552b0
BP_FrackingSatellite112,Persistent_Level:PersistentLevel.BP_FrackingSatellite112,BP_FrackingSatellite_C,fracking_satellite,-234.067852,-1742.54375,-4.377422,BP_FrackingCore17,CL-502094,1b6d2b740081eb56c0d77136aed0d330ea4696dee13d1075fc231574ee7552b0
BP_FrackingSatellite113,Persistent_Level:PersistentLevel.BP_FrackingSatellite113,BP_FrackingSatellite_C,fracking_satellite,-204.514688,-1756.542812,-0.995586,BP_FrackingCore17,CL-502094,1b6d2b740081eb56c0d77136aed0d330ea4696dee13d1075fc231574ee7552b0
BP_FrackingSatellite114_7,Persistent_Level:PersistentLevel.BP_FrackingSatellite114_7,BP_FrackingSatellite_C,fracking_satellite,-1118.014688,-731.892812,31.204414,BP_FrackingCore18,CL-502094,1b6d2b740081eb56c0d77136aed0d330ea4696dee13d1075fc231574ee7552b0
BP_FrackingSatellite115,Persistent_Level:PersistentLevel.BP_FrackingSatellite115,BP_FrackingSatellite_C,fracking_satellite,-1118.148125,-711.212578,30.617578,BP_FrackingCore18,CL-502094,1b6d2b740081eb56c0d77136aed0d330ea4696dee13d1075fc231574ee7552b0
BP_FrackingSatellite116,Persistent_Level:PersistentLevel.BP_FrackingSatellite116,BP_FrackingSatellite_C,fracking_satellite,-1076.067812,-710.69375,29.122578,BP_FrackingCore18,CL-502094,1b6d2b740081eb56c0d77136aed0d330ea4696dee13d1075fc231574ee7552b0
BP_FrackingSatellite117,Persistent_Level:PersistentLevel.BP_FrackingSatellite117,BP_FrackingSatellite_C,fracking_satellite,-1046.924062,-733.555938,30.96418,BP_FrackingCore18,CL-502094,1b6d2b740081eb56c0d77136aed0d330ea4696dee13d1075fc231574ee7552b0
BP_FrackingSatellite118,Persistent_Level:PersistentLevel.BP_FrackingSatellite118,BP_FrackingSatellite_C,fracking_satellite,-1101.391562,-753.752188,31.964844,BP_FrackingCore18,CL-502094,1b6d2b740081eb56c0d77136aed0d330ea4696dee13d1075fc231574ee7552b0
BP_FrackingSatellite119,Persistent_Level:PersistentLevel.BP_FrackingSatellite119,BP_FrackingSatellite_C,fracking_satellite,-1042.007812,-709.767812,28.591836,BP_FrackingCore18,CL-502094,1b6d2b740081eb56c0d77136aed0d330ea4696dee13d1075fc231574ee7552b0
BP_FrackingSatellite12,Persistent_Level:PersistentLevel.BP_FrackingSatellite12,BP_FrackingSatellite_C,fracking_satellite,2181.694062,-1375.489062,-2.090258,BP_FrackingCore2,CL-502094,1b6d2b740081eb56c0d77136aed0d330ea4696dee13d1075fc231574ee7552b0
BP_FrackingSatellite120,Persistent_Level:PersistentLevel.BP_FrackingSatellite120,BP_FrackingSatellite_C,fracking_satellite,-1084.784688,-775.999375,37.092578,BP_FrackingCore18,CL-502094,1b6d2b740081eb56c0d77136aed0d330ea4696dee13d1075fc231574ee7552b0
BP_FrackingSatellite121,Persistent_Level:PersistentLevel.BP_FrackingSatellite121,BP_FrackingSatellite_C,fracking_satellite,-203.471445,-1707.874375,0.069914,BP_FrackingCore17,CL-502094,1b6d2b740081eb56c0d77136aed0d330ea4696dee13d1075fc231574ee7552b0
BP_FrackingSatellite13,Persistent_Level:PersistentLevel.BP_FrackingSatellite13,BP_FrackingSatellite_C,fracking_satellite,2116.85875,-1331.60875,-2.473589,BP_FrackingCore2,CL-502094,1b6d2b740081eb56c0d77136aed0d330ea4696dee13d1075fc231574ee7552b0
BP_FrackingSatellite14,Persistent_Level:PersistentLevel.BP_FrackingSatellite14,BP_FrackingSatellite_C,fracking_satellite,2252.41625,3098.133125,78.756401,BP_FrackingCore3,CL-502094,1b6d2b740081eb56c0d77136aed0d330ea4696dee13d1075fc231574ee7552b0
BP_FrackingSatellite15,Persistent_Level:PersistentLevel.BP_FrackingSatellite15,BP_FrackingSatellite_C,fracking_satellite,2217.852656,3083.46,82.444902,BP_FrackingCore3,CL-502094,1b6d2b740081eb56c0d77136aed0d330ea4696dee13d1075fc231574ee7552b0
BP_FrackingSatellite16,Persistent_Level:PersistentLevel.BP_FrackingSatellite16,BP_FrackingSatellite_C,fracking_satellite,2202.145312,3107.205938,78.797246,BP_FrackingCore3,CL-502094,1b6d2b740081eb56c0d77136aed0d330ea4696dee13d1075fc231574ee7552b0
BP_FrackingSatellite17,Persistent_Level:PersistentLevel.BP_FrackingSatellite17,BP_FrackingSatellite_C,fracking_satellite,2264.877812,3136.239688,81.609453,BP_FrackingCore3,CL-502094,1b6d2b740081eb56c0d77136aed0d330ea4696dee13d1075fc231574ee7552b0
BP_FrackingSatellite18_3,Persistent_Level:PersistentLevel.BP_FrackingSatellite18_3,BP_FrackingSatellite_C,fracking_satellite,1266.44,-2530.42,-3.72,BP_FrackingCore_8,CL-502094,1b6d2b740081eb56c0d77136aed0d330ea4696dee13d1075fc231574ee7552b0
BP_FrackingSatellite19,Persistent_Level:PersistentLevel.BP_FrackingSatellite19,BP_FrackingSatellite_C,fracking_satellite,2212.635312,3122.565938,79.317246,BP_FrackingCore3,CL-502094,1b6d2b740081eb56c0d77136aed0d330ea4696dee13d1075fc231574ee7552b0
BP_FrackingSatellite2,Persistent_Level:PersistentLevel.BP_FrackingSatellite2,BP_FrackingSatellite_C,fracking_satellite,1251.04,-2564.75,7.34,BP_FrackingCore_8,CL-502094,1b6d2b740081eb56c0d77136aed0d330ea4696dee13d1075fc231574ee7552b0
BP_FrackingSatellite20,Persistent_Level:PersistentLevel.BP_FrackingSatellite20,BP_FrackingSatellite_C,fracking_satellite,2239.813281,3140.086562,78.67124,BP_FrackingCore3,CL-502094,1b6d2b740081eb56c0d77136aed0d330ea4696dee13d1075fc231574ee7552b0
BP_FrackingSatellite21,Persistent_Level:PersistentLevel.BP_FrackingSatellite21,BP_FrackingSatellite_C,fracking_satellite,-2536.794375,1871.51625,-12.409805,BP_FrackingCore4,CL-502094,1b6d2b740081eb56c0d77136aed0d330ea4696dee13d1075fc231574ee7552b0
BP_FrackingSatellite22,Persistent_Level:PersistentLevel.BP_FrackingSatellite22,BP_FrackingSatellite_C,fracking_satellite,-2546.924219,1910.72625,-15.81981,BP_FrackingCore4,CL-502094,1b6d2b740081eb56c0d77136aed0d330ea4696dee13d1075fc231574ee7552b0
BP_FrackingSatellite23_5,Persistent_Level:PersistentLevel.BP_FrackingSatellite23_5,BP_FrackingSatellite_C,fracking_satellite,2268.51625,3114.233125,79.056401,BP_FrackingCore3,CL-502094,1b6d2b740081eb56c0d77136aed0d330ea4696dee13d1075fc231574ee7552b0
BP_FrackingSatellite24,Persistent_Level:PersistentLevel.BP_FrackingSatellite24,BP_FrackingSatellite_C,fracking_satellite,-2519.581719,1915.658125,-17.410864,BP_FrackingCore4,CL-502094,1b6d2b740081eb56c0d77136aed0d330ea4696dee13d1075fc231574ee7552b0
BP_FrackingSatellite25,Persistent_Level:PersistentLevel.BP_FrackingSatellite25,BP_FrackingSatellite_C,fracking_satellite,-2498.993906,1903.812656,-17.395664,BP_FrackingCore4,CL-502094,1b6d2b740081eb56c0d77136aed0d330ea4696dee13d1075fc231574ee7552b0
BP_FrackingSatellite26,Persistent_Level:PersistentLevel.BP_FrackingSatellite26,BP_FrackingSatellite_C,fracking_satellite,-2494.493906,1882.162656,-17.395664,BP_FrackingCore4,CL-502094,1b6d2b740081eb56c0d77136aed0d330ea4696dee13d1075fc231574ee7552b0
BP_FrackingSatellite27,Persistent_Level:PersistentLevel.BP_FrackingSatellite27,BP_FrackingSatellite_C,fracking_satellite,-2509.367188,1846.791875,-14.571299,BP_FrackingCore4,CL-502094,1b6d2b740081eb56c0d77136aed0d330ea4696dee13d1075fc231574ee7552b0
BP_FrackingSatellite28,Persistent_Level:PersistentLevel.BP_FrackingSatellite28,BP_FrackingSatellite_C,fracking_satellite,-1476.287188,-1257.228125,153.158701,BP_FrackingCore5,CL-502094,1b6d2b740081eb56c0d77136aed0d330ea4696dee13d1075fc231574ee7552b0
BP_FrackingSatellite29,Persistent_Level:PersistentLevel.BP_FrackingSatellite29,BP_FrackingSatellite_C,fracking_satellite,-1443.417188,-1246.098125,153.878701,BP_FrackingCore5,CL-502094,1b6d2b740081eb56c0d77136aed0d330ea4696dee13d1075fc231574ee7552b0
BP_FrackingSatellite3,Persistent_Level:PersistentLevel.BP_FrackingSatellite3,BP_FrackingSatellite_C,fracking_satellite,1250.988672,-2543.214375,1.596513,BP_FrackingCore_8,CL-502094,1b6d2b740081eb56c0d77136aed0d330ea4696dee13d1075fc231574ee7552b0
BP_FrackingSatellite30,Persistent_Level:PersistentLevel.BP_FrackingSatellite30,BP_FrackingSatellite_C,fracking_satellite,-1457.1525,-1194.420781,151.815361,BP_FrackingCore5,CL-502094,1b6d2b740081eb56c0d77136aed0d330ea4696dee13d1075fc231574ee7552b0
BP_FrackingSatellite31,Persistent_Level:PersistentLevel.BP_FrackingSatellite31,BP_FrackingSatellite_C,fracking_satellite,-1427.791875,-1202.431875,151.749141,BP_FrackingCore5,CL-502094,1b6d2b740081eb56c0d77136aed0d330ea4696dee13d1075fc231574ee7552b0
BP_FrackingSatellite32,Persistent_Level:PersistentLevel.BP_FrackingSatellite32,BP_FrackingSatellite_C,fracking_satellite,-1417.50375,-1219.977344,152.594336,BP_FrackingCore5,CL-502094,1b6d2b740081eb56c0d77136aed0d330ea4696dee13d1075fc231574ee7552b0
BP_FrackingSatellite33,Persistent_Level:PersistentLevel.BP_FrackingSatellite33,BP_FrackingSatellite_C,fracking_satellite,-1429.114375,-1184.02375,149.950195,BP_FrackingCore5,CL-502094,1b6d2b740081eb56c0d77136aed0d330ea4696dee13d1075fc231574ee7552b0
BP_FrackingSatellite34,Persistent_Level:PersistentLevel.BP_FrackingSatellite34,BP_FrackingSatellite_C,fracking_satellite,-1455.654375,-1260.28375,154.390195,BP_FrackingCore5,CL-502094,1b6d2b740081eb56c0d77136aed0d330ea4696dee13d1075fc231574ee7552b0
BP_FrackingSatellite35,Persistent_Level:PersistentLevel.BP_FrackingSatellite35,BP_FrackingSatellite_C,fracking_satellite,879.167314,-1020.448701,101.779662,BP_FrackingCore6,CL-502094,1b6d2b740081eb56c0d77136aed0d330ea4696dee13d1075fc231574ee7552b0
BP_FrackingSatellite36,Persistent_Level:PersistentLevel.BP_FrackingSatellite36,BP_FrackingSatellite_C,fracking_satellite,816.389084,-1034.951749,101.836182,BP_FrackingCore6,CL-502094,1b6d2b740081eb56c0d77136aed0d330ea4696dee13d1075fc231574ee7552b0
BP_FrackingSatellite37,Persistent_Level:PersistentLevel.BP_FrackingSatellite37,BP_FrackingSatellite_C,fracking_satellite,887.342527,-1077.226686,99.918257,BP_FrackingCore6,CL-502094,1b6d2b740081eb56c0d77136aed0d330ea4696dee13d1075fc231574ee7552b0
BP_FrackingSatellite38,Persistent_Level:PersistentLevel.BP_FrackingSatellite38,BP_FrackingSatellite_C,fracking_satellite,830.939654,-1018.211587,102.164388,BP_FrackingCore6,CL-502094,1b6d2b740081eb56c0d77136aed0d330ea4696dee13d1075fc231574ee7552b0
BP_FrackingSatellite39,Persistent_Level:PersistentLevel.BP_FrackingSatellite39,BP_FrackingSatellite_C,fracking_satellite,879.904962,-1050.521155,102.093729,BP_FrackingCore6,CL-502094,1b6d2b740081eb56c0d77136aed0d330ea4696dee13d1075fc231574ee7552b0
BP_FrackingSatellite4,Persistent_Level:PersistentLevel.BP_FrackingSatellite4,BP_FrackingSatellite_C,fracking_satellite,1305.16,-2551.26,-2.94,BP_FrackingCore_8,CL-502094,1b6d2b740081eb56c0d77136aed0d330ea4696dee13d1075fc231574ee7552b0
BP_FrackingSatellite40,Persistent_Level:PersistentLevel.BP_FrackingSatellite40,BP_FrackingSatellite_C,fracking_satellite,866.967473,-995.242878,100.575857,BP_FrackingCore6,CL-502094,1b6d2b740081eb56c0d77136aed0d330ea4696dee13d1075fc231574ee7552b0
BP_FrackingSatellite41,Persistent_Level:PersistentLevel.BP_FrackingSatellite41,BP_FrackingSatellite_C,fracking_satellite,839.882225,-1078.032624,101.038081,BP_FrackingCore6,CL-502094,1b6d2b740081eb56c0d77136aed0d330ea4696dee13d1075fc231574ee7552b0
BP_FrackingSatellite42,Persistent_Level:PersistentLevel.BP_FrackingSatellite42,BP_FrackingSatellite_C,fracking_satellite,846.613893,-992.027757,100.495845,BP_FrackingCore6,CL-502094,1b6d2b740081eb56c0d77136aed0d330ea4696dee13d1075fc231574ee7552b0
BP_FrackingSatellite43,Persistent_Level:PersistentLevel.BP_FrackingSatellite43,BP_FrackingSatellite_C,fracking_satellite,816.644674,-1066.6791,102.411657,BP_FrackingCore6,CL-502094,1b6d2b740081eb56c0d77136aed0d330ea4696dee13d1075fc231574ee7552b0
BP_FrackingSatellite44,Persistent_Level:PersistentLevel.BP_FrackingSatellite44,BP_FrackingSatellite_C,fracking_satellite,860.275655,-1094.511056,99.623173,BP_FrackingCore6,CL-502094,1b6d2b740081eb56c0d77136aed0d330ea4696dee13d1075fc231574ee7552b0
BP_FrackingSatellite45,Persistent_Level:PersistentLevel.BP_FrackingSatellite45,BP_FrackingSatellite_C,fracking_satellite,2671.23125,-1151.563125,-1.013438,BP_FrackingCore7,CL-502094,1b6d2b740081eb56c0d77136aed0d330ea4696dee13d1075fc231574ee7552b0
BP_FrackingSatellite46,Persistent_Level:PersistentLevel.BP_FrackingSatellite46,BP_FrackingSatellite_C,fracking_satellite,2640.515625,-1122.807969,-0.664023,BP_FrackingCore7,CL-502094,1b6d2b740081eb56c0d77136aed0d330ea4696dee13d1075fc231574ee7552b0
BP_FrackingSatellite47,Persistent_Level:PersistentLevel.BP_FrackingSatellite47,BP_FrackingSatellite_C,fracking_satellite,2642.313125,-1145.184531,-0.777617,BP_FrackingCore7,CL-502094,1b6d2b740081eb56c0d77136aed0d330ea4696dee13d1075fc231574ee7552b0
BP_FrackingSatellite48,Persistent_Level:PersistentLevel.BP_FrackingSatellite48,BP_FrackingSatellite_C,fracking_satellite,2714.252812,-1115.041016,-1.025781,BP_FrackingCore7,CL-502094,1b6d2b740081eb56c0d77136aed0d330ea4696dee13d1075fc231574ee7552b0
BP_FrackingSatellite49,Persistent_Level:PersistentLevel.BP_FrackingSatellite49,BP_FrackingSatellite_C,fracking_satellite,2695.004062,-1155.875859,-0.832891,BP_FrackingCore7,CL-502094,1b6d2b740081eb56c0d77136aed0d330ea4696dee13d1075fc231574ee7552b0
BP_FrackingSatellite5,Persistent_Level:PersistentLevel.BP_FrackingSatellite5,BP_FrackingSatellite_C,fracking_satellite,1310.25,-2574.28,2.38,BP_FrackingCore_8,CL-502094,1b6d2b740081eb56c0d77136aed0d330ea4696dee13d1075fc231574ee7552b0
BP_FrackingSatellite50,Persistent_Level:PersistentLevel.BP_FrackingSatellite50,BP_FrackingSatellite_C,fracking_satellite,2674.3925,-1103.493281,-0.911641,BP_FrackingCore7,CL-502094,1b6d2b740081eb56c0d77136aed0d330ea4696dee13d1075fc231574ee7552b0
BP_FrackingSatellite51_1,Persistent_Level:PersistentLevel.BP_FrackingSatellite51_1,BP_FrackingSatellite_C,fracking_satellite,-2539.687188,1892.141875,-14.601299,BP_FrackingCore4,CL-502094,1b6d2b740081eb56c0d77136aed0d330ea4696dee13d1075fc231574ee7552b0
BP_FrackingSatellite57,Persistent_Level:PersistentLevel.BP_FrackingSatellite57,BP_FrackingSatellite_C,fracking_satellite,-401.999102,43.04332,250.537969,BP_FrackingCore9,CL-502094,1b6d2b740081eb56c0d77136aed0d330ea4696dee13d1075fc231574ee7552b0
BP_FrackingSatellite58,Persistent_Level:PersistentLevel.BP_FrackingSatellite58,BP_FrackingSatellite_C,fracking_satellite,3138.905,2879.794688,12.123501,BP_FrackingCore10,CL-502094,1b6d2b740081eb56c0d77136aed0d330ea4696dee13d1075fc231574ee7552b0
BP_FrackingSatellite59,Persistent_Level:PersistentLevel.BP_FrackingSatellite59,BP_FrackingSatellite_C,fracking_satellite,-437.588008,84.093965,251.388828,BP_FrackingCore9,CL-502094,1b6d2b740081eb56c0d77136aed0d330ea4696dee13d1075fc231574ee7552b0
BP_FrackingSatellite6,Persistent_Level:PersistentLevel.BP_FrackingSatellite6,BP_FrackingSatellite_C,fracking_satellite,2146.597031,-1379.935156,-2.250778,BP_FrackingCore2,CL-502094,1b6d2b740081eb56c0d77136aed0d330ea4696dee13d1075fc231574ee7552b0
BP_FrackingSatellite60,Persistent_Level:PersistentLevel.BP_FrackingSatellite60,BP_FrackingSatellite_C,fracking_satellite,-417.764492,98.68376,251.421855,BP_FrackingCore9,CL-502094,1b6d2b740081eb56c0d77136aed0d330ea4696dee13d1075fc231574ee7552b0
BP_FrackingSatellite61,Persistent_Level:PersistentLevel.BP_FrackingSatellite61,BP_FrackingSatellite_C,fracking_satellite,-389.568359,103.626836,253.250703,BP_FrackingCore9,CL-502094,1b6d2b740081eb56c0d77136aed0d330ea4696dee13d1075fc231574ee7552b0
BP_FrackingSatellite61_UAID_40B076DF2F79D7DF01_1933830510,Persistent_Level:PersistentLevel.BP_FrackingSatellite61_UAID_40B076DF2F79D7DF01_1933830510,BP_FrackingSatellite_C,fracking_satellite,-2606.257674,-725.732231,-11.880452,BP_FrackingCore6_UAID_40B076DF2F79D3DF01_1961476789,CL-502094,1b6d2b740081eb56c0d77136aed0d330ea4696dee13d1075fc231574ee7552b0
BP_FrackingSatellite61_UAID_40B076DF2F79D7DF01_2053713511,Persistent_Level:PersistentLevel.BP_FrackingSatellite61_UAID_40B076DF2F79D7DF01_2053713511,BP_FrackingSatellite_C,fracking_satellite,-2619.414642,-704.745078,-11.590599,BP_FrackingCore6_UAID_40B076DF2F79D3DF01_1961476789,CL-502094,1b6d2b740081eb56c0d77136aed0d330ea4696dee13d1075fc231574ee7552b0
BP_FrackingSatellite61_UAID_40B076DF2F79D8DF01_1587984689,Persistent_Level:PersistentLevel.BP_FrackingSatellite61_UAID_40B076DF2F79D8DF01_1587984689,BP_FrackingSatellite_C,fracking_satellite,-2643.727454,-760.594671,-12.965887,BP_FrackingCore6_UAID_40B076DF2F79D3DF01_1961476789,CL-502094,1b6d2b740081eb56c0d77136aed0d330ea4696dee13d1075fc231574ee7552b0
BP_FrackingSatellite61_UAID_40B076DF2F79D8DF01_1704280690,Persistent_Level:PersistentLevel.BP_FrackingSatellite61_UAID_40B076DF2F79D8DF01_1704280690,BP_FrackingSatellite_C,fracking_satellite,-2661.947414,-752.273697,-12.795224,BP_FrackingCore6_UAID_40B076DF2F79D3DF01_1961476789,CL-502094,1b6d2b740081eb56c0d77136aed0d330ea4696dee13d1075fc231574ee7552b0
BP_FrackingSatellite61_UAID_40B076DF2F79D8DF01_1999134691,Persistent_Level:PersistentLevel.BP_FrackingSatellite61_UAID_40B076DF2F79D8DF01_1999134691,BP_FrackingSatellite_C,fracking_satellite,-2633.417899,-723.598065,-13.536194,BP_FrackingCore6_UAID_40B076DF2F79D3DF01_1961476789,CL-502094,1b6d2b740081eb56c0d77136aed0d330ea4696dee13d1075fc231574ee7552b0
BP_FrackingSatellite61_UAID_40B076DF2F79D9DF01_1230935868,Persistent_Level:PersistentLevel.BP_FrackingSatellite61_UAID_40B076DF2F79D9DF01_1230935868,BP_FrackingSatellite_C,fracking_satellite,-2653.782349,-724.933666,-13.422884,BP_FrackingCore6_UAID_40B076DF2F79D3DF01_1961476789,CL-502094,1b6d2b740081eb56c0d77136aed0d330ea4696dee13d1075fc231574ee7552b0
BP_FrackingSatellite62,Persistent_Level:PersistentLevel.BP_FrackingSatellite62,BP_FrackingSatellite_C,fracking_satellite,-369.591328,78.337783,251.703457,BP_FrackingCore9,CL-502094,1b6d2b740081eb56c0d77136aed0d330ea4696dee13d1075fc231574ee7552b0
BP_FrackingSatellite63,Persistent_Level:PersistentLevel.BP_FrackingSatellite63,BP_FrackingSatellite_C,fracking_satellite,-432.38793,65.189111,250.536465,BP_FrackingCore9,CL-502094,1b6d2b740081eb56c0d77136aed0d330ea4696dee13d1075fc231574ee7552b0
BP_FrackingSatellite64,Persistent_Level:PersistentLevel.BP_FrackingSatellite64,BP_FrackingSatellite_C,fracking_satellite,3142.775,2897.557812,12.678708,BP_FrackingCore10,CL-502094,1b6d2b740081eb56c0d77136aed0d330ea4696dee13d1075fc231574ee7552b0
BP_FrackingSatellite65,Persistent_Level:PersistentLevel.BP_FrackingSatellite65,BP_FrackingSatellite_C,fracking_satellite,3191.265938,2900.626562,12.284166,BP_FrackingCore10,CL-502094,1b6d2b740081eb56c0d77136aed0d330ea4696dee13d1075fc231574ee7552b0
BP_FrackingSatellite66,Persistent_Level:PersistentLevel.BP_FrackingSatellite66,BP_FrackingSatellite_C,fracking_satellite,3205.353125,2912.795625,12.295671,BP_FrackingCore10,CL-502094,1b6d2b740081eb56c0d77136aed0d330ea4696dee13d1075fc231574ee7552b0
BP_FrackingSatellite67,Persistent_Level:PersistentLevel.BP_FrackingSatellite67,BP_FrackingSatellite_C,fracking_satellite,3165.1325,2933.716875,12.432937,BP_FrackingCore10,CL-502094,1b6d2b740081eb56c0d77136aed0d330ea4696dee13d1075fc231574ee7552b0
BP_FrackingSatellite68,Persistent_Level:PersistentLevel.BP_FrackingSatellite68,BP_FrackingSatellite_C,fracking_satellite,3166.683125,2880.896562,11.74041,BP_FrackingCore10,CL-502094,1b6d2b740081eb56c0d77136aed0d330ea4696dee13d1075fc231574ee7552b0
BP_FrackingSatellite69,Persistent_Level:PersistentLevel.BP_FrackingSatellite69,BP_FrackingSatellite_C,fracking_satellite,1888.628594,575.903047,55.661953,BP_FrackingCore11,CL-502094,1b6d2b740081eb56c0d77136aed0d330ea4696dee13d1075fc231574ee7552b0
BP_FrackingSatellite7,Persistent_Level:PersistentLevel.BP_FrackingSatellite7,BP_FrackingSatellite_C,fracking_satellite,2134.48875,-1327.06875,-3.173589,BP_FrackingCore2,CL-502094,1b6d2b740081eb56c0d77136aed0d330ea4696dee13d1075fc231574ee7552b0
BP_FrackingSatellite70,Persistent_Level:PersistentLevel.BP_FrackingSatellite70,BP_FrackingSatellite_C,fracking_satellite,1831.136406,555.327266,55.120527,BP_FrackingCore11,CL-502094,1b6d2b740081eb56c0d77136aed0d330ea4696dee13d1075fc231574ee7552b0
BP_FrackingSatellite71,Persistent_Level:PersistentLevel.BP_FrackingSatellite71,BP_FrackingSatellite_C,fracking_satellite,1828.060938,581.476211,55.356367,BP_FrackingCore11,CL-502094,1b6d2b740081eb56c0d77136aed0d330ea4696dee13d1075fc231574ee7552b0
BP_FrackingSatellite72,Persistent_Level:PersistentLevel.BP_FrackingSatellite72,BP_FrackingSatellite_C,fracking_satellite,1863.184219,529.856602,54.2598,BP_FrackingCore11,CL-502094,1b6d2b740081eb56c0d77136aed0d330ea4696dee13d1075fc231574ee7552b0
BP_FrackingSatellite73,Persistent_Level:PersistentLevel.BP_FrackingSatellite73,BP_FrackingSatellite_C,fracking_satellite,1836.102969,599.437031,55.856367,BP_FrackingCore11,CL-502094,1b6d2b740081eb56c0d77136aed0d330ea4696dee13d1075fc231574ee7552b0
BP_FrackingSatellite74,Persistent_Level:PersistentLevel.BP_FrackingSatellite74,BP_FrackingSatellite_C,fracking_satellite,1880.792188,544.237812,55.186484,BP_FrackingCore11,CL-502094,1b6d2b740081eb56c0d77136aed0d330ea4696dee13d1075fc231574ee7552b0
BP_FrackingSatellite75,Persistent_Level:PersistentLevel.BP_FrackingSatellite75,BP_FrackingSatellite_C,fracking_satellite,2408.919688,666.185625,61.826626,BP_FrackingCore12,CL-502094,1b6d2b740081eb56c0d77136aed0d330ea4696dee13d1075fc231574ee7552b0
BP_FrackingSatellite76,Persistent_Level:PersistentLevel.BP_FrackingSatellite76,BP_FrackingSatellite_C,fracking_satellite,2383.321875,692.830156,54.034253,BP_FrackingCore12,CL-502094,1b6d2b740081eb56c0d77136aed0d330ea4696dee13d1075fc231574ee7552b0
BP_FrackingSatellite77,Persistent_Level:PersistentLevel.BP_FrackingSatellite77,BP_FrackingSatellite_C,fracking_satellite,2428.016562,713.095391,54.194106,BP_FrackingCore12,CL-502094,1b6d2b740081eb56c0d77136aed0d330ea4696dee13d1075fc231574ee7552b0
BP_FrackingSatellite78,Persistent_Level:PersistentLevel.BP_FrackingSatellite78,BP_FrackingSatellite_C,fracking_satellite,2397.634375,716.950625,52.566592,BP_FrackingCore12,CL-502094,1b6d2b740081eb56c0d77136aed0d330ea4696dee13d1075fc231574ee7552b0
BP_FrackingSatellite79,Persistent_Level:PersistentLevel.BP_FrackingSatellite79,BP_FrackingSatellite_C,fracking_satellite,2450.33625,718.458359,46.173818,BP_FrackingCore12,CL-502094,1b6d2b740081eb56c0d77136aed0d330ea4696dee13d1075fc231574ee7552b0
BP_FrackingSatellite8,Persistent_Level:PersistentLevel.BP_FrackingSatellite8,BP_FrackingSatellite_C,fracking_satellite,2157.26,-1327.91,-2.85,BP_FrackingCore2,CL-502094,1b6d2b740081eb56c0d77136aed0d330ea4696dee13d1075fc231574ee7552b0
BP_FrackingSatellite80,Persistent_Level:PersistentLevel.BP_FrackingSatellite80,BP_FrackingSatellite_C,fracking_satellite,2407.88,748.852422,48.015166,BP_FrackingCore12,CL-502094,1b6d2b740081eb56c0d77136aed0d330ea4696dee13d1075fc231574ee7552b0
BP_FrackingSatellite81,Persistent_Level:PersistentLevel.BP_FrackingSatellite81,BP_FrackingSatellite_C,fracking_satellite,959.815938,-852.275938,101.704189,BP_FrackingCore13,CL-502094,1b6d2b740081eb56c0d77136aed0d330ea4696dee13d1075fc231574ee7552b0
BP_FrackingSatellite82,Persistent_Level:PersistentLevel.BP_FrackingSatellite82,BP_FrackingSatellite_C,fracking_satellite,1011.587188,-855.613828,102.503389,BP_FrackingCore13,CL-502094,1b6d2b740081eb56c0d77136aed0d330ea4696dee13d1075fc231574ee7552b0
BP_FrackingSatellite83,Persistent_Level:PersistentLevel.BP_FrackingSatellite83,BP_FrackingSatellite_C,fracking_satellite,987.005312,-862.319375,102.462578,BP_FrackingCore13,CL-502094,1b6d2b740081eb56c0d77136aed0d330ea4696dee13d1075fc231574ee7552b0
BP_FrackingSatellite84,Persistent_Level:PersistentLevel.BP_FrackingSatellite84,BP_FrackingSatellite_C,fracking_satellite,976.532188,-820.237734,102.551846,BP_FrackingCore13,CL-502094,1b6d2b740081eb56c0d77136aed0d330ea4696dee13d1075fc231574ee7552b0
BP_FrackingSatellite85,Persistent_Level:PersistentLevel.BP_FrackingSatellite85,BP_FrackingSatellite_C,fracking_satellite,1002.0875,-815.077266,102.714082,BP_FrackingCore13,CL-502094,1b6d2b740081eb56c0d77136aed0d330ea4696dee13d1075fc231574ee7552b0
BP_FrackingSatellite86,Persistent_Level:PersistentLevel.BP_FrackingSatellite86,BP_FrackingSatellite_C,fracking_satellite,1023.187188,-829.763828,102.703389,BP_FrackingCore13,CL-502094,1b6d2b740081eb56c0d77136aed0d330ea4696dee13d1075fc231574ee7552b0
BP_FrackingSatellite87,Persistent_Level:PersistentLevel.BP_FrackingSatellite87,BP_FrackingSatellite_C,fracking_satellite,997.435312,-1473.029375,64.412578,BP_FrackingCore14,CL-502094,1b6d2b740081eb56c0d77136aed0d330ea4696dee13d1075fc231574ee7552b0
BP_FrackingSatellite88,Persistent_Level:PersistentLevel.BP_FrackingSatellite88,BP_FrackingSatellite_C,fracking_satellite,1063.545938,-1396.785938,66.03418,BP_FrackingCore14,CL-502094,1b6d2b740081eb56c0d77136aed0d330ea4696dee13d1075fc231574ee7552b0
BP_FrackingSatellite89,Persistent_Level:PersistentLevel.BP_FrackingSatellite89,BP_FrackingSatellite_C,fracking_satellite,1080.805312,-1420.572812,66.324414,BP_FrackingCore14,CL-502094,1b6d2b740081eb56c0d77136aed0d330ea4696dee13d1075fc231574ee7552b0
BP_FrackingSatellite9,Persistent_Level:PersistentLevel.BP_FrackingSatellite9,BP_FrackingSatellite_C,fracking_satellite,2180.40875,-1342.232969,-1.875167,BP_FrackingCore2,CL-502094,1b6d2b740081eb56c0d77136aed0d330ea4696dee13d1075fc231574ee7552b0
BP_FrackingSatellite90,Persistent_Level:PersistentLevel.BP_FrackingSatellite90,BP_FrackingSatellite_C,fracking_satellite,1082.620625,-1454.178281,64.864375,BP_FrackingCore14,CL-502094,1b6d2b740081eb56c0d77136aed0d330ea4696dee13d1075fc231574ee7552b0
BP_FrackingSatellite91,Persistent_Level:PersistentLevel.BP_FrackingSatellite91,BP_FrackingSatellite_C,fracking_satellite,1031.795312,-1415.249375,64.292578,BP_FrackingCore14,CL-502094,1b6d2b740081eb56c0d77136aed0d330ea4696dee13d1075fc231574ee7552b0
BP_FrackingSatellite92,Persistent_Level:PersistentLevel.BP_FrackingSatellite92,BP_FrackingSatellite_C,fracking_satellite,1046.412188,-1493.047812,64.561836,BP_FrackingCore14,CL-502094,1b6d2b740081eb56c0d77136aed0d330ea4696dee13d1075fc231574ee7552b0
BP_FrackingSatellite93,Persistent_Level:PersistentLevel.BP_FrackingSatellite93,BP_FrackingSatellite_C,fracking_satellite,1008.297188,-1434.46375,64.613398,BP_FrackingCore14,CL-502094,1b6d2b740081eb56c0d77136aed0d330ea4696dee13d1075fc231574ee7552b0
BP_FrackingSatellite94,Persistent_Level:PersistentLevel.BP_FrackingSatellite94,BP_FrackingSatellite_C,fracking_satellite,1007.1675,-1497.037188,64.944062,BP_FrackingCore14,CL-502094,1b6d2b740081eb56c0d77136aed0d330ea4696dee13d1075fc231574ee7552b0
BP_FrackingSatellite95,Persistent_Level:PersistentLevel.BP_FrackingSatellite95,BP_FrackingSatellite_C,fracking_satellite,49.335312,-1847.442812,-104.245586,BP_FrackingCore15,CL-502094,1b6d2b740081eb56c0d77136aed0d330ea4696dee13d1075fc231574ee7552b0
BP_FrackingSatellite96,Persistent_Level:PersistentLevel.BP_FrackingSatellite96,BP_FrackingSatellite_C,fracking_satellite,71.641562,-1838.584375,-105.249453,BP_FrackingCore15,CL-502094,1b6d2b740081eb56c0d77136aed0d330ea4696dee13d1075fc231574ee7552b0
BP_FrackingSatellite97,Persistent_Level:PersistentLevel.BP_FrackingSatellite97,BP_FrackingSatellite_C,fracking_satellite,59.732148,-1893.94375,-103.577422,BP_FrackingCore15,CL-502094,1b6d2b740081eb56c0d77136aed0d330ea4696dee13d1075fc231574ee7552b0
BP_FrackingSatellite98,Persistent_Level:PersistentLevel.BP_FrackingSatellite98,BP_FrackingSatellite_C,fracking_satellite,91.125312,-1848.699375,-105.057422,BP_FrackingCore15,CL-502094,1b6d2b740081eb56c0d77136aed0d330ea4696dee13d1075fc231574ee7552b0
BP_FrackingSatellite99,Persistent_Level:PersistentLevel.BP_FrackingSatellite99,BP_FrackingSatellite_C,fracking_satellite,103.425938,-1875.205938,-104.73582,BP_FrackingCore15,CL-502094,1b6d2b740081eb56c0d77136aed0d330ea4696dee13d1075fc231574ee7552b0
BP_FrackingSatellite_2,Persistent_Level:PersistentLevel.BP_FrackingSatellite_2,BP_FrackingSatellite_C,fracking_satellite,1282.16,-2588.78,8.9,BP_FrackingCore_8,CL-502094,1b6d2b740081eb56c0d77136aed0d330ea4696dee13d1075fc231574ee7552b0
BP_ResourceNode100,Persistent_Level:PersistentLevel.BP_ResourceNode100,BP_ResourceNode_C,resource_node,1782.65375,-2060.956406,-92.385713,,CL-502094,1b6d2b740081eb56c0d77136aed0d330ea4696dee13d1075fc231574ee7552b0
BP_ResourceNode101_1893,Persistent_Level:PersistentLevel.BP_ResourceNode101_1893,BP_ResourceNode_C,resource_node,1619.286744,-1037.771371,56.028876,,CL-502094,1b6d2b740081eb56c0d77136aed0d330ea4696dee13d1075fc231574ee7552b0
BP_ResourceNode101_UAID_40B076DF2F79E6D901_1551800812,Persistent_Level:PersistentLevel.BP_ResourceNode101_UAID_40B076DF2F79E6D901_1551800812,BP_ResourceNode_C,resource_node,1191.489173,-713.213911,186.736095,,CL-502094,1b6d2b740081eb56c0d77136aed0d330ea4696dee13d1075fc231574ee7552b0
BP_ResourceNode101_UAID_40B076DF2F79E7D901_2125168992,Persistent_Level:PersistentLevel.BP_ResourceNode101_UAID_40B076DF2F79E7D901_2125168992,BP_ResourceNode_C,resource_node,1628.989173,-654.136901,97.823948,,CL-502094,1b6d2b740081eb56c0d77136aed0d330ea4696dee13d1075fc231574ee7552b0
BP_ResourceNode102_2068,Persistent_Level:PersistentLevel.BP_ResourceNode102_2068,BP_ResourceNode_C,resource_node,-2808.366875,420.891797,-12.761479,,CL-502094,1b6d2b740081eb56c0d77136aed0d330ea4696dee13d1075fc231574ee7552b0
BP_ResourceNode103,Persistent_Level:PersistentLevel.BP_ResourceNode103,BP_ResourceNode_C,resource_node,-2670.514062,243.867891,-7.236485,,CL-502094,1b6d2b740081eb56c0d77136aed0d330ea4696dee13d1075fc231574ee7552b0
BP_ResourceNode104,Persistent_Level:PersistentLevel.BP_ResourceNode104,BP_ResourceNode_C,resource_node,-2733.212188,196.67,-15.370547,,CL-502094,1b6d2b740081eb56c0d77136aed0d330ea4696dee13d1075fc231574ee7552b0
BP_ResourceNode105_2463,Persistent_Level:PersistentLevel.BP_ResourceNode105_2463,BP_ResourceNode_C,resource_node,-2638.730312,308.483652,-4.116734,,CL-502094,1b6d2b740081eb56c0d77136aed0d330ea4696dee13d1075fc231574ee7552b0
BP_ResourceNode106,Persistent_Level:PersistentLevel.BP_ResourceNode106,BP_ResourceNode_C,resource_node,-2601.104531,276.73627,-6.401287,,CL-502094,1b6d2b740081eb56c0d77136aed0d330ea4696dee13d1075fc231574ee7552b0
BP_ResourceNode107,Persistent_Level:PersistentLevel.BP_ResourceNode107,BP_ResourceNode_C,resource_node,-2562.44,295.64,-6.680099,,CL-502094,1b6d2b740081eb56c0d77136aed0d330ea4696dee13d1075fc231574ee7552b0
BP_ResourceNode108,Persistent_Level:PersistentLevel.BP_ResourceNode108,BP_ResourceNode_C,resource_node,-2591.203281,446.889492,-4.941499,,CL-502094,1b6d2b740081eb56c0d77136aed0d330ea4696dee13d1075fc231574ee7552b0
BP_ResourceNode109,Persistent_Level:PersistentLevel.BP_ResourceNode109,BP_ResourceNode_C,resource_node,-2613.584531,412.281289,-3.27,,CL-502094,1b6d2b740081eb56c0d77136aed0d330ea4696dee13d1075fc231574ee7552b0
BP_ResourceNode110,Persistent_Level:PersistentLevel.BP_ResourceNode110,BP_ResourceNode_C,resource_node,-1780.990625,1652.415625,76.168672,,CL-502094,1b6d2b740081eb56c0d77136aed0d330ea4696dee13d1075fc231574ee7552b0
BP_ResourceNode111_3367,Persistent_Level:PersistentLevel.BP_ResourceNode111_3367,BP_ResourceNode_C,resource_node,-2682.644062,549.914375,-3.436909,,CL-502094,1b6d2b740081eb56c0d77136aed0d330ea4696dee13d1075fc231574ee7552b0
BP_ResourceNode112,Persistent_Level:PersistentLevel.BP_ResourceNode112,BP_ResourceNode_C,resource_node,-2667.11875,513.17582,-3.31483,,CL-502094,1b6d2b740081eb56c0d77136aed0d330ea4696dee13d1075fc231574ee7552b0
BP_ResourceNode113,Persistent_Level:PersistentLevel.BP_ResourceNode113,BP_ResourceNode_C,resource_node,-1650.019375,1332.780938,16.109102,,CL-502094,1b6d2b740081eb56c0d77136aed0d330ea4696dee13d1075fc231574ee7552b0
BP_ResourceNode114,Persistent_Level:PersistentLevel.BP_ResourceNode114,BP_ResourceNode_C,resource_node,-1524.902812,457.865078,6.926235,,CL-502094,1b6d2b740081eb56c0d77136aed0d330ea4696dee13d1075fc231574ee7552b0
BP_ResourceNode115,Persistent_Level:PersistentLevel.BP_ResourceNode115,BP_ResourceNode_C,resource_node,-1667.310469,265.661387,-5.097665,,CL-502094,1b6d2b740081eb56c0d77136aed0d330ea4696dee13d1075fc231574ee7552b0
BP_ResourceNode116,Persistent_Level:PersistentLevel.BP_ResourceNode116,BP_ResourceNode_C,resource_node,-1704.475781,283.21373,-5.960074,,CL-502094,1b6d2b740081eb56c0d77136aed0d330ea4696dee13d1075fc231574ee7552b0
BP_ResourceNode117,Persistent_Level:PersistentLevel.BP_ResourceNode117,BP_ResourceNode_C,resource_node,-1480.082031,301.854473,-5.561295,,CL-502094,1b6d2b740081eb56c0d77136aed0d330ea4696dee13d1075fc231574ee7552b0
BP_ResourceNode118_4340,Persistent_Level:PersistentLevel.BP_ResourceNode118_4340,BP_ResourceNode_C,resource_node,-1334.448594,352.402461,38.320007,,CL-502094,1b6d2b740081eb56c0d77136aed0d330ea4696dee13d1075fc231574ee7552b0
BP_ResourceNode119,Persistent_Level:PersistentLevel.BP_ResourceNode119,BP_ResourceNode_C,resource_node,-1457.81,319.69,32.810757,,CL-502094,1b6d2b740081eb56c0d77136aed0d330ea4696dee13d1075fc231574ee7552b0
BP_ResourceNode121_4877,Persistent_Level:PersistentLevel.BP_ResourceNode121_4877,BP_ResourceNode_C,resource_node,-1784.91,797.88,33.31,,CL-502094,1b6d2b740081eb56c0d77136aed0d330ea4696dee13d1075fc231574ee7552b0
BP_ResourceNode121_UAID_40B076DF2F7938DF01_2097772508,Persistent_Level:PersistentLevel.BP_ResourceNode121_UAID_40B076DF2F7938DF01_2097772508,BP_ResourceNode_C,resource_node,-1354.68,1746.82,77.53,,CL-502094,1b6d2b740081eb56c0d77136aed0d330ea4696dee13d1075fc231574ee7552b0
BP_ResourceNode122,Persistent_Level:PersistentLevel.BP_ResourceNode122,BP_ResourceNode_C,resource_node,-996.040469,1468.232188,-16.311211,,CL-502094,1b6d2b740081eb56c0d77136aed0d330ea4696dee13d1075fc231574ee7552b0
BP_ResourceNode123_5084,Persistent_Level:PersistentLevel.BP_ResourceNode123_5084,BP_ResourceNode_C,resource_node,-1105.88,1351.53,19.11,,CL-502094,1b6d2b740081eb56c0d77136aed0d330ea4696dee13d1075fc231574ee7552b0
BP_ResourceNode124_5785,Persistent_Level:PersistentLevel.BP_ResourceNode124_5785,BP_ResourceNode_C,resource_node,-904.578672,1522.794844,-17.00314,,CL-502094,1b6d2b740081eb56c0d77136aed0d330ea4696dee13d1075fc231574ee7552b0
BP_ResourceNode125_5930,Persistent_Level:PersistentLevel.BP_ResourceNode125_5930,BP_ResourceNode_C,resource_node,-968.01,1352.76,1.66,,CL-502094,1b6d2b740081eb56c0d77136aed0d330ea4696dee13d1075fc231574ee7552b0
BP_ResourceNode126_6409,Persistent_Level:PersistentLevel.BP_ResourceNode126_6409,BP_ResourceNode_C,resource_node,-961.007109,-1637.528594,-37.344927,,CL-502094,1b6d2b740081eb56c0d77136aed0d330ea4696dee13d1075fc231574ee7552b0
BP_ResourceNode127,Persistent_Level:PersistentLevel.BP_ResourceNode127,BP_ResourceNode_C,resource_node,-942.651172,-1658.422031,-37.348345,,CL-502094,1b6d2b740081eb56c0d77136aed0d330ea4696dee13d1075fc231574ee7552b0
BP_ResourceNode128_5242,Persistent_Level:PersistentLevel.BP_ResourceNode128_5242,BP_ResourceNode_C,resource_node,-1907.87,1176.9,7.06,,CL-502094,1b6d2b740081eb56c0d77136aed0d330ea4696dee13d1075fc231574ee7552b0
BP_ResourceNode129,Persistent_Level:PersistentLevel.BP_ResourceNode129,BP_ResourceNode_C,resource_node,-1136.158828,504.5,162.662676,,CL-502094,1b6d2b740081eb56c0d77136aed0d330ea4696dee13d1075fc231574ee7552b0
BP_ResourceNode12_91,Persistent_Level:PersistentLevel.BP_ResourceNode12_91,BP_ResourceNode_C,resource_node,2484.814375,1461.603438,35.618936,,CL-502094,1b6d2b740081eb56c0d77136aed0d330ea4696dee13d1075fc231574ee7552b0
BP_ResourceNode13,Persistent_Level:PersistentLevel.BP_ResourceNode13,BP_ResourceNode_C,resource_node,2426.916719,1494.325625,25.906521,,CL-502094,1b6d2b740081eb56c0d77136aed0d330ea4696dee13d1075fc231574ee7552b0
BP_ResourceNode130,Persistent_Level:PersistentLevel.BP_ResourceNode130,BP_ResourceNode_C,resource_node,-1076.402812,523.755156,161.933701,,CL-502094,1b6d2b740081eb56c0d77136aed0d330ea4696dee13d1075fc231574ee7552b0
BP_ResourceNode131,Persistent_Level:PersistentLevel.BP_ResourceNode131,BP_ResourceNode_C,resource_node,-2669.039375,1333.554375,59.737822,,CL-502094,1b6d2b740081eb56c0d77136aed0d330ea4696dee13d1075fc231574ee7552b0
BP_ResourceNode132_5908,Persistent_Level:PersistentLevel.BP_ResourceNode132_5908,BP_ResourceNode_C,resource_node,-1732.490312,1121.726328,0.31636,,CL-502094,1b6d2b740081eb56c0d77136aed0d330ea4696dee13d1075fc231574ee7552b0
BP_ResourceNode133_6963,Persistent_Level:PersistentLevel.BP_ResourceNode133_6963,BP_ResourceNode_C,resource_node,1099.891016,-1967.588125,-32.467119,,CL-502094,1b6d2b740081eb56c0d77136aed0d330ea4696dee13d1075fc231574ee7552b0
BP_ResourceNode134_8590,Persistent_Level:PersistentLevel.BP_ResourceNode134_8590,BP_ResourceNode_C,resource_node,1096.194297,-1557.982812,41.756665,,CL-502094,1b6d2b740081eb56c0d77136aed0d330ea4696dee13d1075fc231574ee7552b0
BP_ResourceNode135,Persistent_Level:PersistentLevel.BP_ResourceNode135,BP_ResourceNode_C,resource_node,-1821.833525,1423.670007,-17.438706,,CL-502094,1b6d2b740081eb56c0d77136aed0d330ea4696dee13d1075fc231574ee7552b0
BP_ResourceNode136,Persistent_Level:PersistentLevel.BP_ResourceNode136,BP_ResourceNode_C,resource_node,379.261094,-1209.392344,133.702461,,CL-502094,1b6d2b740081eb56c0d77136aed0d330ea4696dee13d1075fc231574ee7552b0
BP_ResourceNode136_UAID_40B076DF2F7975DF01_1587576239,Persistent_Level:PersistentLevel.BP_ResourceNode136_UAID_40B076DF2F7975DF01_1587576239,BP_ResourceNode_C,resource_node,616.535226,-1964.322344,-37.254568,,CL-502094,1b6d2b740081eb56c0d77136aed0d330ea4696dee13d1075fc231574ee7552b0
BP_ResourceNode136_UAID_40B076DF2F7975DF01_1617269241,Persistent_Level:PersistentLevel.BP_ResourceNode136_UAID_40B076DF2F7975DF01_1617269241,BP_ResourceNode_C,resource_node,621.114856,-2076.271372,-41.97018,,CL-502094,1b6d2b740081eb56c0d77136aed0d330ea4696dee13d1075fc231574ee7552b0
BP_ResourceNode136_UAID_40B076DF2F7975DF01_1622351243,Persistent_Level:PersistentLevel.BP_ResourceNode136_UAID_40B076DF2F7975DF01_1622351243,BP_ResourceNode_C,resource_node,552.532566,-2058.561547,-57.631853,,CL-502094,1b6d2b740081eb56c0d77136aed0d330ea4696dee13d1075fc231574ee7552b0
BP_ResourceNode137_2248,Persistent_Level:PersistentLevel.BP_ResourceNode137_2248,BP_ResourceNode_C,resource_node,349.680703,-1184.641562,134.102461,,CL-502094,1b6d2b740081eb56c0d77136aed0d330ea4696dee13d1075fc231574ee7552b0
BP_ResourceNode138_590,Persistent_Level:PersistentLevel.BP_ResourceNode138_590,BP_ResourceNode_C,resource_node,1759.811094,401.563125,66.116855,,CL-502094,1b6d2b740081eb56c0d77136aed0d330ea4696dee13d1075fc231574ee7552b0
BP_ResourceNode139_909,Persistent_Level:PersistentLevel.BP_ResourceNode139_909,BP_ResourceNode_C,resource_node,1583.144375,650.028398,25.9126,,CL-502094,1b6d2b740081eb56c0d77136aed0d330ea4696dee13d1075fc231574ee7552b0
BP_ResourceNode140,Persistent_Level:PersistentLevel.BP_ResourceNode140,BP_ResourceNode_C,resource_node,2366.087188,2600.956094,117.843506,,CL-502094,1b6d2b740081eb56c0d77136aed0d330ea4696dee13d1075fc231574ee7552b0
BP_ResourceNode141,Persistent_Level:PersistentLevel.BP_ResourceNode141,BP_ResourceNode_C,resource_node,2977.104375,1079.957656,54.750166,,CL-502094,1b6d2b740081eb56c0d77136aed0d330ea4696dee13d1075fc231574ee7552b0
BP_ResourceNode142,Persistent_Level:PersistentLevel.BP_ResourceNode142,BP_ResourceNode_C,resource_node,2243.077656,1287.417422,72.405488,,CL-502094,1b6d2b740081eb56c0d77136aed0d330ea4696dee13d1075fc231574ee7552b0
BP_ResourceNode142_UAID_40B076DF2F79E8DD01_2087440367,Persistent_Level:PersistentLevel.BP_ResourceNode142_UAID_40B076DF2F79E8DD01_2087440367,BP_ResourceNode_C,resource_node,2118.432155,188.196546,-0.291999,,CL-502094,1b6d2b740081eb56c0d77136aed0d330ea4696dee13d1075fc231574ee7552b0
BP_ResourceNode142_UAID_40B076DF2F79E9DD01_1434900545,Persistent_Level:PersistentLevel.BP_ResourceNode142_UAID_40B076DF2F79E9DD01_1434900545,BP_ResourceNode_C,resource_node,2081.396171,239.830861,5.941929,,CL-502094,1b6d2b740081eb56c0d77136aed0d330ea4696dee13d1075fc231574ee7552b0
BP_ResourceNode142_UAID_40B076DF2F79E9DD01_1872254547,Persistent_Level:PersistentLevel.BP_ResourceNode142_UAID_40B076DF2F79E9DD01_1872254547,BP_ResourceNode_C,resource_node,2080.064982,163.8259,-0.553427,,CL-502094,1b6d2b740081eb56c0d77136aed0d330ea4696dee13d1075fc231574ee7552b0
BP_ResourceNode143_1543,Persistent_Level:PersistentLevel.BP_ResourceNode143_1543,BP_ResourceNode_C,resource_node,-1295.99,969.56,41.296216,,CL-502094,1b6d2b740081eb56c0d77136aed0d330ea4696dee13d1075fc231574ee7552b0
BP_ResourceNode144_1644,Persistent_Level:PersistentLevel.BP_ResourceNode144_1644,BP_ResourceNode_C,resource_node,-2313.902969,895.297266,8.239837,,CL-502094,1b6d2b740081eb56c0d77136aed0d330ea4696dee13d1075fc231574ee7552b0
BP_ResourceNode145_1749,Persistent_Level:PersistentLevel.BP_ResourceNode145_1749,BP_ResourceNode_C,resource_node,-1949.063125,257.797852,-6.279921,,CL-502094,1b6d2b740081eb56c0d77136aed0d330ea4696dee13d1075fc231574ee7552b0
BP_ResourceNode146,Persistent_Level:PersistentLevel.BP_ResourceNode146,BP_ResourceNode_C,resource_node,969.591172,-1571.632031,21.103044,,CL-502094,1b6d2b740081eb56c0d77136aed0d330ea4696dee13d1075fc231574ee7552b0
BP_ResourceNode147,Persistent_Level:PersistentLevel.BP_ResourceNode147,BP_ResourceNode_C,resource_node,963.26,-1597.624531,21.028389,,CL-502094,1b6d2b740081eb56c0d77136aed0d330ea4696dee13d1075fc231574ee7552b0
BP_ResourceNode148,Persistent_Level:PersistentLevel.BP_ResourceNode148,BP_ResourceNode_C,resource_node,937.302578,-1602.639219,21.111162,,CL-502094,1b6d2b740081eb56c0d77136aed0d330ea4696dee13d1075fc231574ee7552b0
BP_ResourceNode149,Persistent_Level:PersistentLevel.BP_ResourceNode149,BP_ResourceNode_C,resource_node,927.249453,-1633.055469,18.819614,,CL-502094,1b6d2b740081eb56c0d77136aed0d330ea4696dee13d1075fc231574ee7552b0
BP_ResourceNode14_609,Persistent_Level:PersistentLevel.BP_ResourceNode14_609,BP_ResourceNode_C,resource_node,265.975039,1939.839531,-16.838994,,CL-502094,1b6d2b740081eb56c0d77136aed0d330ea4696dee13d1075fc231574ee7552b0
BP_ResourceNode15,Persistent_Level:PersistentLevel.BP_ResourceNode15,BP_ResourceNode_C,resource_node,-325.996465,1925.375,22.800439,,CL-502094,1b6d2b740081eb56c0d77136aed0d330ea4696dee13d1075fc231574ee7552b0
BP_ResourceNode150,Persistent_Level:PersistentLevel.BP_ResourceNode150,BP_ResourceNode_C,resource_node,1081.172578,-1522.839219,33.875667,,CL-502094,1b6d2b740081eb56c0d77136aed0d330ea4696dee13d1075fc231574ee7552b0
BP_ResourceNode151,Persistent_Level:PersistentLevel.BP_ResourceNode151,BP_ResourceNode_C,resource_node,1851.243906,-2144.417031,-89.106084,,CL-502094,1b6d2b740081eb56c0d77136aed0d330ea4696dee13d1075fc231574ee7552b0
BP_ResourceNode152_995,Persistent_Level:PersistentLevel.BP_ResourceNode152_995,BP_ResourceNode_C,resource_node,1842.268594,-2171.0175,-89.107637,,CL-502094,1b6d2b740081eb56c0d77136aed0d330ea4696dee13d1075fc231574ee7552b0
BP_ResourceNode153,Persistent_Level:PersistentLevel.BP_ResourceNode153,BP_ResourceNode_C,resource_node,-2584.327188,405.608516,-3.27,,CL-502094,1b6d2b740081eb56c0d77136aed0d330ea4696dee13d1075fc231574ee7552b0
BP_ResourceNode154,Persistent_Level:PersistentLevel.BP_ResourceNode154,BP_ResourceNode_C,resource_node,1821.157031,-1883.966562,-56.400957,,CL-502094,1b6d2b740081eb56c0d77136aed0d330ea4696dee13d1075fc231574ee7552b0
BP_ResourceNode155,Persistent_Level:PersistentLevel.BP_ResourceNode155,BP_ResourceNode_C,resource_node,1847.826875,-1910.901094,-57.322104,,CL-502094,1b6d2b740081eb56c0d77136aed0d330ea4696dee13d1075fc231574ee7552b0
BP_ResourceNode156,Persistent_Level:PersistentLevel.BP_ResourceNode156,BP_ResourceNode_C,resource_node,-2813.45625,719.996719,-12.009078,,CL-502094,1b6d2b740081eb56c0d77136aed0d330ea4696dee13d1075fc231574ee7552b0
BP_ResourceNode157,Persistent_Level:PersistentLevel.BP_ResourceNode157,BP_ResourceNode_C,resource_node,-2687.878125,790.951797,-2.923713,,CL-502094,1b6d2b740081eb56c0d77136aed0d330ea4696dee13d1075fc231574ee7552b0
BP_ResourceNode158,Persistent_Level:PersistentLevel.BP_ResourceNode158,BP_ResourceNode_C,resource_node,-1290.154375,395.410352,28.981501,,CL-502094,1b6d2b740081eb56c0d77136aed0d330ea4696dee13d1075fc231574ee7552b0
BP_ResourceNode159,Persistent_Level:PersistentLevel.BP_ResourceNode159,BP_ResourceNode_C,resource_node,-1663.5725,1296.275625,16.002267,,CL-502094,1b6d2b740081eb56c0d77136aed0d330ea4696dee13d1075fc231574ee7552b0
BP_ResourceNode16,Persistent_Level:PersistentLevel.BP_ResourceNode16,BP_ResourceNode_C,resource_node,-436.121406,1903.163594,22.910378,,CL-502094,1b6d2b740081eb56c0d77136aed0d330ea4696dee13d1075fc231574ee7552b0
BP_ResourceNode160,Persistent_Level:PersistentLevel.BP_ResourceNode160,BP_ResourceNode_C,resource_node,-2500.803125,1263.627031,38.376011,,CL-502094,1b6d2b740081eb56c0d77136aed0d330ea4696dee13d1075fc231574ee7552b0
BP_ResourceNode161,Persistent_Level:PersistentLevel.BP_ResourceNode161,BP_ResourceNode_C,resource_node,-2520.326094,1250.011406,38.476011,,CL-502094,1b6d2b740081eb56c0d77136aed0d330ea4696dee13d1075fc231574ee7552b0
BP_ResourceNode162_5199,Persistent_Level:PersistentLevel.BP_ResourceNode162_5199,BP_ResourceNode_C,resource_node,-1633.54125,1920.966562,107.613301,,CL-502094,1b6d2b740081eb56c0d77136aed0d330ea4696dee13d1075fc231574ee7552b0
BP_ResourceNode163,Persistent_Level:PersistentLevel.BP_ResourceNode163,BP_ResourceNode_C,resource_node,-2216.966875,1047.360078,41.057002,,CL-502094,1b6d2b740081eb56c0d77136aed0d330ea4696dee13d1075fc231574ee7552b0
BP_ResourceNode164,Persistent_Level:PersistentLevel.BP_ResourceNode164,BP_ResourceNode_C,resource_node,-2614.956562,1164.925938,43.025884,,CL-502094,1b6d2b740081eb56c0d77136aed0d330ea4696dee13d1075fc231574ee7552b0
BP_ResourceNode165,Persistent_Level:PersistentLevel.BP_ResourceNode165,BP_ResourceNode_C,resource_node,-2817.614062,1347.044688,19.980149,,CL-502094,1b6d2b740081eb56c0d77136aed0d330ea4696dee13d1075fc231574ee7552b0
BP_ResourceNode166,Persistent_Level:PersistentLevel.BP_ResourceNode166,BP_ResourceNode_C,resource_node,-2061.726719,1416.886406,48.59957,,CL-502094,1b6d2b740081eb56c0d77136aed0d330ea4696dee13d1075fc231574ee7552b0
BP_ResourceNode167,Persistent_Level:PersistentLevel.BP_ResourceNode167,BP_ResourceNode_C,resource_node,-1869.022969,1183.398281,7.06,,CL-502094,1b6d2b740081eb56c0d77136aed0d330ea4696dee13d1075fc231574ee7552b0
BP_ResourceNode168,Persistent_Level:PersistentLevel.BP_ResourceNode168,BP_ResourceNode_C,resource_node,-1879.326562,1146.241875,7.06,,CL-502094,1b6d2b740081eb56c0d77136aed0d330ea4696dee13d1075fc231574ee7552b0
BP_ResourceNode169_UAID_40B076DF2F7939DE01_2083925623,Persistent_Level:PersistentLevel.BP_ResourceNode169_UAID_40B076DF2F7939DE01_2083925623,BP_ResourceNode_C,resource_node,1141.800246,169.999851,140.214461,,CL-502094,1b6d2b740081eb56c0d77136aed0d330ea4696dee13d1075fc231574ee7552b0
BP_ResourceNode170_363,Persistent_Level:PersistentLevel.BP_ResourceNode170_363,BP_ResourceNode_C,resource_node,-411.223242,726.311328,232.122148,,CL-502094,1b6d2b740081eb56c0d77136aed0d330ea4696dee13d1075fc231574ee7552b0
BP_ResourceNode172,Persistent_Level:PersistentLevel.BP_ResourceNode172,BP_ResourceNode_C,resource_node,-240.656719,-2698.580938,-133.537686,,CL-502094,1b6d2b740081eb56c0d77136aed0d330ea4696dee13d1075fc231574ee7552b0
BP_ResourceNode172_UAID_40B076DF2F79DFD901_1471130569,Persistent_Level:PersistentLevel.BP_ResourceNode172_UAID_40B076DF2F79DFD901_1471130569,BP_ResourceNode_C,resource_node,807.303352,-2048.119164,57.224128,,CL-502094,1b6d2b740081eb56c0d77136aed0d330ea4696dee13d1075fc231574ee7552b0
BP_ResourceNode173,Persistent_Level:PersistentLevel.BP_ResourceNode173,BP_ResourceNode_C,resource_node,2642.4025,1628.992031,33.316553,,CL-502094,1b6d2b740081eb56c0d77136aed0d330ea4696dee13d1075fc231574ee7552b0
BP_ResourceNode174,Persistent_Level:PersistentLevel.BP_ResourceNode174,BP_ResourceNode_C,resource_node,-2274.107812,1188.622109,39.316011,,CL-502094,1b6d2b740081eb56c0d77136aed0d330ea4696dee13d1075fc231574ee7552b0
BP_ResourceNode175,Persistent_Level:PersistentLevel.BP_ResourceNode175,BP_ResourceNode_C,resource_node,-2308.528281,1151.244922,39.176011,,CL-502094,1b6d2b740081eb56c0d77136aed0d330ea4696dee13d1075fc231574ee7552b0
BP_ResourceNode176_UAID_40B076DF2F793BDF01_1694110039,Persistent_Level:PersistentLevel.BP_ResourceNode176_UAID_40B076DF2F793BDF01_1694110039,BP_ResourceNode_C,resource_node,-1533.872233,-822.524432,203.302352,,CL-502094,1b6d2b740081eb56c0d77136aed0d330ea4696dee13d1075fc231574ee7552b0
BP_ResourceNode177,Persistent_Level:PersistentLevel.BP_ResourceNode177,BP_ResourceNode_C,resource_node,346.55,-2843.03,9.05,,CL-502094,1b6d2b740081eb56c0d77136aed0d330ea4696dee13d1075fc231574ee7552b0
BP_ResourceNode178,Persistent_Level:PersistentLevel.BP_ResourceNode178,BP_ResourceNode_C,resource_node,1861.643906,-770.699609,11.381641,,CL-502094,1b6d2b740081eb56c0d77136aed0d330ea4696dee13d1075fc231574ee7552b0
BP_ResourceNode179,Persistent_Level:PersistentLevel.BP_ResourceNode179,BP_ResourceNode_C,resource_node,2255.0375,-557.725391,-13.039816,,CL-502094,1b6d2b740081eb56c0d77136aed0d330ea4696dee13d1075fc231574ee7552b0
BP_ResourceNode180,Persistent_Level:PersistentLevel.BP_ResourceNode180,BP_ResourceNode_C,resource_node,2858.6075,1276.650938,38.758503,,CL-502094,1b6d2b740081eb56c0d77136aed0d330ea4696dee13d1075fc231574ee7552b0
BP_ResourceNode181,Persistent_Level:PersistentLevel.BP_ResourceNode181,BP_ResourceNode_C,resource_node,2373.545781,1649.364219,26.360129,,CL-502094,1b6d2b740081eb56c0d77136aed0d330ea4696dee13d1075fc231574ee7552b0
BP_ResourceNode182,Persistent_Level:PersistentLevel.BP_ResourceNode182,BP_ResourceNode_C,resource_node,2445.912049,1909.029199,18.325978,,CL-502094,1b6d2b740081eb56c0d77136aed0d330ea4696dee13d1075fc231574ee7552b0
BP_ResourceNode184,Persistent_Level:PersistentLevel.BP_ResourceNode184,BP_ResourceNode_C,resource_node,3112.298125,1287.050391,46.694893,,CL-502094,1b6d2b740081eb56c0d77136aed0d330ea4696dee13d1075fc231574ee7552b0
BP_ResourceNode185,Persistent_Level:PersistentLevel.BP_ResourceNode185,BP_ResourceNode_C,resource_node,2528.745156,1616.934531,34.527375,,CL-502094,1b6d2b740081eb56c0d77136aed0d330ea4696dee13d1075fc231574ee7552b0
BP_ResourceNode186,Persistent_Level:PersistentLevel.BP_ResourceNode186,BP_ResourceNode_C,resource_node,2958.955312,2728.765,12.374618,,CL-502094,1b6d2b740081eb56c0d77136aed0d330ea4696dee13d1075fc231574ee7552b0
BP_ResourceNode187_0,Persistent_Level:PersistentLevel.BP_ResourceNode187_0,BP_ResourceNode_C,resource_node,2254.063125,2370.566562,10.432284,,CL-502094,1b6d2b740081eb56c0d77136aed0d330ea4696dee13d1075fc231574ee7552b0
BP_ResourceNode188,Persistent_Level:PersistentLevel.BP_ResourceNode188,BP_ResourceNode_C,resource_node,2564.01875,1843.554062,35.193257,,CL-502094,1b6d2b740081eb56c0d77136aed0d330ea4696dee13d1075fc231574ee7552b0
BP_ResourceNode189,Persistent_Level:PersistentLevel.BP_ResourceNode189,BP_ResourceNode_C,resource_node,3086.520312,1006.580625,63.782046,,CL-502094,1b6d2b740081eb56c0d77136aed0d330ea4696dee13d1075fc231574ee7552b0
BP_ResourceNode190,Persistent_Level:PersistentLevel.BP_ResourceNode190,BP_ResourceNode_C,resource_node,3116.226562,698.112188,56.202656,,CL-502094,1b6d2b740081eb56c0d77136aed0d330ea4696dee13d1075fc231574ee7552b0
BP_ResourceNode191,Persistent_Level:PersistentLevel.BP_ResourceNode191,BP_ResourceNode_C,resource_node,2991.22,855.12,59.36,,CL-502094,1b6d2b740081eb56c0d77136aed0d330ea4696dee13d1075fc231574ee7552b0
BP_ResourceNode192_0,Persistent_Level:PersistentLevel.BP_ResourceNode192_0,BP_ResourceNode_C,resource_node,2703.168438,2115.968906,30.51478,,CL-502094,1b6d2b740081eb56c0d77136aed0d330ea4696dee13d1075fc231574ee7552b0
BP_ResourceNode193,Persistent_Level:PersistentLevel.BP_ResourceNode193,BP_ResourceNode_C,resource_node,3830.459062,925.491953,2.071356,,CL-502094,1b6d2b740081eb56c0d77136aed0d330ea4696dee13d1075fc231574ee7552b0
BP_ResourceNode194,Persistent_Level:PersistentLevel.BP_ResourceNode194,BP_ResourceNode_C,resource_node,2973.975312,964.374609,60.214302,,CL-502094,1b6d2b740081eb56c0d77136aed0d330ea4696dee13d1075fc231574ee7552b0
BP_ResourceNode195,Persistent_Level:PersistentLevel.BP_ResourceNode195,BP_ResourceNode_C,resource_node,2775.910625,941.194375,55.357656,,CL-502094,1b6d2b740081eb56c0d77136aed0d330ea4696dee13d1075fc231574ee7552b0
BP_ResourceNode196,Persistent_Level:PersistentLevel.BP_ResourceNode196,BP_ResourceNode_C,resource_node,2552.496094,916.596484,55.238574,,CL-502094,1b6d2b740081eb56c0d77136aed0d330ea4696dee13d1075fc231574ee7552b0
BP_ResourceNode197,Persistent_Level:PersistentLevel.BP_ResourceNode197,BP_ResourceNode_C,resource_node,3559.97625,663.865,-3.962574,,CL-502094,1b6d2b740081eb56c0d77136aed0d330ea4696dee13d1075fc231574ee7552b0
BP_ResourceNode198,Persistent_Level:PersistentLevel.BP_ResourceNode198,BP_ResourceNode_C,resource_node,2685.243125,1169.441016,42.068032,,CL-502094,1b6d2b740081eb56c0d77136aed0d330ea4696dee13d1075fc231574ee7552b0
BP_ResourceNode199,Persistent_Level:PersistentLevel.BP_ResourceNode199,BP_ResourceNode_C,resource_node,2668.807188,1207.146016,40.840034,,CL-502094,1b6d2b740081eb56c0d77136aed0d330ea4696dee13d1075fc231574ee7552b0
BP_ResourceNode200,Persistent_Level:PersistentLevel.BP_ResourceNode200,BP_ResourceNode_C,resource_node,2839.68625,1215.983438,44.522676,,CL-502094,1b6d2b740081eb56c0d77136aed0d330ea4696dee13d1075fc231574ee7552b0
BP_ResourceNode201,Persistent_Level:PersistentLevel.BP_ResourceNode201,BP_ResourceNode_C,resource_node,3472.277812,584.908086,-7.489642,,CL-502094,1b6d2b740081eb56c0d77136aed0d330ea4696dee13d1075fc231574ee7552b0
BP_ResourceNode202,Persistent_Level:PersistentLevel.BP_ResourceNode202,BP_ResourceNode_C,resource_node,2334.465625,2479.350312,10.569971,,CL-502094,1b6d2b740081eb56c0d77136aed0d330ea4696dee13d1075fc231574ee7552b0
BP_ResourceNode203,Persistent_Level:PersistentLevel.BP_ResourceNode203,BP_ResourceNode_C,resource_node,3194.640625,1580.983281,38.645659,,CL-502094,1b6d2b740081eb56c0d77136aed0d330ea4696dee13d1075fc231574ee7552b0
BP_ResourceNode204_0,Persistent_Level:PersistentLevel.BP_ResourceNode204_0,BP_ResourceNode_C,resource_node,3304.330312,1423.997344,39.658975,,CL-502094,1b6d2b740081eb56c0d77136aed0d330ea4696dee13d1075fc231574ee7552b0
BP_ResourceNode205,Persistent_Level:PersistentLevel.BP_ResourceNode205,BP_ResourceNode_C,resource_node,3130.101875,1338.416094,48.615474,,CL-502094,1b6d2b740081eb56c0d77136aed0d330ea4696dee13d1075fc231574ee7552b0
BP_ResourceNode206,Persistent_Level:PersistentLevel.BP_ResourceNode206,BP_ResourceNode_C,resource_node,3393.001875,1833.544219,44.770479,,CL-502094,1b6d2b740081eb56c0d77136aed0d330ea4696dee13d1075fc231574ee7552b0
BP_ResourceNode207,Persistent_Level:PersistentLevel.BP_ResourceNode207,BP_ResourceNode_C,resource_node,2737.295312,1481.729062,40.827124,,CL-502094,1b6d2b740081eb56c0d77136aed0d330ea4696dee13d1075fc231574ee7552b0
BP_ResourceNode208,Persistent_Level:PersistentLevel.BP_ResourceNode208,BP_ResourceNode_C,resource_node,3382.07625,1775.641406,49.592178,,CL-502094,1b6d2b740081eb56c0d77136aed0d330ea4696dee13d1075fc231574ee7552b0
BP_ResourceNode209,Persistent_Level:PersistentLevel.BP_ResourceNode209,BP_ResourceNode_C,resource_node,3723.736875,1534.208906,40.059695,,CL-502094,1b6d2b740081eb56c0d77136aed0d330ea4696dee13d1075fc231574ee7552b0
BP_ResourceNode20_3137,Persistent_Level:PersistentLevel.BP_ResourceNode20_3137,BP_ResourceNode_C,resource_node,-2803.059688,1813.629688,3.381084,,CL-502094,1b6d2b740081eb56c0d77136aed0d330ea4696dee13d1075fc231574ee7552b0
BP_ResourceNode20_UAID_04D9F5D42711A7C902_1245462149,Persistent_Level:PersistentLevel.BP_ResourceNode20_UAID_04D9F5D42711A7C902_1245462149,BP_ResourceNode_C,resource_node,-2789.059688,1863.629688,3.381084,,CL-502094,1b6d2b740081eb56c0d77136aed0d330ea4696dee13d1075fc231574ee7552b0
BP_ResourceNode210,Persistent_Level:PersistentLevel.BP_ResourceNode210,BP_ResourceNode_C,resource_node,3485.256562,1237.507578,42.8354,,CL-502094,1b6d2b740081eb56c0d77136aed0d330ea4696dee13d1075fc231574ee7552b0
BP_ResourceNode211,Persistent_Level:PersistentLevel.BP_ResourceNode211,BP_ResourceNode_C,resource_node,3489.394688,1855.844375,42.3577,,CL-502094,1b6d2b740081eb56c0d77136aed0d330ea4696dee13d1075fc231574ee7552b0
BP_ResourceNode212,Persistent_Level:PersistentLevel.BP_ResourceNode212,BP_ResourceNode_C,resource_node,3294.095938,1860.144531,37.408823,,CL-502094,1b6d2b740081eb56c0d77136aed0d330ea4696dee13d1075fc231574ee7552b0
BP_ResourceNode213,Persistent_Level:PersistentLevel.BP_ResourceNode213,BP_ResourceNode_C,resource_node,3554.617188,1498.080781,42.145044,,CL-502094,1b6d2b740081eb56c0d77136aed0d330ea4696dee13d1075fc231574ee7552b0
BP_ResourceNode214,Persistent_Level:PersistentLevel.BP_ResourceNode214,BP_ResourceNode_C,resource_node,3269.470625,2095.864375,36.877656,,CL-502094,1b6d2b740081eb56c0d77136aed0d330ea4696dee13d1075fc231574ee7552b0
BP_ResourceNode215,Persistent_Level:PersistentLevel.BP_ResourceNode215,BP_ResourceNode_C,resource_node,2877.677812,2748.86125,12.424907,,CL-502094,1b6d2b740081eb56c0d77136aed0d330ea4696dee13d1075fc231574ee7552b0
BP_ResourceNode216,Persistent_Level:PersistentLevel.BP_ResourceNode216,BP_ResourceNode_C,resource_node,3428.062812,1147.281016,60.203867,,CL-502094,1b6d2b740081eb56c0d77136aed0d330ea4696dee13d1075fc231574ee7552b0
BP_ResourceNode217,Persistent_Level:PersistentLevel.BP_ResourceNode217,BP_ResourceNode_C,resource_node,2782.663125,2107.718594,32.219482,,CL-502094,1b6d2b740081eb56c0d77136aed0d330ea4696dee13d1075fc231574ee7552b0
BP_ResourceNode218,Persistent_Level:PersistentLevel.BP_ResourceNode218,BP_ResourceNode_C,resource_node,2987.339375,1992.927188,27.094597,,CL-502094,1b6d2b740081eb56c0d77136aed0d330ea4696dee13d1075fc231574ee7552b0
BP_ResourceNode219,Persistent_Level:PersistentLevel.BP_ResourceNode219,BP_ResourceNode_C,resource_node,2826.893125,1793.050156,42.123584,,CL-502094,1b6d2b740081eb56c0d77136aed0d330ea4696dee13d1075fc231574ee7552b0
BP_ResourceNode220,Persistent_Level:PersistentLevel.BP_ResourceNode220,BP_ResourceNode_C,resource_node,3853.026562,1899.279062,42.807554,,CL-502094,1b6d2b740081eb56c0d77136aed0d330ea4696dee13d1075fc231574ee7552b0
BP_ResourceNode221,Persistent_Level:PersistentLevel.BP_ResourceNode221,BP_ResourceNode_C,resource_node,3117.988438,2153.434375,24.368999,,CL-502094,1b6d2b740081eb56c0d77136aed0d330ea4696dee13d1075fc231574ee7552b0
BP_ResourceNode222,Persistent_Level:PersistentLevel.BP_ResourceNode222,BP_ResourceNode_C,resource_node,3145.980938,1967.734375,39.056873,,CL-502094,1b6d2b740081eb56c0d77136aed0d330ea4696dee13d1075fc231574ee7552b0
BP_ResourceNode223,Persistent_Level:PersistentLevel.BP_ResourceNode223,BP_ResourceNode_C,resource_node,2766.735625,1950.998125,28.987397,,CL-502094,1b6d2b740081eb56c0d77136aed0d330ea4696dee13d1075fc231574ee7552b0
BP_ResourceNode224,Persistent_Level:PersistentLevel.BP_ResourceNode224,BP_ResourceNode_C,resource_node,3598.85,2004.69,41.1,,CL-502094,1b6d2b740081eb56c0d77136aed0d330ea4696dee13d1075fc231574ee7552b0
BP_ResourceNode225,Persistent_Level:PersistentLevel.BP_ResourceNode225,BP_ResourceNode_C,resource_node,3911.180312,2087.029531,49.981597,,CL-502094,1b6d2b740081eb56c0d77136aed0d330ea4696dee13d1075fc231574ee7552b0
BP_ResourceNode226,Persistent_Level:PersistentLevel.BP_ResourceNode226,BP_ResourceNode_C,resource_node,3387.61,2057.18,42.25,,CL-502094,1b6d2b740081eb56c0d77136aed0d330ea4696dee13d1075fc231574ee7552b0
BP_ResourceNode227,Persistent_Level:PersistentLevel.BP_ResourceNode227,BP_ResourceNode_C,resource_node,3489.08,1633.503906,42.380327,,CL-502094,1b6d2b740081eb56c0d77136aed0d330ea4696dee13d1075fc231574ee7552b0
BP_ResourceNode228,Persistent_Level:PersistentLevel.BP_ResourceNode228,BP_ResourceNode_C,resource_node,3707.13,2219.71,42.25,,CL-502094,1b6d2b740081eb56c0d77136aed0d330ea4696dee13d1075fc231574ee7552b0
BP_ResourceNode229,Persistent_Level:PersistentLevel.BP_ResourceNode229,BP_ResourceNode_C,resource_node,3859.53,2543.6475,34.200154,,CL-502094,1b6d2b740081eb56c0d77136aed0d330ea4696dee13d1075fc231574ee7552b0
BP_ResourceNode230,Persistent_Level:PersistentLevel.BP_ResourceNode230,BP_ResourceNode_C,resource_node,2801.379375,2610.967031,18.597014,,CL-502094,1b6d2b740081eb56c0d77136aed0d330ea4696dee13d1075fc231574ee7552b0
BP_ResourceNode231,Persistent_Level:PersistentLevel.BP_ResourceNode231,BP_ResourceNode_C,resource_node,3056.599688,3013.055938,12.326881,,CL-502094,1b6d2b740081eb56c0d77136aed0d330ea4696dee13d1075fc231574ee7552b0
BP_ResourceNode232,Persistent_Level:PersistentLevel.BP_ResourceNode232,BP_ResourceNode_C,resource_node,3085.977812,2960.791875,12.56873,,CL-502094,1b6d2b740081eb56c0d77136aed0d330ea4696dee13d1075fc231574ee7552b0
BP_ResourceNode233,Persistent_Level:PersistentLevel.BP_ResourceNode233,BP_ResourceNode_C,resource_node,3748.746875,2599.030781,32.317561,,CL-502094,1b6d2b740081eb56c0d77136aed0d330ea4696dee13d1075fc231574ee7552b0
BP_ResourceNode234,Persistent_Level:PersistentLevel.BP_ResourceNode234,BP_ResourceNode_C,resource_node,3551.155,1229.699297,50.036367,,CL-502094,1b6d2b740081eb56c0d77136aed0d330ea4696dee13d1075fc231574ee7552b0
BP_ResourceNode235,Persistent_Level:PersistentLevel.BP_ResourceNode235,BP_ResourceNode_C,resource_node,3808.13625,1698.6775,41.870166,,CL-502094,1b6d2b740081eb56c0d77136aed0d330ea4696dee13d1075fc231574ee7552b0
BP_ResourceNode236,Persistent_Level:PersistentLevel.BP_ResourceNode236,BP_ResourceNode_C,resource_node,3777.380625,2542.256406,33.471306,,CL-502094,1b6d2b740081eb56c0d77136aed0d330ea4696dee13d1075fc231574ee7552b0
BP_ResourceNode237,Persistent_Level:PersistentLevel.BP_ResourceNode237,BP_ResourceNode_C,resource_node,3816.663125,2682.899375,34.859717,,CL-502094,1b6d2b740081eb56c0d77136aed0d330ea4696dee13d1075fc231574ee7552b0
BP_ResourceNode238,Persistent_Level:PersistentLevel.BP_ResourceNode238,BP_ResourceNode_C,resource_node,3048.396562,1729.079062,38.010608,,CL-502094,1b6d2b740081eb56c0d77136aed0d330ea4696dee13d1075fc231574ee7552b0
BP_ResourceNode239,Persistent_Level:PersistentLevel.BP_ResourceNode239,BP_ResourceNode_C,resource_node,2975.758125,1501.86375,39.729917,,CL-502094,1b6d2b740081eb56c0d77136aed0d330ea4696dee13d1075fc231574ee7552b0
BP_ResourceNode23_96,Persistent_Level:PersistentLevel.BP_ResourceNode23_96,BP_ResourceNode_C,resource_node,571.441172,1913.004375,-17.449279,,CL-502094,1b6d2b740081eb56c0d77136aed0d330ea4696dee13d1075fc231574ee7552b0
BP_ResourceNode240,Persistent_Level:PersistentLevel.BP_ResourceNode240,BP_ResourceNode_C,resource_node,4065.63875,2068.100469,-15.394596,,CL-502094,1b6d2b740081eb56c0d77136aed0d330ea4696dee13d1075fc231574ee7552b0
BP_ResourceNode241,Persistent_Level:PersistentLevel.BP_ResourceNode241,BP_ResourceNode_C,resource_node,1725.593281,2855.169062,215.912305,,CL-502094,1b6d2b740081eb56c0d77136aed0d330ea4696dee13d1075fc231574ee7552b0
BP_ResourceNode241_UAID_40B076DF2F7947D301_1723440520,Persistent_Level:PersistentLevel.BP_ResourceNode241_UAID_40B076DF2F7947D301_1723440520,BP_ResourceNode_C,resource_node,2728.323743,2618.656911,10.876808,,CL-502094,1b6d2b740081eb56c0d77136aed0d330ea4696dee13d1075fc231574ee7552b0
BP_ResourceNode24_97,Persistent_Level:PersistentLevel.BP_ResourceNode24_97,BP_ResourceNode_C,resource_node,153.574502,1976.722188,-16.064982,,CL-502094,1b6d2b740081eb56c0d77136aed0d330ea4696dee13d1075fc231574ee7552b0
BP_ResourceNode25_98,Persistent_Level:PersistentLevel.BP_ResourceNode25_98,BP_ResourceNode_C,resource_node,299.91334,1868.496562,-16.892555,,CL-502094,1b6d2b740081eb56c0d77136aed0d330ea4696dee13d1075fc231574ee7552b0
BP_ResourceNode26_99,Persistent_Level:PersistentLevel.BP_ResourceNode26_99,BP_ResourceNode_C,resource_node,444.958086,2289.500312,-17.43504,,CL-502094,1b6d2b740081eb56c0d77136aed0d330ea4696dee13d1075fc231574ee7552b0
BP_ResourceNode27_100,Persistent_Level:PersistentLevel.BP_ResourceNode27_100,BP_ResourceNode_C,resource_node,121.62998,2253.482969,-17.441844,,CL-502094,1b6d2b740081eb56c0d77136aed0d330ea4696dee13d1075fc231574ee7552b0
BP_ResourceNode28_101,Persistent_Level:PersistentLevel.BP_ResourceNode28_101,BP_ResourceNode_C,resource_node,-357.258242,2095.210938,-17.085834,,CL-502094,1b6d2b740081eb56c0d77136aed0d330ea4696dee13d1075fc231574ee7552b0
BP_ResourceNode29_102,Persistent_Level:PersistentLevel.BP_ResourceNode29_102,BP_ResourceNode_C,resource_node,524.710117,2014.647188,-16.587415,,CL-502094,1b6d2b740081eb56c0d77136aed0d330ea4696dee13d1075fc231574ee7552b0
BP_ResourceNode30_103,Persistent_Level:PersistentLevel.BP_ResourceNode30_103,BP_ResourceNode_C,resource_node,1484.775781,1938.694219,-16.030947,,CL-502094,1b6d2b740081eb56c0d77136aed0d330ea4696dee13d1075fc231574ee7552b0
BP_ResourceNode31_104,Persistent_Level:PersistentLevel.BP_ResourceNode31_104,BP_ResourceNode_C,resource_node,1477.693594,2129.123438,-14.293394,,CL-502094,1b6d2b740081eb56c0d77136aed0d330ea4696dee13d1075fc231574ee7552b0
BP_ResourceNode32_105,Persistent_Level:PersistentLevel.BP_ResourceNode32_105,BP_ResourceNode_C,resource_node,1464.519219,2226.3825,-15.808369,,CL-502094,1b6d2b740081eb56c0d77136aed0d330ea4696dee13d1075fc231574ee7552b0
BP_ResourceNode35,Persistent_Level:PersistentLevel.BP_ResourceNode35,BP_ResourceNode_C,resource_node,2566.116562,1979.785625,35.614651,,CL-502094,1b6d2b740081eb56c0d77136aed0d330ea4696dee13d1075fc231574ee7552b0
BP_ResourceNode36,Persistent_Level:PersistentLevel.BP_ResourceNode36,BP_ResourceNode_C,resource_node,2410.906875,2397.879531,10.483445,,CL-502094,1b6d2b740081eb56c0d77136aed0d330ea4696dee13d1075fc231574ee7552b0
BP_ResourceNode37_178,Persistent_Level:PersistentLevel.BP_ResourceNode37_178,BP_ResourceNode_C,resource_node,1771.975469,865.168516,24.59135,,CL-502094,1b6d2b740081eb56c0d77136aed0d330ea4696dee13d1075fc231574ee7552b0
BP_ResourceNode38_902,Persistent_Level:PersistentLevel.BP_ResourceNode38_902,BP_ResourceNode_C,resource_node,1679.041094,1163.730781,24.266404,,CL-502094,1b6d2b740081eb56c0d77136aed0d330ea4696dee13d1075fc231574ee7552b0
BP_ResourceNode39,Persistent_Level:PersistentLevel.BP_ResourceNode39,BP_ResourceNode_C,resource_node,1817.237031,1162.803047,21.500312,,CL-502094,1b6d2b740081eb56c0d77136aed0d330ea4696dee13d1075fc231574ee7552b0
BP_ResourceNode40,Persistent_Level:PersistentLevel.BP_ResourceNode40,BP_ResourceNode_C,resource_node,1780.619062,1205.036328,22.507485,,CL-502094,1b6d2b740081eb56c0d77136aed0d330ea4696dee13d1075fc231574ee7552b0
BP_ResourceNode41_1099,Persistent_Level:PersistentLevel.BP_ResourceNode41_1099,BP_ResourceNode_C,resource_node,1073.682109,432.394922,147.744326,,CL-502094,1b6d2b740081eb56c0d77136aed0d330ea4696dee13d1075fc231574ee7552b0
BP_ResourceNode426,Persistent_Level:PersistentLevel.BP_ResourceNode426,BP_ResourceNode_C,resource_node,680.753359,810.010859,99.441514,,CL-502094,1b6d2b740081eb56c0d77136aed0d330ea4696dee13d1075fc231574ee7552b0
BP_ResourceNode427,Persistent_Level:PersistentLevel.BP_ResourceNode427,BP_ResourceNode_C,resource_node,708.652656,781.258203,104.516494,,CL-502094,1b6d2b740081eb56c0d77136aed0d330ea4696dee13d1075fc231574ee7552b0
BP_ResourceNode42_1294,Persistent_Level:PersistentLevel.BP_ResourceNode42_1294,BP_ResourceNode_C,resource_node,638.232734,-83.768037,140.126592,,CL-502094,1b6d2b740081eb56c0d77136aed0d330ea4696dee13d1075fc231574ee7552b0
BP_ResourceNode43,Persistent_Level:PersistentLevel.BP_ResourceNode43,BP_ResourceNode_C,resource_node,825.587656,2196.090312,89.290693,,CL-502094,1b6d2b740081eb56c0d77136aed0d330ea4696dee13d1075fc231574ee7552b0
BP_ResourceNode430,Persistent_Level:PersistentLevel.BP_ResourceNode430,BP_ResourceNode_C,resource_node,591.133945,715.016328,105.680195,,CL-502094,1b6d2b740081eb56c0d77136aed0d330ea4696dee13d1075fc231574ee7552b0
BP_ResourceNode431,Persistent_Level:PersistentLevel.BP_ResourceNode431,BP_ResourceNode_C,resource_node,645.763398,713.869453,106.411289,,CL-502094,1b6d2b740081eb56c0d77136aed0d330ea4696dee13d1075fc231574ee7552b0
BP_ResourceNode435_26,Persistent_Level:PersistentLevel.BP_ResourceNode435_26,BP_ResourceNode_C,resource_node,841.991406,863.935469,97.665273,,CL-502094,1b6d2b740081eb56c0d77136aed0d330ea4696dee13d1075fc231574ee7552b0
BP_ResourceNode437_30,Persistent_Level:PersistentLevel.BP_ResourceNode437_30,BP_ResourceNode_C,resource_node,835.085391,905.067891,95.907334,,CL-502094,1b6d2b740081eb56c0d77136aed0d330ea4696dee13d1075fc231574ee7552b0
BP_ResourceNode439_1,Persistent_Level:PersistentLevel.BP_ResourceNode439_1,BP_ResourceNode_C,resource_node,796.705,758.520781,120.280059,,CL-502094,1b6d2b740081eb56c0d77136aed0d330ea4696dee13d1075fc231574ee7552b0
BP_ResourceNode43_UAID_40B076DF2F7932D901_1711042113,Persistent_Level:PersistentLevel.BP_ResourceNode43_UAID_40B076DF2F7932D901_1711042113,BP_ResourceNode_C,resource_node,-466.454282,2529.470189,49.310959,,CL-502094,1b6d2b740081eb56c0d77136aed0d330ea4696dee13d1075fc231574ee7552b0
BP_ResourceNode43_UAID_40B076DF2F7936D401_1733397541,Persistent_Level:PersistentLevel.BP_ResourceNode43_UAID_40B076DF2F7936D401_1733397541,BP_ResourceNode_C,resource_node,-808.697732,324.189338,156.566979,,CL-502094,1b6d2b740081eb56c0d77136aed0d330ea4696dee13d1075fc231574ee7552b0
BP_ResourceNode43_UAID_40B076DF2F793ED901_1532454233,Persistent_Level:PersistentLevel.BP_ResourceNode43_UAID_40B076DF2F793ED901_1532454233,BP_ResourceNode_C,resource_node,1529.618781,240.543363,42.874366,,CL-502094,1b6d2b740081eb56c0d77136aed0d330ea4696dee13d1075fc231574ee7552b0
BP_ResourceNode43_UAID_40B076DF2F7941D901_1404601764,Persistent_Level:PersistentLevel.BP_ResourceNode43_UAID_40B076DF2F7941D901_1404601764,BP_ResourceNode_C,resource_node,2305.424793,336.170243,21.852993,,CL-502094,1b6d2b740081eb56c0d77136aed0d330ea4696dee13d1075fc231574ee7552b0
BP_ResourceNode440,Persistent_Level:PersistentLevel.BP_ResourceNode440,BP_ResourceNode_C,resource_node,695.520859,1003.687031,93.918877,,CL-502094,1b6d2b740081eb56c0d77136aed0d330ea4696dee13d1075fc231574ee7552b0
BP_ResourceNode441,Persistent_Level:PersistentLevel.BP_ResourceNode441,BP_ResourceNode_C,resource_node,678.783984,957.774297,93.620342,,CL-502094,1b6d2b740081eb56c0d77136aed0d330ea4696dee13d1075fc231574ee7552b0
BP_ResourceNode442,Persistent_Level:PersistentLevel.BP_ResourceNode442,BP_ResourceNode_C,resource_node,605.92707,778.908281,94.371377,,CL-502094,1b6d2b740081eb56c0d77136aed0d330ea4696dee13d1075fc231574ee7552b0
BP_ResourceNode443,Persistent_Level:PersistentLevel.BP_ResourceNode443,BP_ResourceNode_C,resource_node,-64.486567,1204.834453,103.80249,,CL-502094,1b6d2b740081eb56c0d77136aed0d330ea4696dee13d1075fc231574ee7552b0
BP_ResourceNode444_0,Persistent_Level:PersistentLevel.BP_ResourceNode444_0,BP_ResourceNode_C,resource_node,1737.024531,917.764062,10.510396,,CL-502094,1b6d2b740081eb56c0d77136aed0d330ea4696dee13d1075fc231574ee7552b0
BP_ResourceNode445,Persistent_Level:PersistentLevel.BP_ResourceNode445,BP_ResourceNode_C,resource_node,561.091641,859.701562,99.443887,,CL-502094,1b6d2b740081eb56c0d77136aed0d330ea4696dee13d1075fc231574ee7552b0
BP_ResourceNode446_1,Persistent_Level:PersistentLevel.BP_ResourceNode446_1,BP_ResourceNode_C,resource_node,1673.915,889.536016,10.497695,,CL-502094,1b6d2b740081eb56c0d77136aed0d330ea4696dee13d1075fc231574ee7552b0
BP_ResourceNode447,Persistent_Level:PersistentLevel.BP_ResourceNode447,BP_ResourceNode_C,resource_node,1762.968125,941.968359,14.191478,,CL-502094,1b6d2b740081eb56c0d77136aed0d330ea4696dee13d1075fc231574ee7552b0
BP_ResourceNode448,Persistent_Level:PersistentLevel.BP_ResourceNode448,BP_ResourceNode_C,resource_node,1728.141719,946.081953,10.42363,,CL-502094,1b6d2b740081eb56c0d77136aed0d330ea4696dee13d1075fc231574ee7552b0
BP_ResourceNode449,Persistent_Level:PersistentLevel.BP_ResourceNode449,BP_ResourceNode_C,resource_node,1362.902188,209.236113,94.252988,,CL-502094,1b6d2b740081eb56c0d77136aed0d330ea4696dee13d1075fc231574ee7552b0
BP_ResourceNode451,Persistent_Level:PersistentLevel.BP_ResourceNode451,BP_ResourceNode_C,resource_node,1280.593125,248.246055,82.637188,,CL-502094,1b6d2b740081eb56c0d77136aed0d330ea4696dee13d1075fc231574ee7552b0
BP_ResourceNode452,Persistent_Level:PersistentLevel.BP_ResourceNode452,BP_ResourceNode_C,resource_node,1226.980391,269.66293,79.989155,,CL-502094,1b6d2b740081eb56c0d77136aed0d330ea4696dee13d1075fc231574ee7552b0
BP_ResourceNode453,Persistent_Level:PersistentLevel.BP_ResourceNode453,BP_ResourceNode_C,resource_node,-448.693828,1394.796875,79.830225,,CL-502094,1b6d2b740081eb56c0d77136aed0d330ea4696dee13d1075fc231574ee7552b0
BP_ResourceNode454,Persistent_Level:PersistentLevel.BP_ResourceNode454,BP_ResourceNode_C,resource_node,-433.819258,1368.200312,80.463545,,CL-502094,1b6d2b740081eb56c0d77136aed0d330ea4696dee13d1075fc231574ee7552b0
BP_ResourceNode457,Persistent_Level:PersistentLevel.BP_ResourceNode457,BP_ResourceNode_C,resource_node,1162.360078,155.521855,140.267354,,CL-502094,1b6d2b740081eb56c0d77136aed0d330ea4696dee13d1075fc231574ee7552b0
BP_ResourceNode458,Persistent_Level:PersistentLevel.BP_ResourceNode458,BP_ResourceNode_C,resource_node,494.036523,47.438921,131.915049,,CL-502094,1b6d2b740081eb56c0d77136aed0d330ea4696dee13d1075fc231574ee7552b0
BP_ResourceNode459,Persistent_Level:PersistentLevel.BP_ResourceNode459,BP_ResourceNode_C,resource_node,525.887344,88.593027,135.934697,,CL-502094,1b6d2b740081eb56c0d77136aed0d330ea4696dee13d1075fc231574ee7552b0
BP_ResourceNode460,Persistent_Level:PersistentLevel.BP_ResourceNode460,BP_ResourceNode_C,resource_node,496.38543,-6.557576,131.496191,,CL-502094,1b6d2b740081eb56c0d77136aed0d330ea4696dee13d1075fc231574ee7552b0
BP_ResourceNode461,Persistent_Level:PersistentLevel.BP_ResourceNode461,BP_ResourceNode_C,resource_node,1282.960863,759.419979,36.683756,,CL-502094,1b6d2b740081eb56c0d77136aed0d330ea4696dee13d1075fc231574ee7552b0
BP_ResourceNode462,Persistent_Level:PersistentLevel.BP_ResourceNode462,BP_ResourceNode_C,resource_node,-376.144961,1422.504531,79.71792,,CL-502094,1b6d2b740081eb56c0d77136aed0d330ea4696dee13d1075fc231574ee7552b0
BP_ResourceNode462_UAID_40B076DF2F7902E201_1630060169,Persistent_Level:PersistentLevel.BP_ResourceNode462_UAID_40B076DF2F7902E201_1630060169,BP_ResourceNode_C,resource_node,-589.956788,2245.747598,95.736047,,CL-502094,1b6d2b740081eb56c0d77136aed0d330ea4696dee13d1075fc231574ee7552b0
BP_ResourceNode462_UAID_40B076DF2F7907E201_1624182051,Persistent_Level:PersistentLevel.BP_ResourceNode462_UAID_40B076DF2F7907E201_1624182051,BP_ResourceNode_C,resource_node,-649.627516,2011.690551,69.253538,,CL-502094,1b6d2b740081eb56c0d77136aed0d330ea4696dee13d1075fc231574ee7552b0
BP_ResourceNode462_UAID_40B076DF2F790CE201_2008279933,Persistent_Level:PersistentLevel.BP_ResourceNode462_UAID_40B076DF2F790CE201_2008279933,BP_ResourceNode_C,resource_node,-528.766881,2017.616993,67.925343,,CL-502094,1b6d2b740081eb56c0d77136aed0d330ea4696dee13d1075fc231574ee7552b0
BP_ResourceNode463,Persistent_Level:PersistentLevel.BP_ResourceNode463,BP_ResourceNode_C,resource_node,-555.549766,1294.063594,69.515869,,CL-502094,1b6d2b740081eb56c0d77136aed0d330ea4696dee13d1075fc231574ee7552b0
BP_ResourceNode464,Persistent_Level:PersistentLevel.BP_ResourceNode464,BP_ResourceNode_C,resource_node,502.597294,1571.527522,-1.440607,,CL-502094,1b6d2b740081eb56c0d77136aed0d330ea4696dee13d1075fc231574ee7552b0
BP_ResourceNode464_UAID_40B076DF2F790EE201_1850696287,Persistent_Level:PersistentLevel.BP_ResourceNode464_UAID_40B076DF2F790EE201_1850696287,BP_ResourceNode_C,resource_node,152.402536,1585.786127,-13.971209,,CL-502094,1b6d2b740081eb56c0d77136aed0d330ea4696dee13d1075fc231574ee7552b0
BP_ResourceNode464_UAID_40B076DF2F790FE201_1577140465,Persistent_Level:PersistentLevel.BP_ResourceNode464_UAID_40B076DF2F790FE201_1577140465,BP_ResourceNode_C,resource_node,667.569418,1506.769849,-11.809619,,CL-502094,1b6d2b740081eb56c0d77136aed0d330ea4696dee13d1075fc231574ee7552b0
BP_ResourceNode464_UAID_40B076DF2F7914E201_2026233335,Persistent_Level:PersistentLevel.BP_ResourceNode464_UAID_40B076DF2F7914E201_2026233335,BP_ResourceNode_C,resource_node,924.946876,1327.490604,7.006762,,CL-502094,1b6d2b740081eb56c0d77136aed0d330ea4696dee13d1075fc231574ee7552b0
BP_ResourceNode464_UAID_40B076DF2F7915E201_1334543513,Persistent_Level:PersistentLevel.BP_ResourceNode464_UAID_40B076DF2F7915E201_1334543513,BP_ResourceNode_C,resource_node,402.513855,1446.905131,3.690744,,CL-502094,1b6d2b740081eb56c0d77136aed0d330ea4696dee13d1075fc231574ee7552b0
BP_ResourceNode465,Persistent_Level:PersistentLevel.BP_ResourceNode465,BP_ResourceNode_C,resource_node,1213.223438,882.952188,136.691162,,CL-502094,1b6d2b740081eb56c0d77136aed0d330ea4696dee13d1075fc231574ee7552b0
BP_ResourceNode466,Persistent_Level:PersistentLevel.BP_ResourceNode466,BP_ResourceNode_C,resource_node,1684.965,1080.296016,15.870562,,CL-502094,1b6d2b740081eb56c0d77136aed0d330ea4696dee13d1075fc231574ee7552b0
BP_ResourceNode467,Persistent_Level:PersistentLevel.BP_ResourceNode467,BP_ResourceNode_C,resource_node,920.726016,-31.63584,160.79166,,CL-502094,1b6d2b740081eb56c0d77136aed0d330ea4696dee13d1075fc231574ee7552b0
BP_ResourceNode469,Persistent_Level:PersistentLevel.BP_ResourceNode469,BP_ResourceNode_C,resource_node,1388.053594,239.526699,94.107686,,CL-502094,1b6d2b740081eb56c0d77136aed0d330ea4696dee13d1075fc231574ee7552b0
BP_ResourceNode46_2284,Persistent_Level:PersistentLevel.BP_ResourceNode46_2284,BP_ResourceNode_C,resource_node,3435.191875,834.697188,56.18,,CL-502094,1b6d2b740081eb56c0d77136aed0d330ea4696dee13d1075fc231574ee7552b0
BP_ResourceNode474_UAID_40B076DF2F7983DF01_2128950703,Persistent_Level:PersistentLevel.BP_ResourceNode474_UAID_40B076DF2F7983DF01_2128950703,BP_ResourceNode_C,resource_node,1966.678101,139.559268,93.984812,,CL-502094,1b6d2b740081eb56c0d77136aed0d330ea4696dee13d1075fc231574ee7552b0
BP_ResourceNode474_UAID_40B076DF2F798DDF01_1645035472,Persistent_Level:PersistentLevel.BP_ResourceNode474_UAID_40B076DF2F798DDF01_1645035472,BP_ResourceNode_C,resource_node,1939.795702,54.676913,102.603108,,CL-502094,1b6d2b740081eb56c0d77136aed0d330ea4696dee13d1075fc231574ee7552b0
BP_ResourceNode474_UAID_40B076DF2F798EDF01_2134364650,Persistent_Level:PersistentLevel.BP_ResourceNode474_UAID_40B076DF2F798EDF01_2134364650,BP_ResourceNode_C,resource_node,1900.977477,172.809268,94.565152,,CL-502094,1b6d2b740081eb56c0d77136aed0d330ea4696dee13d1075fc231574ee7552b0
BP_ResourceNode476,Persistent_Level:PersistentLevel.BP_ResourceNode476,BP_ResourceNode_C,resource_node,2631.480938,-536.111641,-13.253866,,CL-502094,1b6d2b740081eb56c0d77136aed0d330ea4696dee13d1075fc231574ee7552b0
BP_ResourceNode477,Persistent_Level:PersistentLevel.BP_ResourceNode477,BP_ResourceNode_C,resource_node,2611.279688,-482.746016,-8.168045,,CL-502094,1b6d2b740081eb56c0d77136aed0d330ea4696dee13d1075fc231574ee7552b0
BP_ResourceNode479,Persistent_Level:PersistentLevel.BP_ResourceNode479,BP_ResourceNode_C,resource_node,2602.985156,-562.275273,-8.665667,,CL-502094,1b6d2b740081eb56c0d77136aed0d330ea4696dee13d1075fc231574ee7552b0
BP_ResourceNode47_3066,Persistent_Level:PersistentLevel.BP_ResourceNode47_3066,BP_ResourceNode_C,resource_node,154.598906,8.037703,146.712109,,CL-502094,1b6d2b740081eb56c0d77136aed0d330ea4696dee13d1075fc231574ee7552b0
BP_ResourceNode480,Persistent_Level:PersistentLevel.BP_ResourceNode480,BP_ResourceNode_C,resource_node,1990.071719,-891.731875,10.968029,,CL-502094,1b6d2b740081eb56c0d77136aed0d330ea4696dee13d1075fc231574ee7552b0
BP_ResourceNode481,Persistent_Level:PersistentLevel.BP_ResourceNode481,BP_ResourceNode_C,resource_node,1989.364219,-933.540547,12.386221,,CL-502094,1b6d2b740081eb56c0d77136aed0d330ea4696dee13d1075fc231574ee7552b0
BP_ResourceNode484,Persistent_Level:PersistentLevel.BP_ResourceNode484,BP_ResourceNode_C,resource_node,1687.125625,-508.391641,-0.093218,,CL-502094,1b6d2b740081eb56c0d77136aed0d330ea4696dee13d1075fc231574ee7552b0
BP_ResourceNode484_UAID_40B076DF2F79E0DF01_2091429101,Persistent_Level:PersistentLevel.BP_ResourceNode484_UAID_40B076DF2F79E0DF01_2091429101,BP_ResourceNode_C,resource_node,1801.93908,1891.994556,235.031997,,CL-502094,1b6d2b740081eb56c0d77136aed0d330ea4696dee13d1075fc231574ee7552b0
BP_ResourceNode485,Persistent_Level:PersistentLevel.BP_ResourceNode485,BP_ResourceNode_C,resource_node,-593.221328,-145.947637,239.950449,,CL-502094,1b6d2b740081eb56c0d77136aed0d330ea4696dee13d1075fc231574ee7552b0
BP_ResourceNode486,Persistent_Level:PersistentLevel.BP_ResourceNode486,BP_ResourceNode_C,resource_node,25.709895,-98.344873,240.015195,,CL-502094,1b6d2b740081eb56c0d77136aed0d330ea4696dee13d1075fc231574ee7552b0
BP_ResourceNode487,Persistent_Level:PersistentLevel.BP_ResourceNode487,BP_ResourceNode_C,resource_node,-128.145234,1046.42125,109.08915,,CL-502094,1b6d2b740081eb56c0d77136aed0d330ea4696dee13d1075fc231574ee7552b0
BP_ResourceNode487_UAID_40B076DF2F7934DF01_1597642799,Persistent_Level:PersistentLevel.BP_ResourceNode487_UAID_40B076DF2F7934DF01_1597642799,BP_ResourceNode_C,resource_node,1038.455737,948.540412,126.519108,,CL-502094,1b6d2b740081eb56c0d77136aed0d330ea4696dee13d1075fc231574ee7552b0
BP_ResourceNode488,Persistent_Level:PersistentLevel.BP_ResourceNode488,BP_ResourceNode_C,resource_node,-949.054688,-2626.775,-46.201567,,CL-502094,1b6d2b740081eb56c0d77136aed0d330ea4696dee13d1075fc231574ee7552b0
BP_ResourceNode489,Persistent_Level:PersistentLevel.BP_ResourceNode489,BP_ResourceNode_C,resource_node,-971.784219,-2642.32125,-46.256519,,CL-502094,1b6d2b740081eb56c0d77136aed0d330ea4696dee13d1075fc231574ee7552b0
BP_ResourceNode49,Persistent_Level:PersistentLevel.BP_ResourceNode49,BP_ResourceNode_C,resource_node,2655.012188,1782.059219,34.569109,,CL-502094,1b6d2b740081eb56c0d77136aed0d330ea4696dee13d1075fc231574ee7552b0
BP_ResourceNode490,Persistent_Level:PersistentLevel.BP_ResourceNode490,BP_ResourceNode_C,resource_node,-985.791562,-2658.010625,-46.349521,,CL-502094,1b6d2b740081eb56c0d77136aed0d330ea4696dee13d1075fc231574ee7552b0
BP_ResourceNode491,Persistent_Level:PersistentLevel.BP_ResourceNode491,BP_ResourceNode_C,resource_node,-912.677109,-2530.774531,-45.139238,,CL-502094,1b6d2b740081eb56c0d77136aed0d330ea4696dee13d1075fc231574ee7552b0
BP_ResourceNode492,Persistent_Level:PersistentLevel.BP_ResourceNode492,BP_ResourceNode_C,resource_node,-839.621484,-2735.76625,-62.401333,,CL-502094,1b6d2b740081eb56c0d77136aed0d330ea4696dee13d1075fc231574ee7552b0
BP_ResourceNode493,Persistent_Level:PersistentLevel.BP_ResourceNode493,BP_ResourceNode_C,resource_node,-831.336328,-2757.622188,-62.642524,,CL-502094,1b6d2b740081eb56c0d77136aed0d330ea4696dee13d1075fc231574ee7552b0
BP_ResourceNode494,Persistent_Level:PersistentLevel.BP_ResourceNode494,BP_ResourceNode_C,resource_node,-364.995586,-2438.937344,-25.02624,,CL-502094,1b6d2b740081eb56c0d77136aed0d330ea4696dee13d1075fc231574ee7552b0
BP_ResourceNode495,Persistent_Level:PersistentLevel.BP_ResourceNode495,BP_ResourceNode_C,resource_node,-350.407266,-2458.052969,-25.041111,,CL-502094,1b6d2b740081eb56c0d77136aed0d330ea4696dee13d1075fc231574ee7552b0
BP_ResourceNode496,Persistent_Level:PersistentLevel.BP_ResourceNode496,BP_ResourceNode_C,resource_node,-490.770156,-2317.0775,-38.457517,,CL-502094,1b6d2b740081eb56c0d77136aed0d330ea4696dee13d1075fc231574ee7552b0
BP_ResourceNode497_1,Persistent_Level:PersistentLevel.BP_ResourceNode497_1,BP_ResourceNode_C,resource_node,-516.445977,-2293.913906,-38.457517,,CL-502094,1b6d2b740081eb56c0d77136aed0d330ea4696dee13d1075fc231574ee7552b0
BP_ResourceNode498,Persistent_Level:PersistentLevel.BP_ResourceNode498,BP_ResourceNode_C,resource_node,4003.794062,2629.28125,34.272507,,CL-502094,1b6d2b740081eb56c0d77136aed0d330ea4696dee13d1075fc231574ee7552b0
BP_ResourceNode499,Persistent_Level:PersistentLevel.BP_ResourceNode499,BP_ResourceNode_C,resource_node,1558.675156,-2483.944062,-60.625273,,CL-502094,1b6d2b740081eb56c0d77136aed0d330ea4696dee13d1075fc231574ee7552b0
BP_ResourceNode500,Persistent_Level:PersistentLevel.BP_ResourceNode500,BP_ResourceNode_C,resource_node,1571.954844,-2418.715469,-62.011733,,CL-502094,1b6d2b740081eb56c0d77136aed0d330ea4696dee13d1075fc231574ee7552b0
BP_ResourceNode501,Persistent_Level:PersistentLevel.BP_ResourceNode501,BP_ResourceNode_C,resource_node,1538.761562,-2528.169688,-46.099644,,CL-502094,1b6d2b740081eb56c0d77136aed0d330ea4696dee13d1075fc231574ee7552b0
BP_ResourceNode502,Persistent_Level:PersistentLevel.BP_ResourceNode502,BP_ResourceNode_C,resource_node,1505.828281,-2499.237656,-51.3573,,CL-502094,1b6d2b740081eb56c0d77136aed0d330ea4696dee13d1075fc231574ee7552b0
BP_ResourceNode503,Persistent_Level:PersistentLevel.BP_ResourceNode503,BP_ResourceNode_C,resource_node,-759.7725,-1305.763359,-36.321213,,CL-502094,1b6d2b740081eb56c0d77136aed0d330ea4696dee13d1075fc231574ee7552b0
BP_ResourceNode504,Persistent_Level:PersistentLevel.BP_ResourceNode504,BP_ResourceNode_C,resource_node,-784.187109,-1291.742891,-36.488708,,CL-502094,1b6d2b740081eb56c0d77136aed0d330ea4696dee13d1075fc231574ee7552b0
BP_ResourceNode505,Persistent_Level:PersistentLevel.BP_ResourceNode505,BP_ResourceNode_C,resource_node,71.715298,-1552.317031,-120.829404,,CL-502094,1b6d2b740081eb56c0d77136aed0d330ea4696dee13d1075fc231574ee7552b0
BP_ResourceNode506,Persistent_Level:PersistentLevel.BP_ResourceNode506,BP_ResourceNode_C,resource_node,52.514121,-1571.691875,-120.828232,,CL-502094,1b6d2b740081eb56c0d77136aed0d330ea4696dee13d1075fc231574ee7552b0
BP_ResourceNode507,Persistent_Level:PersistentLevel.BP_ResourceNode507,BP_ResourceNode_C,resource_node,50.237036,-1599.514844,-120.829404,,CL-502094,1b6d2b740081eb56c0d77136aed0d330ea4696dee13d1075fc231574ee7552b0
BP_ResourceNode508,Persistent_Level:PersistentLevel.BP_ResourceNode508,BP_ResourceNode_C,resource_node,1200.845859,99.573076,104.481904,,CL-502094,1b6d2b740081eb56c0d77136aed0d330ea4696dee13d1075fc231574ee7552b0
BP_ResourceNode509,Persistent_Level:PersistentLevel.BP_ResourceNode509,BP_ResourceNode_C,resource_node,-1081.199766,-2610.591406,-48.016577,,CL-502094,1b6d2b740081eb56c0d77136aed0d330ea4696dee13d1075fc231574ee7552b0
BP_ResourceNode510,Persistent_Level:PersistentLevel.BP_ResourceNode510,BP_ResourceNode_C,resource_node,-398.897578,935.792266,3.430762,,CL-502094,1b6d2b740081eb56c0d77136aed0d330ea4696dee13d1075fc231574ee7552b0
BP_ResourceNode511,Persistent_Level:PersistentLevel.BP_ResourceNode511,BP_ResourceNode_C,resource_node,-525.874375,-2646.469062,-38.196577,,CL-502094,1b6d2b740081eb56c0d77136aed0d330ea4696dee13d1075fc231574ee7552b0
BP_ResourceNode512,Persistent_Level:PersistentLevel.BP_ResourceNode512,BP_ResourceNode_C,resource_node,-890.460781,-1532.851406,-30.196936,,CL-502094,1b6d2b740081eb56c0d77136aed0d330ea4696dee13d1075fc231574ee7552b0
BP_ResourceNode513,Persistent_Level:PersistentLevel.BP_ResourceNode513,BP_ResourceNode_C,resource_node,1526.484219,-52.270913,151.682705,,CL-502094,1b6d2b740081eb56c0d77136aed0d330ea4696dee13d1075fc231574ee7552b0
BP_ResourceNode514,Persistent_Level:PersistentLevel.BP_ResourceNode514,BP_ResourceNode_C,resource_node,1577.377344,-148.778213,153.699746,,CL-502094,1b6d2b740081eb56c0d77136aed0d330ea4696dee13d1075fc231574ee7552b0
BP_ResourceNode515,Persistent_Level:PersistentLevel.BP_ResourceNode515,BP_ResourceNode_C,resource_node,1499.367031,-46.864712,154.68126,,CL-502094,1b6d2b740081eb56c0d77136aed0d330ea4696dee13d1075fc231574ee7552b0
BP_ResourceNode516,Persistent_Level:PersistentLevel.BP_ResourceNode516,BP_ResourceNode_C,resource_node,1664.524531,-78.042637,159.340479,,CL-502094,1b6d2b740081eb56c0d77136aed0d330ea4696dee13d1075fc231574ee7552b0
BP_ResourceNode517,Persistent_Level:PersistentLevel.BP_ResourceNode517,BP_ResourceNode_C,resource_node,1249.331641,-52.261895,155.735791,,CL-502094,1b6d2b740081eb56c0d77136aed0d330ea4696dee13d1075fc231574ee7552b0
BP_ResourceNode518,Persistent_Level:PersistentLevel.BP_ResourceNode518,BP_ResourceNode_C,resource_node,1285.729297,-17.952966,155.428418,,CL-502094,1b6d2b740081eb56c0d77136aed0d330ea4696dee13d1075fc231574ee7552b0
BP_ResourceNode519,Persistent_Level:PersistentLevel.BP_ResourceNode519,BP_ResourceNode_C,resource_node,-483.754219,-1289.371328,236.136543,,CL-502094,1b6d2b740081eb56c0d77136aed0d330ea4696dee13d1075fc231574ee7552b0
BP_ResourceNode519_UAID_40B076DF2F79D3D901_1586151453,Persistent_Level:PersistentLevel.BP_ResourceNode519_UAID_40B076DF2F79D3D901_1586151453,BP_ResourceNode_C,resource_node,-1818.13769,-890.766352,170.392283,,CL-502094,1b6d2b740081eb56c0d77136aed0d330ea4696dee13d1075fc231574ee7552b0
BP_ResourceNode520,Persistent_Level:PersistentLevel.BP_ResourceNode520,BP_ResourceNode_C,resource_node,-904.743672,-672.598047,21.450469,,CL-502094,1b6d2b740081eb56c0d77136aed0d330ea4696dee13d1075fc231574ee7552b0
BP_ResourceNode521,Persistent_Level:PersistentLevel.BP_ResourceNode521,BP_ResourceNode_C,resource_node,-1078.648047,-601.905898,26.533467,,CL-502094,1b6d2b740081eb56c0d77136aed0d330ea4696dee13d1075fc231574ee7552b0
BP_ResourceNode521_UAID_40B076DF2F79C3E101_1100698081,Persistent_Level:PersistentLevel.BP_ResourceNode521_UAID_40B076DF2F79C3E101_1100698081,BP_ResourceNode_C,resource_node,-1643.809023,-648.407657,243.797932,,CL-502094,1b6d2b740081eb56c0d77136aed0d330ea4696dee13d1075fc231574ee7552b0
BP_ResourceNode521_UAID_40B076DF2F79C3E101_1735462083,Persistent_Level:PersistentLevel.BP_ResourceNode521_UAID_40B076DF2F79C3E101_1735462083,BP_ResourceNode_C,resource_node,-1672.011563,-612.977488,240.007646,,CL-502094,1b6d2b740081eb56c0d77136aed0d330ea4696dee13d1075fc231574ee7552b0
BP_ResourceNode522,Persistent_Level:PersistentLevel.BP_ResourceNode522,BP_ResourceNode_C,resource_node,-903.704219,-637.121562,21.450469,,CL-502094,1b6d2b740081eb56c0d77136aed0d330ea4696dee13d1075fc231574ee7552b0
BP_ResourceNode523_UAID_40B076DF2F7987DF01_1117795413,Persistent_Level:PersistentLevel.BP_ResourceNode523_UAID_40B076DF2F7987DF01_1117795413,BP_ResourceNode_C,resource_node,2450.431934,223.180563,88.206299,,CL-502094,1b6d2b740081eb56c0d77136aed0d330ea4696dee13d1075fc231574ee7552b0
BP_ResourceNode524_UAID_40B076DF2F798ADF01_1172524943,Persistent_Level:PersistentLevel.BP_ResourceNode524_UAID_40B076DF2F798ADF01_1172524943,BP_ResourceNode_C,resource_node,2377.246562,230.057188,87.966357,,CL-502094,1b6d2b740081eb56c0d77136aed0d330ea4696dee13d1075fc231574ee7552b0
BP_ResourceNode528,Persistent_Level:PersistentLevel.BP_ResourceNode528,BP_ResourceNode_C,resource_node,2331.415955,264.402627,89.762661,,CL-502094,1b6d2b740081eb56c0d77136aed0d330ea4696dee13d1075fc231574ee7552b0
BP_ResourceNode529,Persistent_Level:PersistentLevel.BP_ResourceNode529,BP_ResourceNode_C,resource_node,394.776484,-521.199883,236.016016,,CL-502094,1b6d2b740081eb56c0d77136aed0d330ea4696dee13d1075fc231574ee7552b0
BP_ResourceNode530,Persistent_Level:PersistentLevel.BP_ResourceNode530,BP_ResourceNode_C,resource_node,-995.866094,-2678.119375,-46.6073,,CL-502094,1b6d2b740081eb56c0d77136aed0d330ea4696dee13d1075fc231574ee7552b0
BP_ResourceNode531,Persistent_Level:PersistentLevel.BP_ResourceNode531,BP_ResourceNode_C,resource_node,-932.671094,-2541.461719,-45.097637,,CL-502094,1b6d2b740081eb56c0d77136aed0d330ea4696dee13d1075fc231574ee7552b0
BP_ResourceNode532,Persistent_Level:PersistentLevel.BP_ResourceNode532,BP_ResourceNode_C,resource_node,-940.065703,-2681.162188,-31.277263,,CL-502094,1b6d2b740081eb56c0d77136aed0d330ea4696dee13d1075fc231574ee7552b0
BP_ResourceNode533,Persistent_Level:PersistentLevel.BP_ResourceNode533,BP_ResourceNode_C,resource_node,-923.720781,-2660.818438,-31.250442,,CL-502094,1b6d2b740081eb56c0d77136aed0d330ea4696dee13d1075fc231574ee7552b0
BP_ResourceNode534,Persistent_Level:PersistentLevel.BP_ResourceNode534,BP_ResourceNode_C,resource_node,-559.514102,-2715.649062,-37.767,,CL-502094,1b6d2b740081eb56c0d77136aed0d330ea4696dee13d1075fc231574ee7552b0
BP_ResourceNode535,Persistent_Level:PersistentLevel.BP_ResourceNode535,BP_ResourceNode_C,resource_node,-650.491133,-1374.637969,84.882207,,CL-502094,1b6d2b740081eb56c0d77136aed0d330ea4696dee13d1075fc231574ee7552b0
BP_ResourceNode536,Persistent_Level:PersistentLevel.BP_ResourceNode536,BP_ResourceNode_C,resource_node,-422.730977,-1321.509688,86.687656,,CL-502094,1b6d2b740081eb56c0d77136aed0d330ea4696dee13d1075fc231574ee7552b0
BP_ResourceNode537,Persistent_Level:PersistentLevel.BP_ResourceNode537,BP_ResourceNode_C,resource_node,-604.53418,-1416.956719,84.167842,,CL-502094,1b6d2b740081eb56c0d77136aed0d330ea4696dee13d1075fc231574ee7552b0
BP_ResourceNode538,Persistent_Level:PersistentLevel.BP_ResourceNode538,BP_ResourceNode_C,resource_node,-419.283203,-2069.076406,-22.282329,,CL-502094,1b6d2b740081eb56c0d77136aed0d330ea4696dee13d1075fc231574ee7552b0
BP_ResourceNode539,Persistent_Level:PersistentLevel.BP_ResourceNode539,BP_ResourceNode_C,resource_node,-439.401641,-2079.924688,-22.282329,,CL-502094,1b6d2b740081eb56c0d77136aed0d330ea4696dee13d1075fc231574ee7552b0
BP_ResourceNode53_510,Persistent_Level:PersistentLevel.BP_ResourceNode53_510,BP_ResourceNode_C,resource_node,-217.58373,1453.1175,100.216787,,CL-502094,1b6d2b740081eb56c0d77136aed0d330ea4696dee13d1075fc231574ee7552b0
BP_ResourceNode540,Persistent_Level:PersistentLevel.BP_ResourceNode540,BP_ResourceNode_C,resource_node,-333.281836,-2316.261562,-13.943503,,CL-502094,1b6d2b740081eb56c0d77136aed0d330ea4696dee13d1075fc231574ee7552b0
BP_ResourceNode541,Persistent_Level:PersistentLevel.BP_ResourceNode541,BP_ResourceNode_C,resource_node,-382.494648,-1279.752109,88.114971,,CL-502094,1b6d2b740081eb56c0d77136aed0d330ea4696dee13d1075fc231574ee7552b0
BP_ResourceNode542,Persistent_Level:PersistentLevel.BP_ResourceNode542,BP_ResourceNode_C,resource_node,-414.844883,-1257.935859,86.449326,,CL-502094,1b6d2b740081eb56c0d77136aed0d330ea4696dee13d1075fc231574ee7552b0
BP_ResourceNode543,Persistent_Level:PersistentLevel.BP_ResourceNode543,BP_ResourceNode_C,resource_node,5.717422,-2838.020938,-11.397622,,CL-502094,1b6d2b740081eb56c0d77136aed0d330ea4696dee13d1075fc231574ee7552b0
BP_ResourceNode544,Persistent_Level:PersistentLevel.BP_ResourceNode544,BP_ResourceNode_C,resource_node,-11.260554,-2853.0125,-11.397622,,CL-502094,1b6d2b740081eb56c0d77136aed0d330ea4696dee13d1075fc231574ee7552b0
BP_ResourceNode545,Persistent_Level:PersistentLevel.BP_ResourceNode545,BP_ResourceNode_C,resource_node,-449.220469,-3022.735625,-25.431182,,CL-502094,1b6d2b740081eb56c0d77136aed0d330ea4696dee13d1075fc231574ee7552b0
BP_ResourceNode546,Persistent_Level:PersistentLevel.BP_ResourceNode546,BP_ResourceNode_C,resource_node,-504.065273,-3028.707188,-25.833333,,CL-502094,1b6d2b740081eb56c0d77136aed0d330ea4696dee13d1075fc231574ee7552b0
BP_ResourceNode547,Persistent_Level:PersistentLevel.BP_ResourceNode547,BP_ResourceNode_C,resource_node,-212.650898,-2831.4775,-25.311895,,CL-502094,1b6d2b740081eb56c0d77136aed0d330ea4696dee13d1075fc231574ee7552b0
BP_ResourceNode547_UAID_40B076DF2F79ADE101_1836911209,Persistent_Level:PersistentLevel.BP_ResourceNode547_UAID_40B076DF2F79ADE101_1836911209,BP_ResourceNode_C,resource_node,808.320395,-2424.782069,-44.440462,,CL-502094,1b6d2b740081eb56c0d77136aed0d330ea4696dee13d1075fc231574ee7552b0
BP_ResourceNode547_UAID_40B076DF2F79AEE101_1979010387,Persistent_Level:PersistentLevel.BP_ResourceNode547_UAID_40B076DF2F79AEE101_1979010387,BP_ResourceNode_C,resource_node,580.306172,-823.048833,118.006656,,CL-502094,1b6d2b740081eb56c0d77136aed0d330ea4696dee13d1075fc231574ee7552b0
BP_ResourceNode548,Persistent_Level:PersistentLevel.BP_ResourceNode548,BP_ResourceNode_C,resource_node,39.981523,-2711.20625,-41.079634,,CL-502094,1b6d2b740081eb56c0d77136aed0d330ea4696dee13d1075fc231574ee7552b0
BP_ResourceNode549,Persistent_Level:PersistentLevel.BP_ResourceNode549,BP_ResourceNode_C,resource_node,41.277695,-2732.418125,-41.079634,,CL-502094,1b6d2b740081eb56c0d77136aed0d330ea4696dee13d1075fc231574ee7552b0
BP_ResourceNode54_833,Persistent_Level:PersistentLevel.BP_ResourceNode54_833,BP_ResourceNode_C,resource_node,-418.446055,1524.121094,92.271572,,CL-502094,1b6d2b740081eb56c0d77136aed0d330ea4696dee13d1075fc231574ee7552b0
BP_ResourceNode550,Persistent_Level:PersistentLevel.BP_ResourceNode550,BP_ResourceNode_C,resource_node,160.918359,-2641.53125,-38.241799,,CL-502094,1b6d2b740081eb56c0d77136aed0d330ea4696dee13d1075fc231574ee7552b0
BP_ResourceNode551,Persistent_Level:PersistentLevel.BP_ResourceNode551,BP_ResourceNode_C,resource_node,-541.009609,-2294.170156,-38.457517,,CL-502094,1b6d2b740081eb56c0d77136aed0d330ea4696dee13d1075fc231574ee7552b0
BP_ResourceNode552,Persistent_Level:PersistentLevel.BP_ResourceNode552,BP_ResourceNode_C,resource_node,-1942.303438,1404.219531,-12.419169,,CL-502094,1b6d2b740081eb56c0d77136aed0d330ea4696dee13d1075fc231574ee7552b0
BP_ResourceNode553,Persistent_Level:PersistentLevel.BP_ResourceNode553,BP_ResourceNode_C,resource_node,-413.014062,-2885.580312,-25.455698,,CL-502094,1b6d2b740081eb56c0d77136aed0d330ea4696dee13d1075fc231574ee7552b0
BP_ResourceNode554,Persistent_Level:PersistentLevel.BP_ResourceNode554,BP_ResourceNode_C,resource_node,-371.420742,-2015.381562,-30.564609,,CL-502094,1b6d2b740081eb56c0d77136aed0d330ea4696dee13d1075fc231574ee7552b0
BP_ResourceNode555,Persistent_Level:PersistentLevel.BP_ResourceNode555,BP_ResourceNode_C,resource_node,-625.367734,-2280.425938,-32.791113,,CL-502094,1b6d2b740081eb56c0d77136aed0d330ea4696dee13d1075fc231574ee7552b0
BP_ResourceNode556,Persistent_Level:PersistentLevel.BP_ResourceNode556,BP_ResourceNode_C,resource_node,-1105.217656,-2497.216719,-53.496841,,CL-502094,1b6d2b740081eb56c0d77136aed0d330ea4696dee13d1075fc231574ee7552b0
BP_ResourceNode557,Persistent_Level:PersistentLevel.BP_ResourceNode557,BP_ResourceNode_C,resource_node,-944.774219,-2282.432656,-23.993713,,CL-502094,1b6d2b740081eb56c0d77136aed0d330ea4696dee13d1075fc231574ee7552b0
BP_ResourceNode558,Persistent_Level:PersistentLevel.BP_ResourceNode558,BP_ResourceNode_C,resource_node,-89.966377,-2935.123125,-25.272478,,CL-502094,1b6d2b740081eb56c0d77136aed0d330ea4696dee13d1075fc231574ee7552b0
BP_ResourceNode559,Persistent_Level:PersistentLevel.BP_ResourceNode559,BP_ResourceNode_C,resource_node,-893.793516,-1367.630781,-39.486487,,CL-502094,1b6d2b740081eb56c0d77136aed0d330ea4696dee13d1075fc231574ee7552b0
BP_ResourceNode55_1215,Persistent_Level:PersistentLevel.BP_ResourceNode55_1215,BP_ResourceNode_C,resource_node,-470.854023,1410.546719,80.744297,,CL-502094,1b6d2b740081eb56c0d77136aed0d330ea4696dee13d1075fc231574ee7552b0
BP_ResourceNode560,Persistent_Level:PersistentLevel.BP_ResourceNode560,BP_ResourceNode_C,resource_node,-867.884375,-1382.013438,-36.136011,,CL-502094,1b6d2b740081eb56c0d77136aed0d330ea4696dee13d1075fc231574ee7552b0
BP_ResourceNode561,Persistent_Level:PersistentLevel.BP_ResourceNode561,BP_ResourceNode_C,resource_node,-552.88332,-1290.02875,86.717842,,CL-502094,1b6d2b740081eb56c0d77136aed0d330ea4696dee13d1075fc231574ee7552b0
BP_ResourceNode562,Persistent_Level:PersistentLevel.BP_ResourceNode562,BP_ResourceNode_C,resource_node,-716.730781,-1065.113125,84.661514,,CL-502094,1b6d2b740081eb56c0d77136aed0d330ea4696dee13d1075fc231574ee7552b0
BP_ResourceNode563,Persistent_Level:PersistentLevel.BP_ResourceNode563,BP_ResourceNode_C,resource_node,2717.706875,-1004.324766,-12.94798,,CL-502094,1b6d2b740081eb56c0d77136aed0d330ea4696dee13d1075fc231574ee7552b0
BP_ResourceNode563_UAID_40B076DF2F79B7E101_1869159978,Persistent_Level:PersistentLevel.BP_ResourceNode563_UAID_40B076DF2F79B7E101_1869159978,BP_ResourceNode_C,resource_node,2256.506515,-1476.479865,-1.934352,,CL-502094,1b6d2b740081eb56c0d77136aed0d330ea4696dee13d1075fc231574ee7552b0
BP_ResourceNode563_UAID_40B076DF2F79B8E101_1620414156,Persistent_Level:PersistentLevel.BP_ResourceNode563_UAID_40B076DF2F79B8E101_1620414156,BP_ResourceNode_C,resource_node,2214.806333,-1465.938844,-2.000909,,CL-502094,1b6d2b740081eb56c0d77136aed0d330ea4696dee13d1075fc231574ee7552b0
BP_ResourceNode563_UAID_40B076DF2F79B9E101_1570060334,Persistent_Level:PersistentLevel.BP_ResourceNode563_UAID_40B076DF2F79B9E101_1570060334,BP_ResourceNode_C,resource_node,2334.326515,-1456.029865,-2.674352,,CL-502094,1b6d2b740081eb56c0d77136aed0d330ea4696dee13d1075fc231574ee7552b0
BP_ResourceNode563_UAID_40B076DF2F79BBE101_1434258671,Persistent_Level:PersistentLevel.BP_ResourceNode563_UAID_40B076DF2F79BBE101_1434258671,BP_ResourceNode_C,resource_node,2332.929865,-1398.799862,-3.044352,,CL-502094,1b6d2b740081eb56c0d77136aed0d330ea4696dee13d1075fc231574ee7552b0
BP_ResourceNode564,Persistent_Level:PersistentLevel.BP_ResourceNode564,BP_ResourceNode_C,resource_node,2849.862812,-1118.940703,-16.057148,,CL-502094,1b6d2b740081eb56c0d77136aed0d330ea4696dee13d1075fc231574ee7552b0
BP_ResourceNode565_8,Persistent_Level:PersistentLevel.BP_ResourceNode565_8,BP_ResourceNode_C,resource_node,2427.5675,-879.330938,-6.17177,,CL-502094,1b6d2b740081eb56c0d77136aed0d330ea4696dee13d1075fc231574ee7552b0
BP_ResourceNode566,Persistent_Level:PersistentLevel.BP_ResourceNode566,BP_ResourceNode_C,resource_node,-56.335938,-442.740625,210.65998,,CL-502094,1b6d2b740081eb56c0d77136aed0d330ea4696dee13d1075fc231574ee7552b0
BP_ResourceNode567,Persistent_Level:PersistentLevel.BP_ResourceNode567,BP_ResourceNode_C,resource_node,2458.615469,-43.789429,5.736341,,CL-502094,1b6d2b740081eb56c0d77136aed0d330ea4696dee13d1075fc231574ee7552b0
BP_ResourceNode568,Persistent_Level:PersistentLevel.BP_ResourceNode568,BP_ResourceNode_C,resource_node,-52.926836,-920.751953,227.563262,,CL-502094,1b6d2b740081eb56c0d77136aed0d330ea4696dee13d1075fc231574ee7552b0
BP_ResourceNode569,Persistent_Level:PersistentLevel.BP_ResourceNode569,BP_ResourceNode_C,resource_node,-433.269688,-1302.543828,86.622705,,CL-502094,1b6d2b740081eb56c0d77136aed0d330ea4696dee13d1075fc231574ee7552b0
BP_ResourceNode570,Persistent_Level:PersistentLevel.BP_ResourceNode570,BP_ResourceNode_C,resource_node,2707.860625,-1201.110156,-0.545227,,CL-502094,1b6d2b740081eb56c0d77136aed0d330ea4696dee13d1075fc231574ee7552b0
BP_ResourceNode571,Persistent_Level:PersistentLevel.BP_ResourceNode571,BP_ResourceNode_C,resource_node,-536.154258,-1603.755625,33.558899,,CL-502094,1b6d2b740081eb56c0d77136aed0d330ea4696dee13d1075fc231574ee7552b0
BP_ResourceNode573_UAID_40B076DF2F795EE801_1339162695,Persistent_Level:PersistentLevel.BP_ResourceNode573_UAID_40B076DF2F795EE801_1339162695,BP_ResourceNode_C,resource_node,1538.536841,-841.627796,95.056003,,CL-502094,1b6d2b740081eb56c0d77136aed0d330ea4696dee13d1075fc231574ee7552b0
BP_ResourceNode573_UAID_40B076DF2F796BE101_1963012602,Persistent_Level:PersistentLevel.BP_ResourceNode573_UAID_40B076DF2F796BE101_1963012602,BP_ResourceNode_C,resource_node,2060.031684,-1812.373124,103.473202,,CL-502094,1b6d2b740081eb56c0d77136aed0d330ea4696dee13d1075fc231574ee7552b0
BP_ResourceNode573_UAID_40B076DF2F796FE101_1569477308,Persistent_Level:PersistentLevel.BP_ResourceNode573_UAID_40B076DF2F796FE101_1569477308,BP_ResourceNode_C,resource_node,2099.267356,-1629.747574,53.483791,,CL-502094,1b6d2b740081eb56c0d77136aed0d330ea4696dee13d1075fc231574ee7552b0
BP_ResourceNode573_UAID_40B076DF2F7971E101_2069219665,Persistent_Level:PersistentLevel.BP_ResourceNode573_UAID_40B076DF2F7971E101_2069219665,BP_ResourceNode_C,resource_node,-1447.460914,-644.186038,31.369489,,CL-502094,1b6d2b740081eb56c0d77136aed0d330ea4696dee13d1075fc231574ee7552b0
BP_ResourceNode573_UAID_40B076DF2F7972E101_1083579843,Persistent_Level:PersistentLevel.BP_ResourceNode573_UAID_40B076DF2F7972E101_1083579843,BP_ResourceNode_C,resource_node,-1484.296851,-563.099542,31.276848,,CL-502094,1b6d2b740081eb56c0d77136aed0d330ea4696dee13d1075fc231574ee7552b0
BP_ResourceNode573_UAID_40B076DF2F7973E101_1125437021,Persistent_Level:PersistentLevel.BP_ResourceNode573_UAID_40B076DF2F7973E101_1125437021,BP_ResourceNode_C,resource_node,-2810.343977,1426.949725,-16.359777,,CL-502094,1b6d2b740081eb56c0d77136aed0d330ea4696dee13d1075fc231574ee7552b0
BP_ResourceNode573_UAID_40B076DF2F7974E101_1439035199,Persistent_Level:PersistentLevel.BP_ResourceNode573_UAID_40B076DF2F7974E101_1439035199,BP_ResourceNode_C,resource_node,-2717.934867,1462.291068,-16.288964,,CL-502094,1b6d2b740081eb56c0d77136aed0d330ea4696dee13d1075fc231574ee7552b0
BP_ResourceNode573_UAID_40B076DF2F7974E101_1674467201,Persistent_Level:PersistentLevel.BP_ResourceNode573_UAID_40B076DF2F7974E101_1674467201,BP_ResourceNode_C,resource_node,-2754.564867,1658.701068,-16.218964,,CL-502094,1b6d2b740081eb56c0d77136aed0d330ea4696dee13d1075fc231574ee7552b0
BP_ResourceNode573_UAID_40B076DF2F797DE001_1807610722,Persistent_Level:PersistentLevel.BP_ResourceNode573_UAID_40B076DF2F797DE001_1807610722,BP_ResourceNode_C,resource_node,1511.312904,-753.109111,97.144436,,CL-502094,1b6d2b740081eb56c0d77136aed0d330ea4696dee13d1075fc231574ee7552b0
BP_ResourceNode573_UAID_40B076DF2F7980E001_1705275252,Persistent_Level:PersistentLevel.BP_ResourceNode573_UAID_40B076DF2F7980E001_1705275252,BP_ResourceNode_C,resource_node,1556.004853,-1131.115727,60.262465,,CL-502094,1b6d2b740081eb56c0d77136aed0d330ea4696dee13d1075fc231574ee7552b0
BP_ResourceNode573_UAID_40B076DF2F7981E001_1464253430,Persistent_Level:PersistentLevel.BP_ResourceNode573_UAID_40B076DF2F7981E001_1464253430,BP_ResourceNode_C,resource_node,1774.780249,-1299.052755,103.774583,,CL-502094,1b6d2b740081eb56c0d77136aed0d330ea4696dee13d1075fc231574ee7552b0
BP_ResourceNode573_UAID_40B076DF2F7983E001_1088885785,Persistent_Level:PersistentLevel.BP_ResourceNode573_UAID_40B076DF2F7983E001_1088885785,BP_ResourceNode_C,resource_node,2148.940249,-1167.562755,108.014583,,CL-502094,1b6d2b740081eb56c0d77136aed0d330ea4696dee13d1075fc231574ee7552b0
BP_ResourceNode573_UAID_40B076DF2F7983E001_1840982787,Persistent_Level:PersistentLevel.BP_ResourceNode573_UAID_40B076DF2F7983E001_1840982787,BP_ResourceNode_C,resource_node,2397.750249,-1483.052755,66.624583,,CL-502094,1b6d2b740081eb56c0d77136aed0d330ea4696dee13d1075fc231574ee7552b0
BP_ResourceNode573_UAID_40B076DF2F7984E001_1384492965,Persistent_Level:PersistentLevel.BP_ResourceNode573_UAID_40B076DF2F7984E001_1384492965,BP_ResourceNode_C,resource_node,1938.690249,-1165.852755,102.484583,,CL-502094,1b6d2b740081eb56c0d77136aed0d330ea4696dee13d1075fc231574ee7552b0
BP_ResourceNode573_UAID_40B076DF2F7984E001_1664435967,Persistent_Level:PersistentLevel.BP_ResourceNode573_UAID_40B076DF2F7984E001_1664435967,BP_ResourceNode_C,resource_node,1808.200249,-1411.952755,93.944583,,CL-502094,1b6d2b740081eb56c0d77136aed0d330ea4696dee13d1075fc231574ee7552b0
BP_ResourceNode573_UAID_40B076DF2F79ACE101_1257410031,Persistent_Level:PersistentLevel.BP_ResourceNode573_UAID_40B076DF2F79ACE101_1257410031,BP_ResourceNode_C,resource_node,-2656.944867,1625.711068,15.261036,,CL-502094,1b6d2b740081eb56c0d77136aed0d330ea4696dee13d1075fc231574ee7552b0
BP_ResourceNode574,Persistent_Level:PersistentLevel.BP_ResourceNode574,BP_ResourceNode_C,resource_node,903.757891,-807.138438,101.165605,,CL-502094,1b6d2b740081eb56c0d77136aed0d330ea4696dee13d1075fc231574ee7552b0
BP_ResourceNode575,Persistent_Level:PersistentLevel.BP_ResourceNode575,BP_ResourceNode_C,resource_node,-800.891875,-2047.465,15.445308,,CL-502094,1b6d2b740081eb56c0d77136aed0d330ea4696dee13d1075fc231574ee7552b0
BP_ResourceNode576,Persistent_Level:PersistentLevel.BP_ResourceNode576,BP_ResourceNode_C,resource_node,380.001719,-917.359531,-48.090513,,CL-502094,1b6d2b740081eb56c0d77136aed0d330ea4696dee13d1075fc231574ee7552b0
BP_ResourceNode577,Persistent_Level:PersistentLevel.BP_ResourceNode577,BP_ResourceNode_C,resource_node,-556.93168,-1943.704844,-25.570276,,CL-502094,1b6d2b740081eb56c0d77136aed0d330ea4696dee13d1075fc231574ee7552b0
BP_ResourceNode578,Persistent_Level:PersistentLevel.BP_ResourceNode578,BP_ResourceNode_C,resource_node,-571.610625,-1927.727031,-25.133726,,CL-502094,1b6d2b740081eb56c0d77136aed0d330ea4696dee13d1075fc231574ee7552b0
BP_ResourceNode579,Persistent_Level:PersistentLevel.BP_ResourceNode579,BP_ResourceNode_C,resource_node,-589.193945,-1958.929375,-21.955679,,CL-502094,1b6d2b740081eb56c0d77136aed0d330ea4696dee13d1075fc231574ee7552b0
BP_ResourceNode57_UAID_40B076DF2F7935DF01_1413169977,Persistent_Level:PersistentLevel.BP_ResourceNode57_UAID_40B076DF2F7935DF01_1413169977,BP_ResourceNode_C,resource_node,550.416214,1306.412698,71.562831,,CL-502094,1b6d2b740081eb56c0d77136aed0d330ea4696dee13d1075fc231574ee7552b0
BP_ResourceNode57_UAID_40B076DF2F7991DF01_1459615180,Persistent_Level:PersistentLevel.BP_ResourceNode57_UAID_40B076DF2F7991DF01_1459615180,BP_ResourceNode_C,resource_node,622.899679,1374.241189,83.254238,,CL-502094,1b6d2b740081eb56c0d77136aed0d330ea4696dee13d1075fc231574ee7552b0
BP_ResourceNode580,Persistent_Level:PersistentLevel.BP_ResourceNode580,BP_ResourceNode_C,resource_node,-617.572695,-1946.337188,-20.4201,,CL-502094,1b6d2b740081eb56c0d77136aed0d330ea4696dee13d1075fc231574ee7552b0
BP_ResourceNode581,Persistent_Level:PersistentLevel.BP_ResourceNode581,BP_ResourceNode_C,resource_node,2764.5275,2503.31375,12.606814,,CL-502094,1b6d2b740081eb56c0d77136aed0d330ea4696dee13d1075fc231574ee7552b0
BP_ResourceNode582,Persistent_Level:PersistentLevel.BP_ResourceNode582,BP_ResourceNode_C,resource_node,2964.997812,-132.535117,-8.817694,,CL-502094,1b6d2b740081eb56c0d77136aed0d330ea4696dee13d1075fc231574ee7552b0
BP_ResourceNode583_1,Persistent_Level:PersistentLevel.BP_ResourceNode583_1,BP_ResourceNode_C,resource_node,2559.084531,30.711897,35.832832,,CL-502094,1b6d2b740081eb56c0d77136aed0d330ea4696dee13d1075fc231574ee7552b0
BP_ResourceNode584,Persistent_Level:PersistentLevel.BP_ResourceNode584,BP_ResourceNode_C,resource_node,-87.008477,-2834.39625,-11.370134,,CL-502094,1b6d2b740081eb56c0d77136aed0d330ea4696dee13d1075fc231574ee7552b0
BP_ResourceNode585,Persistent_Level:PersistentLevel.BP_ResourceNode585,BP_ResourceNode_C,resource_node,-102.335449,-2910.349062,-24.756526,,CL-502094,1b6d2b740081eb56c0d77136aed0d330ea4696dee13d1075fc231574ee7552b0
BP_ResourceNode586,Persistent_Level:PersistentLevel.BP_ResourceNode586,BP_ResourceNode_C,resource_node,-433.216914,-2395.534688,-38.108611,,CL-502094,1b6d2b740081eb56c0d77136aed0d330ea4696dee13d1075fc231574ee7552b0
BP_ResourceNode587,Persistent_Level:PersistentLevel.BP_ResourceNode587,BP_ResourceNode_C,resource_node,-660.765312,-2968.707188,-61.024258,,CL-502094,1b6d2b740081eb56c0d77136aed0d330ea4696dee13d1075fc231574ee7552b0
BP_ResourceNode588,Persistent_Level:PersistentLevel.BP_ResourceNode588,BP_ResourceNode_C,resource_node,-1673.598281,1456.825781,-19.141226,,CL-502094,1b6d2b740081eb56c0d77136aed0d330ea4696dee13d1075fc231574ee7552b0
BP_ResourceNode588_UAID_40B076DF2F79CEDF01_1910960903,Persistent_Level:PersistentLevel.BP_ResourceNode588_UAID_40B076DF2F79CEDF01_1910960903,BP_ResourceNode_C,resource_node,-1719.860936,1441.455816,-20.301939,,CL-502094,1b6d2b740081eb56c0d77136aed0d330ea4696dee13d1075fc231574ee7552b0
BP_ResourceNode589,Persistent_Level:PersistentLevel.BP_ResourceNode589,BP_ResourceNode_C,resource_node,83.415293,-1475.717031,-95.998828,,CL-502094,1b6d2b740081eb56c0d77136aed0d330ea4696dee13d1075fc231574ee7552b0
BP_ResourceNode589_UAID_40B076DF2F79B1E101_1767545917,Persistent_Level:PersistentLevel.BP_ResourceNode589_UAID_40B076DF2F79B1E101_1767545917,BP_ResourceNode_C,resource_node,1350.051918,-1231.754846,123.113195,,CL-502094,1b6d2b740081eb56c0d77136aed0d330ea4696dee13d1075fc231574ee7552b0
BP_ResourceNode589_UAID_40B076DF2F79B2E101_1298360096,Persistent_Level:PersistentLevel.BP_ResourceNode589_UAID_40B076DF2F79B2E101_1298360096,BP_ResourceNode_C,resource_node,1468.610045,-1150.627928,122.961414,,CL-502094,1b6d2b740081eb56c0d77136aed0d330ea4696dee13d1075fc231574ee7552b0
BP_ResourceNode590,Persistent_Level:PersistentLevel.BP_ResourceNode590,BP_ResourceNode_C,resource_node,171.638223,-2807.879062,27.680454,,CL-502094,1b6d2b740081eb56c0d77136aed0d330ea4696dee13d1075fc231574ee7552b0
BP_ResourceNode591,Persistent_Level:PersistentLevel.BP_ResourceNode591,BP_ResourceNode_C,resource_node,-475.343555,-2896.065938,-25.264792,,CL-502094,1b6d2b740081eb56c0d77136aed0d330ea4696dee13d1075fc231574ee7552b0
BP_ResourceNode592,Persistent_Level:PersistentLevel.BP_ResourceNode592,BP_ResourceNode_C,resource_node,-501.019023,-2844.780312,-26.147639,,CL-502094,1b6d2b740081eb56c0d77136aed0d330ea4696dee13d1075fc231574ee7552b0
BP_ResourceNode593,Persistent_Level:PersistentLevel.BP_ResourceNode593,BP_ResourceNode_C,resource_node,-287.03168,-1982.104844,-19.970276,,CL-502094,1b6d2b740081eb56c0d77136aed0d330ea4696dee13d1075fc231574ee7552b0
BP_ResourceNode594,Persistent_Level:PersistentLevel.BP_ResourceNode594,BP_ResourceNode_C,resource_node,4047.881562,1139.605859,6.346417,,CL-502094,1b6d2b740081eb56c0d77136aed0d330ea4696dee13d1075fc231574ee7552b0
BP_ResourceNode595,Persistent_Level:PersistentLevel.BP_ResourceNode595,BP_ResourceNode_C,resource_node,-2170.5225,-112.421445,177.053828,,CL-502094,1b6d2b740081eb56c0d77136aed0d330ea4696dee13d1075fc231574ee7552b0
BP_ResourceNode596,Persistent_Level:PersistentLevel.BP_ResourceNode596,BP_ResourceNode_C,resource_node,-1773.672031,-449.98918,237.658691,,CL-502094,1b6d2b740081eb56c0d77136aed0d330ea4696dee13d1075fc231574ee7552b0
BP_ResourceNode597,Persistent_Level:PersistentLevel.BP_ResourceNode597,BP_ResourceNode_C,resource_node,-1505.747969,0.225576,195.05623,,CL-502094,1b6d2b740081eb56c0d77136aed0d330ea4696dee13d1075fc231574ee7552b0
BP_ResourceNode598_0,Persistent_Level:PersistentLevel.BP_ResourceNode598_0,BP_ResourceNode_C,resource_node,-758.931562,-516.369609,191.459531,,CL-502094,1b6d2b740081eb56c0d77136aed0d330ea4696dee13d1075fc231574ee7552b0
BP_ResourceNode599,Persistent_Level:PersistentLevel.BP_ResourceNode599,BP_ResourceNode_C,resource_node,-609.608867,-961.960859,212.34123,,CL-502094,1b6d2b740081eb56c0d77136aed0d330ea4696dee13d1075fc231574ee7552b0
BP_ResourceNode59_755,Persistent_Level:PersistentLevel.BP_ResourceNode59_755,BP_ResourceNode_C,resource_node,207.76252,1349.700469,168.818359,,CL-502094,1b6d2b740081eb56c0d77136aed0d330ea4696dee13d1075fc231574ee7552b0
BP_ResourceNode5_381,Persistent_Level:PersistentLevel.BP_ResourceNode5_381,BP_ResourceNode_C,resource_node,-1077.391016,1306.399609,-15.254753,,CL-502094,1b6d2b740081eb56c0d77136aed0d330ea4696dee13d1075fc231574ee7552b0
BP_ResourceNode600,Persistent_Level:PersistentLevel.BP_ResourceNode600,BP_ResourceNode_C,resource_node,-299.2575,-396.930586,213.077637,,CL-502094,1b6d2b740081eb56c0d77136aed0d330ea4696dee13d1075fc231574ee7552b0
BP_ResourceNode601,Persistent_Level:PersistentLevel.BP_ResourceNode601,BP_ResourceNode_C,resource_node,-648.430352,77.384907,226.266641,,CL-502094,1b6d2b740081eb56c0d77136aed0d330ea4696dee13d1075fc231574ee7552b0
BP_ResourceNode602,Persistent_Level:PersistentLevel.BP_ResourceNode602,BP_ResourceNode_C,resource_node,330.247461,-0.694781,230.764062,,CL-502094,1b6d2b740081eb56c0d77136aed0d330ea4696dee13d1075fc231574ee7552b0
BP_ResourceNode603,Persistent_Level:PersistentLevel.BP_ResourceNode603,BP_ResourceNode_C,resource_node,576.234531,-454.632148,248.953262,,CL-502094,1b6d2b740081eb56c0d77136aed0d330ea4696dee13d1075fc231574ee7552b0
BP_ResourceNode604,Persistent_Level:PersistentLevel.BP_ResourceNode604,BP_ResourceNode_C,resource_node,83.484307,-704.32,232.446504,,CL-502094,1b6d2b740081eb56c0d77136aed0d330ea4696dee13d1075fc231574ee7552b0
BP_ResourceNode605,Persistent_Level:PersistentLevel.BP_ResourceNode605,BP_ResourceNode_C,resource_node,-1077.938672,-318.554727,224.282539,,CL-502094,1b6d2b740081eb56c0d77136aed0d330ea4696dee13d1075fc231574ee7552b0
BP_ResourceNode606,Persistent_Level:PersistentLevel.BP_ResourceNode606,BP_ResourceNode_C,resource_node,-1410.715156,-396.620273,191.446602,,CL-502094,1b6d2b740081eb56c0d77136aed0d330ea4696dee13d1075fc231574ee7552b0
BP_ResourceNode607,Persistent_Level:PersistentLevel.BP_ResourceNode607,BP_ResourceNode_C,resource_node,-1436.121037,-207.281798,194.577244,,CL-502094,1b6d2b740081eb56c0d77136aed0d330ea4696dee13d1075fc231574ee7552b0
BP_ResourceNode609,Persistent_Level:PersistentLevel.BP_ResourceNode609,BP_ResourceNode_C,resource_node,-537.81875,-330.032734,200.122344,,CL-502094,1b6d2b740081eb56c0d77136aed0d330ea4696dee13d1075fc231574ee7552b0
BP_ResourceNode60_984,Persistent_Level:PersistentLevel.BP_ResourceNode60_984,BP_ResourceNode_C,resource_node,751.148438,1230.034766,136.303262,,CL-502094,1b6d2b740081eb56c0d77136aed0d330ea4696dee13d1075fc231574ee7552b0
BP_ResourceNode610,Persistent_Level:PersistentLevel.BP_ResourceNode610,BP_ResourceNode_C,resource_node,4044.711562,1167.949844,11.221617,,CL-502094,1b6d2b740081eb56c0d77136aed0d330ea4696dee13d1075fc231574ee7552b0
BP_ResourceNode611,Persistent_Level:PersistentLevel.BP_ResourceNode611,BP_ResourceNode_C,resource_node,3688.505625,762.188203,-5.388308,,CL-502094,1b6d2b740081eb56c0d77136aed0d330ea4696dee13d1075fc231574ee7552b0
BP_ResourceNode612,Persistent_Level:PersistentLevel.BP_ResourceNode612,BP_ResourceNode_C,resource_node,3654.36375,800.819766,-0.631618,,CL-502094,1b6d2b740081eb56c0d77136aed0d330ea4696dee13d1075fc231574ee7552b0
BP_ResourceNode613,Persistent_Level:PersistentLevel.BP_ResourceNode613,BP_ResourceNode_C,resource_node,3803.662414,1094.963828,92.366186,,CL-502094,1b6d2b740081eb56c0d77136aed0d330ea4696dee13d1075fc231574ee7552b0
BP_ResourceNode614,Persistent_Level:PersistentLevel.BP_ResourceNode614,BP_ResourceNode_C,resource_node,3304.714062,2646.583438,21.440054,,CL-502094,1b6d2b740081eb56c0d77136aed0d330ea4696dee13d1075fc231574ee7552b0
BP_ResourceNode615,Persistent_Level:PersistentLevel.BP_ResourceNode615,BP_ResourceNode_C,resource_node,2715.136875,2465.105469,16.309066,,CL-502094,1b6d2b740081eb56c0d77136aed0d330ea4696dee13d1075fc231574ee7552b0
BP_ResourceNode616,Persistent_Level:PersistentLevel.BP_ResourceNode616,BP_ResourceNode_C,resource_node,3995.33875,2553.649219,38.2278,,CL-502094,1b6d2b740081eb56c0d77136aed0d330ea4696dee13d1075fc231574ee7552b0
BP_ResourceNode617,Persistent_Level:PersistentLevel.BP_ResourceNode617,BP_ResourceNode_C,resource_node,3625.935938,1357.699688,58.950259,,CL-502094,1b6d2b740081eb56c0d77136aed0d330ea4696dee13d1075fc231574ee7552b0
BP_ResourceNode618,Persistent_Level:PersistentLevel.BP_ResourceNode618,BP_ResourceNode_C,resource_node,3681.283438,1391.507031,54.758516,,CL-502094,1b6d2b740081eb56c0d77136aed0d330ea4696dee13d1075fc231574ee7552b0
BP_ResourceNode619,Persistent_Level:PersistentLevel.BP_ResourceNode619,BP_ResourceNode_C,resource_node,3658.544375,1333.837344,52.558999,,CL-502094,1b6d2b740081eb56c0d77136aed0d330ea4696dee13d1075fc231574ee7552b0
BP_ResourceNode62,Persistent_Level:PersistentLevel.BP_ResourceNode62,BP_ResourceNode_C,resource_node,-2273.310938,1582.783281,89.47665,,CL-502094,1b6d2b740081eb56c0d77136aed0d330ea4696dee13d1075fc231574ee7552b0
BP_ResourceNode620,Persistent_Level:PersistentLevel.BP_ResourceNode620,BP_ResourceNode_C,resource_node,4061.970312,2529.899688,39.204285,,CL-502094,1b6d2b740081eb56c0d77136aed0d330ea4696dee13d1075fc231574ee7552b0
BP_ResourceNode621,Persistent_Level:PersistentLevel.BP_ResourceNode621,BP_ResourceNode_C,resource_node,2189.264688,2553.388906,10.701923,,CL-502094,1b6d2b740081eb56c0d77136aed0d330ea4696dee13d1075fc231574ee7552b0
BP_ResourceNode622,Persistent_Level:PersistentLevel.BP_ResourceNode622,BP_ResourceNode_C,resource_node,2207.128906,2504.822031,12.573457,,CL-502094,1b6d2b740081eb56c0d77136aed0d330ea4696dee13d1075fc231574ee7552b0
BP_ResourceNode623,Persistent_Level:PersistentLevel.BP_ResourceNode623,BP_ResourceNode_C,resource_node,3255.488125,2645.00125,16.73578,,CL-502094,1b6d2b740081eb56c0d77136aed0d330ea4696dee13d1075fc231574ee7552b0
BP_ResourceNode624,Persistent_Level:PersistentLevel.BP_ResourceNode624,BP_ResourceNode_C,resource_node,2465.022188,2769.999062,14.987733,,CL-502094,1b6d2b740081eb56c0d77136aed0d330ea4696dee13d1075fc231574ee7552b0
BP_ResourceNode632,Persistent_Level:PersistentLevel.BP_ResourceNode632,BP_ResourceNode_C,resource_node,-1327.722188,1875.792344,465.283086,,CL-502094,1b6d2b740081eb56c0d77136aed0d330ea4696dee13d1075fc231574ee7552b0
BP_ResourceNode633,Persistent_Level:PersistentLevel.BP_ResourceNode633,BP_ResourceNode_C,resource_node,1060.476484,-504.787852,97.651162,,CL-502094,1b6d2b740081eb56c0d77136aed0d330ea4696dee13d1075fc231574ee7552b0
BP_ResourceNode634,Persistent_Level:PersistentLevel.BP_ResourceNode634,BP_ResourceNode_C,resource_node,1168.775391,-515.109062,173.595059,,CL-502094,1b6d2b740081eb56c0d77136aed0d330ea4696dee13d1075fc231574ee7552b0
BP_ResourceNode635,Persistent_Level:PersistentLevel.BP_ResourceNode635,BP_ResourceNode_C,resource_node,1033.176484,-674.987812,95.401162,,CL-502094,1b6d2b740081eb56c0d77136aed0d330ea4696dee13d1075fc231574ee7552b0
BP_ResourceNode636,Persistent_Level:PersistentLevel.BP_ResourceNode636,BP_ResourceNode_C,resource_node,895.926484,-626.387812,103.751162,,CL-502094,1b6d2b740081eb56c0d77136aed0d330ea4696dee13d1075fc231574ee7552b0
BP_ResourceNode65_1865,Persistent_Level:PersistentLevel.BP_ResourceNode65_1865,BP_ResourceNode_C,resource_node,2193.9475,-371.888164,-12.921664,,CL-502094,1b6d2b740081eb56c0d77136aed0d330ea4696dee13d1075fc231574ee7552b0
BP_ResourceNode66,Persistent_Level:PersistentLevel.BP_ResourceNode66,BP_ResourceNode_C,resource_node,2457.004375,-300.653984,-8.472979,,CL-502094,1b6d2b740081eb56c0d77136aed0d330ea4696dee13d1075fc231574ee7552b0
BP_ResourceNode67_2193,Persistent_Level:PersistentLevel.BP_ResourceNode67_2193,BP_ResourceNode_C,resource_node,2707.7225,-470.355703,-16.138239,,CL-502094,1b6d2b740081eb56c0d77136aed0d330ea4696dee13d1075fc231574ee7552b0
BP_ResourceNode68_2514,Persistent_Level:PersistentLevel.BP_ResourceNode68_2514,BP_ResourceNode_C,resource_node,-367.713867,-2967.789688,-23.660461,,CL-502094,1b6d2b740081eb56c0d77136aed0d330ea4696dee13d1075fc231574ee7552b0
BP_ResourceNode69_UAID_A036BCACDEB0A7A601_1261875850,Persistent_Level:PersistentLevel.BP_ResourceNode69_UAID_A036BCACDEB0A7A601_1261875850,BP_ResourceNode_C,resource_node,2254.305,69.492285,-15.498608,,CL-502094,1b6d2b740081eb56c0d77136aed0d330ea4696dee13d1075fc231574ee7552b0
BP_ResourceNode6_379,Persistent_Level:PersistentLevel.BP_ResourceNode6_379,BP_ResourceNode_C,resource_node,-1101.091016,1291.599609,-14.054753,,CL-502094,1b6d2b740081eb56c0d77136aed0d330ea4696dee13d1075fc231574ee7552b0
BP_ResourceNode70_3132,Persistent_Level:PersistentLevel.BP_ResourceNode70_3132,BP_ResourceNode_C,resource_node,-1315.736719,-2272.530938,-7.87024,,CL-502094,1b6d2b740081eb56c0d77136aed0d330ea4696dee13d1075fc231574ee7552b0
BP_ResourceNode71_736,Persistent_Level:PersistentLevel.BP_ResourceNode71_736,BP_ResourceNode_C,resource_node,-1013.817244,-915.785264,86.652393,,CL-502094,1b6d2b740081eb56c0d77136aed0d330ea4696dee13d1075fc231574ee7552b0
BP_ResourceNode71_UAID_40B076DF2F7912DC01_2042985647,Persistent_Level:PersistentLevel.BP_ResourceNode71_UAID_40B076DF2F7912DC01_2042985647,BP_ResourceNode_C,resource_node,1881.832629,2474.678993,233.070081,,CL-502094,1b6d2b740081eb56c0d77136aed0d330ea4696dee13d1075fc231574ee7552b0
BP_ResourceNode71_UAID_40B076DF2F7923DB01_2085455593,Persistent_Level:PersistentLevel.BP_ResourceNode71_UAID_40B076DF2F7923DB01_2085455593,BP_ResourceNode_C,resource_node,2423.099684,-1527.788685,88.878303,,CL-502094,1b6d2b740081eb56c0d77136aed0d330ea4696dee13d1075fc231574ee7552b0
BP_ResourceNode71_UAID_40B076DF2F7924DB01_1576108771,Persistent_Level:PersistentLevel.BP_ResourceNode71_UAID_40B076DF2F7924DB01_1576108771,BP_ResourceNode_C,resource_node,948.472292,-2245.371573,-0.857998,,CL-502094,1b6d2b740081eb56c0d77136aed0d330ea4696dee13d1075fc231574ee7552b0
BP_ResourceNode71_UAID_40B076DF2F7925DB01_1453678949,Persistent_Level:PersistentLevel.BP_ResourceNode71_UAID_40B076DF2F7925DB01_1453678949,BP_ResourceNode_C,resource_node,913.052638,-2202.16782,-0.786072,,CL-502094,1b6d2b740081eb56c0d77136aed0d330ea4696dee13d1075fc231574ee7552b0
BP_ResourceNode71_UAID_40B076DF2F7929DB01_1177072656,Persistent_Level:PersistentLevel.BP_ResourceNode71_UAID_40B076DF2F7929DB01_1177072656,BP_ResourceNode_C,resource_node,963.679832,-2204.014664,-0.837585,,CL-502094,1b6d2b740081eb56c0d77136aed0d330ea4696dee13d1075fc231574ee7552b0
BP_ResourceNode71_UAID_40B076DF2F797CDB01_1695622247,Persistent_Level:PersistentLevel.BP_ResourceNode71_UAID_40B076DF2F797CDB01_1695622247,BP_ResourceNode_C,resource_node,-1450.435755,-1659.651592,126.985042,,CL-502094,1b6d2b740081eb56c0d77136aed0d330ea4696dee13d1075fc231574ee7552b0
BP_ResourceNode71_UAID_40B076DF2F79B9DB01_1490254983,Persistent_Level:PersistentLevel.BP_ResourceNode71_UAID_40B076DF2F79B9DB01_1490254983,BP_ResourceNode_C,resource_node,-2130.225551,1700.208191,-13.173026,,CL-502094,1b6d2b740081eb56c0d77136aed0d330ea4696dee13d1075fc231574ee7552b0
BP_ResourceNode72_998,Persistent_Level:PersistentLevel.BP_ResourceNode72_998,BP_ResourceNode_C,resource_node,-923.433359,-2816.05875,-46.204956,,CL-502094,1b6d2b740081eb56c0d77136aed0d330ea4696dee13d1075fc231574ee7552b0
BP_ResourceNode73_6071,Persistent_Level:PersistentLevel.BP_ResourceNode73_6071,BP_ResourceNode_C,resource_node,1332.76125,-1978.57,-73.788447,,CL-502094,1b6d2b740081eb56c0d77136aed0d330ea4696dee13d1075fc231574ee7552b0
BP_ResourceNode74,Persistent_Level:PersistentLevel.BP_ResourceNode74,BP_ResourceNode_C,resource_node,1319.674219,-1947.29,-74.246929,,CL-502094,1b6d2b740081eb56c0d77136aed0d330ea4696dee13d1075fc231574ee7552b0
BP_ResourceNode75_6425,Persistent_Level:PersistentLevel.BP_ResourceNode75_6425,BP_ResourceNode_C,resource_node,1305.51,-1795.285312,-55.450972,,CL-502094,1b6d2b740081eb56c0d77136aed0d330ea4696dee13d1075fc231574ee7552b0
BP_ResourceNode76,Persistent_Level:PersistentLevel.BP_ResourceNode76,BP_ResourceNode_C,resource_node,1336.374844,-2057.915469,-74.243213,,CL-502094,1b6d2b740081eb56c0d77136aed0d330ea4696dee13d1075fc231574ee7552b0
BP_ResourceNode77,Persistent_Level:PersistentLevel.BP_ResourceNode77,BP_ResourceNode_C,resource_node,2263.2,2007.02,10.793499,,CL-502094,1b6d2b740081eb56c0d77136aed0d330ea4696dee13d1075fc231574ee7552b0
BP_ResourceNode78_1097,Persistent_Level:PersistentLevel.BP_ResourceNode78_1097,BP_ResourceNode_C,resource_node,2282.732344,-1162.870391,-15.818171,,CL-502094,1b6d2b740081eb56c0d77136aed0d330ea4696dee13d1075fc231574ee7552b0
BP_ResourceNode7_380,Persistent_Level:PersistentLevel.BP_ResourceNode7_380,BP_ResourceNode_C,resource_node,-1026.300156,1403.198438,-15.817321,,CL-502094,1b6d2b740081eb56c0d77136aed0d330ea4696dee13d1075fc231574ee7552b0
BP_ResourceNode80,Persistent_Level:PersistentLevel.BP_ResourceNode80,BP_ResourceNode_C,resource_node,-1676.031406,-1795.571562,15.896323,,CL-502094,1b6d2b740081eb56c0d77136aed0d330ea4696dee13d1075fc231574ee7552b0
BP_ResourceNode81,Persistent_Level:PersistentLevel.BP_ResourceNode81,BP_ResourceNode_C,resource_node,-1644.426094,-1717.717969,16.123469,,CL-502094,1b6d2b740081eb56c0d77136aed0d330ea4696dee13d1075fc231574ee7552b0
BP_ResourceNode82,Persistent_Level:PersistentLevel.BP_ResourceNode82,BP_ResourceNode_C,resource_node,-1627.236719,-1824.530938,7.129761,,CL-502094,1b6d2b740081eb56c0d77136aed0d330ea4696dee13d1075fc231574ee7552b0
BP_ResourceNode83,Persistent_Level:PersistentLevel.BP_ResourceNode83,BP_ResourceNode_C,resource_node,-1718.78625,-1857.892188,10.771573,,CL-502094,1b6d2b740081eb56c0d77136aed0d330ea4696dee13d1075fc231574ee7552b0
BP_ResourceNode83_UAID_40B076DF2F79FBE101_1618730935,Persistent_Level:PersistentLevel.BP_ResourceNode83_UAID_40B076DF2F79FBE101_1618730935,BP_ResourceNode_C,resource_node,-1596.163681,-1128.578864,162.542162,,CL-502094,1b6d2b740081eb56c0d77136aed0d330ea4696dee13d1075fc231574ee7552b0
BP_ResourceNode83_UAID_40B076DF2F79FFE101_1122581639,Persistent_Level:PersistentLevel.BP_ResourceNode83_UAID_40B076DF2F79FFE101_1122581639,BP_ResourceNode_C,resource_node,-1567.234728,-1091.654089,161.13072,,CL-502094,1b6d2b740081eb56c0d77136aed0d330ea4696dee13d1075fc231574ee7552b0
BP_ResourceNode84,Persistent_Level:PersistentLevel.BP_ResourceNode84,BP_ResourceNode_C,resource_node,-1567.285312,-2021.596094,9.614581,,CL-502094,1b6d2b740081eb56c0d77136aed0d330ea4696dee13d1075fc231574ee7552b0
BP_ResourceNode85,Persistent_Level:PersistentLevel.BP_ResourceNode85,BP_ResourceNode_C,resource_node,-1511.521719,-1843.81,9.9807,,CL-502094,1b6d2b740081eb56c0d77136aed0d330ea4696dee13d1075fc231574ee7552b0
BP_ResourceNode86,Persistent_Level:PersistentLevel.BP_ResourceNode86,BP_ResourceNode_C,resource_node,-2290.5375,-780.583438,-16.849669,,CL-502094,1b6d2b740081eb56c0d77136aed0d330ea4696dee13d1075fc231574ee7552b0
BP_ResourceNode87,Persistent_Level:PersistentLevel.BP_ResourceNode87,BP_ResourceNode_C,resource_node,-2450.486406,-905.881719,-16.523981,,CL-502094,1b6d2b740081eb56c0d77136aed0d330ea4696dee13d1075fc231574ee7552b0
BP_ResourceNode88,Persistent_Level:PersistentLevel.BP_ResourceNode88,BP_ResourceNode_C,resource_node,-2324.6875,-628.382812,-16.764933,,CL-502094,1b6d2b740081eb56c0d77136aed0d330ea4696dee13d1075fc231574ee7552b0
BP_ResourceNode89,Persistent_Level:PersistentLevel.BP_ResourceNode89,BP_ResourceNode_C,resource_node,-2525.337344,-698.133203,-15.624611,,CL-502094,1b6d2b740081eb56c0d77136aed0d330ea4696dee13d1075fc231574ee7552b0
BP_ResourceNode90_482,Persistent_Level:PersistentLevel.BP_ResourceNode90_482,BP_ResourceNode_C,resource_node,2527.512188,-291.39623,-7.986589,,CL-502094,1b6d2b740081eb56c0d77136aed0d330ea4696dee13d1075fc231574ee7552b0
BP_ResourceNode91_785,Persistent_Level:PersistentLevel.BP_ResourceNode91_785,BP_ResourceNode_C,resource_node,2822.841875,-633.267539,-16.013115,,CL-502094,1b6d2b740081eb56c0d77136aed0d330ea4696dee13d1075fc231574ee7552b0
BP_ResourceNode92,Persistent_Level:PersistentLevel.BP_ResourceNode92,BP_ResourceNode_C,resource_node,2974.990625,73.12437,-2.982346,,CL-502094,1b6d2b740081eb56c0d77136aed0d330ea4696dee13d1075fc231574ee7552b0
BP_ResourceNode93_5,Persistent_Level:PersistentLevel.BP_ResourceNode93_5,BP_ResourceNode_C,resource_node,2199.009062,-422.174961,-15.976604,,CL-502094,1b6d2b740081eb56c0d77136aed0d330ea4696dee13d1075fc231574ee7552b0
BP_ResourceNode94_406,Persistent_Level:PersistentLevel.BP_ResourceNode94_406,BP_ResourceNode_C,resource_node,1600.855312,-2594.207344,-10.947056,,CL-502094,1b6d2b740081eb56c0d77136aed0d330ea4696dee13d1075fc231574ee7552b0
BP_ResourceNode95_579,Persistent_Level:PersistentLevel.BP_ResourceNode95_579,BP_ResourceNode_C,resource_node,1645.182812,-2383.179531,-85.885977,,CL-502094,1b6d2b740081eb56c0d77136aed0d330ea4696dee13d1075fc231574ee7552b0
BP_ResourceNode96_886,Persistent_Level:PersistentLevel.BP_ResourceNode96_886,BP_ResourceNode_C,resource_node,1415.679219,-2309.0675,-58.351924,,CL-502094,1b6d2b740081eb56c0d77136aed0d330ea4696dee13d1075fc231574ee7552b0
BP_ResourceNode97_1,Persistent_Level:PersistentLevel.BP_ResourceNode97_1,BP_ResourceNode_C,resource_node,2458.600469,2189.344844,13.115663,,CL-502094,1b6d2b740081eb56c0d77136aed0d330ea4696dee13d1075fc231574ee7552b0
BP_ResourceNode98,Persistent_Level:PersistentLevel.BP_ResourceNode98,BP_ResourceNode_C,resource_node,1697.169219,-2033.860469,-92.42584,,CL-502094,1b6d2b740081eb56c0d77136aed0d330ea4696dee13d1075fc231574ee7552b0
BP_ResourceNode99,Persistent_Level:PersistentLevel.BP_ResourceNode99,BP_ResourceNode_C,resource_node,1329.575144,-2408.928825,-141.925692,,CL-502094,1b6d2b740081eb56c0d77136aed0d330ea4696dee13d1075fc231574ee7552b0
BP_ResourceNodeGeyser10_3650,Persistent_Level:PersistentLevel.BP_ResourceNodeGeyser10_3650,BP_ResourceNodeGeyser_C,geothermal_geyser,493.37,546.7,57.73,,CL-502094,1b6d2b740081eb56c0d77136aed0d330ea4696dee13d1075fc231574ee7552b0
BP_ResourceNodeGeyser11_3803,Persistent_Level:PersistentLevel.BP_ResourceNodeGeyser11_3803,BP_ResourceNodeGeyser_C,geothermal_geyser,701.91,141.0,130.85,,CL-502094,1b6d2b740081eb56c0d77136aed0d330ea4696dee13d1075fc231574ee7552b0
BP_ResourceNodeGeyser12_3894,Persistent_Level:PersistentLevel.BP_ResourceNodeGeyser12_3894,BP_ResourceNodeGeyser_C,geothermal_geyser,-333.73,880.36,-0.87,,CL-502094,1b6d2b740081eb56c0d77136aed0d330ea4696dee13d1075fc231574ee7552b0
BP_ResourceNodeGeyser13_3999,Persistent_Level:PersistentLevel.BP_ResourceNodeGeyser13_3999,BP_ResourceNodeGeyser_C,geothermal_geyser,-497.89,1624.159062,-18.49,,CL-502094,1b6d2b740081eb56c0d77136aed0d330ea4696dee13d1075fc231574ee7552b0
BP_ResourceNodeGeyser14,Persistent_Level:PersistentLevel.BP_ResourceNodeGeyser14,BP_ResourceNodeGeyser_C,geothermal_geyser,2022.33,-450.270156,-13.17,,CL-502094,1b6d2b740081eb56c0d77136aed0d330ea4696dee13d1075fc231574ee7552b0
BP_ResourceNodeGeyser15,Persistent_Level:PersistentLevel.BP_ResourceNodeGeyser15,BP_ResourceNodeGeyser_C,geothermal_geyser,-1422.933594,613.833164,30.184146,,CL-502094,1b6d2b740081eb56c0d77136aed0d330ea4696dee13d1075fc231574ee7552b0
BP_ResourceNodeGeyser18,Persistent_Level:PersistentLevel.BP_ResourceNodeGeyser18,BP_ResourceNodeGeyser_C,geothermal_geyser,-1388.698906,579.529648,32.363616,,CL-502094,1b6d2b740081eb56c0d77136aed0d330ea4696dee13d1075fc231574ee7552b0
BP_ResourceNodeGeyser19,Persistent_Level:PersistentLevel.BP_ResourceNodeGeyser19,BP_ResourceNodeGeyser_C,geothermal_geyser,2069.03,-455.920156,-13.67,,CL-502094,1b6d2b740081eb56c0d77136aed0d330ea4696dee13d1075fc231574ee7552b0
BP_ResourceNodeGeyser2_581,Persistent_Level:PersistentLevel.BP_ResourceNodeGeyser2_581,BP_ResourceNodeGeyser_C,geothermal_geyser,1418.33,890.9,15.586443,,CL-502094,1b6d2b740081eb56c0d77136aed0d330ea4696dee13d1075fc231574ee7552b0
BP_ResourceNodeGeyser4_1615,Persistent_Level:PersistentLevel.BP_ResourceNodeGeyser4_1615,BP_ResourceNodeGeyser_C,geothermal_geyser,2811.063438,-81.396377,9.53332,,CL-502094,1b6d2b740081eb56c0d77136aed0d330ea4696dee13d1075fc231574ee7552b0
BP_ResourceNodeGeyser7_2873,Persistent_Level:PersistentLevel.BP_ResourceNodeGeyser7_2873,BP_ResourceNodeGeyser_C,geothermal_geyser,926.2,315.682363,56.159531,,CL-502094,1b6d2b740081eb56c0d77136aed0d330ea4696dee13d1075fc231574ee7552b0
BP_ResourceNodeGeyser8,Persistent_Level:PersistentLevel.BP_ResourceNodeGeyser8,BP_ResourceNodeGeyser_C,geothermal_geyser,958.945547,308.459219,55.9,,CL-502094,1b6d2b740081eb56c0d77136aed0d330ea4696dee13d1075fc231574ee7552b0
BP_ResourceNodeGeyser9_3239,Persistent_Level:PersistentLevel.BP_ResourceNodeGeyser9_3239,BP_ResourceNodeGeyser_C,geothermal_geyser,437.63,987.25,105.44,,CL-502094,1b6d2b740081eb56c0d77136aed0d330ea4696dee13d1075fc231574ee7552b0
BP_ResourceNodeGeyser_76,Persistent_Level:PersistentLevel.BP_ResourceNodeGeyser_76,BP_ResourceNodeGeyser_C,geothermal_geyser,1344.783906,909.779609,19.840189,,CL-502094,1b6d2b740081eb56c0d77136aed0d330ea4696dee13d1075fc231574ee7552b0
BP_ResourceNodeGeyser_C_UAID_40B076DF2F792DE001_1228687627,Persistent_Level:PersistentLevel.BP_ResourceNodeGeyser_C_UAID_40B076DF2F792DE001_1228687627,BP_ResourceNodeGeyser_C,geothermal_geyser,1257.77,1470.81,188.42,,CL-502094,1b6d2b740081eb56c0d77136aed0d330ea4696dee13d1075fc231574ee7552b0
BP_ResourceNodeGeyser_C_UAID_40B076DF2F792EE001_1257671809,Persistent_Level:PersistentLevel.BP_ResourceNodeGeyser_C_UAID_40B076DF2F792EE001_1257671809,BP_ResourceNodeGeyser_C,geothermal_geyser,-2133.28,1606.55,-16.21,,CL-502094,1b6d2b740081eb56c0d77136aed0d330ea4696dee13d1075fc231574ee7552b0
BP_ResourceNodeGeyser_C_UAID_40B076DF2F792FE001_1083532997,Persistent_Level:PersistentLevel.BP_ResourceNodeGeyser_C_UAID_40B076DF2F792FE001_1083532997,BP_ResourceNodeGeyser_C,geothermal_geyser,-2098.62,1596.44,-17.69,,CL-502094,1b6d2b740081eb56c0d77136aed0d330ea4696dee13d1075fc231574ee7552b0
BP_ResourceNodeGeyser_C_UAID_40B076DF2F7967E001_1786196831,Persistent_Level:PersistentLevel.BP_ResourceNodeGeyser_C_UAID_40B076DF2F7967E001_1786196831,BP_ResourceNodeGeyser_C,geothermal_geyser,-925.34,671.92,154.98,,CL-502094,1b6d2b740081eb56c0d77136aed0d330ea4696dee13d1075fc231574ee7552b0
BP_ResourceNodeGeyser_C_UAID_40B076DF2F796AE001_1661824368,Persistent_Level:PersistentLevel.BP_ResourceNodeGeyser_C_UAID_40B076DF2F796AE001_1661824368,BP_ResourceNodeGeyser_C,geothermal_geyser,-1730.0,-295.32,153.33,,CL-502094,1b6d2b740081eb56c0d77136aed0d330ea4696dee13d1075fc231574ee7552b0
BP_ResourceNodeGeyser_C_UAID_40B076DF2F796AE001_1928280369,Persistent_Level:PersistentLevel.BP_ResourceNodeGeyser_C_UAID_40B076DF2F796AE001_1928280369,BP_ResourceNodeGeyser_C,geothermal_geyser,-1697.93,-204.66,153.29,,CL-502094,1b6d2b740081eb56c0d77136aed0d330ea4696dee13d1075fc231574ee7552b0
BP_ResourceNodeGeyser_C_UAID_40B076DF2F796CE001_1156904726,Persistent_Level:PersistentLevel.BP_ResourceNodeGeyser_C_UAID_40B076DF2F796CE001_1156904726,BP_ResourceNodeGeyser_C,geothermal_geyser,505.32,-440.56,239.62,,CL-502094,1b6d2b740081eb56c0d77136aed0d330ea4696dee13d1075fc231574ee7552b0
BP_ResourceNodeGeyser_C_UAID_40B076DF2F796DE001_2106907903,Persistent_Level:PersistentLevel.BP_ResourceNodeGeyser_C_UAID_40B076DF2F796DE001_2106907903,BP_ResourceNodeGeyser_C,geothermal_geyser,465.22,-531.25,239.43,,CL-502094,1b6d2b740081eb56c0d77136aed0d330ea4696dee13d1075fc231574ee7552b0
BP_ResourceNodeGeyser_C_UAID_40B076DF2F796EE001_1440606080,Persistent_Level:PersistentLevel.BP_ResourceNodeGeyser_C_UAID_40B076DF2F796EE001_1440606080,BP_ResourceNodeGeyser_C,geothermal_geyser,443.26,-485.48,237.61,,CL-502094,1b6d2b740081eb56c0d77136aed0d330ea4696dee13d1075fc231574ee7552b0
BP_ResourceNodeGeyser_C_UAID_40B076DF2F796FE001_1768243264,Persistent_Level:PersistentLevel.BP_ResourceNodeGeyser_C_UAID_40B076DF2F796FE001_1768243264,BP_ResourceNodeGeyser_C,geothermal_geyser,390.37,-2188.71,-59.33,,CL-502094,1b6d2b740081eb56c0d77136aed0d330ea4696dee13d1075fc231574ee7552b0
BP_ResourceNodeGeyser_C_UAID_40B076DF2F7974E001_1257931119,Persistent_Level:PersistentLevel.BP_ResourceNodeGeyser_C_UAID_40B076DF2F7974E001_1257931119,BP_ResourceNodeGeyser_C,geothermal_geyser,407.92,-2110.28,-58.18,,CL-502094,1b6d2b740081eb56c0d77136aed0d330ea4696dee13d1075fc231574ee7552b0
BP_ResourceNodeGeyser_C_UAID_40B076DF2F7975E001_2124245305,Persistent_Level:PersistentLevel.BP_ResourceNodeGeyser_C_UAID_40B076DF2F7975E001_2124245305,BP_ResourceNodeGeyser_C,geothermal_geyser,1527.35,-2114.51,-87.96,,CL-502094,1b6d2b740081eb56c0d77136aed0d330ea4696dee13d1075fc231574ee7552b0
BP_ResourceNodeGeyser_C_UAID_40B076DF2F797AE001_1940806190,Persistent_Level:PersistentLevel.BP_ResourceNodeGeyser_C_UAID_40B076DF2F797AE001_1940806190,BP_ResourceNodeGeyser_C,geothermal_geyser,2828.99,-17.45,25.5,,CL-502094,1b6d2b740081eb56c0d77136aed0d330ea4696dee13d1075fc231574ee7552b0
BP_ResourceNodeGeyser_C_UAID_40B076DF2F797AE001_2137062191,Persistent_Level:PersistentLevel.BP_ResourceNodeGeyser_C_UAID_40B076DF2F797AE001_2137062191,BP_ResourceNodeGeyser_C,geothermal_geyser,2818.22,5.83,24.08,,CL-502094,1b6d2b740081eb56c0d77136aed0d330ea4696dee13d1075fc231574ee7552b0
BP_ResourceNodeGeyser_C_UAID_40B076DF2F79ADDD01_1447318011,Persistent_Level:PersistentLevel.BP_ResourceNodeGeyser_C_UAID_40B076DF2F79ADDD01_1447318011,BP_ResourceNodeGeyser_C,geothermal_geyser,894.58,-2238.0,0.21,,CL-502094,1b6d2b740081eb56c0d77136aed0d330ea4696dee13d1075fc231574ee7552b0
BP_ResourceNodeGeyser_C_UAID_40B076DF2F79ADDD01_1602669012,Persistent_Level:PersistentLevel.BP_ResourceNodeGeyser_C_UAID_40B076DF2F79ADDD01_1602669012,BP_ResourceNodeGeyser_C,geothermal_geyser,946.42,-2184.87,-1.54,,CL-502094,1b6d2b740081eb56c0d77136aed0d330ea4696dee13d1075fc231574ee7552b0
BP_ResourceNodeGeyser_C_UAID_40B076DF2F79C7DB01_1750096454,Persistent_Level:PersistentLevel.BP_ResourceNodeGeyser_C_UAID_40B076DF2F79C7DB01_1750096454,BP_ResourceNodeGeyser_C,geothermal_geyser,1919.06,2428.52,228.13,,CL-502094,1b6d2b740081eb56c0d77136aed0d330ea4696dee13d1075fc231574ee7552b0
BP_ResourceNode_700,Persistent_Level:PersistentLevel.BP_ResourceNode_700,BP_ResourceNode_C,resource_node,-1132.158281,441.45,162.959316,,CL-502094,1b6d2b740081eb56c0d77136aed0d330ea4696dee13d1075fc231574ee7552b0
BP_ResourceNode_C_UAID_40B076DF2F794DE201_1841969367,Persistent_Level:PersistentLevel.BP_ResourceNode_C_UAID_40B076DF2F794DE201_1841969367,BP_ResourceNode_C,resource_node,201.439787,1698.471222,154.776098,,CL-502094,1b6d2b740081eb56c0d77136aed0d330ea4696dee13d1075fc231574ee7552b0
BP_ResourceNode_C_UAID_40B076DF2F794FE201_2126930721,Persistent_Level:PersistentLevel.BP_ResourceNode_C_UAID_40B076DF2F794FE201_2126930721,BP_ResourceNode_C,resource_node,953.45536,1684.418008,132.619995,,CL-502094,1b6d2b740081eb56c0d77136aed0d330ea4696dee13d1075fc231574ee7552b0
BP_ResourceNode_C_UAID_A036BCACDEB0A6A601_2086848673,Persistent_Level:PersistentLevel.BP_ResourceNode_C_UAID_A036BCACDEB0A6A601_2086848673,BP_ResourceNode_C,resource_node,-268.976719,1454.6875,83.971348,,CL-502094,1b6d2b740081eb56c0d77136aed0d330ea4696dee13d1075fc231574ee7552b0
